  0
SECTION
  2
HEADER
  9
$ANGBASE
  50
0.0
  9
$ANGDIR
  70
1
  9
$MEASUREMENT
  70
0
  0
ENDSEC
  0
SECTION
  2
TABLES
  0
TABLE
  2
LTYPE
  70
4
  0
LTYPE
  5
40F
  2
CONTINUOUS
  70
0
  3
Solid line
  72
65
  73
0
  40
0.0
  0
LTYPE
  5
410
  2
DASHDOT
 70
0
  3
Dash Dot ____ _ ____ _
 72
65
 73
4
 40
2.0
 49
1.25
 49
-0.25
 49
0.25
 49
-0.25
  0
LTYPE
  5
411
  2
DASHED
 70
0
  3
Dashed __ __ __ __ __
 72
65
 73
2
 40
0.75
 49
0.5
 49
-0.25
  0
LTYPE
  5
43B
  2
DOTTED
 70
0
  3
Dotted .  .  .  .
 72
65
 73
2
 40
0.2
 49
0.0
 49
-0.2
  0
ENDTAB
  0
TABLE
  2
STYLE
  70
4
  0
STYLE
  2
KICAD
  70
0
  40
0
  41
1
  42
1
  50
0
  71
0
  3
isocp.shx
  0
STYLE
  2
KICADB
  70
0
  40
0
  41
1
  42
1
  50
0
  71
0
  3
isocp.shx
  0
STYLE
  2
KICADI
  70
0
  40
0
  41
1
  42
1
  50
15
  71
0
  3
isocp.shx
  0
STYLE
  2
KICADBI
  70
0
  40
0
  41
1
  42
1
  50
15
  71
0
  3
isocp.shx
  0
ENDTAB
  0
TABLE
  2
LAYER
  70
1
  0
LAYER
  2
BLACK
  70
0
  62
7
  6
CONTINUOUS
  0
ENDTAB
  0
ENDSEC
  0
SECTION
  2
ENTITIES
0
LINE
8
BLACK
6
CONTINUOUS
10
2.0835059842519685
20
1.3928960236220471
11
2.0845703937007873
21
1.3924551181102363
0
LINE
8
BLACK
6
CONTINUOUS
10
2.0845703937007873
20
1.3924551181102363
11
2.0853850393700788
21
1.3916404724409448
0
LINE
8
BLACK
6
CONTINUOUS
10
2.0853850393700788
20
1.3916404724409448
11
2.0858259448818899
21
1.390576062992126
0
LINE
8
BLACK
6
CONTINUOUS
10
2.0858259448818899
20
1.390576062992126
11
2.0858259448818899
21
1.389423937007874
0
LINE
8
BLACK
6
CONTINUOUS
10
2.0858259448818899
20
1.389423937007874
11
2.0853850393700788
21
1.388359527559055
0
LINE
8
BLACK
6
CONTINUOUS
10
2.0853850393700788
20
1.388359527559055
11
2.0845703937007873
21
1.3875448818897638
0
LINE
8
BLACK
6
CONTINUOUS
10
2.0845703937007873
20
1.3875448818897638
11
2.0835059842519685
21
1.3871039763779527
0
LINE
8
BLACK
6
CONTINUOUS
10
2.0835059842519685
20
1.3871039763779527
11
2.0829299212598427
21
1.3870472440944881
0
LINE
8
BLACK
6
CONTINUOUS
10
2.0829299212598427
20
1.3870472440944881
11
2.0647085039370077
21
1.3870472440944881
0
LINE
8
BLACK
6
CONTINUOUS
10
2.0647085039370077
20
1.3870472440944881
11
2.0855490944881891
21
1.3470128740157481
0
LINE
8
BLACK
6
CONTINUOUS
10
2.0855490944881891
20
1.3470128740157481
11
2.0857647637795274
21
1.3464757086614172
0
LINE
8
BLACK
6
CONTINUOUS
10
2.0857647637795274
20
1.3464757086614172
11
2.0858651574803151
21
1.3453279921259842
0
LINE
8
BLACK
6
CONTINUOUS
10
2.0858651574803151
20
1.3453279921259842
11
2.0855187007874014
21
1.3442292125984252
0
LINE
8
BLACK
6
CONTINUOUS
10
2.0855187007874014
20
1.3442292125984252
11
2.0847781496062994
21
1.343346653543307
0
LINE
8
BLACK
6
CONTINUOUS
10
2.0847781496062994
20
1.343346653543307
11
2.0837562204724409
21
1.3428146456692913
0
LINE
8
BLACK
6
CONTINUOUS
10
2.0837562204724409
20
1.3428146456692913
11
2.0826085039370077
21
1.3427142519685038
0
LINE
8
BLACK
6
CONTINUOUS
10
2.0826085039370077
20
1.3427142519685038
11
2.0815097244094489
21
1.3430607086614172
0
LINE
8
BLACK
6
CONTINUOUS
10
2.0815097244094489
20
1.3430607086614172
11
2.0806271653543305
21
1.3438012598425197
0
LINE
8
BLACK
6
CONTINUOUS
10
2.0806271653543305
20
1.3438012598425197
11
2.0803108267716537
21
1.3442860236220473
0
LINE
8
BLACK
6
CONTINUOUS
10
2.0803108267716537
20
1.3442860236220473
11
2.0627952755905512
21
1.3779331102362204
0
LINE
8
BLACK
6
CONTINUOUS
10
2.0627952755905512
20
1.3779331102362204
11
2.0627952755905512
21
0.2220669291338583
0
LINE
8
BLACK
6
CONTINUOUS
10
2.0627952755905512
20
0.2220669291338583
11
2.0803108267716537
21
0.2557139763779527
0
LINE
8
BLACK
6
CONTINUOUS
10
2.0803108267716537
20
0.2557139763779527
11
2.0806271653543305
21
0.2561987401574803
0
LINE
8
BLACK
6
CONTINUOUS
10
2.0806271653543305
20
0.2561987401574803
11
2.0815097244094489
21
0.2569392913385827
0
LINE
8
BLACK
6
CONTINUOUS
10
2.0815097244094489
20
0.2569392913385827
11
2.0826085039370077
21
0.2572857480314961
0
LINE
8
BLACK
6
CONTINUOUS
10
2.0826085039370077
20
0.2572857480314961
11
2.0837562204724409
21
0.2571853543307087
0
LINE
8
BLACK
6
CONTINUOUS
10
2.0837562204724409
20
0.2571853543307087
11
2.0847781496062994
21
0.2566533464566929
0
LINE
8
BLACK
6
CONTINUOUS
10
2.0847781496062994
20
0.2566533464566929
11
2.0855187007874014
21
0.2557707874015748
0
LINE
8
BLACK
6
CONTINUOUS
10
2.0855187007874014
20
0.2557707874015748
11
2.0858651574803151
21
0.2546720078740157
0
LINE
8
BLACK
6
CONTINUOUS
10
2.0858651574803151
20
0.2546720078740157
11
2.0857647637795274
21
0.2535242913385827
0
LINE
8
BLACK
6
CONTINUOUS
10
2.0857647637795274
20
0.2535242913385827
11
2.0855490944881891
21
0.2529871259842519
0
LINE
8
BLACK
6
CONTINUOUS
10
2.0855490944881891
20
0.2529871259842519
11
2.0647085039370077
21
0.2129527559055118
0
LINE
8
BLACK
6
CONTINUOUS
10
2.0647085039370077
20
0.2129527559055118
11
2.0829299212598427
21
0.2129527559055118
0
LINE
8
BLACK
6
CONTINUOUS
10
2.0829299212598427
20
0.2129527559055118
11
2.0835059842519685
21
0.2128960236220472
0
LINE
8
BLACK
6
CONTINUOUS
10
2.0835059842519685
20
0.2128960236220472
11
2.0845703937007873
21
0.2124551181102362
0
LINE
8
BLACK
6
CONTINUOUS
10
2.0845703937007873
20
0.2124551181102362
11
2.0853850393700788
21
0.2116404724409449
0
LINE
8
BLACK
6
CONTINUOUS
10
2.0853850393700788
20
0.2116404724409449
11
2.0858259448818899
21
0.210576062992126
0
LINE
8
BLACK
6
CONTINUOUS
10
2.0858259448818899
20
0.210576062992126
11
2.0858259448818899
21
0.209423937007874
0
LINE
8
BLACK
6
CONTINUOUS
10
2.0858259448818899
20
0.209423937007874
11
2.0853850393700788
21
0.2083595275590551
0
LINE
8
BLACK
6
CONTINUOUS
10
2.0853850393700788
20
0.2083595275590551
11
2.0845703937007873
21
0.2075448818897638
0
LINE
8
BLACK
6
CONTINUOUS
10
2.0845703937007873
20
0.2075448818897638
11
2.0835059842519685
21
0.2071039763779527
0
LINE
8
BLACK
6
CONTINUOUS
10
2.0835059842519685
20
0.2071039763779527
11
2.0829299212598427
21
0.2070472440944882
0
LINE
8
BLACK
6
CONTINUOUS
10
2.0829299212598427
20
0.2070472440944882
11
1.8096850393700787
21
0.2070472440944882
0
LINE
8
BLACK
6
CONTINUOUS
10
1.8096850393700787
20
0.2070472440944882
11
1.8091089763779526
21
0.2071039763779527
0
LINE
8
BLACK
6
CONTINUOUS
10
1.8091089763779526
20
0.2071039763779527
11
1.8080445669291338
21
0.2075448818897638
0
LINE
8
BLACK
6
CONTINUOUS
10
1.8080445669291338
20
0.2075448818897638
11
1.8072299212598424
21
0.2083595275590551
0
LINE
8
BLACK
6
CONTINUOUS
10
1.8072299212598424
20
0.2083595275590551
11
1.8067890157480315
21
0.209423937007874
0
LINE
8
BLACK
6
CONTINUOUS
10
1.8067890157480315
20
0.209423937007874
11
1.8067890157480315
21
0.210576062992126
0
LINE
8
BLACK
6
CONTINUOUS
10
1.8067890157480315
20
0.210576062992126
11
1.8072299212598424
21
0.2116404724409449
0
LINE
8
BLACK
6
CONTINUOUS
10
1.8072299212598424
20
0.2116404724409449
11
1.8080445669291338
21
0.2124551181102362
0
LINE
8
BLACK
6
CONTINUOUS
10
1.8080445669291338
20
0.2124551181102362
11
1.8091089763779526
21
0.2128960236220472
0
LINE
8
BLACK
6
CONTINUOUS
10
1.8091089763779526
20
0.2128960236220472
11
1.8096850393700787
21
0.2129527559055118
0
LINE
8
BLACK
6
CONTINUOUS
10
1.8096850393700787
20
0.2129527559055118
11
2.0549765354330707
21
0.2129527559055118
0
LINE
8
BLACK
6
CONTINUOUS
10
2.0549765354330707
20
0.2129527559055118
11
2.0341359448818896
21
0.2529871259842519
0
LINE
8
BLACK
6
CONTINUOUS
10
2.0341359448818896
20
0.2529871259842519
11
2.033920275590551
21
0.2535242913385827
0
LINE
8
BLACK
6
CONTINUOUS
10
2.033920275590551
20
0.2535242913385827
11
2.0338198818897637
21
0.2546720078740157
0
LINE
8
BLACK
6
CONTINUOUS
10
2.0338198818897637
20
0.2546720078740157
11
2.0341662992125982
21
0.2557707874015748
0
LINE
8
BLACK
6
CONTINUOUS
10
2.0341662992125982
20
0.2557707874015748
11
2.0349068503937007
21
0.2566533464566929
0
LINE
8
BLACK
6
CONTINUOUS
10
2.0349068503937007
20
0.2566533464566929
11
2.0359288188976379
21
0.2571853543307087
0
LINE
8
BLACK
6
CONTINUOUS
10
2.0359288188976379
20
0.2571853543307087
11
2.0370765354330707
21
0.2572857480314961
0
LINE
8
BLACK
6
CONTINUOUS
10
2.0370765354330707
20
0.2572857480314961
11
2.0381753149606299
21
0.2569393307086614
0
LINE
8
BLACK
6
CONTINUOUS
10
2.0381753149606299
20
0.2569393307086614
11
2.0390578740157479
21
0.256198779527559
0
LINE
8
BLACK
6
CONTINUOUS
10
2.0390578740157479
20
0.256198779527559
11
2.0393742125984251
21
0.2557139763779527
0
LINE
8
BLACK
6
CONTINUOUS
10
2.0393742125984251
20
0.2557139763779527
11
2.0568897637795276
21
0.2220669291338583
0
LINE
8
BLACK
6
CONTINUOUS
10
2.0568897637795276
20
0.2220669291338583
11
2.0568897637795276
21
1.3779331102362204
0
LINE
8
BLACK
6
CONTINUOUS
10
2.0568897637795276
20
1.3779331102362204
11
2.0393742125984251
21
1.3442860236220473
0
LINE
8
BLACK
6
CONTINUOUS
10
2.0393742125984251
20
1.3442860236220473
11
2.0390578740157479
21
1.343801220472441
0
LINE
8
BLACK
6
CONTINUOUS
10
2.0390578740157479
20
1.343801220472441
11
2.0381753149606299
21
1.3430606692913385
0
LINE
8
BLACK
6
CONTINUOUS
10
2.0381753149606299
20
1.3430606692913385
11
2.0370765354330707
21
1.3427142519685038
0
LINE
8
BLACK
6
CONTINUOUS
10
2.0370765354330707
20
1.3427142519685038
11
2.0359288188976379
21
1.3428146456692913
0
LINE
8
BLACK
6
CONTINUOUS
10
2.0359288188976379
20
1.3428146456692913
11
2.0349068503937007
21
1.343346653543307
0
LINE
8
BLACK
6
CONTINUOUS
10
2.0349068503937007
20
1.343346653543307
11
2.0341662992125982
21
1.3442292125984252
0
LINE
8
BLACK
6
CONTINUOUS
10
2.0341662992125982
20
1.3442292125984252
11
2.0338198818897637
21
1.3453279921259842
0
LINE
8
BLACK
6
CONTINUOUS
10
2.0338198818897637
20
1.3453279921259842
11
2.033920275590551
21
1.3464757086614172
0
LINE
8
BLACK
6
CONTINUOUS
10
2.033920275590551
20
1.3464757086614172
11
2.0341359448818896
21
1.3470128740157481
0
LINE
8
BLACK
6
CONTINUOUS
10
2.0341359448818896
20
1.3470128740157481
11
2.0549765354330707
21
1.3870472440944881
0
LINE
8
BLACK
6
CONTINUOUS
10
2.0549765354330707
20
1.3870472440944881
11
1.8096850393700787
21
1.3870472440944881
0
LINE
8
BLACK
6
CONTINUOUS
10
1.8096850393700787
20
1.3870472440944881
11
1.8091089763779526
21
1.3871039763779527
0
LINE
8
BLACK
6
CONTINUOUS
10
1.8091089763779526
20
1.3871039763779527
11
1.8080445669291338
21
1.3875448818897638
0
LINE
8
BLACK
6
CONTINUOUS
10
1.8080445669291338
20
1.3875448818897638
11
1.8072299212598424
21
1.388359527559055
0
LINE
8
BLACK
6
CONTINUOUS
10
1.8072299212598424
20
1.388359527559055
11
1.8067890157480315
21
1.389423937007874
0
LINE
8
BLACK
6
CONTINUOUS
10
1.8067890157480315
20
1.389423937007874
11
1.8067890157480315
21
1.390576062992126
0
LINE
8
BLACK
6
CONTINUOUS
10
1.8067890157480315
20
1.390576062992126
11
1.8072299212598424
21
1.3916404724409448
0
LINE
8
BLACK
6
CONTINUOUS
10
1.8072299212598424
20
1.3916404724409448
11
1.8080445669291338
21
1.3924551181102363
0
LINE
8
BLACK
6
CONTINUOUS
10
1.8080445669291338
20
1.3924551181102363
11
1.8091089763779526
21
1.3928960236220471
0
LINE
8
BLACK
6
CONTINUOUS
10
1.8091089763779526
20
1.3928960236220471
11
1.8096850393700787
21
1.3929527559055117
0
LINE
8
BLACK
6
CONTINUOUS
10
1.8096850393700787
20
1.3929527559055117
11
2.0829299212598427
21
1.3929527559055117
0
LINE
8
BLACK
6
CONTINUOUS
10
2.0829299212598427
20
1.3929527559055117
11
2.0835059842519685
21
1.3928960236220471
0
LINE
8
BLACK
6
CONTINUOUS
10
1.9374429921259841
20
1.2028960236220472
11
1.9385074015748032
21
1.2024551181102361
0
LINE
8
BLACK
6
CONTINUOUS
10
1.9385074015748032
20
1.2024551181102361
11
1.9393220472440944
21
1.2016404724409449
0
LINE
8
BLACK
6
CONTINUOUS
10
1.9393220472440944
20
1.2016404724409449
11
1.9397629527559055
21
1.200576062992126
0
LINE
8
BLACK
6
CONTINUOUS
10
1.9397629527559055
20
1.200576062992126
11
1.9397629527559055
21
1.1994239370078741
0
LINE
8
BLACK
6
CONTINUOUS
10
1.9397629527559055
20
1.1994239370078741
11
1.9393220472440944
21
1.1983595275590551
0
LINE
8
BLACK
6
CONTINUOUS
10
1.9393220472440944
20
1.1983595275590551
11
1.9385074015748032
21
1.1975448818897638
0
LINE
8
BLACK
6
CONTINUOUS
10
1.9385074015748032
20
1.1975448818897638
11
1.9374429921259841
21
1.1971039763779527
0
LINE
8
BLACK
6
CONTINUOUS
10
1.9374429921259841
20
1.1971039763779527
11
1.9368669291338583
21
1.1970472440944881
0
LINE
8
BLACK
6
CONTINUOUS
10
1.9368669291338583
20
1.1970472440944881
11
1.9186455118110235
21
1.1970472440944881
0
LINE
8
BLACK
6
CONTINUOUS
10
1.9186455118110235
20
1.1970472440944881
11
1.9394861023622048
21
1.1570128740157479
0
LINE
8
BLACK
6
CONTINUOUS
10
1.9394861023622048
20
1.1570128740157479
11
1.9397017716535432
21
1.1564757086614172
0
LINE
8
BLACK
6
CONTINUOUS
10
1.9397017716535432
20
1.1564757086614172
11
1.9398021653543307
21
1.1553279921259842
0
LINE
8
BLACK
6
CONTINUOUS
10
1.9398021653543307
20
1.1553279921259842
11
1.9394557086614173
21
1.1542292125984253
0
LINE
8
BLACK
6
CONTINUOUS
10
1.9394557086614173
20
1.1542292125984253
11
1.938715157480315
21
1.153346653543307
0
LINE
8
BLACK
6
CONTINUOUS
10
1.938715157480315
20
1.153346653543307
11
1.9376932283464567
21
1.1528146456692914
0
LINE
8
BLACK
6
CONTINUOUS
10
1.9376932283464567
20
1.1528146456692914
11
1.9365455118110235
21
1.1527142519685039
0
LINE
8
BLACK
6
CONTINUOUS
10
1.9365455118110235
20
1.1527142519685039
11
1.9354467322834645
21
1.1530607086614173
0
LINE
8
BLACK
6
CONTINUOUS
10
1.9354467322834645
20
1.1530607086614173
11
1.9345641732283465
21
1.1538012598425196
0
LINE
8
BLACK
6
CONTINUOUS
10
1.9345641732283465
20
1.1538012598425196
11
1.9342478346456693
21
1.1542860236220471
0
LINE
8
BLACK
6
CONTINUOUS
10
1.9342478346456693
20
1.1542860236220471
11
1.9167322834645668
21
1.1879331102362205
0
LINE
8
BLACK
6
CONTINUOUS
10
1.9167322834645668
20
1.1879331102362205
11
1.9167322834645668
21
0.4120669291338583
0
LINE
8
BLACK
6
CONTINUOUS
10
1.9167322834645668
20
0.4120669291338583
11
1.9342478346456693
21
0.4457139763779527
0
LINE
8
BLACK
6
CONTINUOUS
10
1.9342478346456693
20
0.4457139763779527
11
1.9345641732283465
21
0.4461987401574803
0
LINE
8
BLACK
6
CONTINUOUS
10
1.9345641732283465
20
0.4461987401574803
11
1.9354467322834645
21
0.4469392913385827
0
LINE
8
BLACK
6
CONTINUOUS
10
1.9354467322834645
20
0.4469392913385827
11
1.9365455118110235
21
0.4472857480314961
0
LINE
8
BLACK
6
CONTINUOUS
10
1.9365455118110235
20
0.4472857480314961
11
1.9376932283464567
21
0.4471853543307087
0
LINE
8
BLACK
6
CONTINUOUS
10
1.9376932283464567
20
0.4471853543307087
11
1.938715157480315
21
0.4466533464566929
0
LINE
8
BLACK
6
CONTINUOUS
10
1.938715157480315
20
0.4466533464566929
11
1.9394557086614173
21
0.4457707874015748
0
LINE
8
BLACK
6
CONTINUOUS
10
1.9394557086614173
20
0.4457707874015748
11
1.9398021653543307
21
0.4446720078740157
0
LINE
8
BLACK
6
CONTINUOUS
10
1.9398021653543307
20
0.4446720078740157
11
1.9397017716535432
21
0.4435242913385827
0
LINE
8
BLACK
6
CONTINUOUS
10
1.9397017716535432
20
0.4435242913385827
11
1.9394861023622048
21
0.4429871259842519
0
LINE
8
BLACK
6
CONTINUOUS
10
1.9394861023622048
20
0.4429871259842519
11
1.9186455118110235
21
0.4029527559055118
0
LINE
8
BLACK
6
CONTINUOUS
10
1.9186455118110235
20
0.4029527559055118
11
1.9368669291338583
21
0.4029527559055118
0
LINE
8
BLACK
6
CONTINUOUS
10
1.9368669291338583
20
0.4029527559055118
11
1.9374429921259841
21
0.4028960236220472
0
LINE
8
BLACK
6
CONTINUOUS
10
1.9374429921259841
20
0.4028960236220472
11
1.9385074015748032
21
0.4024551181102362
0
LINE
8
BLACK
6
CONTINUOUS
10
1.9385074015748032
20
0.4024551181102362
11
1.9393220472440944
21
0.4016404724409449
0
LINE
8
BLACK
6
CONTINUOUS
10
1.9393220472440944
20
0.4016404724409449
11
1.9397629527559055
21
0.4005760629921259
0
LINE
8
BLACK
6
CONTINUOUS
10
1.9397629527559055
20
0.4005760629921259
11
1.9397629527559055
21
0.399423937007874
0
LINE
8
BLACK
6
CONTINUOUS
10
1.9397629527559055
20
0.399423937007874
11
1.9393220472440944
21
0.3983595275590551
0
LINE
8
BLACK
6
CONTINUOUS
10
1.9393220472440944
20
0.3983595275590551
11
1.9385074015748032
21
0.3975448818897638
0
LINE
8
BLACK
6
CONTINUOUS
10
1.9385074015748032
20
0.3975448818897638
11
1.9374429921259841
21
0.3971039763779527
0
LINE
8
BLACK
6
CONTINUOUS
10
1.9374429921259841
20
0.3971039763779527
11
1.9368669291338583
21
0.3970472440944882
0
LINE
8
BLACK
6
CONTINUOUS
10
1.9368669291338583
20
0.3970472440944882
11
1.6196850393700788
21
0.3970472440944882
0
LINE
8
BLACK
6
CONTINUOUS
10
1.6196850393700788
20
0.3970472440944882
11
1.6191089763779527
21
0.3971039763779527
0
LINE
8
BLACK
6
CONTINUOUS
10
1.6191089763779527
20
0.3971039763779527
11
1.6180445669291339
21
0.3975448818897638
0
LINE
8
BLACK
6
CONTINUOUS
10
1.6180445669291339
20
0.3975448818897638
11
1.6172299212598424
21
0.3983595275590551
0
LINE
8
BLACK
6
CONTINUOUS
10
1.6172299212598424
20
0.3983595275590551
11
1.6167890157480314
21
0.399423937007874
0
LINE
8
BLACK
6
CONTINUOUS
10
1.6167890157480314
20
0.399423937007874
11
1.6167890157480314
21
0.4005760629921259
0
LINE
8
BLACK
6
CONTINUOUS
10
1.6167890157480314
20
0.4005760629921259
11
1.6172299212598424
21
0.4016404724409449
0
LINE
8
BLACK
6
CONTINUOUS
10
1.6172299212598424
20
0.4016404724409449
11
1.6180445669291339
21
0.4024551181102362
0
LINE
8
BLACK
6
CONTINUOUS
10
1.6180445669291339
20
0.4024551181102362
11
1.6191089763779527
21
0.4028960236220472
0
LINE
8
BLACK
6
CONTINUOUS
10
1.6191089763779527
20
0.4028960236220472
11
1.6196850393700788
21
0.4029527559055118
0
LINE
8
BLACK
6
CONTINUOUS
10
1.6196850393700788
20
0.4029527559055118
11
1.9089135433070865
21
0.4029527559055118
0
LINE
8
BLACK
6
CONTINUOUS
10
1.9089135433070865
20
0.4029527559055118
11
1.8880729527559055
21
0.4429871259842519
0
LINE
8
BLACK
6
CONTINUOUS
10
1.8880729527559055
20
0.4429871259842519
11
1.8878572834645668
21
0.4435242913385827
0
LINE
8
BLACK
6
CONTINUOUS
10
1.8878572834645668
20
0.4435242913385827
11
1.8877568897637795
21
0.4446720078740157
0
LINE
8
BLACK
6
CONTINUOUS
10
1.8877568897637795
20
0.4446720078740157
11
1.8881033070866142
21
0.4457707874015748
0
LINE
8
BLACK
6
CONTINUOUS
10
1.8881033070866142
20
0.4457707874015748
11
1.8888438582677165
21
0.4466533464566929
0
LINE
8
BLACK
6
CONTINUOUS
10
1.8888438582677165
20
0.4466533464566929
11
1.8898658267716535
21
0.4471853543307087
0
LINE
8
BLACK
6
CONTINUOUS
10
1.8898658267716535
20
0.4471853543307087
11
1.8910135433070865
21
0.4472857480314961
0
LINE
8
BLACK
6
CONTINUOUS
10
1.8910135433070865
20
0.4472857480314961
11
1.8921123228346457
21
0.4469393307086614
0
LINE
8
BLACK
6
CONTINUOUS
10
1.8921123228346457
20
0.4469393307086614
11
1.8929948818897637
21
0.446198779527559
0
LINE
8
BLACK
6
CONTINUOUS
10
1.8929948818897637
20
0.446198779527559
11
1.8933112204724409
21
0.4457139763779527
0
LINE
8
BLACK
6
CONTINUOUS
10
1.8933112204724409
20
0.4457139763779527
11
1.9108267716535432
21
0.4120669291338583
0
LINE
8
BLACK
6
CONTINUOUS
10
1.9108267716535432
20
0.4120669291338583
11
1.9108267716535432
21
1.1879331102362205
0
LINE
8
BLACK
6
CONTINUOUS
10
1.9108267716535432
20
1.1879331102362205
11
1.8933112204724409
21
1.1542860236220471
0
LINE
8
BLACK
6
CONTINUOUS
10
1.8933112204724409
20
1.1542860236220471
11
1.8929948818897637
21
1.1538012204724408
0
LINE
8
BLACK
6
CONTINUOUS
10
1.8929948818897637
20
1.1538012204724408
11
1.8921123228346457
21
1.1530606692913385
0
LINE
8
BLACK
6
CONTINUOUS
10
1.8921123228346457
20
1.1530606692913385
11
1.8910135433070865
21
1.1527142519685039
0
LINE
8
BLACK
6
CONTINUOUS
10
1.8910135433070865
20
1.1527142519685039
11
1.8898658267716535
21
1.1528146456692914
0
LINE
8
BLACK
6
CONTINUOUS
10
1.8898658267716535
20
1.1528146456692914
11
1.8888438582677165
21
1.153346653543307
0
LINE
8
BLACK
6
CONTINUOUS
10
1.8888438582677165
20
1.153346653543307
11
1.8881033070866142
21
1.1542292125984253
0
LINE
8
BLACK
6
CONTINUOUS
10
1.8881033070866142
20
1.1542292125984253
11
1.8877568897637795
21
1.1553279921259842
0
LINE
8
BLACK
6
CONTINUOUS
10
1.8877568897637795
20
1.1553279921259842
11
1.8878572834645668
21
1.1564757086614172
0
LINE
8
BLACK
6
CONTINUOUS
10
1.8878572834645668
20
1.1564757086614172
11
1.8880729527559055
21
1.1570128740157479
0
LINE
8
BLACK
6
CONTINUOUS
10
1.8880729527559055
20
1.1570128740157479
11
1.9089135433070865
21
1.1970472440944881
0
LINE
8
BLACK
6
CONTINUOUS
10
1.9089135433070865
20
1.1970472440944881
11
1.6196850393700788
21
1.1970472440944881
0
LINE
8
BLACK
6
CONTINUOUS
10
1.6196850393700788
20
1.1970472440944881
11
1.6191089763779527
21
1.1971039763779527
0
LINE
8
BLACK
6
CONTINUOUS
10
1.6191089763779527
20
1.1971039763779527
11
1.6180445669291339
21
1.1975448818897638
0
LINE
8
BLACK
6
CONTINUOUS
10
1.6180445669291339
20
1.1975448818897638
11
1.6172299212598424
21
1.1983595275590551
0
LINE
8
BLACK
6
CONTINUOUS
10
1.6172299212598424
20
1.1983595275590551
11
1.6167890157480314
21
1.1994239370078741
0
LINE
8
BLACK
6
CONTINUOUS
10
1.6167890157480314
20
1.1994239370078741
11
1.6167890157480314
21
1.200576062992126
0
LINE
8
BLACK
6
CONTINUOUS
10
1.6167890157480314
20
1.200576062992126
11
1.6172299212598424
21
1.2016404724409449
0
LINE
8
BLACK
6
CONTINUOUS
10
1.6172299212598424
20
1.2016404724409449
11
1.6180445669291339
21
1.2024551181102361
0
LINE
8
BLACK
6
CONTINUOUS
10
1.6180445669291339
20
1.2024551181102361
11
1.6191089763779527
21
1.2028960236220472
0
LINE
8
BLACK
6
CONTINUOUS
10
1.6191089763779527
20
1.2028960236220472
11
1.6196850393700788
21
1.2029527559055118
0
LINE
8
BLACK
6
CONTINUOUS
10
1.6196850393700788
20
1.2029527559055118
11
1.9368669291338583
21
1.2029527559055118
0
LINE
8
BLACK
6
CONTINUOUS
10
1.9368669291338583
20
1.2029527559055118
11
1.9374429921259841
21
1.2028960236220472
0
LINE
8
BLACK
6
CONTINUOUS
10
2.0341136614173227
20
0.6805953543307086
11
2.0349283070866142
21
0.6797807086614173
0
LINE
8
BLACK
6
CONTINUOUS
10
2.0349283070866142
20
0.6797807086614173
11
2.0353692125984253
21
0.6787162992125985
0
LINE
8
BLACK
6
CONTINUOUS
10
2.0353692125984253
20
0.6787162992125985
11
2.0354259448818897
21
0.6781402362204725
0
LINE
8
BLACK
6
CONTINUOUS
10
2.0354259448818897
20
0.6781402362204725
11
2.0354259448818897
21
0.6556430708661417
0
LINE
8
BLACK
6
CONTINUOUS
10
2.0354259448818897
20
0.6556430708661417
11
2.0353692125984253
21
0.6550670078740157
0
LINE
8
BLACK
6
CONTINUOUS
10
2.0353692125984253
20
0.6550670078740157
11
2.0349283070866142
21
0.6540025984251968
0
LINE
8
BLACK
6
CONTINUOUS
10
2.0349283070866142
20
0.6540025984251968
11
2.0341136614173227
21
0.6531879527559055
0
LINE
8
BLACK
6
CONTINUOUS
10
2.0341136614173227
20
0.6531879527559055
11
2.0330492519685039
21
0.6527470472440945
0
LINE
8
BLACK
6
CONTINUOUS
10
2.0330492519685039
20
0.6527470472440945
11
2.0318971259842518
21
0.6527470472440945
0
LINE
8
BLACK
6
CONTINUOUS
10
2.0318971259842518
20
0.6527470472440945
11
2.030832716535433
21
0.6531879527559055
0
LINE
8
BLACK
6
CONTINUOUS
10
2.030832716535433
20
0.6531879527559055
11
2.0300180708661415
21
0.6540025984251968
0
LINE
8
BLACK
6
CONTINUOUS
10
2.0300180708661415
20
0.6540025984251968
11
2.0295771653543309
21
0.6550670078740157
0
LINE
8
BLACK
6
CONTINUOUS
10
2.0295771653543309
20
0.6550670078740157
11
2.029520433070866
21
0.6556430708661417
0
LINE
8
BLACK
6
CONTINUOUS
10
2.029520433070866
20
0.6556430708661417
11
2.029520433070866
21
0.6639388976377952
0
LINE
8
BLACK
6
CONTINUOUS
10
2.029520433070866
20
0.6639388976377952
11
2.0021064566929132
21
0.6639388976377952
0
LINE
8
BLACK
6
CONTINUOUS
10
2.0021064566929132
20
0.6639388976377952
11
2.0045648425196849
21
0.6614805118110236
0
LINE
8
BLACK
6
CONTINUOUS
10
2.0045648425196849
20
0.6614805118110236
11
2.0047506692913384
21
0.6612541338582677
0
LINE
8
BLACK
6
CONTINUOUS
10
2.0047506692913384
20
0.6612541338582677
11
2.0048096062992125
21
0.6612029921259842
0
LINE
8
BLACK
6
CONTINUOUS
10
2.0048096062992125
20
0.6612029921259842
11
2.0048654724409447
21
0.6611142519685039
0
LINE
8
BLACK
6
CONTINUOUS
10
2.0048654724409447
20
0.6611142519685039
11
2.0049320866141733
21
0.6610330708661417
0
LINE
8
BLACK
6
CONTINUOUS
10
2.0049320866141733
20
0.6610330708661417
11
2.0049619291338581
21
0.6609609448818897
0
LINE
8
BLACK
6
CONTINUOUS
10
2.0049619291338581
20
0.6609609448818897
11
2.0051179527559055
21
0.6607131102362205
0
LINE
8
BLACK
6
CONTINUOUS
10
2.0051179527559055
20
0.6607131102362205
11
2.0069927165354331
21
0.6569635826771654
0
LINE
8
BLACK
6
CONTINUOUS
10
2.0069927165354331
20
0.6569635826771654
11
2.0071996062992126
21
0.6564229921259842
0
LINE
8
BLACK
6
CONTINUOUS
10
2.0071996062992126
20
0.6564229921259842
11
2.0072812598425198
21
0.6552737795275591
0
LINE
8
BLACK
6
CONTINUOUS
10
2.0072812598425198
20
0.6552737795275591
11
2.0069169291338582
21
0.6541807874015748
0
LINE
8
BLACK
6
CONTINUOUS
10
2.0069169291338582
20
0.6541807874015748
11
2.0061620866141734
21
0.6533104330708661
0
LINE
8
BLACK
6
CONTINUOUS
10
2.0061620866141734
20
0.6533104330708661
11
2.0051315748031495
21
0.6527951574803149
0
LINE
8
BLACK
6
CONTINUOUS
10
2.0051315748031495
20
0.6527951574803149
11
2.0039823622047241
21
0.6527135039370079
0
LINE
8
BLACK
6
CONTINUOUS
10
2.0039823622047241
20
0.6527135039370079
11
2.002889409448819
21
0.6530778346456693
0
LINE
8
BLACK
6
CONTINUOUS
10
2.002889409448819
20
0.6530778346456693
11
2.0020190157480315
21
0.6538326771653543
0
LINE
8
BLACK
6
CONTINUOUS
10
2.0020190157480315
20
0.6538326771653543
11
2.0017106692913385
21
0.654322559055118
0
LINE
8
BLACK
6
CONTINUOUS
10
2.0017106692913385
20
0.654322559055118
11
2.0000501968503936
21
0.6576435039370079
0
LINE
8
BLACK
6
CONTINUOUS
10
2.0000501968503936
20
0.6576435039370079
11
1.9968462204724409
21
0.6608474803149607
0
LINE
8
BLACK
6
CONTINUOUS
10
1.9968462204724409
20
0.6608474803149607
11
1.9914651968503936
21
0.6644348031496062
0
LINE
8
BLACK
6
CONTINUOUS
10
1.9914651968503936
20
0.6644348031496062
11
1.9914635039370079
21
0.6644361811023622
0
LINE
8
BLACK
6
CONTINUOUS
10
1.9914635039370079
20
0.6644361811023622
11
1.9914626377952755
21
0.6644365354330708
0
LINE
8
BLACK
6
CONTINUOUS
10
1.9914626377952755
20
0.6644365354330708
11
1.9914605905511811
21
0.6644385826771654
0
LINE
8
BLACK
6
CONTINUOUS
10
1.9914605905511811
20
0.6644385826771654
11
1.9910173622047245
21
0.6648015748031496
0
LINE
8
BLACK
6
CONTINUOUS
10
1.9910173622047245
20
0.6648015748031496
11
1.99085468503937
21
0.6650444881889763
0
LINE
8
BLACK
6
CONTINUOUS
10
1.99085468503937
20
0.6650444881889763
11
1.9906479921259843
21
0.6652511811023621
0
LINE
8
BLACK
6
CONTINUOUS
10
1.9906479921259843
20
0.6652511811023621
11
1.9905372440944882
21
0.6655185039370078
0
LINE
8
BLACK
6
CONTINUOUS
10
1.9905372440944882
20
0.6655185039370078
11
1.9903762992125984
21
0.6657588582677165
0
LINE
8
BLACK
6
CONTINUOUS
10
1.9903762992125984
20
0.6657588582677165
11
1.990318937007874
21
0.6660455118110236
0
LINE
8
BLACK
6
CONTINUOUS
10
1.990318937007874
20
0.6660455118110236
11
1.9902070866141732
21
0.6663155905511811
0
LINE
8
BLACK
6
CONTINUOUS
10
1.9902070866141732
20
0.6663155905511811
11
1.9902070866141732
21
0.6666049212598425
0
LINE
8
BLACK
6
CONTINUOUS
10
1.9902070866141732
20
0.6666049212598425
11
1.9901503543307086
21
0.6668885433070866
0
LINE
8
BLACK
6
CONTINUOUS
10
1.9901503543307086
20
0.6668885433070866
11
1.9902070866141732
21
0.6671753543307086
0
LINE
8
BLACK
6
CONTINUOUS
10
1.9902070866141732
20
0.6671753543307086
11
1.9902070866141732
21
0.667467716535433
0
LINE
8
BLACK
6
CONTINUOUS
10
1.9902070866141732
20
0.667467716535433
11
1.9903177952755906
21
0.667735
0
LINE
8
BLACK
6
CONTINUOUS
10
1.9903177952755906
20
0.667735
11
1.9903739370078739
21
0.6680187795275591
0
LINE
8
BLACK
6
CONTINUOUS
10
1.9903739370078739
20
0.6680187795275591
11
1.9905361023622046
21
0.6682620472440944
0
LINE
8
BLACK
6
CONTINUOUS
10
1.9905361023622046
20
0.6682620472440944
11
1.9906479921259843
21
0.6685321259842519
0
LINE
8
BLACK
6
CONTINUOUS
10
1.9906479921259843
20
0.6685321259842519
11
1.9908525196850393
21
0.6687366929133858
0
LINE
8
BLACK
6
CONTINUOUS
10
1.9908525196850393
20
0.6687366929133858
11
1.991013031496063
21
0.6689774015748031
0
LINE
8
BLACK
6
CONTINUOUS
10
1.991013031496063
20
0.6689774015748031
11
1.9912559055118111
21
0.6691400787401575
0
LINE
8
BLACK
6
CONTINUOUS
10
1.9912559055118111
20
0.6691400787401575
11
1.9914626377952755
21
0.6693467716535433
0
LINE
8
BLACK
6
CONTINUOUS
10
1.9914626377952755
20
0.6693467716535433
11
1.9917299212598425
21
0.6694575196850393
0
LINE
8
BLACK
6
CONTINUOUS
10
1.9917299212598425
20
0.6694575196850393
11
1.9919703149606298
21
0.6696184645669291
0
LINE
8
BLACK
6
CONTINUOUS
10
1.9919703149606298
20
0.6696184645669291
11
1.9922569291338583
21
0.6696758267716535
0
LINE
8
BLACK
6
CONTINUOUS
10
1.9922569291338583
20
0.6696758267716535
11
1.9925270472440944
21
0.6697876771653544
0
LINE
8
BLACK
6
CONTINUOUS
10
1.9925270472440944
20
0.6697876771653544
11
1.993096968503937
21
0.6698438188976378
0
LINE
8
BLACK
6
CONTINUOUS
10
1.993096968503937
20
0.6698438188976378
11
1.9930999999999999
21
0.6698444094488188
0
LINE
8
BLACK
6
CONTINUOUS
10
1.9930999999999999
20
0.6698444094488188
11
1.9931010236220472
21
0.6698442125984252
0
LINE
8
BLACK
6
CONTINUOUS
10
1.9931010236220472
20
0.6698442125984252
11
1.9931031102362204
21
0.6698444094488188
0
LINE
8
BLACK
6
CONTINUOUS
10
1.9931031102362204
20
0.6698444094488188
11
2.029520433070866
21
0.6698444094488188
0
LINE
8
BLACK
6
CONTINUOUS
10
2.029520433070866
20
0.6698444094488188
11
2.029520433070866
21
0.6781402362204725
0
LINE
8
BLACK
6
CONTINUOUS
10
2.029520433070866
20
0.6781402362204725
11
2.0295771653543309
21
0.6787162992125985
0
LINE
8
BLACK
6
CONTINUOUS
10
2.0295771653543309
20
0.6787162992125985
11
2.0300180708661415
21
0.6797807086614173
0
LINE
8
BLACK
6
CONTINUOUS
10
2.0300180708661415
20
0.6797807086614173
11
2.030832716535433
21
0.6805953543307086
0
LINE
8
BLACK
6
CONTINUOUS
10
2.030832716535433
20
0.6805953543307086
11
2.0318971259842518
21
0.6810362598425197
0
LINE
8
BLACK
6
CONTINUOUS
10
2.0318971259842518
20
0.6810362598425197
11
2.0330492519685039
21
0.6810362598425197
0
LINE
8
BLACK
6
CONTINUOUS
10
2.0330492519685039
20
0.6810362598425197
11
2.0341136614173227
21
0.6805953543307086
0
LINE
8
BLACK
6
CONTINUOUS
10
1.8569899999999999
20
0.699783937007874
11
1.8570879921259842
21
0.6997433464566929
0
LINE
8
BLACK
6
CONTINUOUS
10
1.8570879921259842
20
0.6997433464566929
11
1.8571938188976378
21
0.6997358267716536
0
LINE
8
BLACK
6
CONTINUOUS
10
1.8571938188976378
20
0.6997358267716536
11
1.8577344488188976
21
0.699528937007874
0
LINE
8
BLACK
6
CONTINUOUS
10
1.8577344488188976
20
0.699528937007874
11
1.8614839763779527
21
0.6976541732283464
0
LINE
8
BLACK
6
CONTINUOUS
10
1.8614839763779527
20
0.6976541732283464
11
1.8617319685039371
21
0.6974981102362204
0
LINE
8
BLACK
6
CONTINUOUS
10
1.8617319685039371
20
0.6974981102362204
11
1.8618039370078741
21
0.6974682677165354
0
LINE
8
BLACK
6
CONTINUOUS
10
1.8618039370078741
20
0.6974682677165354
11
1.8618848818897638
21
0.6974018110236221
0
LINE
8
BLACK
6
CONTINUOUS
10
1.8618848818897638
20
0.6974018110236221
11
1.8619738582677166
21
0.6973458267716536
0
LINE
8
BLACK
6
CONTINUOUS
10
1.8619738582677166
20
0.6973458267716536
11
1.862025
21
0.6972868503937008
0
LINE
8
BLACK
6
CONTINUOUS
10
1.862025
20
0.6972868503937008
11
1.8622513779527559
21
0.6971010629921259
0
LINE
8
BLACK
6
CONTINUOUS
10
1.8622513779527559
20
0.6971010629921259
11
1.8639129921259843
21
0.6954394488188976
0
LINE
8
BLACK
6
CONTINUOUS
10
1.8639129921259843
20
0.6954394488188976
11
1.8655746062992125
21
0.6971010629921259
0
LINE
8
BLACK
6
CONTINUOUS
10
1.8655746062992125
20
0.6971010629921259
11
1.8658009448818897
21
0.6972868503937008
0
LINE
8
BLACK
6
CONTINUOUS
10
1.8658009448818897
20
0.6972868503937008
11
1.865852125984252
21
0.6973458267716536
0
LINE
8
BLACK
6
CONTINUOUS
10
1.865852125984252
20
0.6973458267716536
11
1.865941062992126
21
0.6974018110236221
0
LINE
8
BLACK
6
CONTINUOUS
10
1.865941062992126
20
0.6974018110236221
11
1.8660220472440945
21
0.6974682677165354
0
LINE
8
BLACK
6
CONTINUOUS
10
1.8660220472440945
20
0.6974682677165354
11
1.8660939763779527
21
0.6974981102362204
0
LINE
8
BLACK
6
CONTINUOUS
10
1.8660939763779527
20
0.6974981102362204
11
1.8663420078740156
21
0.6976541732283464
0
LINE
8
BLACK
6
CONTINUOUS
10
1.8663420078740156
20
0.6976541732283464
11
1.8700915354330707
21
0.699528937007874
0
LINE
8
BLACK
6
CONTINUOUS
10
1.8700915354330707
20
0.699528937007874
11
1.870632125984252
21
0.6997358267716536
0
LINE
8
BLACK
6
CONTINUOUS
10
1.870632125984252
20
0.6997358267716536
11
1.8707379921259841
21
0.6997433858267716
0
LINE
8
BLACK
6
CONTINUOUS
10
1.8707379921259841
20
0.6997433858267716
11
1.8708359842519684
21
0.699783937007874
0
LINE
8
BLACK
6
CONTINUOUS
10
1.8708359842519684
20
0.699783937007874
11
1.8714120472440945
21
0.6998406692913386
0
LINE
8
BLACK
6
CONTINUOUS
10
1.8714120472440945
20
0.6998406692913386
11
1.8789111023622047
21
0.6998406692913386
0
LINE
8
BLACK
6
CONTINUOUS
10
1.8789111023622047
20
0.6998406692913386
11
1.8794871653543306
21
0.699783937007874
0
LINE
8
BLACK
6
CONTINUOUS
10
1.8794871653543306
20
0.699783937007874
11
1.8795851574803148
21
0.6997433464566929
0
LINE
8
BLACK
6
CONTINUOUS
10
1.8795851574803148
20
0.6997433464566929
11
1.8796909842519685
21
0.6997358267716536
0
LINE
8
BLACK
6
CONTINUOUS
10
1.8796909842519685
20
0.6997358267716536
11
1.8802316141732283
21
0.699528937007874
0
LINE
8
BLACK
6
CONTINUOUS
10
1.8802316141732283
20
0.699528937007874
11
1.8839811417322834
21
0.6976541732283464
0
LINE
8
BLACK
6
CONTINUOUS
10
1.8839811417322834
20
0.6976541732283464
11
1.8842290157480315
21
0.6974981496062992
0
LINE
8
BLACK
6
CONTINUOUS
10
1.8842290157480315
20
0.6974981496062992
11
1.884301062992126
21
0.6974683070866141
0
LINE
8
BLACK
6
CONTINUOUS
10
1.884301062992126
20
0.6974683070866141
11
1.8843820866141732
21
0.6974018110236221
0
LINE
8
BLACK
6
CONTINUOUS
10
1.8843820866141732
20
0.6974018110236221
11
1.8844710236220472
21
0.6973458267716536
0
LINE
8
BLACK
6
CONTINUOUS
10
1.8844710236220472
20
0.6973458267716536
11
1.8845221653543307
21
0.6972868503937008
0
LINE
8
BLACK
6
CONTINUOUS
10
1.8845221653543307
20
0.6972868503937008
11
1.8847485039370078
21
0.6971011023622047
0
LINE
8
BLACK
6
CONTINUOUS
10
1.8847485039370078
20
0.6971011023622047
11
1.8866233070866141
21
0.6952263385826771
0
LINE
8
BLACK
6
CONTINUOUS
10
1.8866233070866141
20
0.6952263385826771
11
1.8868090551181103
21
0.695
0
LINE
8
BLACK
6
CONTINUOUS
10
1.8868090551181103
20
0.695
11
1.8868681102362204
21
0.6949487795275591
0
LINE
8
BLACK
6
CONTINUOUS
10
1.8868681102362204
20
0.6949487795275591
11
1.8869240944881889
21
0.694859842519685
0
LINE
8
BLACK
6
CONTINUOUS
10
1.8869240944881889
20
0.694859842519685
11
1.8869905511811023
21
0.6947788582677166
0
LINE
8
BLACK
6
CONTINUOUS
10
1.8869905511811023
20
0.6947788582677166
11
1.8870203543307087
21
0.6947069291338582
0
LINE
8
BLACK
6
CONTINUOUS
10
1.8870203543307087
20
0.6947069291338582
11
1.8871764566929135
21
0.6944588976377952
0
LINE
8
BLACK
6
CONTINUOUS
10
1.8871764566929135
20
0.6944588976377952
11
1.889051220472441
21
0.6907093700787401
0
LINE
8
BLACK
6
CONTINUOUS
10
1.889051220472441
20
0.6907093700787401
11
1.8892581102362205
21
0.6901687795275591
0
LINE
8
BLACK
6
CONTINUOUS
10
1.8892581102362205
20
0.6901687795275591
11
1.8892656299212598
21
0.6900629133858267
0
LINE
8
BLACK
6
CONTINUOUS
10
1.8892656299212598
20
0.6900629133858267
11
1.8893062204724409
21
0.6899649212598425
0
LINE
8
BLACK
6
CONTINUOUS
10
1.8893062204724409
20
0.6899649212598425
11
1.8893629527559055
21
0.6893888582677166
0
LINE
8
BLACK
6
CONTINUOUS
10
1.8893629527559055
20
0.6893888582677166
11
1.8893629527559055
21
0.6818898031496062
0
LINE
8
BLACK
6
CONTINUOUS
10
1.8893629527559055
20
0.6818898031496062
11
1.8893062204724409
21
0.6813137401574803
0
LINE
8
BLACK
6
CONTINUOUS
10
1.8893062204724409
20
0.6813137401574803
11
1.8892656299212598
21
0.6812157874015747
0
LINE
8
BLACK
6
CONTINUOUS
10
1.8892656299212598
20
0.6812157874015747
11
1.8892581102362205
21
0.6811098818897637
0
LINE
8
BLACK
6
CONTINUOUS
10
1.8892581102362205
20
0.6811098818897637
11
1.889051220472441
21
0.6805692913385827
0
LINE
8
BLACK
6
CONTINUOUS
10
1.889051220472441
20
0.6805692913385827
11
1.8871764566929135
21
0.6768197637795276
0
LINE
8
BLACK
6
CONTINUOUS
10
1.8871764566929135
20
0.6768197637795276
11
1.8870203543307087
21
0.6765717716535433
0
LINE
8
BLACK
6
CONTINUOUS
10
1.8870203543307087
20
0.6765717716535433
11
1.8869905511811023
21
0.6764998031496063
0
LINE
8
BLACK
6
CONTINUOUS
10
1.8869905511811023
20
0.6764998031496063
11
1.8869240944881889
21
0.6764188582677165
0
LINE
8
BLACK
6
CONTINUOUS
10
1.8869240944881889
20
0.6764188582677165
11
1.8868681102362204
21
0.6763298818897637
0
LINE
8
BLACK
6
CONTINUOUS
10
1.8868681102362204
20
0.6763298818897637
11
1.8868090551181103
21
0.6762787007874016
0
LINE
8
BLACK
6
CONTINUOUS
10
1.8868090551181103
20
0.6762787007874016
11
1.8866233070866141
21
0.6760523228346457
0
LINE
8
BLACK
6
CONTINUOUS
10
1.8866233070866141
20
0.6760523228346457
11
1.8847485039370078
21
0.6741775590551181
0
LINE
8
BLACK
6
CONTINUOUS
10
1.8847485039370078
20
0.6741775590551181
11
1.8845221653543307
21
0.6739918503937008
0
LINE
8
BLACK
6
CONTINUOUS
10
1.8845221653543307
20
0.6739918503937008
11
1.8844710236220472
21
0.6739328346456692
0
LINE
8
BLACK
6
CONTINUOUS
10
1.8844710236220472
20
0.6739328346456692
11
1.8843820866141732
21
0.6738768897637795
0
LINE
8
BLACK
6
CONTINUOUS
10
1.8843820866141732
20
0.6738768897637795
11
1.884301062992126
21
0.6738103543307087
0
LINE
8
BLACK
6
CONTINUOUS
10
1.884301062992126
20
0.6738103543307087
11
1.8842290157480315
21
0.6737805511811024
0
LINE
8
BLACK
6
CONTINUOUS
10
1.8842290157480315
20
0.6737805511811024
11
1.8839811417322834
21
0.6736244881889764
0
LINE
8
BLACK
6
CONTINUOUS
10
1.8839811417322834
20
0.6736244881889764
11
1.8802316141732283
21
0.6717497244094488
0
LINE
8
BLACK
6
CONTINUOUS
10
1.8802316141732283
20
0.6717497244094488
11
1.8796909842519685
21
0.6715428346456693
0
LINE
8
BLACK
6
CONTINUOUS
10
1.8796909842519685
20
0.6715428346456693
11
1.8795851574803148
21
0.6715353543307087
0
LINE
8
BLACK
6
CONTINUOUS
10
1.8795851574803148
20
0.6715353543307087
11
1.8794871653543306
21
0.6714947244094488
0
LINE
8
BLACK
6
CONTINUOUS
10
1.8794871653543306
20
0.6714947244094488
11
1.8789111023622047
21
0.6714379921259842
0
LINE
8
BLACK
6
CONTINUOUS
10
1.8789111023622047
20
0.6714379921259842
11
1.8714120472440945
21
0.6714379921259842
0
LINE
8
BLACK
6
CONTINUOUS
10
1.8714120472440945
20
0.6714379921259842
11
1.8708359842519684
21
0.6714947244094488
0
LINE
8
BLACK
6
CONTINUOUS
10
1.8708359842519684
20
0.6714947244094488
11
1.8707379921259841
21
0.6715353149606299
0
LINE
8
BLACK
6
CONTINUOUS
10
1.8707379921259841
20
0.6715353149606299
11
1.870632125984252
21
0.6715428346456693
0
LINE
8
BLACK
6
CONTINUOUS
10
1.870632125984252
20
0.6715428346456693
11
1.8700915354330707
21
0.6717497244094488
0
LINE
8
BLACK
6
CONTINUOUS
10
1.8700915354330707
20
0.6717497244094488
11
1.8663420078740156
21
0.6736244881889764
0
LINE
8
BLACK
6
CONTINUOUS
10
1.8663420078740156
20
0.6736244881889764
11
1.8660939763779527
21
0.6737805905511811
0
LINE
8
BLACK
6
CONTINUOUS
10
1.8660939763779527
20
0.6737805905511811
11
1.8660220472440945
21
0.6738103937007874
0
LINE
8
BLACK
6
CONTINUOUS
10
1.8660220472440945
20
0.6738103937007874
11
1.865941062992126
21
0.6738768897637795
0
LINE
8
BLACK
6
CONTINUOUS
10
1.865941062992126
20
0.6738768897637795
11
1.865852125984252
21
0.6739328346456692
0
LINE
8
BLACK
6
CONTINUOUS
10
1.865852125984252
20
0.6739328346456692
11
1.8658009448818897
21
0.6739918503937008
0
LINE
8
BLACK
6
CONTINUOUS
10
1.8658009448818897
20
0.6739918503937008
11
1.8655746062992125
21
0.6741775984251969
0
LINE
8
BLACK
6
CONTINUOUS
10
1.8655746062992125
20
0.6741775984251969
11
1.8639129921259843
21
0.6758392125984252
0
LINE
8
BLACK
6
CONTINUOUS
10
1.8639129921259843
20
0.6758392125984252
11
1.8622513779527559
21
0.6741775984251969
0
LINE
8
BLACK
6
CONTINUOUS
10
1.8622513779527559
20
0.6741775984251969
11
1.862025
21
0.6739918503937008
0
LINE
8
BLACK
6
CONTINUOUS
10
1.862025
20
0.6739918503937008
11
1.8619738582677166
21
0.6739328346456692
0
LINE
8
BLACK
6
CONTINUOUS
10
1.8619738582677166
20
0.6739328346456692
11
1.8618848818897638
21
0.6738768897637795
0
LINE
8
BLACK
6
CONTINUOUS
10
1.8618848818897638
20
0.6738768897637795
11
1.8618039370078741
21
0.6738103937007874
0
LINE
8
BLACK
6
CONTINUOUS
10
1.8618039370078741
20
0.6738103937007874
11
1.8617319685039371
21
0.6737805905511811
0
LINE
8
BLACK
6
CONTINUOUS
10
1.8617319685039371
20
0.6737805905511811
11
1.8614839763779527
21
0.6736244881889764
0
LINE
8
BLACK
6
CONTINUOUS
10
1.8614839763779527
20
0.6736244881889764
11
1.8577344488188976
21
0.6717497244094488
0
LINE
8
BLACK
6
CONTINUOUS
10
1.8577344488188976
20
0.6717497244094488
11
1.8571938188976378
21
0.6715428346456693
0
LINE
8
BLACK
6
CONTINUOUS
10
1.8571938188976378
20
0.6715428346456693
11
1.8570879921259842
21
0.6715353543307087
0
LINE
8
BLACK
6
CONTINUOUS
10
1.8570879921259842
20
0.6715353543307087
11
1.8569899999999999
21
0.6714947244094488
0
LINE
8
BLACK
6
CONTINUOUS
10
1.8569899999999999
20
0.6714947244094488
11
1.856413937007874
21
0.6714379921259842
0
LINE
8
BLACK
6
CONTINUOUS
10
1.856413937007874
20
0.6714379921259842
11
1.8545391732283465
21
0.6714379921259842
0
LINE
8
BLACK
6
CONTINUOUS
10
1.8545391732283465
20
0.6714379921259842
11
1.8539631102362204
21
0.6714947244094488
0
LINE
8
BLACK
6
CONTINUOUS
10
1.8539631102362204
20
0.6714947244094488
11
1.8538651181102361
21
0.6715353149606299
0
LINE
8
BLACK
6
CONTINUOUS
10
1.8538651181102361
20
0.6715353149606299
11
1.853759251968504
21
0.6715428346456693
0
LINE
8
BLACK
6
CONTINUOUS
10
1.853759251968504
20
0.6715428346456693
11
1.8532186614173227
21
0.6717497244094488
0
LINE
8
BLACK
6
CONTINUOUS
10
1.8532186614173227
20
0.6717497244094488
11
1.8494691338582676
21
0.6736244881889764
0
LINE
8
BLACK
6
CONTINUOUS
10
1.8494691338582676
20
0.6736244881889764
11
1.8492211023622047
21
0.6737805905511811
0
LINE
8
BLACK
6
CONTINUOUS
10
1.8492211023622047
20
0.6737805905511811
11
1.8491491732283465
21
0.6738103937007874
0
LINE
8
BLACK
6
CONTINUOUS
10
1.8491491732283465
20
0.6738103937007874
11
1.8490681889763778
21
0.6738768897637795
0
LINE
8
BLACK
6
CONTINUOUS
10
1.8490681889763778
20
0.6738768897637795
11
1.848979251968504
21
0.6739328346456692
0
LINE
8
BLACK
6
CONTINUOUS
10
1.848979251968504
20
0.6739328346456692
11
1.8489280708661417
21
0.6739918503937008
0
LINE
8
BLACK
6
CONTINUOUS
10
1.8489280708661417
20
0.6739918503937008
11
1.8487017322834645
21
0.6741775984251969
0
LINE
8
BLACK
6
CONTINUOUS
10
1.8487017322834645
20
0.6741775984251969
11
1.8468269685039369
21
0.6760523622047244
0
LINE
8
BLACK
6
CONTINUOUS
10
1.8468269685039369
20
0.6760523622047244
11
1.8466411811023622
21
0.6762787401574804
0
LINE
8
BLACK
6
CONTINUOUS
10
1.8466411811023622
20
0.6762787401574804
11
1.8465822047244094
21
0.6763298818897637
0
LINE
8
BLACK
6
CONTINUOUS
10
1.8465822047244094
20
0.6763298818897637
11
1.8465262204724409
21
0.6764188582677165
0
LINE
8
BLACK
6
CONTINUOUS
10
1.8465262204724409
20
0.6764188582677165
11
1.8464597637795275
21
0.6764998031496063
0
LINE
8
BLACK
6
CONTINUOUS
10
1.8464597637795275
20
0.6764998031496063
11
1.8464299212598425
21
0.6765717716535433
0
LINE
8
BLACK
6
CONTINUOUS
10
1.8464299212598425
20
0.6765717716535433
11
1.8462738582677165
21
0.6768197637795276
0
LINE
8
BLACK
6
CONTINUOUS
10
1.8462738582677165
20
0.6768197637795276
11
1.844399094488189
21
0.6805692913385827
0
LINE
8
BLACK
6
CONTINUOUS
10
1.844399094488189
20
0.6805692913385827
11
1.8441922047244095
21
0.6811099212598425
0
LINE
8
BLACK
6
CONTINUOUS
10
1.8441922047244095
20
0.6811099212598425
11
1.8441846850393699
21
0.6812157480314961
0
LINE
8
BLACK
6
CONTINUOUS
10
1.8441846850393699
20
0.6812157480314961
11
1.8441440944881888
21
0.6813137401574803
0
LINE
8
BLACK
6
CONTINUOUS
10
1.8441440944881888
20
0.6813137401574803
11
1.8440873622047245
21
0.6818898031496062
0
LINE
8
BLACK
6
CONTINUOUS
10
1.8440873622047245
20
0.6818898031496062
11
1.8440873622047245
21
0.6893888582677166
0
LINE
8
BLACK
6
CONTINUOUS
10
1.8440873622047245
20
0.6893888582677166
11
1.8441440944881888
21
0.6899649212598425
0
LINE
8
BLACK
6
CONTINUOUS
10
1.8441440944881888
20
0.6899649212598425
11
1.8441846850393699
21
0.6900629527559055
0
LINE
8
BLACK
6
CONTINUOUS
10
1.8441846850393699
20
0.6900629527559055
11
1.8441922047244095
21
0.6901687401574803
0
LINE
8
BLACK
6
CONTINUOUS
10
1.8441922047244095
20
0.6901687401574803
11
1.844399094488189
21
0.6907093700787401
0
LINE
8
BLACK
6
CONTINUOUS
10
1.844399094488189
20
0.6907093700787401
11
1.8462738582677165
21
0.6944588976377952
0
LINE
8
BLACK
6
CONTINUOUS
10
1.8462738582677165
20
0.6944588976377952
11
1.8464299212598425
21
0.6947069291338582
0
LINE
8
BLACK
6
CONTINUOUS
10
1.8464299212598425
20
0.6947069291338582
11
1.8464597637795275
21
0.6947788582677166
0
LINE
8
BLACK
6
CONTINUOUS
10
1.8464597637795275
20
0.6947788582677166
11
1.8465262204724409
21
0.694859842519685
0
LINE
8
BLACK
6
CONTINUOUS
10
1.8465262204724409
20
0.694859842519685
11
1.8465822047244094
21
0.6949487795275591
0
LINE
8
BLACK
6
CONTINUOUS
10
1.8465822047244094
20
0.6949487795275591
11
1.8466411811023622
21
0.6949999606299212
0
LINE
8
BLACK
6
CONTINUOUS
10
1.8466411811023622
20
0.6949999606299212
11
1.8468269685039369
21
0.6952262992125984
0
LINE
8
BLACK
6
CONTINUOUS
10
1.8468269685039369
20
0.6952262992125984
11
1.8487017322834645
21
0.6971010629921259
0
LINE
8
BLACK
6
CONTINUOUS
10
1.8487017322834645
20
0.6971010629921259
11
1.8489280708661417
21
0.6972868503937008
0
LINE
8
BLACK
6
CONTINUOUS
10
1.8489280708661417
20
0.6972868503937008
11
1.848979251968504
21
0.6973458267716536
0
LINE
8
BLACK
6
CONTINUOUS
10
1.848979251968504
20
0.6973458267716536
11
1.8490681889763778
21
0.6974018110236221
0
LINE
8
BLACK
6
CONTINUOUS
10
1.8490681889763778
20
0.6974018110236221
11
1.8491491732283465
21
0.6974682677165354
0
LINE
8
BLACK
6
CONTINUOUS
10
1.8491491732283465
20
0.6974682677165354
11
1.8492211023622047
21
0.6974981102362204
0
LINE
8
BLACK
6
CONTINUOUS
10
1.8492211023622047
20
0.6974981102362204
11
1.8494691338582676
21
0.6976541732283464
0
LINE
8
BLACK
6
CONTINUOUS
10
1.8494691338582676
20
0.6976541732283464
11
1.8532186614173227
21
0.699528937007874
0
LINE
8
BLACK
6
CONTINUOUS
10
1.8532186614173227
20
0.699528937007874
11
1.853759251968504
21
0.6997358267716536
0
LINE
8
BLACK
6
CONTINUOUS
10
1.853759251968504
20
0.6997358267716536
11
1.8538651181102361
21
0.6997433858267716
0
LINE
8
BLACK
6
CONTINUOUS
10
1.8538651181102361
20
0.6997433858267716
11
1.8539631102362204
21
0.699783937007874
0
LINE
8
BLACK
6
CONTINUOUS
10
1.8539631102362204
20
0.699783937007874
11
1.8545391732283465
21
0.6998406692913386
0
LINE
8
BLACK
6
CONTINUOUS
10
1.8545391732283465
20
0.6998406692913386
11
1.856413937007874
21
0.6998406692913386
0
LINE
8
BLACK
6
CONTINUOUS
10
1.856413937007874
20
0.6998406692913386
11
1.8569899999999999
21
0.699783937007874
0
LINE
8
BLACK
6
CONTINUOUS
10
1.8525387401574802
20
0.6925864173228347
11
1.8513416141732284
21
0.6913892913385826
0
LINE
8
BLACK
6
CONTINUOUS
10
1.8513416141732284
20
0.6913892913385826
11
1.8499928740157481
21
0.688691811023622
0
LINE
8
BLACK
6
CONTINUOUS
10
1.8499928740157481
20
0.688691811023622
11
1.8499928740157481
21
0.6825868503937008
0
LINE
8
BLACK
6
CONTINUOUS
10
1.8499928740157481
20
0.6825868503937008
11
1.8513416141732284
21
0.6798893700787402
0
LINE
8
BLACK
6
CONTINUOUS
10
1.8513416141732284
20
0.6798893700787402
11
1.8525387401574802
21
0.6786922440944881
0
LINE
8
BLACK
6
CONTINUOUS
10
1.8525387401574802
20
0.6786922440944881
11
1.8552362204724409
21
0.6773435039370078
0
LINE
8
BLACK
6
CONTINUOUS
10
1.8552362204724409
20
0.6773435039370078
11
1.8557168897637795
21
0.6773435039370078
0
LINE
8
BLACK
6
CONTINUOUS
10
1.8557168897637795
20
0.6773435039370078
11
1.8584143700787401
21
0.6786922440944881
0
LINE
8
BLACK
6
CONTINUOUS
10
1.8584143700787401
20
0.6786922440944881
11
1.8596114960629921
21
0.6798893700787402
0
LINE
8
BLACK
6
CONTINUOUS
10
1.8596114960629921
20
0.6798893700787402
11
1.8609602362204725
21
0.6825868503937008
0
LINE
8
BLACK
6
CONTINUOUS
10
1.8609602362204725
20
0.6825868503937008
11
1.8609602362204725
21
0.688691811023622
0
LINE
8
BLACK
6
CONTINUOUS
10
1.8609602362204725
20
0.688691811023622
11
1.8596114960629921
21
0.6913892913385826
0
LINE
8
BLACK
6
CONTINUOUS
10
1.8596114960629921
20
0.6913892913385826
11
1.8584143700787401
21
0.6925864173228347
0
LINE
8
BLACK
6
CONTINUOUS
10
1.8584143700787401
20
0.6925864173228347
11
1.8557168897637795
21
0.693935157480315
0
LINE
8
BLACK
6
CONTINUOUS
10
1.8557168897637795
20
0.693935157480315
11
1.8552362204724409
21
0.693935157480315
0
LINE
8
BLACK
6
CONTINUOUS
10
1.8552362204724409
20
0.693935157480315
11
1.8525387401574802
21
0.6925864173228347
0
LINE
8
BLACK
6
CONTINUOUS
10
1.8694116141732282
20
0.6925864173228347
11
1.8682144881889764
21
0.6913892913385826
0
LINE
8
BLACK
6
CONTINUOUS
10
1.8682144881889764
20
0.6913892913385826
11
1.8668657480314961
21
0.688691811023622
0
LINE
8
BLACK
6
CONTINUOUS
10
1.8668657480314961
20
0.688691811023622
11
1.8668657480314961
21
0.6825868503937008
0
LINE
8
BLACK
6
CONTINUOUS
10
1.8668657480314961
20
0.6825868503937008
11
1.8682144881889764
21
0.6798893700787402
0
LINE
8
BLACK
6
CONTINUOUS
10
1.8682144881889764
20
0.6798893700787402
11
1.8694116141732282
21
0.6786922440944881
0
LINE
8
BLACK
6
CONTINUOUS
10
1.8694116141732282
20
0.6786922440944881
11
1.8721090944881889
21
0.6773435039370078
0
LINE
8
BLACK
6
CONTINUOUS
10
1.8721090944881889
20
0.6773435039370078
11
1.8782140551181101
21
0.6773435039370078
0
LINE
8
BLACK
6
CONTINUOUS
10
1.8782140551181101
20
0.6773435039370078
11
1.8809115354330708
21
0.6786922834645669
0
LINE
8
BLACK
6
CONTINUOUS
10
1.8809115354330708
20
0.6786922834645669
11
1.8821087007874016
21
0.6798894094488189
0
LINE
8
BLACK
6
CONTINUOUS
10
1.8821087007874016
20
0.6798894094488189
11
1.8834574409448819
21
0.6825868503937008
0
LINE
8
BLACK
6
CONTINUOUS
10
1.8834574409448819
20
0.6825868503937008
11
1.8834574409448819
21
0.688691811023622
0
LINE
8
BLACK
6
CONTINUOUS
10
1.8834574409448819
20
0.688691811023622
11
1.8821087007874016
21
0.6913892913385826
0
LINE
8
BLACK
6
CONTINUOUS
10
1.8821087007874016
20
0.6913892913385826
11
1.8809115354330708
21
0.6925864173228347
0
LINE
8
BLACK
6
CONTINUOUS
10
1.8809115354330708
20
0.6925864173228347
11
1.8782140551181101
21
0.693935157480315
0
LINE
8
BLACK
6
CONTINUOUS
10
1.8782140551181101
20
0.693935157480315
11
1.8721090944881889
21
0.693935157480315
0
LINE
8
BLACK
6
CONTINUOUS
10
1.8721090944881889
20
0.693935157480315
11
1.8694116141732282
21
0.6925864173228347
0
LINE
8
BLACK
6
CONTINUOUS
10
2.0341136614173227
20
0.7180906692913386
11
2.0349283070866142
21
0.7172760236220472
0
LINE
8
BLACK
6
CONTINUOUS
10
2.0349283070866142
20
0.7172760236220472
11
2.0353692125984253
21
0.7162116141732283
0
LINE
8
BLACK
6
CONTINUOUS
10
2.0353692125984253
20
0.7162116141732283
11
2.0354259448818897
21
0.7156355511811023
0
LINE
8
BLACK
6
CONTINUOUS
10
2.0354259448818897
20
0.7156355511811023
11
2.0354259448818897
21
0.6931383858267717
0
LINE
8
BLACK
6
CONTINUOUS
10
2.0354259448818897
20
0.6931383858267717
11
2.0353692125984253
21
0.6925623228346457
0
LINE
8
BLACK
6
CONTINUOUS
10
2.0353692125984253
20
0.6925623228346457
11
2.0349283070866142
21
0.6914979133858268
0
LINE
8
BLACK
6
CONTINUOUS
10
2.0349283070866142
20
0.6914979133858268
11
2.0341136614173227
21
0.6906832677165354
0
LINE
8
BLACK
6
CONTINUOUS
10
2.0341136614173227
20
0.6906832677165354
11
2.0330492519685039
21
0.6902423622047243
0
LINE
8
BLACK
6
CONTINUOUS
10
2.0330492519685039
20
0.6902423622047243
11
2.0318971259842518
21
0.6902423622047243
0
LINE
8
BLACK
6
CONTINUOUS
10
2.0318971259842518
20
0.6902423622047243
11
2.030832716535433
21
0.6906832677165354
0
LINE
8
BLACK
6
CONTINUOUS
10
2.030832716535433
20
0.6906832677165354
11
2.0300180708661415
21
0.6914979133858268
0
LINE
8
BLACK
6
CONTINUOUS
10
2.0300180708661415
20
0.6914979133858268
11
2.0295771653543309
21
0.6925623228346457
0
LINE
8
BLACK
6
CONTINUOUS
10
2.0295771653543309
20
0.6925623228346457
11
2.029520433070866
21
0.6931383858267717
0
LINE
8
BLACK
6
CONTINUOUS
10
2.029520433070866
20
0.6931383858267717
11
2.029520433070866
21
0.7014342125984252
0
LINE
8
BLACK
6
CONTINUOUS
10
2.029520433070866
20
0.7014342125984252
11
2.0021064566929132
21
0.7014342125984252
0
LINE
8
BLACK
6
CONTINUOUS
10
2.0021064566929132
20
0.7014342125984252
11
2.0045648425196849
21
0.6989758267716535
0
LINE
8
BLACK
6
CONTINUOUS
10
2.0045648425196849
20
0.6989758267716535
11
2.0047506692913384
21
0.6987494488188977
0
LINE
8
BLACK
6
CONTINUOUS
10
2.0047506692913384
20
0.6987494488188977
11
2.0048096062992125
21
0.6986983070866142
0
LINE
8
BLACK
6
CONTINUOUS
10
2.0048096062992125
20
0.6986983070866142
11
2.0048654724409447
21
0.6986095669291339
0
LINE
8
BLACK
6
CONTINUOUS
10
2.0048654724409447
20
0.6986095669291339
11
2.0049320866141733
21
0.6985283858267717
0
LINE
8
BLACK
6
CONTINUOUS
10
2.0049320866141733
20
0.6985283858267717
11
2.0049619291338581
21
0.6984562598425197
0
LINE
8
BLACK
6
CONTINUOUS
10
2.0049619291338581
20
0.6984562598425197
11
2.0051179527559055
21
0.6982084251968503
0
LINE
8
BLACK
6
CONTINUOUS
10
2.0051179527559055
20
0.6982084251968503
11
2.0069927165354331
21
0.6944588976377952
0
LINE
8
BLACK
6
CONTINUOUS
10
2.0069927165354331
20
0.6944588976377952
11
2.0071996062992126
21
0.6939183070866142
0
LINE
8
BLACK
6
CONTINUOUS
10
2.0071996062992126
20
0.6939183070866142
11
2.0072812598425198
21
0.6927690944881889
0
LINE
8
BLACK
6
CONTINUOUS
10
2.0072812598425198
20
0.6927690944881889
11
2.0069169291338582
21
0.6916761023622047
0
LINE
8
BLACK
6
CONTINUOUS
10
2.0069169291338582
20
0.6916761023622047
11
2.0061620866141734
21
0.6908057480314961
0
LINE
8
BLACK
6
CONTINUOUS
10
2.0061620866141734
20
0.6908057480314961
11
2.0051315748031495
21
0.6902904724409449
0
LINE
8
BLACK
6
CONTINUOUS
10
2.0051315748031495
20
0.6902904724409449
11
2.0039823622047241
21
0.6902088188976377
0
LINE
8
BLACK
6
CONTINUOUS
10
2.0039823622047241
20
0.6902088188976377
11
2.002889409448819
21
0.6905731496062992
0
LINE
8
BLACK
6
CONTINUOUS
10
2.002889409448819
20
0.6905731496062992
11
2.0020190157480315
21
0.6913279921259843
0
LINE
8
BLACK
6
CONTINUOUS
10
2.0020190157480315
20
0.6913279921259843
11
2.0017106692913385
21
0.691817874015748
0
LINE
8
BLACK
6
CONTINUOUS
10
2.0017106692913385
20
0.691817874015748
11
2.0000501968503936
21
0.6951388188976377
0
LINE
8
BLACK
6
CONTINUOUS
10
2.0000501968503936
20
0.6951388188976377
11
1.9968462204724409
21
0.6983427952755905
0
LINE
8
BLACK
6
CONTINUOUS
10
1.9968462204724409
20
0.6983427952755905
11
1.9914651968503936
21
0.7019301181102362
0
LINE
8
BLACK
6
CONTINUOUS
10
1.9914651968503936
20
0.7019301181102362
11
1.9914635039370079
21
0.7019314960629921
0
LINE
8
BLACK
6
CONTINUOUS
10
1.9914635039370079
20
0.7019314960629921
11
1.9914626377952755
21
0.7019318503937008
0
LINE
8
BLACK
6
CONTINUOUS
10
1.9914626377952755
20
0.7019318503937008
11
1.9914605905511811
21
0.7019338976377952
0
LINE
8
BLACK
6
CONTINUOUS
10
1.9914605905511811
20
0.7019338976377952
11
1.9910173622047245
21
0.7022968897637795
0
LINE
8
BLACK
6
CONTINUOUS
10
1.9910173622047245
20
0.7022968897637795
11
1.99085468503937
21
0.7025398031496063
0
LINE
8
BLACK
6
CONTINUOUS
10
1.99085468503937
20
0.7025398031496063
11
1.9906479921259843
21
0.7027464960629921
0
LINE
8
BLACK
6
CONTINUOUS
10
1.9906479921259843
20
0.7027464960629921
11
1.9905372440944882
21
0.7030138188976378
0
LINE
8
BLACK
6
CONTINUOUS
10
1.9905372440944882
20
0.7030138188976378
11
1.9903762992125984
21
0.7032541732283465
0
LINE
8
BLACK
6
CONTINUOUS
10
1.9903762992125984
20
0.7032541732283465
11
1.990318937007874
21
0.7035408267716535
0
LINE
8
BLACK
6
CONTINUOUS
10
1.990318937007874
20
0.7035408267716535
11
1.9902070866141732
21
0.703810905511811
0
LINE
8
BLACK
6
CONTINUOUS
10
1.9902070866141732
20
0.703810905511811
11
1.9902070866141732
21
0.7041002362204725
0
LINE
8
BLACK
6
CONTINUOUS
10
1.9902070866141732
20
0.7041002362204725
11
1.9901503543307086
21
0.7043838582677165
0
LINE
8
BLACK
6
CONTINUOUS
10
1.9901503543307086
20
0.7043838582677165
11
1.9902070866141732
21
0.7046706692913386
0
LINE
8
BLACK
6
CONTINUOUS
10
1.9902070866141732
20
0.7046706692913386
11
1.9902070866141732
21
0.704963031496063
0
LINE
8
BLACK
6
CONTINUOUS
10
1.9902070866141732
20
0.704963031496063
11
1.9903177952755906
21
0.7052303149606299
0
LINE
8
BLACK
6
CONTINUOUS
10
1.9903177952755906
20
0.7052303149606299
11
1.9903739370078739
21
0.7055140944881889
0
LINE
8
BLACK
6
CONTINUOUS
10
1.9903739370078739
20
0.7055140944881889
11
1.9905361023622046
21
0.7057573622047244
0
LINE
8
BLACK
6
CONTINUOUS
10
1.9905361023622046
20
0.7057573622047244
11
1.9906479921259843
21
0.7060274409448819
0
LINE
8
BLACK
6
CONTINUOUS
10
1.9906479921259843
20
0.7060274409448819
11
1.9908525196850393
21
0.7062320078740157
0
LINE
8
BLACK
6
CONTINUOUS
10
1.9908525196850393
20
0.7062320078740157
11
1.991013031496063
21
0.7064727165354331
0
LINE
8
BLACK
6
CONTINUOUS
10
1.991013031496063
20
0.7064727165354331
11
1.9912559055118111
21
0.7066353937007874
0
LINE
8
BLACK
6
CONTINUOUS
10
1.9912559055118111
20
0.7066353937007874
11
1.9914626377952755
21
0.7068420866141732
0
LINE
8
BLACK
6
CONTINUOUS
10
1.9914626377952755
20
0.7068420866141732
11
1.9917299212598425
21
0.7069528346456693
0
LINE
8
BLACK
6
CONTINUOUS
10
1.9917299212598425
20
0.7069528346456693
11
1.9919703149606298
21
0.707113779527559
0
LINE
8
BLACK
6
CONTINUOUS
10
1.9919703149606298
20
0.707113779527559
11
1.9922569291338583
21
0.7071711417322835
0
LINE
8
BLACK
6
CONTINUOUS
10
1.9922569291338583
20
0.7071711417322835
11
1.9925270472440944
21
0.7072829921259842
0
LINE
8
BLACK
6
CONTINUOUS
10
1.9925270472440944
20
0.7072829921259842
11
1.993096968503937
21
0.7073391338582677
0
LINE
8
BLACK
6
CONTINUOUS
10
1.993096968503937
20
0.7073391338582677
11
1.9930999999999999
21
0.7073397244094488
0
LINE
8
BLACK
6
CONTINUOUS
10
1.9930999999999999
20
0.7073397244094488
11
1.9931010236220472
21
0.707339527559055
0
LINE
8
BLACK
6
CONTINUOUS
10
1.9931010236220472
20
0.707339527559055
11
1.9931031102362204
21
0.7073397244094488
0
LINE
8
BLACK
6
CONTINUOUS
10
1.9931031102362204
20
0.7073397244094488
11
2.029520433070866
21
0.7073397244094488
0
LINE
8
BLACK
6
CONTINUOUS
10
2.029520433070866
20
0.7073397244094488
11
2.029520433070866
21
0.7156355511811023
0
LINE
8
BLACK
6
CONTINUOUS
10
2.029520433070866
20
0.7156355511811023
11
2.0295771653543309
21
0.7162116141732283
0
LINE
8
BLACK
6
CONTINUOUS
10
2.0295771653543309
20
0.7162116141732283
11
2.0300180708661415
21
0.7172760236220472
0
LINE
8
BLACK
6
CONTINUOUS
10
2.0300180708661415
20
0.7172760236220472
11
2.030832716535433
21
0.7180906692913386
0
LINE
8
BLACK
6
CONTINUOUS
10
2.030832716535433
20
0.7180906692913386
11
2.0318971259842518
21
0.7185315748031496
0
LINE
8
BLACK
6
CONTINUOUS
10
2.0318971259842518
20
0.7185315748031496
11
2.0330492519685039
21
0.7185315748031496
0
LINE
8
BLACK
6
CONTINUOUS
10
2.0330492519685039
20
0.7185315748031496
11
2.0341136614173227
21
0.7180906692913386
0
LINE
8
BLACK
6
CONTINUOUS
10
1.871512559055118
20
0.7373261023622047
11
1.8715555905511811
21
0.7373324803149606
0
LINE
8
BLACK
6
CONTINUOUS
10
1.8715555905511811
20
0.7373324803149606
11
1.871771062992126
21
0.7373006299212598
0
LINE
8
BLACK
6
CONTINUOUS
10
1.871771062992126
20
0.7373006299212598
11
1.8719881102362204
21
0.737279251968504
0
LINE
8
BLACK
6
CONTINUOUS
10
1.8719881102362204
20
0.737279251968504
11
1.8720283070866142
21
0.7372626377952756
0
LINE
8
BLACK
6
CONTINUOUS
10
1.8720283070866142
20
0.7372626377952756
11
1.8721281889763779
21
0.7372478346456692
0
LINE
8
BLACK
6
CONTINUOUS
10
1.8721281889763779
20
0.7372478346456692
11
1.8796272440944881
21
0.7353730708661417
0
LINE
8
BLACK
6
CONTINUOUS
10
1.8796272440944881
20
0.7353730708661417
11
1.8796697244094487
21
0.7353579133858268
0
LINE
8
BLACK
6
CONTINUOUS
10
1.8796697244094487
20
0.7353579133858268
11
1.8796909842519685
21
0.7353563779527559
0
LINE
8
BLACK
6
CONTINUOUS
10
1.8796909842519685
20
0.7353563779527559
11
1.8799303937007874
21
0.7352647637795275
0
LINE
8
BLACK
6
CONTINUOUS
10
1.8799303937007874
20
0.7352647637795275
11
1.8801723622047244
21
0.7351783070866141
0
LINE
8
BLACK
6
CONTINUOUS
10
1.8801723622047244
20
0.7351783070866141
11
1.8801894881889762
21
0.7351656299212598
0
LINE
8
BLACK
6
CONTINUOUS
10
1.8801894881889762
20
0.7351656299212598
11
1.8802316141732283
21
0.7351494881889764
0
LINE
8
BLACK
6
CONTINUOUS
10
1.8802316141732283
20
0.7351494881889764
11
1.8839811417322834
21
0.7332747244094489
0
LINE
8
BLACK
6
CONTINUOUS
10
1.8839811417322834
20
0.7332747244094489
11
1.8842290157480315
21
0.7331187007874016
0
LINE
8
BLACK
6
CONTINUOUS
10
1.8842290157480315
20
0.7331187007874016
11
1.884301062992126
21
0.7330888582677165
0
LINE
8
BLACK
6
CONTINUOUS
10
1.884301062992126
20
0.7330888582677165
11
1.8843820866141732
21
0.7330223622047244
0
LINE
8
BLACK
6
CONTINUOUS
10
1.8843820866141732
20
0.7330223622047244
11
1.8844710236220472
21
0.7329663779527559
0
LINE
8
BLACK
6
CONTINUOUS
10
1.8844710236220472
20
0.7329663779527559
11
1.8845221653543307
21
0.7329074015748032
0
LINE
8
BLACK
6
CONTINUOUS
10
1.8845221653543307
20
0.7329074015748032
11
1.8847485039370078
21
0.7327216535433071
0
LINE
8
BLACK
6
CONTINUOUS
10
1.8847485039370078
20
0.7327216535433071
11
1.8866233070866141
21
0.7308468897637795
0
LINE
8
BLACK
6
CONTINUOUS
10
1.8866233070866141
20
0.7308468897637795
11
1.8868090551181103
21
0.7306205511811024
0
LINE
8
BLACK
6
CONTINUOUS
10
1.8868090551181103
20
0.7306205511811024
11
1.8868681102362204
21
0.7305693307086614
0
LINE
8
BLACK
6
CONTINUOUS
10
1.8868681102362204
20
0.7305693307086614
11
1.8869240944881889
21
0.7304803937007874
0
LINE
8
BLACK
6
CONTINUOUS
10
1.8869240944881889
20
0.7304803937007874
11
1.8869905511811023
21
0.7303994094488189
0
LINE
8
BLACK
6
CONTINUOUS
10
1.8869905511811023
20
0.7303994094488189
11
1.8870203543307087
21
0.7303274803149606
0
LINE
8
BLACK
6
CONTINUOUS
10
1.8870203543307087
20
0.7303274803149606
11
1.8871764566929135
21
0.7300794488188976
0
LINE
8
BLACK
6
CONTINUOUS
10
1.8871764566929135
20
0.7300794488188976
11
1.889051220472441
21
0.7263299212598425
0
LINE
8
BLACK
6
CONTINUOUS
10
1.889051220472441
20
0.7263299212598425
11
1.8892581102362205
21
0.7257893307086614
0
LINE
8
BLACK
6
CONTINUOUS
10
1.8892581102362205
20
0.7257893307086614
11
1.8892656299212598
21
0.7256834645669291
0
LINE
8
BLACK
6
CONTINUOUS
10
1.8892656299212598
20
0.7256834645669291
11
1.8893062204724409
21
0.7255854724409448
0
LINE
8
BLACK
6
CONTINUOUS
10
1.8893062204724409
20
0.7255854724409448
11
1.8893629527559055
21
0.7250094094488189
0
LINE
8
BLACK
6
CONTINUOUS
10
1.8893629527559055
20
0.7250094094488189
11
1.8893629527559055
21
0.7212598818897638
0
LINE
8
BLACK
6
CONTINUOUS
10
1.8893629527559055
20
0.7212598818897638
11
1.8893062204724409
21
0.7206838188976378
0
LINE
8
BLACK
6
CONTINUOUS
10
1.8893062204724409
20
0.7206838188976378
11
1.8892656299212598
21
0.7205858661417323
0
LINE
8
BLACK
6
CONTINUOUS
10
1.8892656299212598
20
0.7205858661417323
11
1.8892581102362205
21
0.7204799606299213
0
LINE
8
BLACK
6
CONTINUOUS
10
1.8892581102362205
20
0.7204799606299213
11
1.889051220472441
21
0.7199393700787401
0
LINE
8
BLACK
6
CONTINUOUS
10
1.889051220472441
20
0.7199393700787401
11
1.8871764566929135
21
0.716189842519685
0
LINE
8
BLACK
6
CONTINUOUS
10
1.8871764566929135
20
0.716189842519685
11
1.8870203543307087
21
0.7159418503937007
0
LINE
8
BLACK
6
CONTINUOUS
10
1.8870203543307087
20
0.7159418503937007
11
1.8869905511811023
21
0.7158698818897637
0
LINE
8
BLACK
6
CONTINUOUS
10
1.8869905511811023
20
0.7158698818897637
11
1.8869240944881889
21
0.715788937007874
0
LINE
8
BLACK
6
CONTINUOUS
10
1.8869240944881889
20
0.715788937007874
11
1.8868681102362204
21
0.7156999606299213
0
LINE
8
BLACK
6
CONTINUOUS
10
1.8868681102362204
20
0.7156999606299213
11
1.8868090551181103
21
0.715648779527559
0
LINE
8
BLACK
6
CONTINUOUS
10
1.8868090551181103
20
0.715648779527559
11
1.8866233070866141
21
0.7154224015748031
0
LINE
8
BLACK
6
CONTINUOUS
10
1.8866233070866141
20
0.7154224015748031
11
1.8847485039370078
21
0.7135476377952755
0
LINE
8
BLACK
6
CONTINUOUS
10
1.8847485039370078
20
0.7135476377952755
11
1.8845221653543307
21
0.7133619291338582
0
LINE
8
BLACK
6
CONTINUOUS
10
1.8845221653543307
20
0.7133619291338582
11
1.8844710236220472
21
0.7133029133858267
0
LINE
8
BLACK
6
CONTINUOUS
10
1.8844710236220472
20
0.7133029133858267
11
1.8843820866141732
21
0.713246968503937
0
LINE
8
BLACK
6
CONTINUOUS
10
1.8843820866141732
20
0.713246968503937
11
1.884301062992126
21
0.7131804330708661
0
LINE
8
BLACK
6
CONTINUOUS
10
1.884301062992126
20
0.7131804330708661
11
1.8842290157480315
21
0.7131506299212598
0
LINE
8
BLACK
6
CONTINUOUS
10
1.8842290157480315
20
0.7131506299212598
11
1.8839811417322834
21
0.7129945669291339
0
LINE
8
BLACK
6
CONTINUOUS
10
1.8839811417322834
20
0.7129945669291339
11
1.8802316141732283
21
0.7111198031496063
0
LINE
8
BLACK
6
CONTINUOUS
10
1.8802316141732283
20
0.7111198031496063
11
1.8801894881889762
21
0.7111037007874016
0
LINE
8
BLACK
6
CONTINUOUS
10
1.8801894881889762
20
0.7111037007874016
11
1.8801723622047244
21
0.7110909842519685
0
LINE
8
BLACK
6
CONTINUOUS
10
1.8801723622047244
20
0.7110909842519685
11
1.8799303937007874
21
0.7110045669291338
0
LINE
8
BLACK
6
CONTINUOUS
10
1.8799303937007874
20
0.7110045669291338
11
1.8796909842519685
21
0.7109129133858267
0
LINE
8
BLACK
6
CONTINUOUS
10
1.8796909842519685
20
0.7109129133858267
11
1.8796697244094487
21
0.7109114173228346
0
LINE
8
BLACK
6
CONTINUOUS
10
1.8796697244094487
20
0.7109114173228346
11
1.8796272440944881
21
0.7108962204724409
0
LINE
8
BLACK
6
CONTINUOUS
10
1.8796272440944881
20
0.7108962204724409
11
1.8721281889763779
21
0.7090214566929134
0
LINE
8
BLACK
6
CONTINUOUS
10
1.8721281889763779
20
0.7090214566929134
11
1.8720283070866142
21
0.7090066929133858
0
LINE
8
BLACK
6
CONTINUOUS
10
1.8720283070866142
20
0.7090066929133858
11
1.8719881102362204
21
0.7089900393700788
0
LINE
8
BLACK
6
CONTINUOUS
10
1.8719881102362204
20
0.7089900393700788
11
1.871771062992126
21
0.7089687007874016
0
LINE
8
BLACK
6
CONTINUOUS
10
1.871771062992126
20
0.7089687007874016
11
1.8715555905511811
21
0.708936811023622
0
LINE
8
BLACK
6
CONTINUOUS
10
1.8715555905511811
20
0.708936811023622
11
1.871512559055118
21
0.7089432283464566
0
LINE
8
BLACK
6
CONTINUOUS
10
1.871512559055118
20
0.7089432283464566
11
1.8714120472440945
21
0.7089333070866142
0
LINE
8
BLACK
6
CONTINUOUS
10
1.8714120472440945
20
0.7089333070866142
11
1.8620382283464567
21
0.7089333070866142
0
LINE
8
BLACK
6
CONTINUOUS
10
1.8620382283464567
20
0.7089333070866142
11
1.8619376771653542
21
0.7089432283464566
0
LINE
8
BLACK
6
CONTINUOUS
10
1.8619376771653542
20
0.7089432283464566
11
1.8618946850393701
21
0.708936811023622
0
LINE
8
BLACK
6
CONTINUOUS
10
1.8618946850393701
20
0.708936811023622
11
1.8616791732283464
21
0.7089687007874016
0
LINE
8
BLACK
6
CONTINUOUS
10
1.8616791732283464
20
0.7089687007874016
11
1.8614621653543306
21
0.7089900393700788
0
LINE
8
BLACK
6
CONTINUOUS
10
1.8614621653543306
20
0.7089900393700788
11
1.8614219291338583
21
0.7090066929133858
0
LINE
8
BLACK
6
CONTINUOUS
10
1.8614219291338583
20
0.7090066929133858
11
1.8613220866141731
21
0.7090214566929134
0
LINE
8
BLACK
6
CONTINUOUS
10
1.8613220866141731
20
0.7090214566929134
11
1.8538230314960629
21
0.7108962204724409
0
LINE
8
BLACK
6
CONTINUOUS
10
1.8538230314960629
20
0.7108962204724409
11
1.8537805118110235
21
0.7109114173228346
0
LINE
8
BLACK
6
CONTINUOUS
10
1.8537805118110235
20
0.7109114173228346
11
1.853759251968504
21
0.7109129133858267
0
LINE
8
BLACK
6
CONTINUOUS
10
1.853759251968504
20
0.7109129133858267
11
1.8535194881889763
21
0.7110046850393701
0
LINE
8
BLACK
6
CONTINUOUS
10
1.8535194881889763
20
0.7110046850393701
11
1.8532779133858268
21
0.7110909842519685
0
LINE
8
BLACK
6
CONTINUOUS
10
1.8532779133858268
20
0.7110909842519685
11
1.853260748031496
21
0.7111037007874016
0
LINE
8
BLACK
6
CONTINUOUS
10
1.853260748031496
20
0.7111037007874016
11
1.8532186614173227
21
0.7111198031496063
0
LINE
8
BLACK
6
CONTINUOUS
10
1.8532186614173227
20
0.7111198031496063
11
1.8494691338582676
21
0.7129945669291339
0
LINE
8
BLACK
6
CONTINUOUS
10
1.8494691338582676
20
0.7129945669291339
11
1.8492211023622047
21
0.7131506692913385
0
LINE
8
BLACK
6
CONTINUOUS
10
1.8492211023622047
20
0.7131506692913385
11
1.8491491732283465
21
0.7131804724409448
0
LINE
8
BLACK
6
CONTINUOUS
10
1.8491491732283465
20
0.7131804724409448
11
1.8490681889763778
21
0.713246968503937
0
LINE
8
BLACK
6
CONTINUOUS
10
1.8490681889763778
20
0.713246968503937
11
1.848979251968504
21
0.7133029133858267
0
LINE
8
BLACK
6
CONTINUOUS
10
1.848979251968504
20
0.7133029133858267
11
1.8489280708661417
21
0.7133619291338582
0
LINE
8
BLACK
6
CONTINUOUS
10
1.8489280708661417
20
0.7133619291338582
11
1.8487017322834645
21
0.7135476771653543
0
LINE
8
BLACK
6
CONTINUOUS
10
1.8487017322834645
20
0.7135476771653543
11
1.8468269685039369
21
0.7154224409448818
0
LINE
8
BLACK
6
CONTINUOUS
10
1.8468269685039369
20
0.7154224409448818
11
1.8466411811023622
21
0.7156488188976378
0
LINE
8
BLACK
6
CONTINUOUS
10
1.8466411811023622
20
0.7156488188976378
11
1.8465822047244094
21
0.7156999606299213
0
LINE
8
BLACK
6
CONTINUOUS
10
1.8465822047244094
20
0.7156999606299213
11
1.8465262204724409
21
0.715788937007874
0
LINE
8
BLACK
6
CONTINUOUS
10
1.8465262204724409
20
0.715788937007874
11
1.8464597637795275
21
0.7158698818897637
0
LINE
8
BLACK
6
CONTINUOUS
10
1.8464597637795275
20
0.7158698818897637
11
1.8464299212598425
21
0.7159418503937007
0
LINE
8
BLACK
6
CONTINUOUS
10
1.8464299212598425
20
0.7159418503937007
11
1.8462738582677165
21
0.716189842519685
0
LINE
8
BLACK
6
CONTINUOUS
10
1.8462738582677165
20
0.716189842519685
11
1.844399094488189
21
0.7199393700787401
0
LINE
8
BLACK
6
CONTINUOUS
10
1.844399094488189
20
0.7199393700787401
11
1.8441922047244095
21
0.72048
0
LINE
8
BLACK
6
CONTINUOUS
10
1.8441922047244095
20
0.72048
11
1.8441846850393699
21
0.7205858267716535
0
LINE
8
BLACK
6
CONTINUOUS
10
1.8441846850393699
20
0.7205858267716535
11
1.8441440944881888
21
0.7206838188976378
0
LINE
8
BLACK
6
CONTINUOUS
10
1.8441440944881888
20
0.7206838188976378
11
1.8440873622047245
21
0.7212598818897638
0
LINE
8
BLACK
6
CONTINUOUS
10
1.8440873622047245
20
0.7212598818897638
11
1.8440873622047245
21
0.7250094094488189
0
LINE
8
BLACK
6
CONTINUOUS
10
1.8440873622047245
20
0.7250094094488189
11
1.8441440944881888
21
0.7255854724409448
0
LINE
8
BLACK
6
CONTINUOUS
10
1.8441440944881888
20
0.7255854724409448
11
1.8441846850393699
21
0.7256835039370079
0
LINE
8
BLACK
6
CONTINUOUS
10
1.8441846850393699
20
0.7256835039370079
11
1.8441922047244095
21
0.7257892913385826
0
LINE
8
BLACK
6
CONTINUOUS
10
1.8441922047244095
20
0.7257892913385826
11
1.844399094488189
21
0.7263299212598425
0
LINE
8
BLACK
6
CONTINUOUS
10
1.844399094488189
20
0.7263299212598425
11
1.8462738582677165
21
0.7300794488188976
0
LINE
8
BLACK
6
CONTINUOUS
10
1.8462738582677165
20
0.7300794488188976
11
1.8464299212598425
21
0.7303274803149606
0
LINE
8
BLACK
6
CONTINUOUS
10
1.8464299212598425
20
0.7303274803149606
11
1.8464597637795275
21
0.7303994094488189
0
LINE
8
BLACK
6
CONTINUOUS
10
1.8464597637795275
20
0.7303994094488189
11
1.8465262204724409
21
0.7304803937007874
0
LINE
8
BLACK
6
CONTINUOUS
10
1.8465262204724409
20
0.7304803937007874
11
1.8465822047244094
21
0.7305693307086614
0
LINE
8
BLACK
6
CONTINUOUS
10
1.8465822047244094
20
0.7305693307086614
11
1.8466411811023622
21
0.7306205118110236
0
LINE
8
BLACK
6
CONTINUOUS
10
1.8466411811023622
20
0.7306205118110236
11
1.8468269685039369
21
0.7308468503937008
0
LINE
8
BLACK
6
CONTINUOUS
10
1.8468269685039369
20
0.7308468503937008
11
1.8487017322834645
21
0.7327216141732283
0
LINE
8
BLACK
6
CONTINUOUS
10
1.8487017322834645
20
0.7327216141732283
11
1.8489280708661417
21
0.7329074015748032
0
LINE
8
BLACK
6
CONTINUOUS
10
1.8489280708661417
20
0.7329074015748032
11
1.848979251968504
21
0.7329663779527559
0
LINE
8
BLACK
6
CONTINUOUS
10
1.848979251968504
20
0.7329663779527559
11
1.8490681889763778
21
0.7330223622047244
0
LINE
8
BLACK
6
CONTINUOUS
10
1.8490681889763778
20
0.7330223622047244
11
1.8491491732283465
21
0.7330888188976378
0
LINE
8
BLACK
6
CONTINUOUS
10
1.8491491732283465
20
0.7330888188976378
11
1.8492211023622047
21
0.7331186614173228
0
LINE
8
BLACK
6
CONTINUOUS
10
1.8492211023622047
20
0.7331186614173228
11
1.8494691338582676
21
0.7332747244094489
0
LINE
8
BLACK
6
CONTINUOUS
10
1.8494691338582676
20
0.7332747244094489
11
1.8532186614173227
21
0.7351494881889764
0
LINE
8
BLACK
6
CONTINUOUS
10
1.8532186614173227
20
0.7351494881889764
11
1.853260748031496
21
0.7351656299212598
0
LINE
8
BLACK
6
CONTINUOUS
10
1.853260748031496
20
0.7351656299212598
11
1.8532779133858268
21
0.7351783070866141
0
LINE
8
BLACK
6
CONTINUOUS
10
1.8532779133858268
20
0.7351783070866141
11
1.8535194881889763
21
0.7352646456692913
0
LINE
8
BLACK
6
CONTINUOUS
10
1.8535194881889763
20
0.7352646456692913
11
1.853759251968504
21
0.7353563779527559
0
LINE
8
BLACK
6
CONTINUOUS
10
1.853759251968504
20
0.7353563779527559
11
1.8537805118110235
21
0.7353579133858268
0
LINE
8
BLACK
6
CONTINUOUS
10
1.8537805118110235
20
0.7353579133858268
11
1.8538230314960629
21
0.7353730708661417
0
LINE
8
BLACK
6
CONTINUOUS
10
1.8538230314960629
20
0.7353730708661417
11
1.8613220866141731
21
0.7372478346456692
0
LINE
8
BLACK
6
CONTINUOUS
10
1.8613220866141731
20
0.7372478346456692
11
1.8614219291338583
21
0.7372626377952756
0
LINE
8
BLACK
6
CONTINUOUS
10
1.8614219291338583
20
0.7372626377952756
11
1.8614621653543306
21
0.737279251968504
0
LINE
8
BLACK
6
CONTINUOUS
10
1.8614621653543306
20
0.737279251968504
11
1.8616791732283464
21
0.7373006299212598
0
LINE
8
BLACK
6
CONTINUOUS
10
1.8616791732283464
20
0.7373006299212598
11
1.8618946850393701
21
0.7373324803149606
0
LINE
8
BLACK
6
CONTINUOUS
10
1.8618946850393701
20
0.7373324803149606
11
1.8619376771653542
21
0.7373261023622047
0
LINE
8
BLACK
6
CONTINUOUS
10
1.8619376771653542
20
0.7373261023622047
11
1.8620382283464567
21
0.7373359842519684
0
LINE
8
BLACK
6
CONTINUOUS
10
1.8620382283464567
20
0.7373359842519684
11
1.8714120472440945
21
0.7373359842519684
0
LINE
8
BLACK
6
CONTINUOUS
10
1.8714120472440945
20
0.7373359842519684
11
1.871512559055118
21
0.7373261023622047
0
LINE
8
BLACK
6
CONTINUOUS
10
1.8555697244094487
20
0.7297224803149606
11
1.8525387401574802
21
0.728206968503937
0
LINE
8
BLACK
6
CONTINUOUS
10
1.8525387401574802
20
0.728206968503937
11
1.8513416141732284
21
0.727009842519685
0
LINE
8
BLACK
6
CONTINUOUS
10
1.8513416141732284
20
0.727009842519685
11
1.8499928740157481
21
0.7243123622047244
0
LINE
8
BLACK
6
CONTINUOUS
10
1.8499928740157481
20
0.7243123622047244
11
1.8499928740157481
21
0.7219569291338582
0
LINE
8
BLACK
6
CONTINUOUS
10
1.8499928740157481
20
0.7219569291338582
11
1.8513416141732284
21
0.7192594488188976
0
LINE
8
BLACK
6
CONTINUOUS
10
1.8513416141732284
20
0.7192594488188976
11
1.8525387401574802
21
0.7180623228346457
0
LINE
8
BLACK
6
CONTINUOUS
10
1.8525387401574802
20
0.7180623228346457
11
1.8555697244094487
21
0.7165468503937008
0
LINE
8
BLACK
6
CONTINUOUS
10
1.8555697244094487
20
0.7165468503937008
11
1.8624017716535433
21
0.7148388188976378
0
LINE
8
BLACK
6
CONTINUOUS
10
1.8624017716535433
20
0.7148388188976378
11
1.8710485039370077
21
0.7148388188976378
0
LINE
8
BLACK
6
CONTINUOUS
10
1.8710485039370077
20
0.7148388188976378
11
1.8778805511811023
21
0.7165468503937008
0
LINE
8
BLACK
6
CONTINUOUS
10
1.8778805511811023
20
0.7165468503937008
11
1.8809115354330708
21
0.7180623622047244
0
LINE
8
BLACK
6
CONTINUOUS
10
1.8809115354330708
20
0.7180623622047244
11
1.8821087007874016
21
0.7192594881889763
0
LINE
8
BLACK
6
CONTINUOUS
10
1.8821087007874016
20
0.7192594881889763
11
1.8834574409448819
21
0.7219569291338582
0
LINE
8
BLACK
6
CONTINUOUS
10
1.8834574409448819
20
0.7219569291338582
11
1.8834574409448819
21
0.7243123622047244
0
LINE
8
BLACK
6
CONTINUOUS
10
1.8834574409448819
20
0.7243123622047244
11
1.8821087007874016
21
0.727009842519685
0
LINE
8
BLACK
6
CONTINUOUS
10
1.8821087007874016
20
0.727009842519685
11
1.8809115354330708
21
0.728206968503937
0
LINE
8
BLACK
6
CONTINUOUS
10
1.8809115354330708
20
0.728206968503937
11
1.8778805511811023
21
0.7297224803149606
0
LINE
8
BLACK
6
CONTINUOUS
10
1.8778805511811023
20
0.7297224803149606
11
1.8710485039370077
21
0.7314304724409448
0
LINE
8
BLACK
6
CONTINUOUS
10
1.8710485039370077
20
0.7314304724409448
11
1.8624017716535433
21
0.7314304724409448
0
LINE
8
BLACK
6
CONTINUOUS
10
1.8624017716535433
20
0.7314304724409448
11
1.8555697244094487
21
0.7297224803149606
0
LINE
8
BLACK
6
CONTINUOUS
10
2.0030529921259843
20
0.7560268897637795
11
2.0031509842519686
21
0.7559862992125984
0
LINE
8
BLACK
6
CONTINUOUS
10
2.0031509842519686
20
0.7559862992125984
11
2.003256811023622
21
0.755978779527559
0
LINE
8
BLACK
6
CONTINUOUS
10
2.003256811023622
20
0.755978779527559
11
2.003797440944882
21
0.7557718897637795
0
LINE
8
BLACK
6
CONTINUOUS
10
2.003797440944882
20
0.7557718897637795
11
2.0075469685039371
21
0.753897125984252
0
LINE
8
BLACK
6
CONTINUOUS
10
2.0075469685039371
20
0.753897125984252
11
2.007794960629921
21
0.753741062992126
0
LINE
8
BLACK
6
CONTINUOUS
10
2.007794960629921
20
0.753741062992126
11
2.0078669291338582
21
0.7537112204724409
0
LINE
8
BLACK
6
CONTINUOUS
10
2.0078669291338582
20
0.7537112204724409
11
2.0079478740157479
21
0.7536447637795275
0
LINE
8
BLACK
6
CONTINUOUS
10
2.0079478740157479
20
0.7536447637795275
11
2.0080368503937009
21
0.753588779527559
0
LINE
8
BLACK
6
CONTINUOUS
10
2.0080368503937009
20
0.753588779527559
11
2.0080879921259842
21
0.7535298031496063
0
LINE
8
BLACK
6
CONTINUOUS
10
2.0080879921259842
20
0.7535298031496063
11
2.00831437007874
21
0.7533440157480314
0
LINE
8
BLACK
6
CONTINUOUS
10
2.00831437007874
20
0.7533440157480314
11
2.0099759842519687
21
0.7516824015748031
0
LINE
8
BLACK
6
CONTINUOUS
10
2.0099759842519687
20
0.7516824015748031
11
2.0116375984251968
21
0.7533440157480314
0
LINE
8
BLACK
6
CONTINUOUS
10
2.0116375984251968
20
0.7533440157480314
11
2.0118639370078739
21
0.7535298031496063
0
LINE
8
BLACK
6
CONTINUOUS
10
2.0118639370078739
20
0.7535298031496063
11
2.0119151181102364
21
0.753588779527559
0
LINE
8
BLACK
6
CONTINUOUS
10
2.0119151181102364
20
0.753588779527559
11
2.0120040551181102
21
0.7536447637795275
0
LINE
8
BLACK
6
CONTINUOUS
10
2.0120040551181102
20
0.7536447637795275
11
2.0120850393700787
21
0.7537112204724409
0
LINE
8
BLACK
6
CONTINUOUS
10
2.0120850393700787
20
0.7537112204724409
11
2.0121569685039371
21
0.753741062992126
0
LINE
8
BLACK
6
CONTINUOUS
10
2.0121569685039371
20
0.753741062992126
11
2.0124049999999998
21
0.753897125984252
0
LINE
8
BLACK
6
CONTINUOUS
10
2.0124049999999998
20
0.753897125984252
11
2.0161545275590549
21
0.7557718897637795
0
LINE
8
BLACK
6
CONTINUOUS
10
2.0161545275590549
20
0.7557718897637795
11
2.0166951181102362
21
0.755978779527559
0
LINE
8
BLACK
6
CONTINUOUS
10
2.0166951181102362
20
0.755978779527559
11
2.0168009842519683
21
0.7559863385826772
0
LINE
8
BLACK
6
CONTINUOUS
10
2.0168009842519683
20
0.7559863385826772
11
2.0168989763779526
21
0.7560268897637795
0
LINE
8
BLACK
6
CONTINUOUS
10
2.0168989763779526
20
0.7560268897637795
11
2.0174750393700789
21
0.7560836220472441
0
LINE
8
BLACK
6
CONTINUOUS
10
2.0174750393700789
20
0.7560836220472441
11
2.0249740944881891
21
0.7560836220472441
0
LINE
8
BLACK
6
CONTINUOUS
10
2.0249740944881891
20
0.7560836220472441
11
2.025550157480315
21
0.7560268897637795
0
LINE
8
BLACK
6
CONTINUOUS
10
2.025550157480315
20
0.7560268897637795
11
2.0256481496062992
21
0.7559862992125984
0
LINE
8
BLACK
6
CONTINUOUS
10
2.0256481496062992
20
0.7559862992125984
11
2.0257539763779526
21
0.755978779527559
0
LINE
8
BLACK
6
CONTINUOUS
10
2.0257539763779526
20
0.755978779527559
11
2.0262946062992127
21
0.7557718897637795
0
LINE
8
BLACK
6
CONTINUOUS
10
2.0262946062992127
20
0.7557718897637795
11
2.0300441338582678
21
0.753897125984252
0
LINE
8
BLACK
6
CONTINUOUS
10
2.0300441338582678
20
0.753897125984252
11
2.0302920078740159
21
0.7537411023622047
0
LINE
8
BLACK
6
CONTINUOUS
10
2.0302920078740159
20
0.7537411023622047
11
2.0303640551181101
21
0.7537112598425196
0
LINE
8
BLACK
6
CONTINUOUS
10
2.0303640551181101
20
0.7537112598425196
11
2.0304450787401573
21
0.7536447637795275
0
LINE
8
BLACK
6
CONTINUOUS
10
2.0304450787401573
20
0.7536447637795275
11
2.0305340157480316
21
0.753588779527559
0
LINE
8
BLACK
6
CONTINUOUS
10
2.0305340157480316
20
0.753588779527559
11
2.0305851574803149
21
0.7535298031496063
0
LINE
8
BLACK
6
CONTINUOUS
10
2.0305851574803149
20
0.7535298031496063
11
2.0308114960629919
21
0.7533440551181102
0
LINE
8
BLACK
6
CONTINUOUS
10
2.0308114960629919
20
0.7533440551181102
11
2.0326862992125982
21
0.7514692913385826
0
LINE
8
BLACK
6
CONTINUOUS
10
2.0326862992125982
20
0.7514692913385826
11
2.0328720472440946
21
0.7512429527559055
0
LINE
8
BLACK
6
CONTINUOUS
10
2.0328720472440946
20
0.7512429527559055
11
2.0329311023622045
21
0.7511917322834646
0
LINE
8
BLACK
6
CONTINUOUS
10
2.0329311023622045
20
0.7511917322834646
11
2.032987086614173
21
0.7511027952755905
0
LINE
8
BLACK
6
CONTINUOUS
10
2.032987086614173
20
0.7511027952755905
11
2.0330535433070867
21
0.751021811023622
0
LINE
8
BLACK
6
CONTINUOUS
10
2.0330535433070867
20
0.751021811023622
11
2.0330833464566931
21
0.7509498818897637
0
LINE
8
BLACK
6
CONTINUOUS
10
2.0330833464566931
20
0.7509498818897637
11
2.0332394488188976
21
0.7507018503937007
0
LINE
8
BLACK
6
CONTINUOUS
10
2.0332394488188976
20
0.7507018503937007
11
2.0351142125984252
21
0.7469523228346456
0
LINE
8
BLACK
6
CONTINUOUS
10
2.0351142125984252
20
0.7469523228346456
11
2.0353211023622046
21
0.7464117322834646
0
LINE
8
BLACK
6
CONTINUOUS
10
2.0353211023622046
20
0.7464117322834646
11
2.0353286220472442
21
0.7463058661417322
0
LINE
8
BLACK
6
CONTINUOUS
10
2.0353286220472442
20
0.7463058661417322
11
2.0353692125984253
21
0.7462078740157481
0
LINE
8
BLACK
6
CONTINUOUS
10
2.0353692125984253
20
0.7462078740157481
11
2.0354259448818897
21
0.7456318110236221
0
LINE
8
BLACK
6
CONTINUOUS
10
2.0354259448818897
20
0.7456318110236221
11
2.0354259448818897
21
0.7381327559055118
0
LINE
8
BLACK
6
CONTINUOUS
10
2.0354259448818897
20
0.7381327559055118
11
2.0353692125984253
21
0.7375566929133858
0
LINE
8
BLACK
6
CONTINUOUS
10
2.0353692125984253
20
0.7375566929133858
11
2.0353286220472442
21
0.7374587401574803
0
LINE
8
BLACK
6
CONTINUOUS
10
2.0353286220472442
20
0.7374587401574803
11
2.0353211023622046
21
0.7373528346456693
0
LINE
8
BLACK
6
CONTINUOUS
10
2.0353211023622046
20
0.7373528346456693
11
2.0351142125984252
21
0.7368122440944882
0
LINE
8
BLACK
6
CONTINUOUS
10
2.0351142125984252
20
0.7368122440944882
11
2.0332394488188976
21
0.7330627165354331
0
LINE
8
BLACK
6
CONTINUOUS
10
2.0332394488188976
20
0.7330627165354331
11
2.0330833464566931
21
0.7328147244094488
0
LINE
8
BLACK
6
CONTINUOUS
10
2.0330833464566931
20
0.7328147244094488
11
2.0330535433070867
21
0.7327427559055117
0
LINE
8
BLACK
6
CONTINUOUS
10
2.0330535433070867
20
0.7327427559055117
11
2.032987086614173
21
0.732661811023622
0
LINE
8
BLACK
6
CONTINUOUS
10
2.032987086614173
20
0.732661811023622
11
2.0329311023622045
21
0.7325728346456692
0
LINE
8
BLACK
6
CONTINUOUS
10
2.0329311023622045
20
0.7325728346456692
11
2.0328720472440946
21
0.7325216535433071
0
LINE
8
BLACK
6
CONTINUOUS
10
2.0328720472440946
20
0.7325216535433071
11
2.0326862992125982
21
0.7322952755905512
0
LINE
8
BLACK
6
CONTINUOUS
10
2.0326862992125982
20
0.7322952755905512
11
2.0308114960629919
21
0.7304205118110236
0
LINE
8
BLACK
6
CONTINUOUS
10
2.0308114960629919
20
0.7304205118110236
11
2.0305851574803149
21
0.7302348031496063
0
LINE
8
BLACK
6
CONTINUOUS
10
2.0305851574803149
20
0.7302348031496063
11
2.0305340157480316
21
0.7301757874015747
0
LINE
8
BLACK
6
CONTINUOUS
10
2.0305340157480316
20
0.7301757874015747
11
2.0304450787401573
21
0.730119842519685
0
LINE
8
BLACK
6
CONTINUOUS
10
2.0304450787401573
20
0.730119842519685
11
2.0303640551181101
21
0.7300533070866142
0
LINE
8
BLACK
6
CONTINUOUS
10
2.0303640551181101
20
0.7300533070866142
11
2.0302920078740159
21
0.7300235039370079
0
LINE
8
BLACK
6
CONTINUOUS
10
2.0302920078740159
20
0.7300235039370079
11
2.0300441338582678
21
0.7298674409448819
0
LINE
8
BLACK
6
CONTINUOUS
10
2.0300441338582678
20
0.7298674409448819
11
2.0262946062992127
21
0.7279926771653543
0
LINE
8
BLACK
6
CONTINUOUS
10
2.0262946062992127
20
0.7279926771653543
11
2.0257539763779526
21
0.7277857874015747
0
LINE
8
BLACK
6
CONTINUOUS
10
2.0257539763779526
20
0.7277857874015747
11
2.0256481496062992
21
0.7277783070866142
0
LINE
8
BLACK
6
CONTINUOUS
10
2.0256481496062992
20
0.7277783070866142
11
2.025550157480315
21
0.7277376771653543
0
LINE
8
BLACK
6
CONTINUOUS
10
2.025550157480315
20
0.7277376771653543
11
2.0249740944881891
21
0.7276809448818897
0
LINE
8
BLACK
6
CONTINUOUS
10
2.0249740944881891
20
0.7276809448818897
11
2.0174750393700789
21
0.7276809448818897
0
LINE
8
BLACK
6
CONTINUOUS
10
2.0174750393700789
20
0.7276809448818897
11
2.0168989763779526
21
0.7277376771653543
0
LINE
8
BLACK
6
CONTINUOUS
10
2.0168989763779526
20
0.7277376771653543
11
2.0168009842519683
21
0.7277782677165354
0
LINE
8
BLACK
6
CONTINUOUS
10
2.0168009842519683
20
0.7277782677165354
11
2.0166951181102362
21
0.7277857874015747
0
LINE
8
BLACK
6
CONTINUOUS
10
2.0166951181102362
20
0.7277857874015747
11
2.0161545275590549
21
0.7279926771653543
0
LINE
8
BLACK
6
CONTINUOUS
10
2.0161545275590549
20
0.7279926771653543
11
2.0124049999999998
21
0.7298674409448819
0
LINE
8
BLACK
6
CONTINUOUS
10
2.0124049999999998
20
0.7298674409448819
11
2.0121569685039371
21
0.7300235433070866
0
LINE
8
BLACK
6
CONTINUOUS
10
2.0121569685039371
20
0.7300235433070866
11
2.0120850393700787
21
0.7300533464566928
0
LINE
8
BLACK
6
CONTINUOUS
10
2.0120850393700787
20
0.7300533464566928
11
2.0120040551181102
21
0.730119842519685
0
LINE
8
BLACK
6
CONTINUOUS
10
2.0120040551181102
20
0.730119842519685
11
2.0119151181102364
21
0.7301757874015747
0
LINE
8
BLACK
6
CONTINUOUS
10
2.0119151181102364
20
0.7301757874015747
11
2.0118639370078739
21
0.7302348031496063
0
LINE
8
BLACK
6
CONTINUOUS
10
2.0118639370078739
20
0.7302348031496063
11
2.0116375984251968
21
0.7304205511811024
0
LINE
8
BLACK
6
CONTINUOUS
10
2.0116375984251968
20
0.7304205511811024
11
2.0099759842519687
21
0.7320821653543307
0
LINE
8
BLACK
6
CONTINUOUS
10
2.0099759842519687
20
0.7320821653543307
11
2.00831437007874
21
0.7304205511811024
0
LINE
8
BLACK
6
CONTINUOUS
10
2.00831437007874
20
0.7304205511811024
11
2.0080879921259842
21
0.7302348031496063
0
LINE
8
BLACK
6
CONTINUOUS
10
2.0080879921259842
20
0.7302348031496063
11
2.0080368503937009
21
0.7301757874015747
0
LINE
8
BLACK
6
CONTINUOUS
10
2.0080368503937009
20
0.7301757874015747
11
2.0079478740157479
21
0.730119842519685
0
LINE
8
BLACK
6
CONTINUOUS
10
2.0079478740157479
20
0.730119842519685
11
2.0078669291338582
21
0.7300533464566928
0
LINE
8
BLACK
6
CONTINUOUS
10
2.0078669291338582
20
0.7300533464566928
11
2.007794960629921
21
0.7300235433070866
0
LINE
8
BLACK
6
CONTINUOUS
10
2.007794960629921
20
0.7300235433070866
11
2.0075469685039371
21
0.7298674409448819
0
LINE
8
BLACK
6
CONTINUOUS
10
2.0075469685039371
20
0.7298674409448819
11
2.003797440944882
21
0.7279926771653543
0
LINE
8
BLACK
6
CONTINUOUS
10
2.003797440944882
20
0.7279926771653543
11
2.003256811023622
21
0.7277857874015747
0
LINE
8
BLACK
6
CONTINUOUS
10
2.003256811023622
20
0.7277857874015747
11
2.0031509842519686
21
0.7277783070866142
0
LINE
8
BLACK
6
CONTINUOUS
10
2.0031509842519686
20
0.7277783070866142
11
2.0030529921259843
21
0.7277376771653543
0
LINE
8
BLACK
6
CONTINUOUS
10
2.0030529921259843
20
0.7277376771653543
11
2.0024769291338584
21
0.7276809448818897
0
LINE
8
BLACK
6
CONTINUOUS
10
2.0024769291338584
20
0.7276809448818897
11
2.0006021653543304
21
0.7276809448818897
0
LINE
8
BLACK
6
CONTINUOUS
10
2.0006021653543304
20
0.7276809448818897
11
2.0000261023622046
21
0.7277376771653543
0
LINE
8
BLACK
6
CONTINUOUS
10
2.0000261023622046
20
0.7277376771653543
11
1.9999281102362205
21
0.7277782677165354
0
LINE
8
BLACK
6
CONTINUOUS
10
1.9999281102362205
20
0.7277782677165354
11
1.9998222440944882
21
0.7277857874015747
0
LINE
8
BLACK
6
CONTINUOUS
10
1.9998222440944882
20
0.7277857874015747
11
1.9992816535433071
21
0.7279926771653543
0
LINE
8
BLACK
6
CONTINUOUS
10
1.9992816535433071
20
0.7279926771653543
11
1.995532125984252
21
0.7298674409448819
0
LINE
8
BLACK
6
CONTINUOUS
10
1.995532125984252
20
0.7298674409448819
11
1.9952840944881889
21
0.7300235433070866
0
LINE
8
BLACK
6
CONTINUOUS
10
1.9952840944881889
20
0.7300235433070866
11
1.9952121653543307
21
0.7300533464566928
0
LINE
8
BLACK
6
CONTINUOUS
10
1.9952121653543307
20
0.7300533464566928
11
1.9951311811023622
21
0.730119842519685
0
LINE
8
BLACK
6
CONTINUOUS
10
1.9951311811023622
20
0.730119842519685
11
1.9950422440944882
21
0.7301757874015747
0
LINE
8
BLACK
6
CONTINUOUS
10
1.9950422440944882
20
0.7301757874015747
11
1.9949910629921259
21
0.7302348031496063
0
LINE
8
BLACK
6
CONTINUOUS
10
1.9949910629921259
20
0.7302348031496063
11
1.9947647244094489
21
0.7304205511811024
0
LINE
8
BLACK
6
CONTINUOUS
10
1.9947647244094489
20
0.7304205511811024
11
1.9928899606299213
21
0.7322953149606299
0
LINE
8
BLACK
6
CONTINUOUS
10
1.9928899606299213
20
0.7322953149606299
11
1.9927041732283464
21
0.7325216929133858
0
LINE
8
BLACK
6
CONTINUOUS
10
1.9927041732283464
20
0.7325216929133858
11
1.9926451968503938
21
0.7325728346456692
0
LINE
8
BLACK
6
CONTINUOUS
10
1.9926451968503938
20
0.7325728346456692
11
1.9925892125984253
21
0.732661811023622
0
LINE
8
BLACK
6
CONTINUOUS
10
1.9925892125984253
20
0.732661811023622
11
1.9925227559055119
21
0.7327427559055117
0
LINE
8
BLACK
6
CONTINUOUS
10
1.9925227559055119
20
0.7327427559055117
11
1.9924929133858267
21
0.7328147244094488
0
LINE
8
BLACK
6
CONTINUOUS
10
1.9924929133858267
20
0.7328147244094488
11
1.9923368503937007
21
0.7330627165354331
0
LINE
8
BLACK
6
CONTINUOUS
10
1.9923368503937007
20
0.7330627165354331
11
1.9904620866141731
21
0.7368122440944882
0
LINE
8
BLACK
6
CONTINUOUS
10
1.9904620866141731
20
0.7368122440944882
11
1.9902551968503936
21
0.737352874015748
0
LINE
8
BLACK
6
CONTINUOUS
10
1.9902551968503936
20
0.737352874015748
11
1.9902476771653543
21
0.7374587007874016
0
LINE
8
BLACK
6
CONTINUOUS
10
1.9902476771653543
20
0.7374587007874016
11
1.9902070866141732
21
0.7375566929133858
0
LINE
8
BLACK
6
CONTINUOUS
10
1.9902070866141732
20
0.7375566929133858
11
1.9901503543307086
21
0.7381327559055118
0
LINE
8
BLACK
6
CONTINUOUS
10
1.9901503543307086
20
0.7381327559055118
11
1.9901503543307086
21
0.7456318110236221
0
LINE
8
BLACK
6
CONTINUOUS
10
1.9901503543307086
20
0.7456318110236221
11
1.9902070866141732
21
0.7462078740157481
0
LINE
8
BLACK
6
CONTINUOUS
10
1.9902070866141732
20
0.7462078740157481
11
1.9902476771653543
21
0.746305905511811
0
LINE
8
BLACK
6
CONTINUOUS
10
1.9902476771653543
20
0.746305905511811
11
1.9902551968503936
21
0.7464116929133858
0
LINE
8
BLACK
6
CONTINUOUS
10
1.9902551968503936
20
0.7464116929133858
11
1.9904620866141731
21
0.7469523228346456
0
LINE
8
BLACK
6
CONTINUOUS
10
1.9904620866141731
20
0.7469523228346456
11
1.9923368503937007
21
0.7507018503937007
0
LINE
8
BLACK
6
CONTINUOUS
10
1.9923368503937007
20
0.7507018503937007
11
1.9924929133858267
21
0.7509498818897637
0
LINE
8
BLACK
6
CONTINUOUS
10
1.9924929133858267
20
0.7509498818897637
11
1.9925227559055119
21
0.751021811023622
0
LINE
8
BLACK
6
CONTINUOUS
10
1.9925227559055119
20
0.751021811023622
11
1.9925892125984253
21
0.7511027952755905
0
LINE
8
BLACK
6
CONTINUOUS
10
1.9925892125984253
20
0.7511027952755905
11
1.9926451968503938
21
0.7511917322834646
0
LINE
8
BLACK
6
CONTINUOUS
10
1.9926451968503938
20
0.7511917322834646
11
1.9927041732283464
21
0.7512429133858267
0
LINE
8
BLACK
6
CONTINUOUS
10
1.9927041732283464
20
0.7512429133858267
11
1.9928899606299213
21
0.7514692519685039
0
LINE
8
BLACK
6
CONTINUOUS
10
1.9928899606299213
20
0.7514692519685039
11
1.9947647244094489
21
0.7533440157480314
0
LINE
8
BLACK
6
CONTINUOUS
10
1.9947647244094489
20
0.7533440157480314
11
1.9949910629921259
21
0.7535298031496063
0
LINE
8
BLACK
6
CONTINUOUS
10
1.9949910629921259
20
0.7535298031496063
11
1.9950422440944882
21
0.753588779527559
0
LINE
8
BLACK
6
CONTINUOUS
10
1.9950422440944882
20
0.753588779527559
11
1.9951311811023622
21
0.7536447637795275
0
LINE
8
BLACK
6
CONTINUOUS
10
1.9951311811023622
20
0.7536447637795275
11
1.9952121653543307
21
0.7537112204724409
0
LINE
8
BLACK
6
CONTINUOUS
10
1.9952121653543307
20
0.7537112204724409
11
1.9952840944881889
21
0.753741062992126
0
LINE
8
BLACK
6
CONTINUOUS
10
1.9952840944881889
20
0.753741062992126
11
1.995532125984252
21
0.753897125984252
0
LINE
8
BLACK
6
CONTINUOUS
10
1.995532125984252
20
0.753897125984252
11
1.9992816535433071
21
0.7557718897637795
0
LINE
8
BLACK
6
CONTINUOUS
10
1.9992816535433071
20
0.7557718897637795
11
1.9998222440944882
21
0.755978779527559
0
LINE
8
BLACK
6
CONTINUOUS
10
1.9998222440944882
20
0.755978779527559
11
1.9999281102362205
21
0.7559863385826772
0
LINE
8
BLACK
6
CONTINUOUS
10
1.9999281102362205
20
0.7559863385826772
11
2.0000261023622046
21
0.7560268897637795
0
LINE
8
BLACK
6
CONTINUOUS
10
2.0000261023622046
20
0.7560268897637795
11
2.0006021653543304
21
0.7560836220472441
0
LINE
8
BLACK
6
CONTINUOUS
10
2.0006021653543304
20
0.7560836220472441
11
2.0024769291338584
21
0.7560836220472441
0
LINE
8
BLACK
6
CONTINUOUS
10
2.0024769291338584
20
0.7560836220472441
11
2.0030529921259843
21
0.7560268897637795
0
LINE
8
BLACK
6
CONTINUOUS
10
1.9986017322834646
20
0.7488293700787402
11
1.9974046062992126
21
0.7476322440944881
0
LINE
8
BLACK
6
CONTINUOUS
10
1.9974046062992126
20
0.7476322440944881
11
1.9960558661417322
21
0.7449347637795275
0
LINE
8
BLACK
6
CONTINUOUS
10
1.9960558661417322
20
0.7449347637795275
11
1.9960558661417322
21
0.7388298031496063
0
LINE
8
BLACK
6
CONTINUOUS
10
1.9960558661417322
20
0.7388298031496063
11
1.9974046062992126
21
0.7361323228346457
0
LINE
8
BLACK
6
CONTINUOUS
10
1.9974046062992126
20
0.7361323228346457
11
1.9986017322834646
21
0.7349351968503937
0
LINE
8
BLACK
6
CONTINUOUS
10
1.9986017322834646
20
0.7349351968503937
11
2.001299212598425
21
0.7335864566929133
0
LINE
8
BLACK
6
CONTINUOUS
10
2.001299212598425
20
0.7335864566929133
11
2.0017798818897639
21
0.7335864566929133
0
LINE
8
BLACK
6
CONTINUOUS
10
2.0017798818897639
20
0.7335864566929133
11
2.0044773622047245
21
0.7349351968503937
0
LINE
8
BLACK
6
CONTINUOUS
10
2.0044773622047245
20
0.7349351968503937
11
2.0056744881889763
21
0.7361323228346457
0
LINE
8
BLACK
6
CONTINUOUS
10
2.0056744881889763
20
0.7361323228346457
11
2.0070232283464566
21
0.7388298031496063
0
LINE
8
BLACK
6
CONTINUOUS
10
2.0070232283464566
20
0.7388298031496063
11
2.0070232283464566
21
0.7449347637795275
0
LINE
8
BLACK
6
CONTINUOUS
10
2.0070232283464566
20
0.7449347637795275
11
2.0056744881889763
21
0.7476322440944881
0
LINE
8
BLACK
6
CONTINUOUS
10
2.0056744881889763
20
0.7476322440944881
11
2.0044773622047245
21
0.7488293700787402
0
LINE
8
BLACK
6
CONTINUOUS
10
2.0044773622047245
20
0.7488293700787402
11
2.0017798818897639
21
0.7501781102362205
0
LINE
8
BLACK
6
CONTINUOUS
10
2.0017798818897639
20
0.7501781102362205
11
2.001299212598425
21
0.7501781102362205
0
LINE
8
BLACK
6
CONTINUOUS
10
2.001299212598425
20
0.7501781102362205
11
1.9986017322834646
21
0.7488293700787402
0
LINE
8
BLACK
6
CONTINUOUS
10
2.0154746062992124
20
0.7488293700787402
11
2.0142774803149606
21
0.7476322440944881
0
LINE
8
BLACK
6
CONTINUOUS
10
2.0142774803149606
20
0.7476322440944881
11
2.0129287401574802
21
0.7449347637795275
0
LINE
8
BLACK
6
CONTINUOUS
10
2.0129287401574802
20
0.7449347637795275
11
2.0129287401574802
21
0.7388298031496063
0
LINE
8
BLACK
6
CONTINUOUS
10
2.0129287401574802
20
0.7388298031496063
11
2.0142774803149606
21
0.7361323228346457
0
LINE
8
BLACK
6
CONTINUOUS
10
2.0142774803149606
20
0.7361323228346457
11
2.0154746062992124
21
0.7349351968503937
0
LINE
8
BLACK
6
CONTINUOUS
10
2.0154746062992124
20
0.7349351968503937
11
2.018172086614173
21
0.7335864566929133
0
LINE
8
BLACK
6
CONTINUOUS
10
2.018172086614173
20
0.7335864566929133
11
2.0242770472440945
21
0.7335864566929133
0
LINE
8
BLACK
6
CONTINUOUS
10
2.0242770472440945
20
0.7335864566929133
11
2.0269745275590552
21
0.7349352362204724
0
LINE
8
BLACK
6
CONTINUOUS
10
2.0269745275590552
20
0.7349352362204724
11
2.0281716929133857
21
0.7361323622047244
0
LINE
8
BLACK
6
CONTINUOUS
10
2.0281716929133857
20
0.7361323622047244
11
2.029520433070866
21
0.7388298031496063
0
LINE
8
BLACK
6
CONTINUOUS
10
2.029520433070866
20
0.7388298031496063
11
2.029520433070866
21
0.7449347637795275
0
LINE
8
BLACK
6
CONTINUOUS
10
2.029520433070866
20
0.7449347637795275
11
2.0281716929133857
21
0.7476322440944881
0
LINE
8
BLACK
6
CONTINUOUS
10
2.0281716929133857
20
0.7476322440944881
11
2.0269745275590552
21
0.7488293700787402
0
LINE
8
BLACK
6
CONTINUOUS
10
2.0269745275590552
20
0.7488293700787402
11
2.0242770472440945
21
0.7501781102362205
0
LINE
8
BLACK
6
CONTINUOUS
10
2.0242770472440945
20
0.7501781102362205
11
2.018172086614173
21
0.7501781102362205
0
LINE
8
BLACK
6
CONTINUOUS
10
2.018172086614173
20
0.7501781102362205
11
2.0154746062992124
21
0.7488293700787402
0
LINE
8
BLACK
6
CONTINUOUS
10
1.871512559055118
20
0.7748214173228346
11
1.8715555905511811
21
0.7748277952755905
0
LINE
8
BLACK
6
CONTINUOUS
10
1.8715555905511811
20
0.7748277952755905
11
1.871771062992126
21
0.7747959448818897
0
LINE
8
BLACK
6
CONTINUOUS
10
1.871771062992126
20
0.7747959448818897
11
1.8719881102362204
21
0.7747745669291338
0
LINE
8
BLACK
6
CONTINUOUS
10
1.8719881102362204
20
0.7747745669291338
11
1.8720283070866142
21
0.7747579527559055
0
LINE
8
BLACK
6
CONTINUOUS
10
1.8720283070866142
20
0.7747579527559055
11
1.8721281889763779
21
0.7747431496062992
0
LINE
8
BLACK
6
CONTINUOUS
10
1.8721281889763779
20
0.7747431496062992
11
1.8796272440944881
21
0.7728683858267716
0
LINE
8
BLACK
6
CONTINUOUS
10
1.8796272440944881
20
0.7728683858267716
11
1.8796697244094487
21
0.7728532283464566
0
LINE
8
BLACK
6
CONTINUOUS
10
1.8796697244094487
20
0.7728532283464566
11
1.8796909842519685
21
0.7728516929133858
0
LINE
8
BLACK
6
CONTINUOUS
10
1.8796909842519685
20
0.7728516929133858
11
1.8799303937007874
21
0.7727600787401575
0
LINE
8
BLACK
6
CONTINUOUS
10
1.8799303937007874
20
0.7727600787401575
11
1.8801723622047244
21
0.7726736220472441
0
LINE
8
BLACK
6
CONTINUOUS
10
1.8801723622047244
20
0.7726736220472441
11
1.8801894881889762
21
0.7726609448818897
0
LINE
8
BLACK
6
CONTINUOUS
10
1.8801894881889762
20
0.7726609448818897
11
1.8802316141732283
21
0.7726448031496063
0
LINE
8
BLACK
6
CONTINUOUS
10
1.8802316141732283
20
0.7726448031496063
11
1.8839811417322834
21
0.7707700393700787
0
LINE
8
BLACK
6
CONTINUOUS
10
1.8839811417322834
20
0.7707700393700787
11
1.8842290157480315
21
0.7706140157480315
0
LINE
8
BLACK
6
CONTINUOUS
10
1.8842290157480315
20
0.7706140157480315
11
1.884301062992126
21
0.7705841732283465
0
LINE
8
BLACK
6
CONTINUOUS
10
1.884301062992126
20
0.7705841732283465
11
1.8843820866141732
21
0.7705176771653544
0
LINE
8
BLACK
6
CONTINUOUS
10
1.8843820866141732
20
0.7705176771653544
11
1.8844710236220472
21
0.7704616929133858
0
LINE
8
BLACK
6
CONTINUOUS
10
1.8844710236220472
20
0.7704616929133858
11
1.8845221653543307
21
0.770402716535433
0
LINE
8
BLACK
6
CONTINUOUS
10
1.8845221653543307
20
0.770402716535433
11
1.8847485039370078
21
0.7702169685039369
0
LINE
8
BLACK
6
CONTINUOUS
10
1.8847485039370078
20
0.7702169685039369
11
1.8866233070866141
21
0.7683422047244094
0
LINE
8
BLACK
6
CONTINUOUS
10
1.8866233070866141
20
0.7683422047244094
11
1.8868090551181103
21
0.7681158661417322
0
LINE
8
BLACK
6
CONTINUOUS
10
1.8868090551181103
20
0.7681158661417322
11
1.8868681102362204
21
0.7680646456692913
0
LINE
8
BLACK
6
CONTINUOUS
10
1.8868681102362204
20
0.7680646456692913
11
1.8869240944881889
21
0.7679757086614173
0
LINE
8
BLACK
6
CONTINUOUS
10
1.8869240944881889
20
0.7679757086614173
11
1.8869905511811023
21
0.7678947244094488
0
LINE
8
BLACK
6
CONTINUOUS
10
1.8869905511811023
20
0.7678947244094488
11
1.8870203543307087
21
0.7678227952755905
0
LINE
8
BLACK
6
CONTINUOUS
10
1.8870203543307087
20
0.7678227952755905
11
1.8871764566929135
21
0.7675747637795275
0
LINE
8
BLACK
6
CONTINUOUS
10
1.8871764566929135
20
0.7675747637795275
11
1.889051220472441
21
0.7638252362204724
0
LINE
8
BLACK
6
CONTINUOUS
10
1.889051220472441
20
0.7638252362204724
11
1.8892581102362205
21
0.7632846456692913
0
LINE
8
BLACK
6
CONTINUOUS
10
1.8892581102362205
20
0.7632846456692913
11
1.8892656299212598
21
0.7631787795275591
0
LINE
8
BLACK
6
CONTINUOUS
10
1.8892656299212598
20
0.7631787795275591
11
1.8893062204724409
21
0.7630807874015748
0
LINE
8
BLACK
6
CONTINUOUS
10
1.8893062204724409
20
0.7630807874015748
11
1.8893629527559055
21
0.7625047244094488
0
LINE
8
BLACK
6
CONTINUOUS
10
1.8893629527559055
20
0.7625047244094488
11
1.8893629527559055
21
0.7587551968503937
0
LINE
8
BLACK
6
CONTINUOUS
10
1.8893629527559055
20
0.7587551968503937
11
1.8893062204724409
21
0.7581791338582677
0
LINE
8
BLACK
6
CONTINUOUS
10
1.8893062204724409
20
0.7581791338582677
11
1.8892656299212598
21
0.7580811811023622
0
LINE
8
BLACK
6
CONTINUOUS
10
1.8892656299212598
20
0.7580811811023622
11
1.8892581102362205
21
0.7579752755905511
0
LINE
8
BLACK
6
CONTINUOUS
10
1.8892581102362205
20
0.7579752755905511
11
1.889051220472441
21
0.7574346850393701
0
LINE
8
BLACK
6
CONTINUOUS
10
1.889051220472441
20
0.7574346850393701
11
1.8871764566929135
21
0.7536851574803149
0
LINE
8
BLACK
6
CONTINUOUS
10
1.8871764566929135
20
0.7536851574803149
11
1.8870203543307087
21
0.7534371653543307
0
LINE
8
BLACK
6
CONTINUOUS
10
1.8870203543307087
20
0.7534371653543307
11
1.8869905511811023
21
0.7533651968503937
0
LINE
8
BLACK
6
CONTINUOUS
10
1.8869905511811023
20
0.7533651968503937
11
1.8869240944881889
21
0.7532842519685039
0
LINE
8
BLACK
6
CONTINUOUS
10
1.8869240944881889
20
0.7532842519685039
11
1.8868681102362204
21
0.7531952755905512
0
LINE
8
BLACK
6
CONTINUOUS
10
1.8868681102362204
20
0.7531952755905512
11
1.8868090551181103
21
0.753144094488189
0
LINE
8
BLACK
6
CONTINUOUS
10
1.8868090551181103
20
0.753144094488189
11
1.8866233070866141
21
0.752917716535433
0
LINE
8
BLACK
6
CONTINUOUS
10
1.8866233070866141
20
0.752917716535433
11
1.8847485039370078
21
0.7510429527559055
0
LINE
8
BLACK
6
CONTINUOUS
10
1.8847485039370078
20
0.7510429527559055
11
1.8845221653543307
21
0.7508572440944882
0
LINE
8
BLACK
6
CONTINUOUS
10
1.8845221653543307
20
0.7508572440944882
11
1.8844710236220472
21
0.7507982283464567
0
LINE
8
BLACK
6
CONTINUOUS
10
1.8844710236220472
20
0.7507982283464567
11
1.8843820866141732
21
0.750742283464567
0
LINE
8
BLACK
6
CONTINUOUS
10
1.8843820866141732
20
0.750742283464567
11
1.884301062992126
21
0.7506757480314961
0
LINE
8
BLACK
6
CONTINUOUS
10
1.884301062992126
20
0.7506757480314961
11
1.8842290157480315
21
0.7506459448818897
0
LINE
8
BLACK
6
CONTINUOUS
10
1.8842290157480315
20
0.7506459448818897
11
1.8839811417322834
21
0.7504898818897637
0
LINE
8
BLACK
6
CONTINUOUS
10
1.8839811417322834
20
0.7504898818897637
11
1.8802316141732283
21
0.7486151181102362
0
LINE
8
BLACK
6
CONTINUOUS
10
1.8802316141732283
20
0.7486151181102362
11
1.8801894881889762
21
0.7485990157480314
0
LINE
8
BLACK
6
CONTINUOUS
10
1.8801894881889762
20
0.7485990157480314
11
1.8801723622047244
21
0.7485862992125984
0
LINE
8
BLACK
6
CONTINUOUS
10
1.8801723622047244
20
0.7485862992125984
11
1.8799303937007874
21
0.7484998818897638
0
LINE
8
BLACK
6
CONTINUOUS
10
1.8799303937007874
20
0.7484998818897638
11
1.8796909842519685
21
0.7484082283464567
0
LINE
8
BLACK
6
CONTINUOUS
10
1.8796909842519685
20
0.7484082283464567
11
1.8796697244094487
21
0.7484067322834645
0
LINE
8
BLACK
6
CONTINUOUS
10
1.8796697244094487
20
0.7484067322834645
11
1.8796272440944881
21
0.7483915354330708
0
LINE
8
BLACK
6
CONTINUOUS
10
1.8796272440944881
20
0.7483915354330708
11
1.8721281889763779
21
0.7465167716535432
0
LINE
8
BLACK
6
CONTINUOUS
10
1.8721281889763779
20
0.7465167716535432
11
1.8720283070866142
21
0.7465020078740158
0
LINE
8
BLACK
6
CONTINUOUS
10
1.8720283070866142
20
0.7465020078740158
11
1.8719881102362204
21
0.7464853543307086
0
LINE
8
BLACK
6
CONTINUOUS
10
1.8719881102362204
20
0.7464853543307086
11
1.871771062992126
21
0.7464640157480315
0
LINE
8
BLACK
6
CONTINUOUS
10
1.871771062992126
20
0.7464640157480315
11
1.8715555905511811
21
0.7464321259842519
0
LINE
8
BLACK
6
CONTINUOUS
10
1.8715555905511811
20
0.7464321259842519
11
1.871512559055118
21
0.7464385433070866
0
LINE
8
BLACK
6
CONTINUOUS
10
1.871512559055118
20
0.7464385433070866
11
1.8714120472440945
21
0.746428622047244
0
LINE
8
BLACK
6
CONTINUOUS
10
1.8714120472440945
20
0.746428622047244
11
1.8620382283464567
21
0.746428622047244
0
LINE
8
BLACK
6
CONTINUOUS
10
1.8620382283464567
20
0.746428622047244
11
1.8619376771653542
21
0.7464385433070866
0
LINE
8
BLACK
6
CONTINUOUS
10
1.8619376771653542
20
0.7464385433070866
11
1.8618946850393701
21
0.7464321259842519
0
LINE
8
BLACK
6
CONTINUOUS
10
1.8618946850393701
20
0.7464321259842519
11
1.8616791732283464
21
0.7464640157480315
0
LINE
8
BLACK
6
CONTINUOUS
10
1.8616791732283464
20
0.7464640157480315
11
1.8614621653543306
21
0.7464853543307086
0
LINE
8
BLACK
6
CONTINUOUS
10
1.8614621653543306
20
0.7464853543307086
11
1.8614219291338583
21
0.7465020078740158
0
LINE
8
BLACK
6
CONTINUOUS
10
1.8614219291338583
20
0.7465020078740158
11
1.8613220866141731
21
0.7465167716535432
0
LINE
8
BLACK
6
CONTINUOUS
10
1.8613220866141731
20
0.7465167716535432
11
1.8538230314960629
21
0.7483915354330708
0
LINE
8
BLACK
6
CONTINUOUS
10
1.8538230314960629
20
0.7483915354330708
11
1.8537805118110235
21
0.7484067322834645
0
LINE
8
BLACK
6
CONTINUOUS
10
1.8537805118110235
20
0.7484067322834645
11
1.853759251968504
21
0.7484082283464567
0
LINE
8
BLACK
6
CONTINUOUS
10
1.853759251968504
20
0.7484082283464567
11
1.8535194881889763
21
0.7484999999999999
0
LINE
8
BLACK
6
CONTINUOUS
10
1.8535194881889763
20
0.7484999999999999
11
1.8532779133858268
21
0.7485862992125984
0
LINE
8
BLACK
6
CONTINUOUS
10
1.8532779133858268
20
0.7485862992125984
11
1.853260748031496
21
0.7485990157480314
0
LINE
8
BLACK
6
CONTINUOUS
10
1.853260748031496
20
0.7485990157480314
11
1.8532186614173227
21
0.7486151181102362
0
LINE
8
BLACK
6
CONTINUOUS
10
1.8532186614173227
20
0.7486151181102362
11
1.8494691338582676
21
0.7504898818897637
0
LINE
8
BLACK
6
CONTINUOUS
10
1.8494691338582676
20
0.7504898818897637
11
1.8492211023622047
21
0.7506459842519685
0
LINE
8
BLACK
6
CONTINUOUS
10
1.8492211023622047
20
0.7506459842519685
11
1.8491491732283465
21
0.7506757874015748
0
LINE
8
BLACK
6
CONTINUOUS
10
1.8491491732283465
20
0.7506757874015748
11
1.8490681889763778
21
0.750742283464567
0
LINE
8
BLACK
6
CONTINUOUS
10
1.8490681889763778
20
0.750742283464567
11
1.848979251968504
21
0.7507982283464567
0
LINE
8
BLACK
6
CONTINUOUS
10
1.848979251968504
20
0.7507982283464567
11
1.8489280708661417
21
0.7508572440944882
0
LINE
8
BLACK
6
CONTINUOUS
10
1.8489280708661417
20
0.7508572440944882
11
1.8487017322834645
21
0.7510429921259842
0
LINE
8
BLACK
6
CONTINUOUS
10
1.8487017322834645
20
0.7510429921259842
11
1.8468269685039369
21
0.7529177559055118
0
LINE
8
BLACK
6
CONTINUOUS
10
1.8468269685039369
20
0.7529177559055118
11
1.8466411811023622
21
0.7531441338582677
0
LINE
8
BLACK
6
CONTINUOUS
10
1.8466411811023622
20
0.7531441338582677
11
1.8465822047244094
21
0.7531952755905512
0
LINE
8
BLACK
6
CONTINUOUS
10
1.8465822047244094
20
0.7531952755905512
11
1.8465262204724409
21
0.7532842519685039
0
LINE
8
BLACK
6
CONTINUOUS
10
1.8465262204724409
20
0.7532842519685039
11
1.8464597637795275
21
0.7533651968503937
0
LINE
8
BLACK
6
CONTINUOUS
10
1.8464597637795275
20
0.7533651968503937
11
1.8464299212598425
21
0.7534371653543307
0
LINE
8
BLACK
6
CONTINUOUS
10
1.8464299212598425
20
0.7534371653543307
11
1.8462738582677165
21
0.7536851574803149
0
LINE
8
BLACK
6
CONTINUOUS
10
1.8462738582677165
20
0.7536851574803149
11
1.844399094488189
21
0.7574346850393701
0
LINE
8
BLACK
6
CONTINUOUS
10
1.844399094488189
20
0.7574346850393701
11
1.8441922047244095
21
0.7579753149606299
0
LINE
8
BLACK
6
CONTINUOUS
10
1.8441922047244095
20
0.7579753149606299
11
1.8441846850393699
21
0.7580811417322835
0
LINE
8
BLACK
6
CONTINUOUS
10
1.8441846850393699
20
0.7580811417322835
11
1.8441440944881888
21
0.7581791338582677
0
LINE
8
BLACK
6
CONTINUOUS
10
1.8441440944881888
20
0.7581791338582677
11
1.8440873622047245
21
0.7587551968503937
0
LINE
8
BLACK
6
CONTINUOUS
10
1.8440873622047245
20
0.7587551968503937
11
1.8440873622047245
21
0.7625047244094488
0
LINE
8
BLACK
6
CONTINUOUS
10
1.8440873622047245
20
0.7625047244094488
11
1.8441440944881888
21
0.7630807874015748
0
LINE
8
BLACK
6
CONTINUOUS
10
1.8441440944881888
20
0.7630807874015748
11
1.8441846850393699
21
0.7631788188976377
0
LINE
8
BLACK
6
CONTINUOUS
10
1.8441846850393699
20
0.7631788188976377
11
1.8441922047244095
21
0.7632846062992126
0
LINE
8
BLACK
6
CONTINUOUS
10
1.8441922047244095
20
0.7632846062992126
11
1.844399094488189
21
0.7638252362204724
0
LINE
8
BLACK
6
CONTINUOUS
10
1.844399094488189
20
0.7638252362204724
11
1.8462738582677165
21
0.7675747637795275
0
LINE
8
BLACK
6
CONTINUOUS
10
1.8462738582677165
20
0.7675747637795275
11
1.8464299212598425
21
0.7678227952755905
0
LINE
8
BLACK
6
CONTINUOUS
10
1.8464299212598425
20
0.7678227952755905
11
1.8464597637795275
21
0.7678947244094488
0
LINE
8
BLACK
6
CONTINUOUS
10
1.8464597637795275
20
0.7678947244094488
11
1.8465262204724409
21
0.7679757086614173
0
LINE
8
BLACK
6
CONTINUOUS
10
1.8465262204724409
20
0.7679757086614173
11
1.8465822047244094
21
0.7680646456692913
0
LINE
8
BLACK
6
CONTINUOUS
10
1.8465822047244094
20
0.7680646456692913
11
1.8466411811023622
21
0.7681158267716536
0
LINE
8
BLACK
6
CONTINUOUS
10
1.8466411811023622
20
0.7681158267716536
11
1.8468269685039369
21
0.7683421653543306
0
LINE
8
BLACK
6
CONTINUOUS
10
1.8468269685039369
20
0.7683421653543306
11
1.8487017322834645
21
0.7702169291338582
0
LINE
8
BLACK
6
CONTINUOUS
10
1.8487017322834645
20
0.7702169291338582
11
1.8489280708661417
21
0.770402716535433
0
LINE
8
BLACK
6
CONTINUOUS
10
1.8489280708661417
20
0.770402716535433
11
1.848979251968504
21
0.7704616929133858
0
LINE
8
BLACK
6
CONTINUOUS
10
1.848979251968504
20
0.7704616929133858
11
1.8490681889763778
21
0.7705176771653544
0
LINE
8
BLACK
6
CONTINUOUS
10
1.8490681889763778
20
0.7705176771653544
11
1.8491491732283465
21
0.7705841338582677
0
LINE
8
BLACK
6
CONTINUOUS
10
1.8491491732283465
20
0.7705841338582677
11
1.8492211023622047
21
0.7706139763779527
0
LINE
8
BLACK
6
CONTINUOUS
10
1.8492211023622047
20
0.7706139763779527
11
1.8494691338582676
21
0.7707700393700787
0
LINE
8
BLACK
6
CONTINUOUS
10
1.8494691338582676
20
0.7707700393700787
11
1.8532186614173227
21
0.7726448031496063
0
LINE
8
BLACK
6
CONTINUOUS
10
1.8532186614173227
20
0.7726448031496063
11
1.853260748031496
21
0.7726609448818897
0
LINE
8
BLACK
6
CONTINUOUS
10
1.853260748031496
20
0.7726609448818897
11
1.8532779133858268
21
0.7726736220472441
0
LINE
8
BLACK
6
CONTINUOUS
10
1.8532779133858268
20
0.7726736220472441
11
1.8535194881889763
21
0.7727599606299212
0
LINE
8
BLACK
6
CONTINUOUS
10
1.8535194881889763
20
0.7727599606299212
11
1.853759251968504
21
0.7728516929133858
0
LINE
8
BLACK
6
CONTINUOUS
10
1.853759251968504
20
0.7728516929133858
11
1.8537805118110235
21
0.7728532283464566
0
LINE
8
BLACK
6
CONTINUOUS
10
1.8537805118110235
20
0.7728532283464566
11
1.8538230314960629
21
0.7728683858267716
0
LINE
8
BLACK
6
CONTINUOUS
10
1.8538230314960629
20
0.7728683858267716
11
1.8613220866141731
21
0.7747431496062992
0
LINE
8
BLACK
6
CONTINUOUS
10
1.8613220866141731
20
0.7747431496062992
11
1.8614219291338583
21
0.7747579527559055
0
LINE
8
BLACK
6
CONTINUOUS
10
1.8614219291338583
20
0.7747579527559055
11
1.8614621653543306
21
0.7747745669291338
0
LINE
8
BLACK
6
CONTINUOUS
10
1.8614621653543306
20
0.7747745669291338
11
1.8616791732283464
21
0.7747959448818897
0
LINE
8
BLACK
6
CONTINUOUS
10
1.8616791732283464
20
0.7747959448818897
11
1.8618946850393701
21
0.7748277952755905
0
LINE
8
BLACK
6
CONTINUOUS
10
1.8618946850393701
20
0.7748277952755905
11
1.8619376771653542
21
0.7748214173228346
0
LINE
8
BLACK
6
CONTINUOUS
10
1.8619376771653542
20
0.7748214173228346
11
1.8620382283464567
21
0.7748312992125984
0
LINE
8
BLACK
6
CONTINUOUS
10
1.8620382283464567
20
0.7748312992125984
11
1.8714120472440945
21
0.7748312992125984
0
LINE
8
BLACK
6
CONTINUOUS
10
1.8714120472440945
20
0.7748312992125984
11
1.871512559055118
21
0.7748214173228346
0
LINE
8
BLACK
6
CONTINUOUS
10
1.8555697244094487
20
0.7672177952755905
11
1.8525387401574802
21
0.7657022834645669
0
LINE
8
BLACK
6
CONTINUOUS
10
1.8525387401574802
20
0.7657022834645669
11
1.8513416141732284
21
0.7645051574803149
0
LINE
8
BLACK
6
CONTINUOUS
10
1.8513416141732284
20
0.7645051574803149
11
1.8499928740157481
21
0.7618076771653544
0
LINE
8
BLACK
6
CONTINUOUS
10
1.8499928740157481
20
0.7618076771653544
11
1.8499928740157481
21
0.7594522440944882
0
LINE
8
BLACK
6
CONTINUOUS
10
1.8499928740157481
20
0.7594522440944882
11
1.8513416141732284
21
0.7567547637795276
0
LINE
8
BLACK
6
CONTINUOUS
10
1.8513416141732284
20
0.7567547637795276
11
1.8525387401574802
21
0.7555576377952756
0
LINE
8
BLACK
6
CONTINUOUS
10
1.8525387401574802
20
0.7555576377952756
11
1.8555697244094487
21
0.7540421653543307
0
LINE
8
BLACK
6
CONTINUOUS
10
1.8555697244094487
20
0.7540421653543307
11
1.8624017716535433
21
0.7523341338582678
0
LINE
8
BLACK
6
CONTINUOUS
10
1.8624017716535433
20
0.7523341338582678
11
1.8710485039370077
21
0.7523341338582678
0
LINE
8
BLACK
6
CONTINUOUS
10
1.8710485039370077
20
0.7523341338582678
11
1.8778805511811023
21
0.7540421653543307
0
LINE
8
BLACK
6
CONTINUOUS
10
1.8778805511811023
20
0.7540421653543307
11
1.8809115354330708
21
0.7555576771653543
0
LINE
8
BLACK
6
CONTINUOUS
10
1.8809115354330708
20
0.7555576771653543
11
1.8821087007874016
21
0.7567548031496063
0
LINE
8
BLACK
6
CONTINUOUS
10
1.8821087007874016
20
0.7567548031496063
11
1.8834574409448819
21
0.7594522440944882
0
LINE
8
BLACK
6
CONTINUOUS
10
1.8834574409448819
20
0.7594522440944882
11
1.8834574409448819
21
0.7618076771653544
0
LINE
8
BLACK
6
CONTINUOUS
10
1.8834574409448819
20
0.7618076771653544
11
1.8821087007874016
21
0.7645051574803149
0
LINE
8
BLACK
6
CONTINUOUS
10
1.8821087007874016
20
0.7645051574803149
11
1.8809115354330708
21
0.7657022834645669
0
LINE
8
BLACK
6
CONTINUOUS
10
1.8809115354330708
20
0.7657022834645669
11
1.8778805511811023
21
0.7672177952755905
0
LINE
8
BLACK
6
CONTINUOUS
10
1.8778805511811023
20
0.7672177952755905
11
1.8710485039370077
21
0.7689257874015748
0
LINE
8
BLACK
6
CONTINUOUS
10
1.8710485039370077
20
0.7689257874015748
11
1.8624017716535433
21
0.7689257874015748
0
LINE
8
BLACK
6
CONTINUOUS
10
1.8624017716535433
20
0.7689257874015748
11
1.8555697244094487
21
0.7672177952755905
0
LINE
8
BLACK
6
CONTINUOUS
10
2.0175755511811024
20
0.7935690551181103
11
2.0176185826771653
21
0.7935754330708661
0
LINE
8
BLACK
6
CONTINUOUS
10
2.0176185826771653
20
0.7935754330708661
11
2.0178340551181102
21
0.7935435826771653
0
LINE
8
BLACK
6
CONTINUOUS
10
2.0178340551181102
20
0.7935435826771653
11
2.0180511023622048
21
0.7935222047244095
0
LINE
8
BLACK
6
CONTINUOUS
10
2.0180511023622048
20
0.7935222047244095
11
2.0180912992125983
21
0.7935055905511811
0
LINE
8
BLACK
6
CONTINUOUS
10
2.0180912992125983
20
0.7935055905511811
11
2.0181911811023623
21
0.7934907874015747
0
LINE
8
BLACK
6
CONTINUOUS
10
2.0181911811023623
20
0.7934907874015747
11
2.0256902362204725
21
0.7916160236220472
0
LINE
8
BLACK
6
CONTINUOUS
10
2.0256902362204725
20
0.7916160236220472
11
2.0257327165354329
21
0.7916008661417323
0
LINE
8
BLACK
6
CONTINUOUS
10
2.0257327165354329
20
0.7916008661417323
11
2.0257539763779526
21
0.7915993307086614
0
LINE
8
BLACK
6
CONTINUOUS
10
2.0257539763779526
20
0.7915993307086614
11
2.0259933858267716
21
0.7915077165354331
0
LINE
8
BLACK
6
CONTINUOUS
10
2.0259933858267716
20
0.7915077165354331
11
2.0262353543307086
21
0.7914212598425197
0
LINE
8
BLACK
6
CONTINUOUS
10
2.0262353543307086
20
0.7914212598425197
11
2.0262524803149606
21
0.7914085826771653
0
LINE
8
BLACK
6
CONTINUOUS
10
2.0262524803149606
20
0.7914085826771653
11
2.0262946062992127
21
0.7913924409448819
0
LINE
8
BLACK
6
CONTINUOUS
10
2.0262946062992127
20
0.7913924409448819
11
2.0300441338582678
21
0.7895176771653543
0
LINE
8
BLACK
6
CONTINUOUS
10
2.0300441338582678
20
0.7895176771653543
11
2.0302920078740159
21
0.7893616535433071
0
LINE
8
BLACK
6
CONTINUOUS
10
2.0302920078740159
20
0.7893616535433071
11
2.0303640551181101
21
0.789331811023622
0
LINE
8
BLACK
6
CONTINUOUS
10
2.0303640551181101
20
0.789331811023622
11
2.0304450787401573
21
0.7892653149606299
0
LINE
8
BLACK
6
CONTINUOUS
10
2.0304450787401573
20
0.7892653149606299
11
2.0305340157480316
21
0.7892093307086614
0
LINE
8
BLACK
6
CONTINUOUS
10
2.0305340157480316
20
0.7892093307086614
11
2.0305851574803149
21
0.7891503543307087
0
LINE
8
BLACK
6
CONTINUOUS
10
2.0305851574803149
20
0.7891503543307087
11
2.0308114960629919
21
0.7889646062992126
0
LINE
8
BLACK
6
CONTINUOUS
10
2.0308114960629919
20
0.7889646062992126
11
2.0326862992125982
21
0.7870898425196851
0
LINE
8
BLACK
6
CONTINUOUS
10
2.0326862992125982
20
0.7870898425196851
11
2.0328720472440946
21
0.7868635039370079
0
LINE
8
BLACK
6
CONTINUOUS
10
2.0328720472440946
20
0.7868635039370079
11
2.0329311023622045
21
0.7868122834645669
0
LINE
8
BLACK
6
CONTINUOUS
10
2.0329311023622045
20
0.7868122834645669
11
2.032987086614173
21
0.7867233464566928
0
LINE
8
BLACK
6
CONTINUOUS
10
2.032987086614173
20
0.7867233464566928
11
2.0330535433070867
21
0.7866423622047244
0
LINE
8
BLACK
6
CONTINUOUS
10
2.0330535433070867
20
0.7866423622047244
11
2.0330833464566931
21
0.7865704330708662
0
LINE
8
BLACK
6
CONTINUOUS
10
2.0330833464566931
20
0.7865704330708662
11
2.0332394488188976
21
0.7863224015748032
0
LINE
8
BLACK
6
CONTINUOUS
10
2.0332394488188976
20
0.7863224015748032
11
2.0351142125984252
21
0.782572874015748
0
LINE
8
BLACK
6
CONTINUOUS
10
2.0351142125984252
20
0.782572874015748
11
2.0353211023622046
21
0.7820322834645669
0
LINE
8
BLACK
6
CONTINUOUS
10
2.0353211023622046
20
0.7820322834645669
11
2.0353286220472442
21
0.7819264173228346
0
LINE
8
BLACK
6
CONTINUOUS
10
2.0353286220472442
20
0.7819264173228346
11
2.0353692125984253
21
0.7818284251968504
0
LINE
8
BLACK
6
CONTINUOUS
10
2.0353692125984253
20
0.7818284251968504
11
2.0354259448818897
21
0.7812523622047244
0
LINE
8
BLACK
6
CONTINUOUS
10
2.0354259448818897
20
0.7812523622047244
11
2.0354259448818897
21
0.7775028346456693
0
LINE
8
BLACK
6
CONTINUOUS
10
2.0354259448818897
20
0.7775028346456693
11
2.0353692125984253
21
0.7769267716535433
0
LINE
8
BLACK
6
CONTINUOUS
10
2.0353692125984253
20
0.7769267716535433
11
2.0353286220472442
21
0.7768288188976378
0
LINE
8
BLACK
6
CONTINUOUS
10
2.0353286220472442
20
0.7768288188976378
11
2.0353211023622046
21
0.7767229133858268
0
LINE
8
BLACK
6
CONTINUOUS
10
2.0353211023622046
20
0.7767229133858268
11
2.0351142125984252
21
0.7761823228346456
0
LINE
8
BLACK
6
CONTINUOUS
10
2.0351142125984252
20
0.7761823228346456
11
2.0332394488188976
21
0.7724327952755905
0
LINE
8
BLACK
6
CONTINUOUS
10
2.0332394488188976
20
0.7724327952755905
11
2.0330833464566931
21
0.7721848031496062
0
LINE
8
BLACK
6
CONTINUOUS
10
2.0330833464566931
20
0.7721848031496062
11
2.0330535433070867
21
0.7721128346456693
0
LINE
8
BLACK
6
CONTINUOUS
10
2.0330535433070867
20
0.7721128346456693
11
2.032987086614173
21
0.7720318897637795
0
LINE
8
BLACK
6
CONTINUOUS
10
2.032987086614173
20
0.7720318897637795
11
2.0329311023622045
21
0.7719429133858268
0
LINE
8
BLACK
6
CONTINUOUS
10
2.0329311023622045
20
0.7719429133858268
11
2.0328720472440946
21
0.7718917322834645
0
LINE
8
BLACK
6
CONTINUOUS
10
2.0328720472440946
20
0.7718917322834645
11
2.0326862992125982
21
0.7716653543307086
0
LINE
8
BLACK
6
CONTINUOUS
10
2.0326862992125982
20
0.7716653543307086
11
2.0308114960629919
21
0.769790590551181
0
LINE
8
BLACK
6
CONTINUOUS
10
2.0308114960629919
20
0.769790590551181
11
2.0305851574803149
21
0.7696048818897637
0
LINE
8
BLACK
6
CONTINUOUS
10
2.0305851574803149
20
0.7696048818897637
11
2.0305340157480316
21
0.7695458661417323
0
LINE
8
BLACK
6
CONTINUOUS
10
2.0305340157480316
20
0.7695458661417323
11
2.0304450787401573
21
0.7694899212598425
0
LINE
8
BLACK
6
CONTINUOUS
10
2.0304450787401573
20
0.7694899212598425
11
2.0303640551181101
21
0.7694233858267716
0
LINE
8
BLACK
6
CONTINUOUS
10
2.0303640551181101
20
0.7694233858267716
11
2.0302920078740159
21
0.7693935826771653
0
LINE
8
BLACK
6
CONTINUOUS
10
2.0302920078740159
20
0.7693935826771653
11
2.0300441338582678
21
0.7692375196850394
0
LINE
8
BLACK
6
CONTINUOUS
10
2.0300441338582678
20
0.7692375196850394
11
2.0262946062992127
21
0.7673627559055118
0
LINE
8
BLACK
6
CONTINUOUS
10
2.0262946062992127
20
0.7673627559055118
11
2.0262524803149606
21
0.7673466535433071
0
LINE
8
BLACK
6
CONTINUOUS
10
2.0262524803149606
20
0.7673466535433071
11
2.0262353543307086
21
0.767333937007874
0
LINE
8
BLACK
6
CONTINUOUS
10
2.0262353543307086
20
0.767333937007874
11
2.0259933858267716
21
0.7672475196850393
0
LINE
8
BLACK
6
CONTINUOUS
10
2.0259933858267716
20
0.7672475196850393
11
2.0257539763779526
21
0.7671558661417323
0
LINE
8
BLACK
6
CONTINUOUS
10
2.0257539763779526
20
0.7671558661417323
11
2.0257327165354329
21
0.7671543700787401
0
LINE
8
BLACK
6
CONTINUOUS
10
2.0257327165354329
20
0.7671543700787401
11
2.0256902362204725
21
0.7671391732283465
0
LINE
8
BLACK
6
CONTINUOUS
10
2.0256902362204725
20
0.7671391732283465
11
2.0181911811023623
21
0.7652644094488189
0
LINE
8
BLACK
6
CONTINUOUS
10
2.0181911811023623
20
0.7652644094488189
11
2.0180912992125983
21
0.7652496456692913
0
LINE
8
BLACK
6
CONTINUOUS
10
2.0180912992125983
20
0.7652496456692913
11
2.0180511023622048
21
0.7652329921259843
0
LINE
8
BLACK
6
CONTINUOUS
10
2.0180511023622048
20
0.7652329921259843
11
2.0178340551181102
21
0.7652116535433071
0
LINE
8
BLACK
6
CONTINUOUS
10
2.0178340551181102
20
0.7652116535433071
11
2.0176185826771653
21
0.7651797637795276
0
LINE
8
BLACK
6
CONTINUOUS
10
2.0176185826771653
20
0.7651797637795276
11
2.0175755511811024
21
0.7651861811023621
0
LINE
8
BLACK
6
CONTINUOUS
10
2.0175755511811024
20
0.7651861811023621
11
2.0174750393700789
21
0.7651762598425197
0
LINE
8
BLACK
6
CONTINUOUS
10
2.0174750393700789
20
0.7651762598425197
11
2.0081012204724411
21
0.7651762598425197
0
LINE
8
BLACK
6
CONTINUOUS
10
2.0081012204724411
20
0.7651762598425197
11
2.0080006692913384
21
0.7651861811023621
0
LINE
8
BLACK
6
CONTINUOUS
10
2.0080006692913384
20
0.7651861811023621
11
2.0079576771653542
21
0.7651797637795276
0
LINE
8
BLACK
6
CONTINUOUS
10
2.0079576771653542
20
0.7651797637795276
11
2.0077421653543306
21
0.7652116535433071
0
LINE
8
BLACK
6
CONTINUOUS
10
2.0077421653543306
20
0.7652116535433071
11
2.0075251574803148
21
0.7652329921259843
0
LINE
8
BLACK
6
CONTINUOUS
10
2.0075251574803148
20
0.7652329921259843
11
2.0074849212598425
21
0.7652496456692913
0
LINE
8
BLACK
6
CONTINUOUS
10
2.0074849212598425
20
0.7652496456692913
11
2.0073850787401573
21
0.7652644094488189
0
LINE
8
BLACK
6
CONTINUOUS
10
2.0073850787401573
20
0.7652644094488189
11
1.9998860236220473
21
0.7671391732283465
0
LINE
8
BLACK
6
CONTINUOUS
10
1.9998860236220473
20
0.7671391732283465
11
1.9998435039370079
21
0.7671543700787401
0
LINE
8
BLACK
6
CONTINUOUS
10
1.9998435039370079
20
0.7671543700787401
11
1.9998222440944882
21
0.7671558661417323
0
LINE
8
BLACK
6
CONTINUOUS
10
1.9998222440944882
20
0.7671558661417323
11
1.9995824803149607
21
0.7672476377952756
0
LINE
8
BLACK
6
CONTINUOUS
10
1.9995824803149607
20
0.7672476377952756
11
1.999340905511811
21
0.767333937007874
0
LINE
8
BLACK
6
CONTINUOUS
10
1.999340905511811
20
0.767333937007874
11
1.9993237401574804
21
0.7673466535433071
0
LINE
8
BLACK
6
CONTINUOUS
10
1.9993237401574804
20
0.7673466535433071
11
1.9992816535433071
21
0.7673627559055118
0
LINE
8
BLACK
6
CONTINUOUS
10
1.9992816535433071
20
0.7673627559055118
11
1.995532125984252
21
0.7692375196850394
0
LINE
8
BLACK
6
CONTINUOUS
10
1.995532125984252
20
0.7692375196850394
11
1.9952840944881889
21
0.769393622047244
0
LINE
8
BLACK
6
CONTINUOUS
10
1.9952840944881889
20
0.769393622047244
11
1.9952121653543307
21
0.7694234251968504
0
LINE
8
BLACK
6
CONTINUOUS
10
1.9952121653543307
20
0.7694234251968504
11
1.9951311811023622
21
0.7694899212598425
0
LINE
8
BLACK
6
CONTINUOUS
10
1.9951311811023622
20
0.7694899212598425
11
1.9950422440944882
21
0.7695458661417323
0
LINE
8
BLACK
6
CONTINUOUS
10
1.9950422440944882
20
0.7695458661417323
11
1.9949910629921259
21
0.7696048818897637
0
LINE
8
BLACK
6
CONTINUOUS
10
1.9949910629921259
20
0.7696048818897637
11
1.9947647244094489
21
0.7697906299212598
0
LINE
8
BLACK
6
CONTINUOUS
10
1.9947647244094489
20
0.7697906299212598
11
1.9928899606299213
21
0.7716653937007873
0
LINE
8
BLACK
6
CONTINUOUS
10
1.9928899606299213
20
0.7716653937007873
11
1.9927041732283464
21
0.7718917716535433
0
LINE
8
BLACK
6
CONTINUOUS
10
1.9927041732283464
20
0.7718917716535433
11
1.9926451968503938
21
0.7719429133858268
0
LINE
8
BLACK
6
CONTINUOUS
10
1.9926451968503938
20
0.7719429133858268
11
1.9925892125984253
21
0.7720318897637795
0
LINE
8
BLACK
6
CONTINUOUS
10
1.9925892125984253
20
0.7720318897637795
11
1.9925227559055119
21
0.7721128346456693
0
LINE
8
BLACK
6
CONTINUOUS
10
1.9925227559055119
20
0.7721128346456693
11
1.9924929133858267
21
0.7721848031496062
0
LINE
8
BLACK
6
CONTINUOUS
10
1.9924929133858267
20
0.7721848031496062
11
1.9923368503937007
21
0.7724327952755905
0
LINE
8
BLACK
6
CONTINUOUS
10
1.9923368503937007
20
0.7724327952755905
11
1.9904620866141731
21
0.7761823228346456
0
LINE
8
BLACK
6
CONTINUOUS
10
1.9904620866141731
20
0.7761823228346456
11
1.9902551968503936
21
0.7767229527559055
0
LINE
8
BLACK
6
CONTINUOUS
10
1.9902551968503936
20
0.7767229527559055
11
1.9902476771653543
21
0.776828779527559
0
LINE
8
BLACK
6
CONTINUOUS
10
1.9902476771653543
20
0.776828779527559
11
1.9902070866141732
21
0.7769267716535433
0
LINE
8
BLACK
6
CONTINUOUS
10
1.9902070866141732
20
0.7769267716535433
11
1.9901503543307086
21
0.7775028346456693
0
LINE
8
BLACK
6
CONTINUOUS
10
1.9901503543307086
20
0.7775028346456693
11
1.9901503543307086
21
0.7812523622047244
0
LINE
8
BLACK
6
CONTINUOUS
10
1.9901503543307086
20
0.7812523622047244
11
1.9902070866141732
21
0.7818284251968504
0
LINE
8
BLACK
6
CONTINUOUS
10
1.9902070866141732
20
0.7818284251968504
11
1.9902476771653543
21
0.7819264566929134
0
LINE
8
BLACK
6
CONTINUOUS
10
1.9902476771653543
20
0.7819264566929134
11
1.9902551968503936
21
0.7820322440944881
0
LINE
8
BLACK
6
CONTINUOUS
10
1.9902551968503936
20
0.7820322440944881
11
1.9904620866141731
21
0.782572874015748
0
LINE
8
BLACK
6
CONTINUOUS
10
1.9904620866141731
20
0.782572874015748
11
1.9923368503937007
21
0.7863224015748032
0
LINE
8
BLACK
6
CONTINUOUS
10
1.9923368503937007
20
0.7863224015748032
11
1.9924929133858267
21
0.7865704330708662
0
LINE
8
BLACK
6
CONTINUOUS
10
1.9924929133858267
20
0.7865704330708662
11
1.9925227559055119
21
0.7866423622047244
0
LINE
8
BLACK
6
CONTINUOUS
10
1.9925227559055119
20
0.7866423622047244
11
1.9925892125984253
21
0.7867233464566928
0
LINE
8
BLACK
6
CONTINUOUS
10
1.9925892125984253
20
0.7867233464566928
11
1.9926451968503938
21
0.7868122834645669
0
LINE
8
BLACK
6
CONTINUOUS
10
1.9926451968503938
20
0.7868122834645669
11
1.9927041732283464
21
0.7868634645669291
0
LINE
8
BLACK
6
CONTINUOUS
10
1.9927041732283464
20
0.7868634645669291
11
1.9928899606299213
21
0.7870898031496063
0
LINE
8
BLACK
6
CONTINUOUS
10
1.9928899606299213
20
0.7870898031496063
11
1.9947647244094489
21
0.7889645669291339
0
LINE
8
BLACK
6
CONTINUOUS
10
1.9947647244094489
20
0.7889645669291339
11
1.9949910629921259
21
0.7891503543307087
0
LINE
8
BLACK
6
CONTINUOUS
10
1.9949910629921259
20
0.7891503543307087
11
1.9950422440944882
21
0.7892093307086614
0
LINE
8
BLACK
6
CONTINUOUS
10
1.9950422440944882
20
0.7892093307086614
11
1.9951311811023622
21
0.7892653149606299
0
LINE
8
BLACK
6
CONTINUOUS
10
1.9951311811023622
20
0.7892653149606299
11
1.9952121653543307
21
0.7893317716535433
0
LINE
8
BLACK
6
CONTINUOUS
10
1.9952121653543307
20
0.7893317716535433
11
1.9952840944881889
21
0.7893616141732284
0
LINE
8
BLACK
6
CONTINUOUS
10
1.9952840944881889
20
0.7893616141732284
11
1.995532125984252
21
0.7895176771653543
0
LINE
8
BLACK
6
CONTINUOUS
10
1.995532125984252
20
0.7895176771653543
11
1.9992816535433071
21
0.7913924409448819
0
LINE
8
BLACK
6
CONTINUOUS
10
1.9992816535433071
20
0.7913924409448819
11
1.9993237401574804
21
0.7914085826771653
0
LINE
8
BLACK
6
CONTINUOUS
10
1.9993237401574804
20
0.7914085826771653
11
1.999340905511811
21
0.7914212598425197
0
LINE
8
BLACK
6
CONTINUOUS
10
1.999340905511811
20
0.7914212598425197
11
1.9995824803149607
21
0.7915075984251968
0
LINE
8
BLACK
6
CONTINUOUS
10
1.9995824803149607
20
0.7915075984251968
11
1.9998222440944882
21
0.7915993307086614
0
LINE
8
BLACK
6
CONTINUOUS
10
1.9998222440944882
20
0.7915993307086614
11
1.9998435039370079
21
0.7916008661417323
0
LINE
8
BLACK
6
CONTINUOUS
10
1.9998435039370079
20
0.7916008661417323
11
1.9998860236220473
21
0.7916160236220472
0
LINE
8
BLACK
6
CONTINUOUS
10
1.9998860236220473
20
0.7916160236220472
11
2.0073850787401573
21
0.7934907874015747
0
LINE
8
BLACK
6
CONTINUOUS
10
2.0073850787401573
20
0.7934907874015747
11
2.0074849212598425
21
0.7935055905511811
0
LINE
8
BLACK
6
CONTINUOUS
10
2.0074849212598425
20
0.7935055905511811
11
2.0075251574803148
21
0.7935222047244095
0
LINE
8
BLACK
6
CONTINUOUS
10
2.0075251574803148
20
0.7935222047244095
11
2.0077421653543306
21
0.7935435826771653
0
LINE
8
BLACK
6
CONTINUOUS
10
2.0077421653543306
20
0.7935435826771653
11
2.0079576771653542
21
0.7935754330708661
0
LINE
8
BLACK
6
CONTINUOUS
10
2.0079576771653542
20
0.7935754330708661
11
2.0080006692913384
21
0.7935690551181103
0
LINE
8
BLACK
6
CONTINUOUS
10
2.0080006692913384
20
0.7935690551181103
11
2.0081012204724411
21
0.793578937007874
0
LINE
8
BLACK
6
CONTINUOUS
10
2.0081012204724411
20
0.793578937007874
11
2.0174750393700789
21
0.793578937007874
0
LINE
8
BLACK
6
CONTINUOUS
10
2.0174750393700789
20
0.793578937007874
11
2.0175755511811024
21
0.7935690551181103
0
LINE
8
BLACK
6
CONTINUOUS
10
2.0016327165354331
20
0.7859654330708661
11
1.9986017322834646
21
0.7844499212598425
0
LINE
8
BLACK
6
CONTINUOUS
10
1.9986017322834646
20
0.7844499212598425
11
1.9974046062992126
21
0.7832527952755906
0
LINE
8
BLACK
6
CONTINUOUS
10
1.9974046062992126
20
0.7832527952755906
11
1.9960558661417322
21
0.7805553149606299
0
LINE
8
BLACK
6
CONTINUOUS
10
1.9960558661417322
20
0.7805553149606299
11
1.9960558661417322
21
0.7781998818897637
0
LINE
8
BLACK
6
CONTINUOUS
10
1.9960558661417322
20
0.7781998818897637
11
1.9974046062992126
21
0.7755024015748031
0
LINE
8
BLACK
6
CONTINUOUS
10
1.9974046062992126
20
0.7755024015748031
11
1.9986017322834646
21
0.7743052755905512
0
LINE
8
BLACK
6
CONTINUOUS
10
1.9986017322834646
20
0.7743052755905512
11
2.0016327165354331
21
0.7727898031496063
0
LINE
8
BLACK
6
CONTINUOUS
10
2.0016327165354331
20
0.7727898031496063
11
2.0084647637795277
21
0.7710817716535433
0
LINE
8
BLACK
6
CONTINUOUS
10
2.0084647637795277
20
0.7710817716535433
11
2.0171114960629919
21
0.7710817716535433
0
LINE
8
BLACK
6
CONTINUOUS
10
2.0171114960629919
20
0.7710817716535433
11
2.0239435433070865
21
0.7727898031496063
0
LINE
8
BLACK
6
CONTINUOUS
10
2.0239435433070865
20
0.7727898031496063
11
2.0269745275590552
21
0.7743053149606299
0
LINE
8
BLACK
6
CONTINUOUS
10
2.0269745275590552
20
0.7743053149606299
11
2.0281716929133857
21
0.7755024409448819
0
LINE
8
BLACK
6
CONTINUOUS
10
2.0281716929133857
20
0.7755024409448819
11
2.029520433070866
21
0.7781998818897637
0
LINE
8
BLACK
6
CONTINUOUS
10
2.029520433070866
20
0.7781998818897637
11
2.029520433070866
21
0.7805553149606299
0
LINE
8
BLACK
6
CONTINUOUS
10
2.029520433070866
20
0.7805553149606299
11
2.0281716929133857
21
0.7832527952755906
0
LINE
8
BLACK
6
CONTINUOUS
10
2.0281716929133857
20
0.7832527952755906
11
2.0269745275590552
21
0.7844499212598425
0
LINE
8
BLACK
6
CONTINUOUS
10
2.0269745275590552
20
0.7844499212598425
11
2.0239435433070865
21
0.7859654330708661
0
LINE
8
BLACK
6
CONTINUOUS
10
2.0239435433070865
20
0.7859654330708661
11
2.0171114960629919
21
0.7876734251968504
0
LINE
8
BLACK
6
CONTINUOUS
10
2.0171114960629919
20
0.7876734251968504
11
2.0084647637795277
21
0.7876734251968504
0
LINE
8
BLACK
6
CONTINUOUS
10
2.0084647637795277
20
0.7876734251968504
11
2.0016327165354331
21
0.7859654330708661
0
LINE
8
BLACK
6
CONTINUOUS
10
1.8869862598425196
20
0.8553895275590551
11
1.8880506692913386
21
0.8549486220472441
0
LINE
8
BLACK
6
CONTINUOUS
10
1.8880506692913386
20
0.8549486220472441
11
1.8888653149606298
21
0.8541339763779527
0
LINE
8
BLACK
6
CONTINUOUS
10
1.8888653149606298
20
0.8541339763779527
11
1.8893062204724409
21
0.8530695669291338
0
LINE
8
BLACK
6
CONTINUOUS
10
1.8893062204724409
20
0.8530695669291338
11
1.8893062204724409
21
0.8519174409448819
0
LINE
8
BLACK
6
CONTINUOUS
10
1.8893062204724409
20
0.8519174409448819
11
1.8888653149606298
21
0.850853031496063
0
LINE
8
BLACK
6
CONTINUOUS
10
1.8888653149606298
20
0.850853031496063
11
1.8880506692913386
21
0.8500383858267716
0
LINE
8
BLACK
6
CONTINUOUS
10
1.8880506692913386
20
0.8500383858267716
11
1.8869862598425196
21
0.8495974803149606
0
LINE
8
BLACK
6
CONTINUOUS
10
1.8869862598425196
20
0.8495974803149606
11
1.8864101968503937
21
0.849540748031496
0
LINE
8
BLACK
6
CONTINUOUS
10
1.8864101968503937
20
0.849540748031496
11
1.8664848031496062
21
0.849540748031496
0
LINE
8
BLACK
6
CONTINUOUS
10
1.8664848031496062
20
0.849540748031496
11
1.8642390551181103
21
0.8484179133858267
0
LINE
8
BLACK
6
CONTINUOUS
10
1.8642390551181103
20
0.8484179133858267
11
1.863116220472441
21
0.8461721653543307
0
LINE
8
BLACK
6
CONTINUOUS
10
1.863116220472441
20
0.8461721653543307
11
1.863116220472441
21
0.8419419291338582
0
LINE
8
BLACK
6
CONTINUOUS
10
1.863116220472441
20
0.8419419291338582
11
1.8642390551181103
21
0.839696220472441
0
LINE
8
BLACK
6
CONTINUOUS
10
1.8642390551181103
20
0.839696220472441
11
1.8664848031496062
21
0.8385733464566929
0
LINE
8
BLACK
6
CONTINUOUS
10
1.8664848031496062
20
0.8385733464566929
11
1.8864101968503937
21
0.8385733464566929
0
LINE
8
BLACK
6
CONTINUOUS
10
1.8864101968503937
20
0.8385733464566929
11
1.8869862598425196
21
0.8385166141732283
0
LINE
8
BLACK
6
CONTINUOUS
10
1.8869862598425196
20
0.8385166141732283
11
1.8880506692913386
21
0.8380757086614173
0
LINE
8
BLACK
6
CONTINUOUS
10
1.8880506692913386
20
0.8380757086614173
11
1.8888653149606298
21
0.837261062992126
0
LINE
8
BLACK
6
CONTINUOUS
10
1.8888653149606298
20
0.837261062992126
11
1.8893062204724409
21
0.8361966535433071
0
LINE
8
BLACK
6
CONTINUOUS
10
1.8893062204724409
20
0.8361966535433071
11
1.8893062204724409
21
0.8350445275590551
0
LINE
8
BLACK
6
CONTINUOUS
10
1.8893062204724409
20
0.8350445275590551
11
1.8888653149606298
21
0.8339801181102362
0
LINE
8
BLACK
6
CONTINUOUS
10
1.8888653149606298
20
0.8339801181102362
11
1.8880506692913386
21
0.8331654724409449
0
LINE
8
BLACK
6
CONTINUOUS
10
1.8880506692913386
20
0.8331654724409449
11
1.8869862598425196
21
0.8327245669291339
0
LINE
8
BLACK
6
CONTINUOUS
10
1.8869862598425196
20
0.8327245669291339
11
1.8864101968503937
21
0.8326678346456693
0
LINE
8
BLACK
6
CONTINUOUS
10
1.8864101968503937
20
0.8326678346456693
11
1.8664848031496062
21
0.8326678346456693
0
LINE
8
BLACK
6
CONTINUOUS
10
1.8664848031496062
20
0.8326678346456693
11
1.8642390551181103
21
0.831545
0
LINE
8
BLACK
6
CONTINUOUS
10
1.8642390551181103
20
0.831545
11
1.863116220472441
21
0.829299251968504
0
LINE
8
BLACK
6
CONTINUOUS
10
1.863116220472441
20
0.829299251968504
11
1.863116220472441
21
0.8250690551181102
0
LINE
8
BLACK
6
CONTINUOUS
10
1.863116220472441
20
0.8250690551181102
11
1.8644649606299213
21
0.8223715748031496
0
LINE
8
BLACK
6
CONTINUOUS
10
1.8644649606299213
20
0.8223715748031496
11
1.8651360629921259
21
0.8217004724409449
0
LINE
8
BLACK
6
CONTINUOUS
10
1.8651360629921259
20
0.8217004724409449
11
1.8864101968503937
21
0.8217004724409449
0
LINE
8
BLACK
6
CONTINUOUS
10
1.8864101968503937
20
0.8217004724409449
11
1.8869862598425196
21
0.8216437401574803
0
LINE
8
BLACK
6
CONTINUOUS
10
1.8869862598425196
20
0.8216437401574803
11
1.8880506692913386
21
0.8212028346456692
0
LINE
8
BLACK
6
CONTINUOUS
10
1.8880506692913386
20
0.8212028346456692
11
1.8888653149606298
21
0.8203881889763779
0
LINE
8
BLACK
6
CONTINUOUS
10
1.8888653149606298
20
0.8203881889763779
11
1.8893062204724409
21
0.8193237795275591
0
LINE
8
BLACK
6
CONTINUOUS
10
1.8893062204724409
20
0.8193237795275591
11
1.8893062204724409
21
0.8181716535433071
0
LINE
8
BLACK
6
CONTINUOUS
10
1.8893062204724409
20
0.8181716535433071
11
1.8888653149606298
21
0.8171072440944882
0
LINE
8
BLACK
6
CONTINUOUS
10
1.8888653149606298
20
0.8171072440944882
11
1.8880506692913386
21
0.8162925984251969
0
LINE
8
BLACK
6
CONTINUOUS
10
1.8880506692913386
20
0.8162925984251969
11
1.8869862598425196
21
0.8158516929133858
0
LINE
8
BLACK
6
CONTINUOUS
10
1.8869862598425196
20
0.8158516929133858
11
1.8864101968503937
21
0.8157949606299213
0
LINE
8
BLACK
6
CONTINUOUS
10
1.8864101968503937
20
0.8157949606299213
11
1.8601634645669292
21
0.8157949606299213
0
LINE
8
BLACK
6
CONTINUOUS
10
1.8601634645669292
20
0.8157949606299213
11
1.8595874015748031
21
0.8158516929133858
0
LINE
8
BLACK
6
CONTINUOUS
10
1.8595874015748031
20
0.8158516929133858
11
1.8585229921259843
21
0.8162925984251969
0
LINE
8
BLACK
6
CONTINUOUS
10
1.8585229921259843
20
0.8162925984251969
11
1.8577083464566928
21
0.8171072440944882
0
LINE
8
BLACK
6
CONTINUOUS
10
1.8577083464566928
20
0.8171072440944882
11
1.8572674409448819
21
0.8181716535433071
0
LINE
8
BLACK
6
CONTINUOUS
10
1.8572674409448819
20
0.8181716535433071
11
1.8572674409448819
21
0.8193237795275591
0
LINE
8
BLACK
6
CONTINUOUS
10
1.8572674409448819
20
0.8193237795275591
11
1.8577083464566928
21
0.8203881889763779
0
LINE
8
BLACK
6
CONTINUOUS
10
1.8577083464566928
20
0.8203881889763779
11
1.8584721653543306
21
0.8211520472440945
0
LINE
8
BLACK
6
CONTINUOUS
10
1.8584721653543306
20
0.8211520472440945
11
1.8575224409448818
21
0.8230514960629921
0
LINE
8
BLACK
6
CONTINUOUS
10
1.8575224409448818
20
0.8230514960629921
11
1.8573155511811024
21
0.8235921259842519
0
LINE
8
BLACK
6
CONTINUOUS
10
1.8573155511811024
20
0.8235921259842519
11
1.857308031496063
21
0.8236979527559055
0
LINE
8
BLACK
6
CONTINUOUS
10
1.857308031496063
20
0.8236979527559055
11
1.8572674409448819
21
0.8237959448818898
0
LINE
8
BLACK
6
CONTINUOUS
10
1.8572674409448819
20
0.8237959448818898
11
1.8572107086614174
21
0.8243720078740158
0
LINE
8
BLACK
6
CONTINUOUS
10
1.8572107086614174
20
0.8243720078740158
11
1.8572107086614174
21
0.8299962992125984
0
LINE
8
BLACK
6
CONTINUOUS
10
1.8572107086614174
20
0.8299962992125984
11
1.8572674409448819
21
0.8305723622047244
0
LINE
8
BLACK
6
CONTINUOUS
10
1.8572674409448819
20
0.8305723622047244
11
1.857308031496063
21
0.8306703937007874
0
LINE
8
BLACK
6
CONTINUOUS
10
1.857308031496063
20
0.8306703937007874
11
1.8573155511811024
21
0.8307761811023622
0
LINE
8
BLACK
6
CONTINUOUS
10
1.8573155511811024
20
0.8307761811023622
11
1.8575224409448818
21
0.831316811023622
0
LINE
8
BLACK
6
CONTINUOUS
10
1.8575224409448818
20
0.831316811023622
11
1.8593972047244094
21
0.8350663385826771
0
LINE
8
BLACK
6
CONTINUOUS
10
1.8593972047244094
20
0.8350663385826771
11
1.8594578346456692
21
0.8351627165354331
0
LINE
8
BLACK
6
CONTINUOUS
10
1.8594578346456692
20
0.8351627165354331
11
1.8594729921259843
21
0.8352081102362204
0
LINE
8
BLACK
6
CONTINUOUS
10
1.8594729921259843
20
0.8352081102362204
11
1.8595220078740158
21
0.83526468503937
0
LINE
8
BLACK
6
CONTINUOUS
10
1.8595220078740158
20
0.83526468503937
11
1.8597055511811023
21
0.8355562204724409
0
LINE
8
BLACK
6
CONTINUOUS
10
1.8597055511811023
20
0.8355562204724409
11
1.8597797637795275
21
0.8356205905511811
0
LINE
8
BLACK
6
CONTINUOUS
10
1.8597797637795275
20
0.8356205905511811
11
1.8597055511811023
21
0.8356849606299213
0
LINE
8
BLACK
6
CONTINUOUS
10
1.8597055511811023
20
0.8356849606299213
11
1.8595220078740158
21
0.8359765354330708
0
LINE
8
BLACK
6
CONTINUOUS
10
1.8595220078740158
20
0.8359765354330708
11
1.8594729921259843
21
0.8360330708661418
0
LINE
8
BLACK
6
CONTINUOUS
10
1.8594729921259843
20
0.8360330708661418
11
1.8594578346456692
21
0.8360785039370079
0
LINE
8
BLACK
6
CONTINUOUS
10
1.8594578346456692
20
0.8360785039370079
11
1.8593972047244094
21
0.836174842519685
0
LINE
8
BLACK
6
CONTINUOUS
10
1.8593972047244094
20
0.836174842519685
11
1.8575224409448818
21
0.8399243700787401
0
LINE
8
BLACK
6
CONTINUOUS
10
1.8575224409448818
20
0.8399243700787401
11
1.8573155511811024
21
0.840465
0
LINE
8
BLACK
6
CONTINUOUS
10
1.8573155511811024
20
0.840465
11
1.857308031496063
21
0.8405708267716535
0
LINE
8
BLACK
6
CONTINUOUS
10
1.857308031496063
20
0.8405708267716535
11
1.8572674409448819
21
0.8406688188976378
0
LINE
8
BLACK
6
CONTINUOUS
10
1.8572674409448819
20
0.8406688188976378
11
1.8572107086614174
21
0.8412448818897638
0
LINE
8
BLACK
6
CONTINUOUS
10
1.8572107086614174
20
0.8412448818897638
11
1.8572107086614174
21
0.8468691732283464
0
LINE
8
BLACK
6
CONTINUOUS
10
1.8572107086614174
20
0.8468691732283464
11
1.8572674409448819
21
0.8474452362204724
0
LINE
8
BLACK
6
CONTINUOUS
10
1.8572674409448819
20
0.8474452362204724
11
1.857308031496063
21
0.8475432677165354
0
LINE
8
BLACK
6
CONTINUOUS
10
1.857308031496063
20
0.8475432677165354
11
1.8573155511811024
21
0.8476490551181102
0
LINE
8
BLACK
6
CONTINUOUS
10
1.8573155511811024
20
0.8476490551181102
11
1.8575224409448818
21
0.8481896850393701
0
LINE
8
BLACK
6
CONTINUOUS
10
1.8575224409448818
20
0.8481896850393701
11
1.8593972047244094
21
0.851939251968504
0
LINE
8
BLACK
6
CONTINUOUS
10
1.8593972047244094
20
0.851939251968504
11
1.8594578346456692
21
0.8520355905511811
0
LINE
8
BLACK
6
CONTINUOUS
10
1.8594578346456692
20
0.8520355905511811
11
1.8594729921259843
21
0.8520810236220472
0
LINE
8
BLACK
6
CONTINUOUS
10
1.8594729921259843
20
0.8520810236220472
11
1.8595220472440945
21
0.8521376377952756
0
LINE
8
BLACK
6
CONTINUOUS
10
1.8595220472440945
20
0.8521376377952756
11
1.8597055511811023
21
0.8524290944881889
0
LINE
8
BLACK
6
CONTINUOUS
10
1.8597055511811023
20
0.8524290944881889
11
1.859985157480315
21
0.8526716141732283
0
LINE
8
BLACK
6
CONTINUOUS
10
1.859985157480315
20
0.8526716141732283
11
1.8602278346456693
21
0.8529514173228346
0
LINE
8
BLACK
6
CONTINUOUS
10
1.8602278346456693
20
0.8529514173228346
11
1.8605193700787401
21
0.8531349606299212
0
LINE
8
BLACK
6
CONTINUOUS
10
1.8605193700787401
20
0.8531349606299212
11
1.8605759448818897
21
0.8531839763779527
0
LINE
8
BLACK
6
CONTINUOUS
10
1.8605759448818897
20
0.8531839763779527
11
1.8606213385826771
21
0.8531991338582677
0
LINE
8
BLACK
6
CONTINUOUS
10
1.8606213385826771
20
0.8531991338582677
11
1.8607177165354329
21
0.8532597637795275
0
LINE
8
BLACK
6
CONTINUOUS
10
1.8607177165354329
20
0.8532597637795275
11
1.8644672440944881
21
0.8551345275590551
0
LINE
8
BLACK
6
CONTINUOUS
10
1.8644672440944881
20
0.8551345275590551
11
1.8650078346456693
21
0.8553414173228346
0
LINE
8
BLACK
6
CONTINUOUS
10
1.8650078346456693
20
0.8553414173228346
11
1.8651137007874015
21
0.8553489763779527
0
LINE
8
BLACK
6
CONTINUOUS
10
1.8651137007874015
20
0.8553489763779527
11
1.8652116929133857
21
0.8553895275590551
0
LINE
8
BLACK
6
CONTINUOUS
10
1.8652116929133857
20
0.8553895275590551
11
1.8657877559055118
21
0.8554462598425197
0
LINE
8
BLACK
6
CONTINUOUS
10
1.8657877559055118
20
0.8554462598425197
11
1.8864101968503937
21
0.8554462598425197
0
LINE
8
BLACK
6
CONTINUOUS
10
1.8864101968503937
20
0.8554462598425197
11
1.8869862598425196
21
0.8553895275590551
0
LINE
8
BLACK
6
CONTINUOUS
10
2.0330492519685039
20
0.8741371653543307
11
2.0341136614173227
21
0.8736962598425196
0
LINE
8
BLACK
6
CONTINUOUS
10
2.0341136614173227
20
0.8736962598425196
11
2.0349283070866142
21
0.8728816141732283
0
LINE
8
BLACK
6
CONTINUOUS
10
2.0349283070866142
20
0.8728816141732283
11
2.0353692125984253
21
0.8718172047244094
0
LINE
8
BLACK
6
CONTINUOUS
10
2.0353692125984253
20
0.8718172047244094
11
2.0353692125984253
21
0.8706650787401574
0
LINE
8
BLACK
6
CONTINUOUS
10
2.0353692125984253
20
0.8706650787401574
11
2.0349283070866142
21
0.8696006692913386
0
LINE
8
BLACK
6
CONTINUOUS
10
2.0349283070866142
20
0.8696006692913386
11
2.0341136614173227
21
0.8687860236220473
0
LINE
8
BLACK
6
CONTINUOUS
10
2.0341136614173227
20
0.8687860236220473
11
2.0330492519685039
21
0.8683451181102362
0
LINE
8
BLACK
6
CONTINUOUS
10
2.0330492519685039
20
0.8683451181102362
11
2.0324731889763781
21
0.8682883858267716
0
LINE
8
BLACK
6
CONTINUOUS
10
2.0324731889763781
20
0.8682883858267716
11
2.0125477952755904
21
0.8682883858267716
0
LINE
8
BLACK
6
CONTINUOUS
10
2.0125477952755904
20
0.8682883858267716
11
2.0103020472440942
21
0.8671655511811024
0
LINE
8
BLACK
6
CONTINUOUS
10
2.0103020472440942
20
0.8671655511811024
11
2.0091792125984251
21
0.8649198031496063
0
LINE
8
BLACK
6
CONTINUOUS
10
2.0091792125984251
20
0.8649198031496063
11
2.0091792125984251
21
0.8606895669291338
0
LINE
8
BLACK
6
CONTINUOUS
10
2.0091792125984251
20
0.8606895669291338
11
2.0103020472440942
21
0.8584438582677165
0
LINE
8
BLACK
6
CONTINUOUS
10
2.0103020472440942
20
0.8584438582677165
11
2.0125477952755904
21
0.8573209842519685
0
LINE
8
BLACK
6
CONTINUOUS
10
2.0125477952755904
20
0.8573209842519685
11
2.0324731889763781
21
0.8573209842519685
0
LINE
8
BLACK
6
CONTINUOUS
10
2.0324731889763781
20
0.8573209842519685
11
2.0330492519685039
21
0.8572642519685039
0
LINE
8
BLACK
6
CONTINUOUS
10
2.0330492519685039
20
0.8572642519685039
11
2.0341136614173227
21
0.8568233464566929
0
LINE
8
BLACK
6
CONTINUOUS
10
2.0341136614173227
20
0.8568233464566929
11
2.0349283070866142
21
0.8560087007874015
0
LINE
8
BLACK
6
CONTINUOUS
10
2.0349283070866142
20
0.8560087007874015
11
2.0353692125984253
21
0.8549442913385826
0
LINE
8
BLACK
6
CONTINUOUS
10
2.0353692125984253
20
0.8549442913385826
11
2.0353692125984253
21
0.8537921653543307
0
LINE
8
BLACK
6
CONTINUOUS
10
2.0353692125984253
20
0.8537921653543307
11
2.0349283070866142
21
0.8527277559055118
0
LINE
8
BLACK
6
CONTINUOUS
10
2.0349283070866142
20
0.8527277559055118
11
2.0341136614173227
21
0.8519131102362204
0
LINE
8
BLACK
6
CONTINUOUS
10
2.0341136614173227
20
0.8519131102362204
11
2.0330492519685039
21
0.8514722047244094
0
LINE
8
BLACK
6
CONTINUOUS
10
2.0330492519685039
20
0.8514722047244094
11
2.0324731889763781
21
0.8514154724409448
0
LINE
8
BLACK
6
CONTINUOUS
10
2.0324731889763781
20
0.8514154724409448
11
2.0125477952755904
21
0.8514154724409448
0
LINE
8
BLACK
6
CONTINUOUS
10
2.0125477952755904
20
0.8514154724409448
11
2.0103020472440942
21
0.8502926377952755
0
LINE
8
BLACK
6
CONTINUOUS
10
2.0103020472440942
20
0.8502926377952755
11
2.0091792125984251
21
0.8480468897637795
0
LINE
8
BLACK
6
CONTINUOUS
10
2.0091792125984251
20
0.8480468897637795
11
2.0091792125984251
21
0.8438166929133858
0
LINE
8
BLACK
6
CONTINUOUS
10
2.0091792125984251
20
0.8438166929133858
11
2.0105279527559055
21
0.8411192125984251
0
LINE
8
BLACK
6
CONTINUOUS
10
2.0105279527559055
20
0.8411192125984251
11
2.01119905511811
21
0.8404481102362205
0
LINE
8
BLACK
6
CONTINUOUS
10
2.01119905511811
20
0.8404481102362205
11
2.0324731889763781
21
0.8404481102362205
0
LINE
8
BLACK
6
CONTINUOUS
10
2.0324731889763781
20
0.8404481102362205
11
2.0330492519685039
21
0.8403913779527559
0
LINE
8
BLACK
6
CONTINUOUS
10
2.0330492519685039
20
0.8403913779527559
11
2.0341136614173227
21
0.8399504724409449
0
LINE
8
BLACK
6
CONTINUOUS
10
2.0341136614173227
20
0.8399504724409449
11
2.0349283070866142
21
0.8391358267716535
0
LINE
8
BLACK
6
CONTINUOUS
10
2.0349283070866142
20
0.8391358267716535
11
2.0353692125984253
21
0.8380714173228346
0
LINE
8
BLACK
6
CONTINUOUS
10
2.0353692125984253
20
0.8380714173228346
11
2.0353692125984253
21
0.8369192913385827
0
LINE
8
BLACK
6
CONTINUOUS
10
2.0353692125984253
20
0.8369192913385827
11
2.0349283070866142
21
0.8358548818897638
0
LINE
8
BLACK
6
CONTINUOUS
10
2.0349283070866142
20
0.8358548818897638
11
2.0341136614173227
21
0.8350402362204724
0
LINE
8
BLACK
6
CONTINUOUS
10
2.0341136614173227
20
0.8350402362204724
11
2.0330492519685039
21
0.8345993307086614
0
LINE
8
BLACK
6
CONTINUOUS
10
2.0330492519685039
20
0.8345993307086614
11
2.0324731889763781
21
0.8345425984251968
0
LINE
8
BLACK
6
CONTINUOUS
10
2.0324731889763781
20
0.8345425984251968
11
2.0062264566929136
21
0.8345425984251968
0
LINE
8
BLACK
6
CONTINUOUS
10
2.0062264566929136
20
0.8345425984251968
11
2.0056503937007872
21
0.8345993307086614
0
LINE
8
BLACK
6
CONTINUOUS
10
2.0056503937007872
20
0.8345993307086614
11
2.0045859842519684
21
0.8350402362204724
0
LINE
8
BLACK
6
CONTINUOUS
10
2.0045859842519684
20
0.8350402362204724
11
2.003771338582677
21
0.8358548818897638
0
LINE
8
BLACK
6
CONTINUOUS
10
2.003771338582677
20
0.8358548818897638
11
2.0033304330708659
21
0.8369192913385827
0
LINE
8
BLACK
6
CONTINUOUS
10
2.0033304330708659
20
0.8369192913385827
11
2.0033304330708659
21
0.8380714173228346
0
LINE
8
BLACK
6
CONTINUOUS
10
2.0033304330708659
20
0.8380714173228346
11
2.003771338582677
21
0.8391358267716535
0
LINE
8
BLACK
6
CONTINUOUS
10
2.003771338582677
20
0.8391358267716535
11
2.0045351574803147
21
0.8398996850393701
0
LINE
8
BLACK
6
CONTINUOUS
10
2.0045351574803147
20
0.8398996850393701
11
2.003585433070866
21
0.8417991338582677
0
LINE
8
BLACK
6
CONTINUOUS
10
2.003585433070866
20
0.8417991338582677
11
2.0033785433070865
21
0.8423397637795276
0
LINE
8
BLACK
6
CONTINUOUS
10
2.0033785433070865
20
0.8423397637795276
11
2.003371023622047
21
0.8424455905511811
0
LINE
8
BLACK
6
CONTINUOUS
10
2.003371023622047
20
0.8424455905511811
11
2.0033304330708659
21
0.8425435826771653
0
LINE
8
BLACK
6
CONTINUOUS
10
2.0033304330708659
20
0.8425435826771653
11
2.0032737007874015
21
0.8431196456692913
0
LINE
8
BLACK
6
CONTINUOUS
10
2.0032737007874015
20
0.8431196456692913
11
2.0032737007874015
21
0.848743937007874
0
LINE
8
BLACK
6
CONTINUOUS
10
2.0032737007874015
20
0.848743937007874
11
2.0033304330708659
21
0.84932
0
LINE
8
BLACK
6
CONTINUOUS
10
2.0033304330708659
20
0.84932
11
2.003371023622047
21
0.849418031496063
0
LINE
8
BLACK
6
CONTINUOUS
10
2.003371023622047
20
0.849418031496063
11
2.0033785433070865
21
0.8495238188976377
0
LINE
8
BLACK
6
CONTINUOUS
10
2.0033785433070865
20
0.8495238188976377
11
2.003585433070866
21
0.8500644488188976
0
LINE
8
BLACK
6
CONTINUOUS
10
2.003585433070866
20
0.8500644488188976
11
2.0054601968503936
21
0.8538139763779528
0
LINE
8
BLACK
6
CONTINUOUS
10
2.0054601968503936
20
0.8538139763779528
11
2.0055208267716536
21
0.8539103543307086
0
LINE
8
BLACK
6
CONTINUOUS
10
2.0055208267716536
20
0.8539103543307086
11
2.0055359842519684
21
0.8539557480314961
0
LINE
8
BLACK
6
CONTINUOUS
10
2.0055359842519684
20
0.8539557480314961
11
2.005585
21
0.8540123228346457
0
LINE
8
BLACK
6
CONTINUOUS
10
2.005585
20
0.8540123228346457
11
2.0057685433070866
21
0.8543038582677165
0
LINE
8
BLACK
6
CONTINUOUS
10
2.0057685433070866
20
0.8543038582677165
11
2.0058427559055119
21
0.8543682283464566
0
LINE
8
BLACK
6
CONTINUOUS
10
2.0058427559055119
20
0.8543682283464566
11
2.0057685433070866
21
0.8544325984251968
0
LINE
8
BLACK
6
CONTINUOUS
10
2.0057685433070866
20
0.8544325984251968
11
2.005585
21
0.8547241732283465
0
LINE
8
BLACK
6
CONTINUOUS
10
2.005585
20
0.8547241732283465
11
2.0055359842519684
21
0.8547807086614173
0
LINE
8
BLACK
6
CONTINUOUS
10
2.0055359842519684
20
0.8547807086614173
11
2.0055208267716536
21
0.8548261417322834
0
LINE
8
BLACK
6
CONTINUOUS
10
2.0055208267716536
20
0.8548261417322834
11
2.0054601968503936
21
0.8549224803149607
0
LINE
8
BLACK
6
CONTINUOUS
10
2.0054601968503936
20
0.8549224803149607
11
2.003585433070866
21
0.8586720078740158
0
LINE
8
BLACK
6
CONTINUOUS
10
2.003585433070866
20
0.8586720078740158
11
2.0033785433070865
21
0.8592126377952756
0
LINE
8
BLACK
6
CONTINUOUS
10
2.0033785433070865
20
0.8592126377952756
11
2.003371023622047
21
0.8593184645669291
0
LINE
8
BLACK
6
CONTINUOUS
10
2.003371023622047
20
0.8593184645669291
11
2.0033304330708659
21
0.8594164566929133
0
LINE
8
BLACK
6
CONTINUOUS
10
2.0033304330708659
20
0.8594164566929133
11
2.0032737007874015
21
0.8599925196850393
0
LINE
8
BLACK
6
CONTINUOUS
10
2.0032737007874015
20
0.8599925196850393
11
2.0032737007874015
21
0.865616811023622
0
LINE
8
BLACK
6
CONTINUOUS
10
2.0032737007874015
20
0.865616811023622
11
2.0033304330708659
21
0.866192874015748
0
LINE
8
BLACK
6
CONTINUOUS
10
2.0033304330708659
20
0.866192874015748
11
2.003371023622047
21
0.866290905511811
0
LINE
8
BLACK
6
CONTINUOUS
10
2.003371023622047
20
0.866290905511811
11
2.0033785433070865
21
0.8663966929133858
0
LINE
8
BLACK
6
CONTINUOUS
10
2.0033785433070865
20
0.8663966929133858
11
2.003585433070866
21
0.8669373228346456
0
LINE
8
BLACK
6
CONTINUOUS
10
2.003585433070866
20
0.8669373228346456
11
2.0054601968503936
21
0.8706868897637795
0
LINE
8
BLACK
6
CONTINUOUS
10
2.0054601968503936
20
0.8706868897637795
11
2.0055208267716536
21
0.8707832283464567
0
LINE
8
BLACK
6
CONTINUOUS
10
2.0055208267716536
20
0.8707832283464567
11
2.0055359842519684
21
0.8708286614173228
0
LINE
8
BLACK
6
CONTINUOUS
10
2.0055359842519684
20
0.8708286614173228
11
2.0055850393700787
21
0.8708852755905512
0
LINE
8
BLACK
6
CONTINUOUS
10
2.0055850393700787
20
0.8708852755905512
11
2.0057685433070866
21
0.8711767322834646
0
LINE
8
BLACK
6
CONTINUOUS
10
2.0057685433070866
20
0.8711767322834646
11
2.0060481496062992
21
0.8714192519685039
0
LINE
8
BLACK
6
CONTINUOUS
10
2.0060481496062992
20
0.8714192519685039
11
2.0062908267716537
21
0.8716990551181102
0
LINE
8
BLACK
6
CONTINUOUS
10
2.0062908267716537
20
0.8716990551181102
11
2.0065823622047243
21
0.8718825984251968
0
LINE
8
BLACK
6
CONTINUOUS
10
2.0065823622047243
20
0.8718825984251968
11
2.0066389370078741
21
0.8719316141732283
0
LINE
8
BLACK
6
CONTINUOUS
10
2.0066389370078741
20
0.8719316141732283
11
2.0066843307086613
21
0.8719467716535433
0
LINE
8
BLACK
6
CONTINUOUS
10
2.0066843307086613
20
0.8719467716535433
11
2.0067807086614171
21
0.8720074015748032
0
LINE
8
BLACK
6
CONTINUOUS
10
2.0067807086614171
20
0.8720074015748032
11
2.0105302362204722
21
0.8738821653543307
0
LINE
8
BLACK
6
CONTINUOUS
10
2.0105302362204722
20
0.8738821653543307
11
2.0110708267716535
21
0.8740890551181102
0
LINE
8
BLACK
6
CONTINUOUS
10
2.0110708267716535
20
0.8740890551181102
11
2.0111766929133856
21
0.8740966141732284
0
LINE
8
BLACK
6
CONTINUOUS
10
2.0111766929133856
20
0.8740966141732284
11
2.0112746850393699
21
0.8741371653543307
0
LINE
8
BLACK
6
CONTINUOUS
10
2.0112746850393699
20
0.8741371653543307
11
2.0118507480314962
21
0.8741938976377952
0
LINE
8
BLACK
6
CONTINUOUS
10
2.0118507480314962
20
0.8741938976377952
11
2.0324731889763781
21
0.8741938976377952
0
LINE
8
BLACK
6
CONTINUOUS
10
2.0324731889763781
20
0.8741938976377952
11
2.0330492519685039
21
0.8741371653543307
0
LINE
8
BLACK
6
CONTINUOUS
10
1.8505553543307087
20
0.8755710236220472
11
1.8510027952755905
21
0.8752038188976378
0
LINE
8
BLACK
6
CONTINUOUS
10
1.8510027952755905
20
0.8752038188976378
11
1.8528775590551181
21
0.8733290551181102
0
LINE
8
BLACK
6
CONTINUOUS
10
1.8528775590551181
20
0.8733290551181102
11
1.8532447637795275
21
0.8728816141732283
0
LINE
8
BLACK
6
CONTINUOUS
10
1.8532447637795275
20
0.8728816141732283
11
1.8533863385826772
21
0.872539842519685
0
LINE
8
BLACK
6
CONTINUOUS
10
1.8533863385826772
20
0.872539842519685
11
1.8536856692913386
21
0.8718171653543307
0
LINE
8
BLACK
6
CONTINUOUS
10
1.8536856692913386
20
0.8718171653543307
11
1.8536856692913386
21
0.8706650787401574
0
LINE
8
BLACK
6
CONTINUOUS
10
1.8536856692913386
20
0.8706650787401574
11
1.8532447637795275
21
0.8696006692913386
0
LINE
8
BLACK
6
CONTINUOUS
10
1.8532447637795275
20
0.8696006692913386
11
1.8528775590551181
21
0.8691532283464567
0
LINE
8
BLACK
6
CONTINUOUS
10
1.8528775590551181
20
0.8691532283464567
11
1.8510027952755905
21
0.8672784645669291
0
LINE
8
BLACK
6
CONTINUOUS
10
1.8510027952755905
20
0.8672784645669291
11
1.8505553543307087
21
0.8669112598425197
0
LINE
8
BLACK
6
CONTINUOUS
10
1.8505553543307087
20
0.8669112598425197
11
1.8494909055118109
21
0.8664703543307086
0
LINE
8
BLACK
6
CONTINUOUS
10
1.8494909055118109
20
0.8664703543307086
11
1.8483388582677165
21
0.8664703543307086
0
LINE
8
BLACK
6
CONTINUOUS
10
1.8483388582677165
20
0.8664703543307086
11
1.8483388188976377
21
0.8664703543307086
0
LINE
8
BLACK
6
CONTINUOUS
10
1.8483388188976377
20
0.8664703543307086
11
1.8472744094488189
21
0.8669112598425197
0
LINE
8
BLACK
6
CONTINUOUS
10
1.8472744094488189
20
0.8669112598425197
11
1.8468269685039369
21
0.8672784645669291
0
LINE
8
BLACK
6
CONTINUOUS
10
1.8468269685039369
20
0.8672784645669291
11
1.8449522047244094
21
0.8691532283464567
0
LINE
8
BLACK
6
CONTINUOUS
10
1.8449522047244094
20
0.8691532283464567
11
1.8445849999999999
21
0.8696006692913386
0
LINE
8
BLACK
6
CONTINUOUS
10
1.8445849999999999
20
0.8696006692913386
11
1.8441440944881888
21
0.8706651181102362
0
LINE
8
BLACK
6
CONTINUOUS
10
1.8441440944881888
20
0.8706651181102362
11
1.8441440944881888
21
0.8718171653543307
0
LINE
8
BLACK
6
CONTINUOUS
10
1.8441440944881888
20
0.8718171653543307
11
1.8445849999999999
21
0.8728816141732283
0
LINE
8
BLACK
6
CONTINUOUS
10
1.8445849999999999
20
0.8728816141732283
11
1.8449522047244094
21
0.8733290551181102
0
LINE
8
BLACK
6
CONTINUOUS
10
1.8449522047244094
20
0.8733290551181102
11
1.8468269685039369
21
0.8752038188976378
0
LINE
8
BLACK
6
CONTINUOUS
10
1.8468269685039369
20
0.8752038188976378
11
1.8472744094488189
21
0.8755710236220472
0
LINE
8
BLACK
6
CONTINUOUS
10
1.8472744094488189
20
0.8755710236220472
11
1.8483388188976377
21
0.8760119291338583
0
LINE
8
BLACK
6
CONTINUOUS
10
1.8483388188976377
20
0.8760119291338583
11
1.8494909055118109
21
0.8760119291338583
0
LINE
8
BLACK
6
CONTINUOUS
10
1.8494909055118109
20
0.8760119291338583
11
1.8505553543307087
21
0.8755710236220472
0
LINE
8
BLACK
6
CONTINUOUS
10
1.8869862598425196
20
0.8741371653543307
11
1.8880506692913386
21
0.8736962598425196
0
LINE
8
BLACK
6
CONTINUOUS
10
1.8880506692913386
20
0.8736962598425196
11
1.8888653149606298
21
0.8728816141732283
0
LINE
8
BLACK
6
CONTINUOUS
10
1.8888653149606298
20
0.8728816141732283
11
1.8893062204724409
21
0.8718172047244094
0
LINE
8
BLACK
6
CONTINUOUS
10
1.8893062204724409
20
0.8718172047244094
11
1.8893062204724409
21
0.8706650787401574
0
LINE
8
BLACK
6
CONTINUOUS
10
1.8893062204724409
20
0.8706650787401574
11
1.8888653149606298
21
0.8696006692913386
0
LINE
8
BLACK
6
CONTINUOUS
10
1.8888653149606298
20
0.8696006692913386
11
1.8880506692913386
21
0.8687860236220473
0
LINE
8
BLACK
6
CONTINUOUS
10
1.8880506692913386
20
0.8687860236220473
11
1.8869862598425196
21
0.8683451181102362
0
LINE
8
BLACK
6
CONTINUOUS
10
1.8869862598425196
20
0.8683451181102362
11
1.8864101968503937
21
0.8682883858267716
0
LINE
8
BLACK
6
CONTINUOUS
10
1.8864101968503937
20
0.8682883858267716
11
1.8601634645669292
21
0.8682883858267716
0
LINE
8
BLACK
6
CONTINUOUS
10
1.8601634645669292
20
0.8682883858267716
11
1.8595874015748031
21
0.8683451181102362
0
LINE
8
BLACK
6
CONTINUOUS
10
1.8595874015748031
20
0.8683451181102362
11
1.8585229921259843
21
0.8687860236220473
0
LINE
8
BLACK
6
CONTINUOUS
10
1.8585229921259843
20
0.8687860236220473
11
1.8577083464566928
21
0.8696006692913386
0
LINE
8
BLACK
6
CONTINUOUS
10
1.8577083464566928
20
0.8696006692913386
11
1.8572674409448819
21
0.8706650787401574
0
LINE
8
BLACK
6
CONTINUOUS
10
1.8572674409448819
20
0.8706650787401574
11
1.8572674409448819
21
0.8718172047244094
0
LINE
8
BLACK
6
CONTINUOUS
10
1.8572674409448819
20
0.8718172047244094
11
1.8577083464566928
21
0.8728816141732283
0
LINE
8
BLACK
6
CONTINUOUS
10
1.8577083464566928
20
0.8728816141732283
11
1.8585229921259843
21
0.8736962598425196
0
LINE
8
BLACK
6
CONTINUOUS
10
1.8585229921259843
20
0.8736962598425196
11
1.8595874015748031
21
0.8741371653543307
0
LINE
8
BLACK
6
CONTINUOUS
10
1.8595874015748031
20
0.8741371653543307
11
1.8601634645669292
21
0.8741938976377952
0
LINE
8
BLACK
6
CONTINUOUS
10
1.8601634645669292
20
0.8741938976377952
11
1.8864101968503937
21
0.8741938976377952
0
LINE
8
BLACK
6
CONTINUOUS
10
1.8864101968503937
20
0.8741938976377952
11
1.8869862598425196
21
0.8741371653543307
0
LINE
8
BLACK
6
CONTINUOUS
10
1.9966183464566929
20
0.8943186614173229
11
1.9970657874015747
21
0.8939514566929133
0
LINE
8
BLACK
6
CONTINUOUS
10
1.9970657874015747
20
0.8939514566929133
11
1.9989405511811023
21
0.8920766929133858
0
LINE
8
BLACK
6
CONTINUOUS
10
1.9989405511811023
20
0.8920766929133858
11
1.9993077559055117
21
0.891629251968504
0
LINE
8
BLACK
6
CONTINUOUS
10
1.9993077559055117
20
0.891629251968504
11
1.9994493307086614
21
0.8912874803149606
0
LINE
8
BLACK
6
CONTINUOUS
10
1.9994493307086614
20
0.8912874803149606
11
1.9997486614173228
21
0.8905648031496063
0
LINE
8
BLACK
6
CONTINUOUS
10
1.9997486614173228
20
0.8905648031496063
11
1.9997486614173228
21
0.8894127165354331
0
LINE
8
BLACK
6
CONTINUOUS
10
1.9997486614173228
20
0.8894127165354331
11
1.9993077559055117
21
0.8883483070866142
0
LINE
8
BLACK
6
CONTINUOUS
10
1.9993077559055117
20
0.8883483070866142
11
1.9989405511811023
21
0.8879008661417322
0
LINE
8
BLACK
6
CONTINUOUS
10
1.9989405511811023
20
0.8879008661417322
11
1.9970657874015747
21
0.8860261023622047
0
LINE
8
BLACK
6
CONTINUOUS
10
1.9970657874015747
20
0.8860261023622047
11
1.9966183464566929
21
0.8856588976377953
0
LINE
8
BLACK
6
CONTINUOUS
10
1.9966183464566929
20
0.8856588976377953
11
1.9955538976377953
21
0.8852179921259842
0
LINE
8
BLACK
6
CONTINUOUS
10
1.9955538976377953
20
0.8852179921259842
11
1.9944018503937007
21
0.8852179921259842
0
LINE
8
BLACK
6
CONTINUOUS
10
1.9944018503937007
20
0.8852179921259842
11
1.9944018110236219
21
0.8852179921259842
0
LINE
8
BLACK
6
CONTINUOUS
10
1.9944018110236219
20
0.8852179921259842
11
1.9933374015748031
21
0.8856588976377953
0
LINE
8
BLACK
6
CONTINUOUS
10
1.9933374015748031
20
0.8856588976377953
11
1.9928899606299213
21
0.8860261023622047
0
LINE
8
BLACK
6
CONTINUOUS
10
1.9928899606299213
20
0.8860261023622047
11
1.9910151968503937
21
0.8879008661417322
0
LINE
8
BLACK
6
CONTINUOUS
10
1.9910151968503937
20
0.8879008661417322
11
1.9906479921259843
21
0.8883483070866142
0
LINE
8
BLACK
6
CONTINUOUS
10
1.9906479921259843
20
0.8883483070866142
11
1.9902070866141732
21
0.8894127559055118
0
LINE
8
BLACK
6
CONTINUOUS
10
1.9902070866141732
20
0.8894127559055118
11
1.9902070866141732
21
0.8905648031496063
0
LINE
8
BLACK
6
CONTINUOUS
10
1.9902070866141732
20
0.8905648031496063
11
1.9906479921259843
21
0.891629251968504
0
LINE
8
BLACK
6
CONTINUOUS
10
1.9906479921259843
20
0.891629251968504
11
1.9910151968503937
21
0.8920766929133858
0
LINE
8
BLACK
6
CONTINUOUS
10
1.9910151968503937
20
0.8920766929133858
11
1.9928899606299213
21
0.8939514566929133
0
LINE
8
BLACK
6
CONTINUOUS
10
1.9928899606299213
20
0.8939514566929133
11
1.9933374015748031
21
0.8943186614173229
0
LINE
8
BLACK
6
CONTINUOUS
10
1.9933374015748031
20
0.8943186614173229
11
1.9944018110236219
21
0.8947595669291338
0
LINE
8
BLACK
6
CONTINUOUS
10
1.9944018110236219
20
0.8947595669291338
11
1.9955538976377953
21
0.8947595669291338
0
LINE
8
BLACK
6
CONTINUOUS
10
1.9955538976377953
20
0.8947595669291338
11
1.9966183464566929
21
0.8943186614173229
0
LINE
8
BLACK
6
CONTINUOUS
10
1.8871900787401574
20
0.8984609842519685
11
1.8882205905511811
21
0.8979457086614173
0
LINE
8
BLACK
6
CONTINUOUS
10
1.8882205905511811
20
0.8979457086614173
11
1.8889754330708661
21
0.8970753543307086
0
LINE
8
BLACK
6
CONTINUOUS
10
1.8889754330708661
20
0.8970753543307086
11
1.8893397637795275
21
0.8959823622047244
0
LINE
8
BLACK
6
CONTINUOUS
10
1.8893397637795275
20
0.8959823622047244
11
1.8892581102362205
21
0.8948331496062992
0
LINE
8
BLACK
6
CONTINUOUS
10
1.8892581102362205
20
0.8948331496062992
11
1.889051220472441
21
0.8942925590551181
0
LINE
8
BLACK
6
CONTINUOUS
10
1.889051220472441
20
0.8942925590551181
11
1.8871764566929135
21
0.890543031496063
0
LINE
8
BLACK
6
CONTINUOUS
10
1.8871764566929135
20
0.890543031496063
11
1.8871157874015747
21
0.8904466929133859
0
LINE
8
BLACK
6
CONTINUOUS
10
1.8871157874015747
20
0.8904466929133859
11
1.8871006692913386
21
0.8904012598425196
0
LINE
8
BLACK
6
CONTINUOUS
10
1.8871006692913386
20
0.8904012598425196
11
1.8870516141732283
21
0.8903447244094488
0
LINE
8
BLACK
6
CONTINUOUS
10
1.8870516141732283
20
0.8903447244094488
11
1.8868681102362204
21
0.8900531496062992
0
LINE
8
BLACK
6
CONTINUOUS
10
1.8868681102362204
20
0.8900531496062992
11
1.8865882677165353
21
0.8898105118110236
0
LINE
8
BLACK
6
CONTINUOUS
10
1.8865882677165353
20
0.8898105118110236
11
1.8863457874015748
21
0.8895308661417323
0
LINE
8
BLACK
6
CONTINUOUS
10
1.8863457874015748
20
0.8895308661417323
11
1.8860542913385827
21
0.8893474015748031
0
LINE
8
BLACK
6
CONTINUOUS
10
1.8860542913385827
20
0.8893474015748031
11
1.8859977165354331
21
0.8892983070866142
0
LINE
8
BLACK
6
CONTINUOUS
10
1.8859977165354331
20
0.8892983070866142
11
1.8859522440944883
21
0.8892831889763779
0
LINE
8
BLACK
6
CONTINUOUS
10
1.8859522440944883
20
0.8892831889763779
11
1.8858559448818897
21
0.8892225196850394
0
LINE
8
BLACK
6
CONTINUOUS
10
1.8858559448818897
20
0.8892225196850394
11
1.8821063779527558
21
0.8873477559055117
0
LINE
8
BLACK
6
CONTINUOUS
10
1.8821063779527558
20
0.8873477559055117
11
1.881565748031496
21
0.8871408661417323
0
LINE
8
BLACK
6
CONTINUOUS
10
1.881565748031496
20
0.8871408661417323
11
1.8814599212598424
21
0.8871333858267716
0
LINE
8
BLACK
6
CONTINUOUS
10
1.8814599212598424
20
0.8871333858267716
11
1.8813619291338581
21
0.8870927559055118
0
LINE
8
BLACK
6
CONTINUOUS
10
1.8813619291338581
20
0.8870927559055118
11
1.8807858661417323
21
0.8870360236220473
0
LINE
8
BLACK
6
CONTINUOUS
10
1.8807858661417323
20
0.8870360236220473
11
1.8470401181102363
21
0.8870360236220473
0
LINE
8
BLACK
6
CONTINUOUS
10
1.8470401181102363
20
0.8870360236220473
11
1.8464640551181102
21
0.8870927559055118
0
LINE
8
BLACK
6
CONTINUOUS
10
1.8464640551181102
20
0.8870927559055118
11
1.8453996456692914
21
0.8875336614173228
0
LINE
8
BLACK
6
CONTINUOUS
10
1.8453996456692914
20
0.8875336614173228
11
1.8445849999999999
21
0.8883483070866142
0
LINE
8
BLACK
6
CONTINUOUS
10
1.8445849999999999
20
0.8883483070866142
11
1.8441440944881888
21
0.8894127165354331
0
LINE
8
BLACK
6
CONTINUOUS
10
1.8441440944881888
20
0.8894127165354331
11
1.8441440944881888
21
0.890564842519685
0
LINE
8
BLACK
6
CONTINUOUS
10
1.8441440944881888
20
0.890564842519685
11
1.8445849999999999
21
0.891629251968504
0
LINE
8
BLACK
6
CONTINUOUS
10
1.8445849999999999
20
0.891629251968504
11
1.8453996456692914
21
0.8924438976377953
0
LINE
8
BLACK
6
CONTINUOUS
10
1.8453996456692914
20
0.8924438976377953
11
1.8464640551181102
21
0.8928848031496063
0
LINE
8
BLACK
6
CONTINUOUS
10
1.8464640551181102
20
0.8928848031496063
11
1.8470401181102363
21
0.8929415354330709
0
LINE
8
BLACK
6
CONTINUOUS
10
1.8470401181102363
20
0.8929415354330709
11
1.8800888188976377
21
0.8929415354330709
0
LINE
8
BLACK
6
CONTINUOUS
10
1.8800888188976377
20
0.8929415354330709
11
1.8823345669291338
21
0.8940644094488189
0
LINE
8
BLACK
6
CONTINUOUS
10
1.8823345669291338
20
0.8940644094488189
11
1.8837691732283464
21
0.8969335826771654
0
LINE
8
BLACK
6
CONTINUOUS
10
1.8837691732283464
20
0.8969335826771654
11
1.8840775196850392
21
0.8974234645669291
0
LINE
8
BLACK
6
CONTINUOUS
10
1.8840775196850392
20
0.8974234645669291
11
1.8849479133858267
21
0.8981783070866142
0
LINE
8
BLACK
6
CONTINUOUS
10
1.8849479133858267
20
0.8981783070866142
11
1.8860408661417323
21
0.8985426377952755
0
LINE
8
BLACK
6
CONTINUOUS
10
1.8860408661417323
20
0.8985426377952755
11
1.8871900787401574
21
0.8984609842519685
0
LINE
8
BLACK
6
CONTINUOUS
10
2.0330492519685039
20
0.8928848031496063
11
2.0341136614173227
21
0.8924438976377953
0
LINE
8
BLACK
6
CONTINUOUS
10
2.0341136614173227
20
0.8924438976377953
11
2.0349283070866142
21
0.891629251968504
0
LINE
8
BLACK
6
CONTINUOUS
10
2.0349283070866142
20
0.891629251968504
11
2.0353692125984253
21
0.890564842519685
0
LINE
8
BLACK
6
CONTINUOUS
10
2.0353692125984253
20
0.890564842519685
11
2.0353692125984253
21
0.8894127165354331
0
LINE
8
BLACK
6
CONTINUOUS
10
2.0353692125984253
20
0.8894127165354331
11
2.0349283070866142
21
0.8883483070866142
0
LINE
8
BLACK
6
CONTINUOUS
10
2.0349283070866142
20
0.8883483070866142
11
2.0341136614173227
21
0.8875336614173228
0
LINE
8
BLACK
6
CONTINUOUS
10
2.0341136614173227
20
0.8875336614173228
11
2.0330492519685039
21
0.8870927559055118
0
LINE
8
BLACK
6
CONTINUOUS
10
2.0330492519685039
20
0.8870927559055118
11
2.0324731889763781
21
0.8870360236220473
0
LINE
8
BLACK
6
CONTINUOUS
10
2.0324731889763781
20
0.8870360236220473
11
2.0062264566929136
21
0.8870360236220473
0
LINE
8
BLACK
6
CONTINUOUS
10
2.0062264566929136
20
0.8870360236220473
11
2.0056503937007872
21
0.8870927559055118
0
LINE
8
BLACK
6
CONTINUOUS
10
2.0056503937007872
20
0.8870927559055118
11
2.0045859842519684
21
0.8875336614173228
0
LINE
8
BLACK
6
CONTINUOUS
10
2.0045859842519684
20
0.8875336614173228
11
2.003771338582677
21
0.8883483070866142
0
LINE
8
BLACK
6
CONTINUOUS
10
2.003771338582677
20
0.8883483070866142
11
2.0033304330708659
21
0.8894127165354331
0
LINE
8
BLACK
6
CONTINUOUS
10
2.0033304330708659
20
0.8894127165354331
11
2.0033304330708659
21
0.890564842519685
0
LINE
8
BLACK
6
CONTINUOUS
10
2.0033304330708659
20
0.890564842519685
11
2.003771338582677
21
0.891629251968504
0
LINE
8
BLACK
6
CONTINUOUS
10
2.003771338582677
20
0.891629251968504
11
2.0045859842519684
21
0.8924438976377953
0
LINE
8
BLACK
6
CONTINUOUS
10
2.0045859842519684
20
0.8924438976377953
11
2.0056503937007872
21
0.8928848031496063
0
LINE
8
BLACK
6
CONTINUOUS
10
2.0056503937007872
20
0.8928848031496063
11
2.0062264566929136
21
0.8929415354330709
0
LINE
8
BLACK
6
CONTINUOUS
10
2.0062264566929136
20
0.8929415354330709
11
2.0324731889763781
21
0.8929415354330709
0
LINE
8
BLACK
6
CONTINUOUS
10
2.0324731889763781
20
0.8929415354330709
11
2.0330492519685039
21
0.8928848031496063
0
LINE
8
BLACK
6
CONTINUOUS
10
2.0332530708661416
20
0.9172086220472441
11
2.0342835826771655
21
0.9166933464566929
0
LINE
8
BLACK
6
CONTINUOUS
10
2.0342835826771655
20
0.9166933464566929
11
2.0350384251968503
21
0.9158229921259843
0
LINE
8
BLACK
6
CONTINUOUS
10
2.0350384251968503
20
0.9158229921259843
11
2.0354027559055119
21
0.9147299999999999
0
LINE
8
BLACK
6
CONTINUOUS
10
2.0354027559055119
20
0.9147299999999999
11
2.0353211023622046
21
0.9135807874015748
0
LINE
8
BLACK
6
CONTINUOUS
10
2.0353211023622046
20
0.9135807874015748
11
2.0351142125984252
21
0.9130401968503937
0
LINE
8
BLACK
6
CONTINUOUS
10
2.0351142125984252
20
0.9130401968503937
11
2.0332394488188976
21
0.9092906692913386
0
LINE
8
BLACK
6
CONTINUOUS
10
2.0332394488188976
20
0.9092906692913386
11
2.0331787795275589
21
0.9091943307086614
0
LINE
8
BLACK
6
CONTINUOUS
10
2.0331787795275589
20
0.9091943307086614
11
2.0331636614173227
21
0.9091488976377953
0
LINE
8
BLACK
6
CONTINUOUS
10
2.0331636614173227
20
0.9091488976377953
11
2.0331146062992125
21
0.9090923622047243
0
LINE
8
BLACK
6
CONTINUOUS
10
2.0331146062992125
20
0.9090923622047243
11
2.0329311023622045
21
0.9088007874015748
0
LINE
8
BLACK
6
CONTINUOUS
10
2.0329311023622045
20
0.9088007874015748
11
2.0326512598425195
21
0.9085581496062992
0
LINE
8
BLACK
6
CONTINUOUS
10
2.0326512598425195
20
0.9085581496062992
11
2.0324087795275592
21
0.9082785039370078
0
LINE
8
BLACK
6
CONTINUOUS
10
2.0324087795275592
20
0.9082785039370078
11
2.0321172834645669
21
0.9080950393700787
0
LINE
8
BLACK
6
CONTINUOUS
10
2.0321172834645669
20
0.9080950393700787
11
2.0320607086614171
21
0.9080459448818897
0
LINE
8
BLACK
6
CONTINUOUS
10
2.0320607086614171
20
0.9080459448818897
11
2.0320152362204724
21
0.9080308267716535
0
LINE
8
BLACK
6
CONTINUOUS
10
2.0320152362204724
20
0.9080308267716535
11
2.0319189370078741
21
0.907970157480315
0
LINE
8
BLACK
6
CONTINUOUS
10
2.0319189370078741
20
0.907970157480315
11
2.0281693700787402
21
0.9060953937007874
0
LINE
8
BLACK
6
CONTINUOUS
10
2.0281693700787402
20
0.9060953937007874
11
2.0276287401574802
21
0.9058885039370078
0
LINE
8
BLACK
6
CONTINUOUS
10
2.0276287401574802
20
0.9058885039370078
11
2.0275229133858268
21
0.9058810236220473
0
LINE
8
BLACK
6
CONTINUOUS
10
2.0275229133858268
20
0.9058810236220473
11
2.0274249212598425
21
0.9058403937007874
0
LINE
8
BLACK
6
CONTINUOUS
10
2.0274249212598425
20
0.9058403937007874
11
2.0268488582677167
21
0.9057836614173228
0
LINE
8
BLACK
6
CONTINUOUS
10
2.0268488582677167
20
0.9057836614173228
11
1.9931031102362204
21
0.9057836614173228
0
LINE
8
BLACK
6
CONTINUOUS
10
1.9931031102362204
20
0.9057836614173228
11
1.9925270472440944
21
0.9058403937007874
0
LINE
8
BLACK
6
CONTINUOUS
10
1.9925270472440944
20
0.9058403937007874
11
1.9914626377952755
21
0.9062812992125984
0
LINE
8
BLACK
6
CONTINUOUS
10
1.9914626377952755
20
0.9062812992125984
11
1.9906479921259843
21
0.9070959448818897
0
LINE
8
BLACK
6
CONTINUOUS
10
1.9906479921259843
20
0.9070959448818897
11
1.9902070866141732
21
0.9081603543307086
0
LINE
8
BLACK
6
CONTINUOUS
10
1.9902070866141732
20
0.9081603543307086
11
1.9902070866141732
21
0.9093124803149606
0
LINE
8
BLACK
6
CONTINUOUS
10
1.9902070866141732
20
0.9093124803149606
11
1.9906479921259843
21
0.9103768897637795
0
LINE
8
BLACK
6
CONTINUOUS
10
1.9906479921259843
20
0.9103768897637795
11
1.9914626377952755
21
0.9111915354330709
0
LINE
8
BLACK
6
CONTINUOUS
10
1.9914626377952755
20
0.9111915354330709
11
1.9925270472440944
21
0.9116324409448818
0
LINE
8
BLACK
6
CONTINUOUS
10
1.9925270472440944
20
0.9116324409448818
11
1.9931031102362204
21
0.9116891732283464
0
LINE
8
BLACK
6
CONTINUOUS
10
1.9931031102362204
20
0.9116891732283464
11
2.0261518110236221
21
0.9116891732283464
0
LINE
8
BLACK
6
CONTINUOUS
10
2.0261518110236221
20
0.9116891732283464
11
2.0283975590551182
21
0.9128120472440945
0
LINE
8
BLACK
6
CONTINUOUS
10
2.0283975590551182
20
0.9128120472440945
11
2.0298321653543305
21
0.9156812204724409
0
LINE
8
BLACK
6
CONTINUOUS
10
2.0298321653543305
20
0.9156812204724409
11
2.0301405118110236
21
0.9161711023622047
0
LINE
8
BLACK
6
CONTINUOUS
10
2.0301405118110236
20
0.9161711023622047
11
2.0310109055118111
21
0.9169259448818897
0
LINE
8
BLACK
6
CONTINUOUS
10
2.0310109055118111
20
0.9169259448818897
11
2.0321038582677167
21
0.9172902755905512
0
LINE
8
BLACK
6
CONTINUOUS
10
2.0321038582677167
20
0.9172902755905512
11
2.0332530708661416
21
0.9172086220472441
0
LINE
8
BLACK
6
CONTINUOUS
10
1.8813619291338581
20
0.9285053543307087
11
1.8814599212598424
21
0.9284647637795276
0
LINE
8
BLACK
6
CONTINUOUS
10
1.8814599212598424
20
0.9284647637795276
11
1.881565748031496
21
0.9284572440944882
0
LINE
8
BLACK
6
CONTINUOUS
10
1.881565748031496
20
0.9284572440944882
11
1.8821063779527558
21
0.9282503543307087
0
LINE
8
BLACK
6
CONTINUOUS
10
1.8821063779527558
20
0.9282503543307087
11
1.8858559448818897
21
0.9263755905511811
0
LINE
8
BLACK
6
CONTINUOUS
10
1.8858559448818897
20
0.9263755905511811
11
1.8859522440944883
21
0.9263149606299212
0
LINE
8
BLACK
6
CONTINUOUS
10
1.8859522440944883
20
0.9263149606299212
11
1.8859977165354331
21
0.9262998031496062
0
LINE
8
BLACK
6
CONTINUOUS
10
1.8859977165354331
20
0.9262998031496062
11
1.8860542913385827
21
0.9262507480314961
0
LINE
8
BLACK
6
CONTINUOUS
10
1.8860542913385827
20
0.9262507480314961
11
1.8863457874015748
21
0.9260672440944882
0
LINE
8
BLACK
6
CONTINUOUS
10
1.8863457874015748
20
0.9260672440944882
11
1.8865882677165353
21
0.9257876377952756
0
LINE
8
BLACK
6
CONTINUOUS
10
1.8865882677165353
20
0.9257876377952756
11
1.8868681102362204
21
0.9255449606299212
0
LINE
8
BLACK
6
CONTINUOUS
10
1.8868681102362204
20
0.9255449606299212
11
1.8870516141732283
21
0.9252534251968504
0
LINE
8
BLACK
6
CONTINUOUS
10
1.8870516141732283
20
0.9252534251968504
11
1.8871006692913386
21
0.9251968503937008
0
LINE
8
BLACK
6
CONTINUOUS
10
1.8871006692913386
20
0.9251968503937008
11
1.8871157874015747
21
0.9251514566929133
0
LINE
8
BLACK
6
CONTINUOUS
10
1.8871157874015747
20
0.9251514566929133
11
1.8871764566929135
21
0.9250550787401575
0
LINE
8
BLACK
6
CONTINUOUS
10
1.8871764566929135
20
0.9250550787401575
11
1.889051220472441
21
0.9213055511811024
0
LINE
8
BLACK
6
CONTINUOUS
10
1.889051220472441
20
0.9213055511811024
11
1.8892581102362205
21
0.9207649606299212
0
LINE
8
BLACK
6
CONTINUOUS
10
1.8892581102362205
20
0.9207649606299212
11
1.8892656299212598
21
0.9206590944881889
0
LINE
8
BLACK
6
CONTINUOUS
10
1.8892656299212598
20
0.9206590944881889
11
1.8893062204724409
21
0.9205611023622047
0
LINE
8
BLACK
6
CONTINUOUS
10
1.8893062204724409
20
0.9205611023622047
11
1.8893629527559055
21
0.9199850393700787
0
LINE
8
BLACK
6
CONTINUOUS
10
1.8893629527559055
20
0.9199850393700787
11
1.8893629527559055
21
0.9124859842519685
0
LINE
8
BLACK
6
CONTINUOUS
10
1.8893629527559055
20
0.9124859842519685
11
1.8893062204724409
21
0.9119099212598425
0
LINE
8
BLACK
6
CONTINUOUS
10
1.8893062204724409
20
0.9119099212598425
11
1.8892656299212598
21
0.911811968503937
0
LINE
8
BLACK
6
CONTINUOUS
10
1.8892656299212598
20
0.911811968503937
11
1.8892581102362205
21
0.911706062992126
0
LINE
8
BLACK
6
CONTINUOUS
10
1.8892581102362205
20
0.911706062992126
11
1.889051220472441
21
0.9111654724409448
0
LINE
8
BLACK
6
CONTINUOUS
10
1.889051220472441
20
0.9111654724409448
11
1.8871764566929135
21
0.9074159448818897
0
LINE
8
BLACK
6
CONTINUOUS
10
1.8871764566929135
20
0.9074159448818897
11
1.8868681102362204
21
0.906926062992126
0
LINE
8
BLACK
6
CONTINUOUS
10
1.8868681102362204
20
0.906926062992126
11
1.8859977165354331
21
0.9061712204724409
0
LINE
8
BLACK
6
CONTINUOUS
10
1.8859977165354331
20
0.9061712204724409
11
1.8849047637795275
21
0.9058068897637795
0
LINE
8
BLACK
6
CONTINUOUS
10
1.8849047637795275
20
0.9058068897637795
11
1.8837555511811024
21
0.9058885433070866
0
LINE
8
BLACK
6
CONTINUOUS
10
1.8837555511811024
20
0.9058885433070866
11
1.8827250393700787
21
0.906403779527559
0
LINE
8
BLACK
6
CONTINUOUS
10
1.8827250393700787
20
0.906403779527559
11
1.8819701968503937
21
0.9072741732283465
0
LINE
8
BLACK
6
CONTINUOUS
10
1.8819701968503937
20
0.9072741732283465
11
1.8816058661417323
21
0.908367125984252
0
LINE
8
BLACK
6
CONTINUOUS
10
1.8816058661417323
20
0.908367125984252
11
1.8816875196850393
21
0.9095163385826771
0
LINE
8
BLACK
6
CONTINUOUS
10
1.8816875196850393
20
0.9095163385826771
11
1.8818944094488188
21
0.910056968503937
0
LINE
8
BLACK
6
CONTINUOUS
10
1.8818944094488188
20
0.910056968503937
11
1.8834574409448819
21
0.9131830314960629
0
LINE
8
BLACK
6
CONTINUOUS
10
1.8834574409448819
20
0.9131830314960629
11
1.8834574409448819
21
0.9192879921259842
0
LINE
8
BLACK
6
CONTINUOUS
10
1.8834574409448819
20
0.9192879921259842
11
1.8823345669291338
21
0.9215337401574802
0
LINE
8
BLACK
6
CONTINUOUS
10
1.8823345669291338
20
0.9215337401574802
11
1.8800888188976377
21
0.9226565748031496
0
LINE
8
BLACK
6
CONTINUOUS
10
1.8800888188976377
20
0.9226565748031496
11
1.8796081496062991
21
0.9226565748031496
0
LINE
8
BLACK
6
CONTINUOUS
10
1.8796081496062991
20
0.9226565748031496
11
1.8773624015748032
21
0.9215337401574802
0
LINE
8
BLACK
6
CONTINUOUS
10
1.8773624015748032
20
0.9215337401574802
11
1.8762395669291339
21
0.9192879921259842
0
LINE
8
BLACK
6
CONTINUOUS
10
1.8762395669291339
20
0.9192879921259842
11
1.8762395669291339
21
0.914360748031496
0
LINE
8
BLACK
6
CONTINUOUS
10
1.8762395669291339
20
0.914360748031496
11
1.8761828346456693
21
0.91378468503937
0
LINE
8
BLACK
6
CONTINUOUS
10
1.8761828346456693
20
0.91378468503937
11
1.8761422440944882
21
0.9136867322834645
0
LINE
8
BLACK
6
CONTINUOUS
10
1.8761422440944882
20
0.9136867322834645
11
1.8761347244094488
21
0.9135808267716535
0
LINE
8
BLACK
6
CONTINUOUS
10
1.8761347244094488
20
0.9135808267716535
11
1.8759278346456691
21
0.9130402362204724
0
LINE
8
BLACK
6
CONTINUOUS
10
1.8759278346456691
20
0.9130402362204724
11
1.8740530708661416
21
0.9092907086614173
0
LINE
8
BLACK
6
CONTINUOUS
10
1.8740530708661416
20
0.9092907086614173
11
1.8739924015748031
21
0.9091943700787402
0
LINE
8
BLACK
6
CONTINUOUS
10
1.8739924015748031
20
0.9091943700787402
11
1.8739772834645669
21
0.909148937007874
0
LINE
8
BLACK
6
CONTINUOUS
10
1.8739772834645669
20
0.909148937007874
11
1.8739282283464567
21
0.9090924015748031
0
LINE
8
BLACK
6
CONTINUOUS
10
1.8739282283464567
20
0.9090924015748031
11
1.8737447244094487
21
0.9088008267716535
0
LINE
8
BLACK
6
CONTINUOUS
10
1.8737447244094487
20
0.9088008267716535
11
1.8734649999999999
21
0.9085582677165354
0
LINE
8
BLACK
6
CONTINUOUS
10
1.8734649999999999
20
0.9085582677165354
11
1.8732224409448819
21
0.9082785433070866
0
LINE
8
BLACK
6
CONTINUOUS
10
1.8732224409448819
20
0.9082785433070866
11
1.8729308661417323
21
0.9080950393700787
0
LINE
8
BLACK
6
CONTINUOUS
10
1.8729308661417323
20
0.9080950393700787
11
1.8728743307086613
21
0.9080459842519685
0
LINE
8
BLACK
6
CONTINUOUS
10
1.8728743307086613
20
0.9080459842519685
11
1.8728288976377951
21
0.9080308661417322
0
LINE
8
BLACK
6
CONTINUOUS
10
1.8728288976377951
20
0.9080308661417322
11
1.872732559055118
21
0.9079701968503937
0
LINE
8
BLACK
6
CONTINUOUS
10
1.872732559055118
20
0.9079701968503937
11
1.8689830314960629
21
0.9060954330708662
0
LINE
8
BLACK
6
CONTINUOUS
10
1.8689830314960629
20
0.9060954330708662
11
1.8684424015748031
21
0.9058885433070866
0
LINE
8
BLACK
6
CONTINUOUS
10
1.8684424015748031
20
0.9058885433070866
11
1.8683365748031495
21
0.905881062992126
0
LINE
8
BLACK
6
CONTINUOUS
10
1.8683365748031495
20
0.905881062992126
11
1.8682385826771652
21
0.9058404330708661
0
LINE
8
BLACK
6
CONTINUOUS
10
1.8682385826771652
20
0.9058404330708661
11
1.8676625196850394
21
0.9057837007874016
0
LINE
8
BLACK
6
CONTINUOUS
10
1.8676625196850394
20
0.9057837007874016
11
1.8657877559055118
21
0.9057837007874016
0
LINE
8
BLACK
6
CONTINUOUS
10
1.8657877559055118
20
0.9057837007874016
11
1.8652116929133857
21
0.9058404330708661
0
LINE
8
BLACK
6
CONTINUOUS
10
1.8652116929133857
20
0.9058404330708661
11
1.8651137007874015
21
0.9058810236220473
0
LINE
8
BLACK
6
CONTINUOUS
10
1.8651137007874015
20
0.9058810236220473
11
1.8650078346456693
21
0.9058885433070866
0
LINE
8
BLACK
6
CONTINUOUS
10
1.8650078346456693
20
0.9058885433070866
11
1.8644672440944881
21
0.9060954330708662
0
LINE
8
BLACK
6
CONTINUOUS
10
1.8644672440944881
20
0.9060954330708662
11
1.8607177165354329
21
0.9079701968503937
0
LINE
8
BLACK
6
CONTINUOUS
10
1.8607177165354329
20
0.9079701968503937
11
1.8606213385826771
21
0.9080308661417322
0
LINE
8
BLACK
6
CONTINUOUS
10
1.8606213385826771
20
0.9080308661417322
11
1.8605759448818897
21
0.9080459842519685
0
LINE
8
BLACK
6
CONTINUOUS
10
1.8605759448818897
20
0.9080459842519685
11
1.8605193700787401
21
0.9080950393700787
0
LINE
8
BLACK
6
CONTINUOUS
10
1.8605193700787401
20
0.9080950393700787
11
1.8602278346456693
21
0.9082785433070866
0
LINE
8
BLACK
6
CONTINUOUS
10
1.8602278346456693
20
0.9082785433070866
11
1.8599852362204723
21
0.9085582677165354
0
LINE
8
BLACK
6
CONTINUOUS
10
1.8599852362204723
20
0.9085582677165354
11
1.8597055511811023
21
0.9088008267716535
0
LINE
8
BLACK
6
CONTINUOUS
10
1.8597055511811023
20
0.9088008267716535
11
1.8595220078740158
21
0.9090924015748031
0
LINE
8
BLACK
6
CONTINUOUS
10
1.8595220078740158
20
0.9090924015748031
11
1.8594729921259843
21
0.909148937007874
0
LINE
8
BLACK
6
CONTINUOUS
10
1.8594729921259843
20
0.909148937007874
11
1.8594578346456692
21
0.9091943700787402
0
LINE
8
BLACK
6
CONTINUOUS
10
1.8594578346456692
20
0.9091943700787402
11
1.8593972047244094
21
0.9092907086614173
0
LINE
8
BLACK
6
CONTINUOUS
10
1.8593972047244094
20
0.9092907086614173
11
1.8575224409448818
21
0.9130402362204724
0
LINE
8
BLACK
6
CONTINUOUS
10
1.8575224409448818
20
0.9130402362204724
11
1.8573155511811024
21
0.9135808661417323
0
LINE
8
BLACK
6
CONTINUOUS
10
1.8573155511811024
20
0.9135808661417323
11
1.857308031496063
21
0.9136866929133858
0
LINE
8
BLACK
6
CONTINUOUS
10
1.857308031496063
20
0.9136866929133858
11
1.8572674409448819
21
0.91378468503937
0
LINE
8
BLACK
6
CONTINUOUS
10
1.8572674409448819
20
0.91378468503937
11
1.8572107086614174
21
0.914360748031496
0
LINE
8
BLACK
6
CONTINUOUS
10
1.8572107086614174
20
0.914360748031496
11
1.8572107086614174
21
0.9199850393700787
0
LINE
8
BLACK
6
CONTINUOUS
10
1.8572107086614174
20
0.9199850393700787
11
1.8572674409448819
21
0.9205611023622047
0
LINE
8
BLACK
6
CONTINUOUS
10
1.8572674409448819
20
0.9205611023622047
11
1.857308031496063
21
0.9206591338582677
0
LINE
8
BLACK
6
CONTINUOUS
10
1.857308031496063
20
0.9206591338582677
11
1.8573155511811024
21
0.9207649212598426
0
LINE
8
BLACK
6
CONTINUOUS
10
1.8573155511811024
20
0.9207649212598426
11
1.8575224409448818
21
0.9213055511811024
0
LINE
8
BLACK
6
CONTINUOUS
10
1.8575224409448818
20
0.9213055511811024
11
1.8593972047244094
21
0.9250550787401575
0
LINE
8
BLACK
6
CONTINUOUS
10
1.8593972047244094
20
0.9250550787401575
11
1.8597055511811023
21
0.9255449606299212
0
LINE
8
BLACK
6
CONTINUOUS
10
1.8597055511811023
20
0.9255449606299212
11
1.8605759448818897
21
0.9262998031496062
0
LINE
8
BLACK
6
CONTINUOUS
10
1.8605759448818897
20
0.9262998031496062
11
1.8616688976377953
21
0.9266641338582677
0
LINE
8
BLACK
6
CONTINUOUS
10
1.8616688976377953
20
0.9266641338582677
11
1.8628181102362205
21
0.9265824803149606
0
LINE
8
BLACK
6
CONTINUOUS
10
1.8628181102362205
20
0.9265824803149606
11
1.8638486220472441
21
0.9260672047244094
0
LINE
8
BLACK
6
CONTINUOUS
10
1.8638486220472441
20
0.9260672047244094
11
1.8646034645669292
21
0.9251968503937008
0
LINE
8
BLACK
6
CONTINUOUS
10
1.8646034645669292
20
0.9251968503937008
11
1.8649677952755905
21
0.9241038582677165
0
LINE
8
BLACK
6
CONTINUOUS
10
1.8649677952755905
20
0.9241038582677165
11
1.8648861417322835
21
0.9229546456692913
0
LINE
8
BLACK
6
CONTINUOUS
10
1.8648861417322835
20
0.9229546456692913
11
1.8646792519685038
21
0.9224140551181103
0
LINE
8
BLACK
6
CONTINUOUS
10
1.8646792519685038
20
0.9224140551181103
11
1.863116220472441
21
0.9192879921259842
0
LINE
8
BLACK
6
CONTINUOUS
10
1.863116220472441
20
0.9192879921259842
11
1.863116220472441
21
0.9150577952755905
0
LINE
8
BLACK
6
CONTINUOUS
10
1.863116220472441
20
0.9150577952755905
11
1.8642390551181103
21
0.9128120866141732
0
LINE
8
BLACK
6
CONTINUOUS
10
1.8642390551181103
20
0.9128120866141732
11
1.8664848031496062
21
0.9116892125984252
0
LINE
8
BLACK
6
CONTINUOUS
10
1.8664848031496062
20
0.9116892125984252
11
1.8669654724409448
21
0.9116892125984252
0
LINE
8
BLACK
6
CONTINUOUS
10
1.8669654724409448
20
0.9116892125984252
11
1.8692111811023622
21
0.9128120866141732
0
LINE
8
BLACK
6
CONTINUOUS
10
1.8692111811023622
20
0.9128120866141732
11
1.8703340551181102
21
0.9150577952755905
0
LINE
8
BLACK
6
CONTINUOUS
10
1.8703340551181102
20
0.9150577952755905
11
1.8703340551181102
21
0.9199850393700787
0
LINE
8
BLACK
6
CONTINUOUS
10
1.8703340551181102
20
0.9199850393700787
11
1.8703907874015748
21
0.9205611023622047
0
LINE
8
BLACK
6
CONTINUOUS
10
1.8703907874015748
20
0.9205611023622047
11
1.8704313779527559
21
0.9206591338582677
0
LINE
8
BLACK
6
CONTINUOUS
10
1.8704313779527559
20
0.9206591338582677
11
1.8704388976377953
21
0.9207649212598426
0
LINE
8
BLACK
6
CONTINUOUS
10
1.8704388976377953
20
0.9207649212598426
11
1.8706457874015747
21
0.9213055511811024
0
LINE
8
BLACK
6
CONTINUOUS
10
1.8706457874015747
20
0.9213055511811024
11
1.8725205511811023
21
0.9250550787401575
0
LINE
8
BLACK
6
CONTINUOUS
10
1.8725205511811023
20
0.9250550787401575
11
1.8725811811023623
21
0.9251514566929133
0
LINE
8
BLACK
6
CONTINUOUS
10
1.8725811811023623
20
0.9251514566929133
11
1.8725963385826772
21
0.9251968503937008
0
LINE
8
BLACK
6
CONTINUOUS
10
1.8725963385826772
20
0.9251968503937008
11
1.8726453543307087
21
0.9252534251968504
0
LINE
8
BLACK
6
CONTINUOUS
10
1.8726453543307087
20
0.9252534251968504
11
1.8728288976377951
21
0.9255449606299212
0
LINE
8
BLACK
6
CONTINUOUS
10
1.8728288976377951
20
0.9255449606299212
11
1.8731085826771654
21
0.9257875590551181
0
LINE
8
BLACK
6
CONTINUOUS
10
1.8731085826771654
20
0.9257875590551181
11
1.8733511811023622
21
0.9260672440944882
0
LINE
8
BLACK
6
CONTINUOUS
10
1.8733511811023622
20
0.9260672440944882
11
1.873642716535433
21
0.9262507874015747
0
LINE
8
BLACK
6
CONTINUOUS
10
1.873642716535433
20
0.9262507874015747
11
1.8736992913385826
21
0.9262998031496062
0
LINE
8
BLACK
6
CONTINUOUS
10
1.8736992913385826
20
0.9262998031496062
11
1.87374468503937
21
0.9263149606299212
0
LINE
8
BLACK
6
CONTINUOUS
10
1.87374468503937
20
0.9263149606299212
11
1.873841062992126
21
0.9263755905511811
0
LINE
8
BLACK
6
CONTINUOUS
10
1.873841062992126
20
0.9263755905511811
11
1.8775905905511812
21
0.9282503543307087
0
LINE
8
BLACK
6
CONTINUOUS
10
1.8775905905511812
20
0.9282503543307087
11
1.8781311811023622
21
0.9284572440944882
0
LINE
8
BLACK
6
CONTINUOUS
10
1.8781311811023622
20
0.9284572440944882
11
1.8782370472440943
21
0.9284648031496063
0
LINE
8
BLACK
6
CONTINUOUS
10
1.8782370472440943
20
0.9284648031496063
11
1.8783350393700786
21
0.9285053543307087
0
LINE
8
BLACK
6
CONTINUOUS
10
1.8783350393700786
20
0.9285053543307087
11
1.8789111023622047
21
0.9285620866141732
0
LINE
8
BLACK
6
CONTINUOUS
10
1.8789111023622047
20
0.9285620866141732
11
1.8807858661417323
21
0.9285620866141732
0
LINE
8
BLACK
6
CONTINUOUS
10
1.8807858661417323
20
0.9285620866141732
11
1.8813619291338581
21
0.9285053543307087
0
LINE
8
BLACK
6
CONTINUOUS
10
2.0274249212598425
20
0.9472529921259842
11
2.0275229133858268
21
0.9472124015748031
0
LINE
8
BLACK
6
CONTINUOUS
10
2.0275229133858268
20
0.9472124015748031
11
2.0276287401574802
21
0.9472048818897637
0
LINE
8
BLACK
6
CONTINUOUS
10
2.0276287401574802
20
0.9472048818897637
11
2.0281693700787402
21
0.9469979921259842
0
LINE
8
BLACK
6
CONTINUOUS
10
2.0281693700787402
20
0.9469979921259842
11
2.0319189370078741
21
0.9451232283464567
0
LINE
8
BLACK
6
CONTINUOUS
10
2.0319189370078741
20
0.9451232283464567
11
2.0320152362204724
21
0.9450625984251968
0
LINE
8
BLACK
6
CONTINUOUS
10
2.0320152362204724
20
0.9450625984251968
11
2.0320607086614171
21
0.9450474409448819
0
LINE
8
BLACK
6
CONTINUOUS
10
2.0320607086614171
20
0.9450474409448819
11
2.0321172834645669
21
0.9449983858267716
0
LINE
8
BLACK
6
CONTINUOUS
10
2.0321172834645669
20
0.9449983858267716
11
2.0324087795275592
21
0.9448148818897638
0
LINE
8
BLACK
6
CONTINUOUS
10
2.0324087795275592
20
0.9448148818897638
11
2.0326512598425195
21
0.9445352755905512
0
LINE
8
BLACK
6
CONTINUOUS
10
2.0326512598425195
20
0.9445352755905512
11
2.0329311023622045
21
0.9442925984251969
0
LINE
8
BLACK
6
CONTINUOUS
10
2.0329311023622045
20
0.9442925984251969
11
2.0331146062992125
21
0.9440010629921259
0
LINE
8
BLACK
6
CONTINUOUS
10
2.0331146062992125
20
0.9440010629921259
11
2.0331636614173227
21
0.9439444881889764
0
LINE
8
BLACK
6
CONTINUOUS
10
2.0331636614173227
20
0.9439444881889764
11
2.0331787795275589
21
0.943899094488189
0
LINE
8
BLACK
6
CONTINUOUS
10
2.0331787795275589
20
0.943899094488189
11
2.0332394488188976
21
0.943802716535433
0
LINE
8
BLACK
6
CONTINUOUS
10
2.0332394488188976
20
0.943802716535433
11
2.0351142125984252
21
0.9400531889763779
0
LINE
8
BLACK
6
CONTINUOUS
10
2.0351142125984252
20
0.9400531889763779
11
2.0353211023622046
21
0.9395125984251969
0
LINE
8
BLACK
6
CONTINUOUS
10
2.0353211023622046
20
0.9395125984251969
11
2.0353286220472442
21
0.9394067322834645
0
LINE
8
BLACK
6
CONTINUOUS
10
2.0353286220472442
20
0.9394067322834645
11
2.0353692125984253
21
0.9393087401574803
0
LINE
8
BLACK
6
CONTINUOUS
10
2.0353692125984253
20
0.9393087401574803
11
2.0354259448818897
21
0.9387326771653544
0
LINE
8
BLACK
6
CONTINUOUS
10
2.0354259448818897
20
0.9387326771653544
11
2.0354259448818897
21
0.931233622047244
0
LINE
8
BLACK
6
CONTINUOUS
10
2.0354259448818897
20
0.931233622047244
11
2.0353692125984253
21
0.930657559055118
0
LINE
8
BLACK
6
CONTINUOUS
10
2.0353692125984253
20
0.930657559055118
11
2.0353286220472442
21
0.9305596062992125
0
LINE
8
BLACK
6
CONTINUOUS
10
2.0353286220472442
20
0.9305596062992125
11
2.0353211023622046
21
0.9304537007874015
0
LINE
8
BLACK
6
CONTINUOUS
10
2.0353211023622046
20
0.9304537007874015
11
2.0351142125984252
21
0.9299131102362205
0
LINE
8
BLACK
6
CONTINUOUS
10
2.0351142125984252
20
0.9299131102362205
11
2.0332394488188976
21
0.9261635826771654
0
LINE
8
BLACK
6
CONTINUOUS
10
2.0332394488188976
20
0.9261635826771654
11
2.0329311023622045
21
0.9256737007874015
0
LINE
8
BLACK
6
CONTINUOUS
10
2.0329311023622045
20
0.9256737007874015
11
2.0320607086614171
21
0.9249188582677165
0
LINE
8
BLACK
6
CONTINUOUS
10
2.0320607086614171
20
0.9249188582677165
11
2.0309677559055119
21
0.9245545275590551
0
LINE
8
BLACK
6
CONTINUOUS
10
2.0309677559055119
20
0.9245545275590551
11
2.0298185433070866
21
0.9246361811023622
0
LINE
8
BLACK
6
CONTINUOUS
10
2.0298185433070866
20
0.9246361811023622
11
2.0287880314960631
21
0.9251514173228347
0
LINE
8
BLACK
6
CONTINUOUS
10
2.0287880314960631
20
0.9251514173228347
11
2.0280331889763779
21
0.926021811023622
0
LINE
8
BLACK
6
CONTINUOUS
10
2.0280331889763779
20
0.926021811023622
11
2.0276688582677167
21
0.9271147637795275
0
LINE
8
BLACK
6
CONTINUOUS
10
2.0276688582677167
20
0.9271147637795275
11
2.0277505118110235
21
0.9282639763779528
0
LINE
8
BLACK
6
CONTINUOUS
10
2.0277505118110235
20
0.9282639763779528
11
2.027957401574803
21
0.9288046062992126
0
LINE
8
BLACK
6
CONTINUOUS
10
2.027957401574803
20
0.9288046062992126
11
2.029520433070866
21
0.9319306692913386
0
LINE
8
BLACK
6
CONTINUOUS
10
2.029520433070866
20
0.9319306692913386
11
2.029520433070866
21
0.9380356299212598
0
LINE
8
BLACK
6
CONTINUOUS
10
2.029520433070866
20
0.9380356299212598
11
2.0283975590551182
21
0.9402813779527559
0
LINE
8
BLACK
6
CONTINUOUS
10
2.0283975590551182
20
0.9402813779527559
11
2.0261518110236221
21
0.9414042125984252
0
LINE
8
BLACK
6
CONTINUOUS
10
2.0261518110236221
20
0.9414042125984252
11
2.0256711417322832
21
0.9414042125984252
0
LINE
8
BLACK
6
CONTINUOUS
10
2.0256711417322832
20
0.9414042125984252
11
2.0234253937007876
21
0.9402813779527559
0
LINE
8
BLACK
6
CONTINUOUS
10
2.0234253937007876
20
0.9402813779527559
11
2.022302559055118
21
0.9380356299212598
0
LINE
8
BLACK
6
CONTINUOUS
10
2.022302559055118
20
0.9380356299212598
11
2.022302559055118
21
0.9331083858267716
0
LINE
8
BLACK
6
CONTINUOUS
10
2.022302559055118
20
0.9331083858267716
11
2.0222458267716537
21
0.9325323228346456
0
LINE
8
BLACK
6
CONTINUOUS
10
2.0222458267716537
20
0.9325323228346456
11
2.0222052362204725
21
0.9324343700787401
0
LINE
8
BLACK
6
CONTINUOUS
10
2.0222052362204725
20
0.9324343700787401
11
2.022197716535433
21
0.9323284645669291
0
LINE
8
BLACK
6
CONTINUOUS
10
2.022197716535433
20
0.9323284645669291
11
2.0219908267716535
21
0.931787874015748
0
LINE
8
BLACK
6
CONTINUOUS
10
2.0219908267716535
20
0.931787874015748
11
2.020116062992126
21
0.9280383464566929
0
LINE
8
BLACK
6
CONTINUOUS
10
2.020116062992126
20
0.9280383464566929
11
2.0200553937007872
21
0.9279420078740157
0
LINE
8
BLACK
6
CONTINUOUS
10
2.0200553937007872
20
0.9279420078740157
11
2.0200402755905511
21
0.9278965748031496
0
LINE
8
BLACK
6
CONTINUOUS
10
2.0200402755905511
20
0.9278965748031496
11
2.0199912204724408
21
0.9278400393700788
0
LINE
8
BLACK
6
CONTINUOUS
10
2.0199912204724408
20
0.9278400393700788
11
2.0198077165354329
21
0.9275484645669291
0
LINE
8
BLACK
6
CONTINUOUS
10
2.0198077165354329
20
0.9275484645669291
11
2.0195279921259841
21
0.927305905511811
0
LINE
8
BLACK
6
CONTINUOUS
10
2.0195279921259841
20
0.927305905511811
11
2.0192854330708663
21
0.9270261811023622
0
LINE
8
BLACK
6
CONTINUOUS
10
2.0192854330708663
20
0.9270261811023622
11
2.0189938582677165
21
0.9268426771653543
0
LINE
8
BLACK
6
CONTINUOUS
10
2.0189938582677165
20
0.9268426771653543
11
2.0189373228346454
21
0.926793622047244
0
LINE
8
BLACK
6
CONTINUOUS
10
2.0189373228346454
20
0.926793622047244
11
2.0188918897637795
21
0.9267785039370079
0
LINE
8
BLACK
6
CONTINUOUS
10
2.0188918897637795
20
0.9267785039370079
11
2.0187955511811024
21
0.9267178346456693
0
LINE
8
BLACK
6
CONTINUOUS
10
2.0187955511811024
20
0.9267178346456693
11
2.0150460236220473
21
0.9248430708661417
0
LINE
8
BLACK
6
CONTINUOUS
10
2.0150460236220473
20
0.9248430708661417
11
2.0145053937007873
21
0.9246361811023622
0
LINE
8
BLACK
6
CONTINUOUS
10
2.0145053937007873
20
0.9246361811023622
11
2.0143995669291339
21
0.9246287007874016
0
LINE
8
BLACK
6
CONTINUOUS
10
2.0143995669291339
20
0.9246287007874016
11
2.0143015748031496
21
0.9245880708661417
0
LINE
8
BLACK
6
CONTINUOUS
10
2.0143015748031496
20
0.9245880708661417
11
2.0137255118110238
21
0.9245313385826771
0
LINE
8
BLACK
6
CONTINUOUS
10
2.0137255118110238
20
0.9245313385826771
11
2.0118507480314962
21
0.9245313385826771
0
LINE
8
BLACK
6
CONTINUOUS
10
2.0118507480314962
20
0.9245313385826771
11
2.0112746850393699
21
0.9245880708661417
0
LINE
8
BLACK
6
CONTINUOUS
10
2.0112746850393699
20
0.9245880708661417
11
2.0111766929133856
21
0.9246286614173228
0
LINE
8
BLACK
6
CONTINUOUS
10
2.0111766929133856
20
0.9246286614173228
11
2.0110708267716535
21
0.9246361811023622
0
LINE
8
BLACK
6
CONTINUOUS
10
2.0110708267716535
20
0.9246361811023622
11
2.0105302362204722
21
0.9248430708661417
0
LINE
8
BLACK
6
CONTINUOUS
10
2.0105302362204722
20
0.9248430708661417
11
2.0067807086614171
21
0.9267178346456693
0
LINE
8
BLACK
6
CONTINUOUS
10
2.0067807086614171
20
0.9267178346456693
11
2.0066843307086613
21
0.9267785039370079
0
LINE
8
BLACK
6
CONTINUOUS
10
2.0066843307086613
20
0.9267785039370079
11
2.0066389370078741
21
0.926793622047244
0
LINE
8
BLACK
6
CONTINUOUS
10
2.0066389370078741
20
0.926793622047244
11
2.0065823622047243
21
0.9268426771653543
0
LINE
8
BLACK
6
CONTINUOUS
10
2.0065823622047243
20
0.9268426771653543
11
2.0062908267716537
21
0.9270261811023622
0
LINE
8
BLACK
6
CONTINUOUS
10
2.0062908267716537
20
0.9270261811023622
11
2.0060482283464567
21
0.927305905511811
0
LINE
8
BLACK
6
CONTINUOUS
10
2.0060482283464567
20
0.927305905511811
11
2.0057685433070866
21
0.9275484645669291
0
LINE
8
BLACK
6
CONTINUOUS
10
2.0057685433070866
20
0.9275484645669291
11
2.005585
21
0.9278400393700788
0
LINE
8
BLACK
6
CONTINUOUS
10
2.005585
20
0.9278400393700788
11
2.0055359842519684
21
0.9278965748031496
0
LINE
8
BLACK
6
CONTINUOUS
10
2.0055359842519684
20
0.9278965748031496
11
2.0055208267716536
21
0.9279420078740157
0
LINE
8
BLACK
6
CONTINUOUS
10
2.0055208267716536
20
0.9279420078740157
11
2.0054601968503936
21
0.9280383464566929
0
LINE
8
BLACK
6
CONTINUOUS
10
2.0054601968503936
20
0.9280383464566929
11
2.003585433070866
21
0.931787874015748
0
LINE
8
BLACK
6
CONTINUOUS
10
2.003585433070866
20
0.931787874015748
11
2.0033785433070865
21
0.9323285039370078
0
LINE
8
BLACK
6
CONTINUOUS
10
2.0033785433070865
20
0.9323285039370078
11
2.003371023622047
21
0.9324343307086614
0
LINE
8
BLACK
6
CONTINUOUS
10
2.003371023622047
20
0.9324343307086614
11
2.0033304330708659
21
0.9325323228346456
0
LINE
8
BLACK
6
CONTINUOUS
10
2.0033304330708659
20
0.9325323228346456
11
2.0032737007874015
21
0.9331083858267716
0
LINE
8
BLACK
6
CONTINUOUS
10
2.0032737007874015
20
0.9331083858267716
11
2.0032737007874015
21
0.9387326771653544
0
LINE
8
BLACK
6
CONTINUOUS
10
2.0032737007874015
20
0.9387326771653544
11
2.0033304330708659
21
0.9393087401574803
0
LINE
8
BLACK
6
CONTINUOUS
10
2.0033304330708659
20
0.9393087401574803
11
2.003371023622047
21
0.9394067716535432
0
LINE
8
BLACK
6
CONTINUOUS
10
2.003371023622047
20
0.9394067716535432
11
2.0033785433070865
21
0.9395125590551181
0
LINE
8
BLACK
6
CONTINUOUS
10
2.0033785433070865
20
0.9395125590551181
11
2.003585433070866
21
0.9400531889763779
0
LINE
8
BLACK
6
CONTINUOUS
10
2.003585433070866
20
0.9400531889763779
11
2.0054601968503936
21
0.943802716535433
0
LINE
8
BLACK
6
CONTINUOUS
10
2.0054601968503936
20
0.943802716535433
11
2.0057685433070866
21
0.9442925984251969
0
LINE
8
BLACK
6
CONTINUOUS
10
2.0057685433070866
20
0.9442925984251969
11
2.0066389370078741
21
0.9450474409448819
0
LINE
8
BLACK
6
CONTINUOUS
10
2.0066389370078741
20
0.9450474409448819
11
2.0077318897637797
21
0.9454117716535433
0
LINE
8
BLACK
6
CONTINUOUS
10
2.0077318897637797
20
0.9454117716535433
11
2.0088811023622046
21
0.9453301181102362
0
LINE
8
BLACK
6
CONTINUOUS
10
2.0088811023622046
20
0.9453301181102362
11
2.0099116141732285
21
0.9448148425196851
0
LINE
8
BLACK
6
CONTINUOUS
10
2.0099116141732285
20
0.9448148425196851
11
2.0106664566929133
21
0.9439444881889764
0
LINE
8
BLACK
6
CONTINUOUS
10
2.0106664566929133
20
0.9439444881889764
11
2.0110307874015749
21
0.9428514960629921
0
LINE
8
BLACK
6
CONTINUOUS
10
2.0110307874015749
20
0.9428514960629921
11
2.0109491338582677
21
0.9417022834645669
0
LINE
8
BLACK
6
CONTINUOUS
10
2.0109491338582677
20
0.9417022834645669
11
2.0107422440944882
21
0.9411616929133858
0
LINE
8
BLACK
6
CONTINUOUS
10
2.0107422440944882
20
0.9411616929133858
11
2.0091792125984251
21
0.9380356299212598
0
LINE
8
BLACK
6
CONTINUOUS
10
2.0091792125984251
20
0.9380356299212598
11
2.0091792125984251
21
0.9338054330708662
0
LINE
8
BLACK
6
CONTINUOUS
10
2.0091792125984251
20
0.9338054330708662
11
2.0103020472440942
21
0.9315597244094488
0
LINE
8
BLACK
6
CONTINUOUS
10
2.0103020472440942
20
0.9315597244094488
11
2.0125477952755904
21
0.9304368503937007
0
LINE
8
BLACK
6
CONTINUOUS
10
2.0125477952755904
20
0.9304368503937007
11
2.0130284645669292
21
0.9304368503937007
0
LINE
8
BLACK
6
CONTINUOUS
10
2.0130284645669292
20
0.9304368503937007
11
2.0152741732283466
21
0.9315597244094488
0
LINE
8
BLACK
6
CONTINUOUS
10
2.0152741732283466
20
0.9315597244094488
11
2.0163970472440944
21
0.9338054330708662
0
LINE
8
BLACK
6
CONTINUOUS
10
2.0163970472440944
20
0.9338054330708662
11
2.0163970472440944
21
0.9387326771653544
0
LINE
8
BLACK
6
CONTINUOUS
10
2.0163970472440944
20
0.9387326771653544
11
2.0164537795275592
21
0.9393087401574803
0
LINE
8
BLACK
6
CONTINUOUS
10
2.0164537795275592
20
0.9393087401574803
11
2.0164943700787403
21
0.9394067716535432
0
LINE
8
BLACK
6
CONTINUOUS
10
2.0164943700787403
20
0.9394067716535432
11
2.0165018897637794
21
0.9395125590551181
0
LINE
8
BLACK
6
CONTINUOUS
10
2.0165018897637794
20
0.9395125590551181
11
2.0167087795275589
21
0.9400531889763779
0
LINE
8
BLACK
6
CONTINUOUS
10
2.0167087795275589
20
0.9400531889763779
11
2.0185835433070864
21
0.943802716535433
0
LINE
8
BLACK
6
CONTINUOUS
10
2.0185835433070864
20
0.943802716535433
11
2.0186441732283464
21
0.943899094488189
0
LINE
8
BLACK
6
CONTINUOUS
10
2.0186441732283464
20
0.943899094488189
11
2.0186593307086613
21
0.9439444881889764
0
LINE
8
BLACK
6
CONTINUOUS
10
2.0186593307086613
20
0.9439444881889764
11
2.0187083464566928
21
0.9440010629921259
0
LINE
8
BLACK
6
CONTINUOUS
10
2.0187083464566928
20
0.9440010629921259
11
2.0188918897637795
21
0.9442925984251969
0
LINE
8
BLACK
6
CONTINUOUS
10
2.0188918897637795
20
0.9442925984251969
11
2.0191715748031496
21
0.9445351968503937
0
LINE
8
BLACK
6
CONTINUOUS
10
2.0191715748031496
20
0.9445351968503937
11
2.0194141732283466
21
0.9448148818897638
0
LINE
8
BLACK
6
CONTINUOUS
10
2.0194141732283466
20
0.9448148818897638
11
2.0197057086614172
21
0.9449984251968504
0
LINE
8
BLACK
6
CONTINUOUS
10
2.0197057086614172
20
0.9449984251968504
11
2.019762283464567
21
0.9450474409448819
0
LINE
8
BLACK
6
CONTINUOUS
10
2.019762283464567
20
0.9450474409448819
11
2.0198076771653541
21
0.9450625984251968
0
LINE
8
BLACK
6
CONTINUOUS
10
2.0198076771653541
20
0.9450625984251968
11
2.01990405511811
21
0.9451232283464567
0
LINE
8
BLACK
6
CONTINUOUS
10
2.01990405511811
20
0.9451232283464567
11
2.0236535826771651
21
0.9469979921259842
0
LINE
8
BLACK
6
CONTINUOUS
10
2.0236535826771651
20
0.9469979921259842
11
2.0241941732283464
21
0.9472048818897637
0
LINE
8
BLACK
6
CONTINUOUS
10
2.0241941732283464
20
0.9472048818897637
11
2.0243000393700785
21
0.9472124409448819
0
LINE
8
BLACK
6
CONTINUOUS
10
2.0243000393700785
20
0.9472124409448819
11
2.0243980314960628
21
0.9472529921259842
0
LINE
8
BLACK
6
CONTINUOUS
10
2.0243980314960628
20
0.9472529921259842
11
2.0249740944881891
21
0.9473097244094488
0
LINE
8
BLACK
6
CONTINUOUS
10
2.0249740944881891
20
0.9473097244094488
11
2.0268488582677167
21
0.9473097244094488
0
LINE
8
BLACK
6
CONTINUOUS
10
2.0268488582677167
20
0.9473097244094488
11
2.0274249212598425
21
0.9472529921259842
0
LINE
8
BLACK
6
CONTINUOUS
10
1.5564757086614174
20
1.5318277559055118
11
1.5570128740157481
21
1.5316120866141731
0
LINE
8
BLACK
6
CONTINUOUS
10
1.5570128740157481
20
1.5316120866141731
11
1.5970472440944881
21
1.5107715354330709
0
LINE
8
BLACK
6
CONTINUOUS
10
1.5970472440944881
20
1.5107715354330709
11
1.5970472440944881
21
1.5289929133858267
0
LINE
8
BLACK
6
CONTINUOUS
10
1.5970472440944881
20
1.5289929133858267
11
1.5971039763779526
21
1.5295689763779527
0
LINE
8
BLACK
6
CONTINUOUS
10
1.5971039763779526
20
1.5295689763779527
11
1.5975448818897637
21
1.5306333858267716
0
LINE
8
BLACK
6
CONTINUOUS
10
1.5975448818897637
20
1.5306333858267716
11
1.598359527559055
21
1.531448031496063
0
LINE
8
BLACK
6
CONTINUOUS
10
1.598359527559055
20
1.531448031496063
11
1.599423937007874
21
1.5318889370078739
0
LINE
8
BLACK
6
CONTINUOUS
10
1.599423937007874
20
1.5318889370078739
11
1.600576062992126
21
1.5318889370078739
0
LINE
8
BLACK
6
CONTINUOUS
10
1.600576062992126
20
1.5318889370078739
11
1.6016404724409448
21
1.531448031496063
0
LINE
8
BLACK
6
CONTINUOUS
10
1.6016404724409448
20
1.531448031496063
11
1.6024551181102362
21
1.5306333858267716
0
LINE
8
BLACK
6
CONTINUOUS
10
1.6024551181102362
20
1.5306333858267716
11
1.6028960236220473
21
1.5295689763779527
0
LINE
8
BLACK
6
CONTINUOUS
10
1.6028960236220473
20
1.5295689763779527
11
1.6029527559055117
21
1.5289929133858267
0
LINE
8
BLACK
6
CONTINUOUS
10
1.6029527559055117
20
1.5289929133858267
11
1.6029527559055117
21
1.2196850393700787
0
LINE
8
BLACK
6
CONTINUOUS
10
1.6029527559055117
20
1.2196850393700787
11
1.6028960236220473
21
1.2191089763779528
0
LINE
8
BLACK
6
CONTINUOUS
10
1.6028960236220473
20
1.2191089763779528
11
1.6024551181102362
21
1.2180445669291338
0
LINE
8
BLACK
6
CONTINUOUS
10
1.6024551181102362
20
1.2180445669291338
11
1.6016404724409448
21
1.2172299212598425
0
LINE
8
BLACK
6
CONTINUOUS
10
1.6016404724409448
20
1.2172299212598425
11
1.600576062992126
21
1.2167890157480314
0
LINE
8
BLACK
6
CONTINUOUS
10
1.600576062992126
20
1.2167890157480314
11
1.599423937007874
21
1.2167890157480314
0
LINE
8
BLACK
6
CONTINUOUS
10
1.599423937007874
20
1.2167890157480314
11
1.598359527559055
21
1.2172299212598425
0
LINE
8
BLACK
6
CONTINUOUS
10
1.598359527559055
20
1.2172299212598425
11
1.5975448818897637
21
1.2180445669291338
0
LINE
8
BLACK
6
CONTINUOUS
10
1.5975448818897637
20
1.2180445669291338
11
1.5971039763779526
21
1.2191089763779528
0
LINE
8
BLACK
6
CONTINUOUS
10
1.5971039763779526
20
1.2191089763779528
11
1.5970472440944881
21
1.2196850393700787
0
LINE
8
BLACK
6
CONTINUOUS
10
1.5970472440944881
20
1.2196850393700787
11
1.5970472440944881
21
1.5010395275590551
0
LINE
8
BLACK
6
CONTINUOUS
10
1.5970472440944881
20
1.5010395275590551
11
1.5570128740157481
21
1.4801989370078741
0
LINE
8
BLACK
6
CONTINUOUS
10
1.5570128740157481
20
1.4801989370078741
11
1.5564757086614174
21
1.4799832677165354
0
LINE
8
BLACK
6
CONTINUOUS
10
1.5564757086614174
20
1.4799832677165354
11
1.5553279921259842
21
1.4798828740157479
0
LINE
8
BLACK
6
CONTINUOUS
10
1.5553279921259842
20
1.4798828740157479
11
1.5542292125984252
21
1.4802292913385826
0
LINE
8
BLACK
6
CONTINUOUS
10
1.5542292125984252
20
1.4802292913385826
11
1.5533466535433071
21
1.4809698425196851
0
LINE
8
BLACK
6
CONTINUOUS
10
1.5533466535433071
20
1.4809698425196851
11
1.5528146456692913
21
1.4819918110236221
0
LINE
8
BLACK
6
CONTINUOUS
10
1.5528146456692913
20
1.4819918110236221
11
1.552714251968504
21
1.4831395275590551
0
LINE
8
BLACK
6
CONTINUOUS
10
1.552714251968504
20
1.4831395275590551
11
1.5530606692913385
21
1.4842383070866141
0
LINE
8
BLACK
6
CONTINUOUS
10
1.5530606692913385
20
1.4842383070866141
11
1.553801220472441
21
1.4851208661417323
0
LINE
8
BLACK
6
CONTINUOUS
10
1.553801220472441
20
1.4851208661417323
11
1.5542860236220473
21
1.4854372047244093
0
LINE
8
BLACK
6
CONTINUOUS
10
1.5542860236220473
20
1.4854372047244093
11
1.5879330708661417
21
1.5029527559055118
0
LINE
8
BLACK
6
CONTINUOUS
10
1.5879330708661417
20
1.5029527559055118
11
0.4120669291338583
21
1.5029527559055118
0
LINE
8
BLACK
6
CONTINUOUS
10
0.4120669291338583
20
1.5029527559055118
11
0.4457139763779527
21
1.4854372047244093
0
LINE
8
BLACK
6
CONTINUOUS
10
0.4457139763779527
20
1.4854372047244093
11
0.4461987401574803
21
1.4851208661417323
0
LINE
8
BLACK
6
CONTINUOUS
10
0.4461987401574803
20
1.4851208661417323
11
0.4469392913385827
21
1.4842383070866141
0
LINE
8
BLACK
6
CONTINUOUS
10
0.4469392913385827
20
1.4842383070866141
11
0.4472857480314961
21
1.4831395275590551
0
LINE
8
BLACK
6
CONTINUOUS
10
0.4472857480314961
20
1.4831395275590551
11
0.4471853543307087
21
1.4819918110236221
0
LINE
8
BLACK
6
CONTINUOUS
10
0.4471853543307087
20
1.4819918110236221
11
0.4466533464566929
21
1.4809698818897636
0
LINE
8
BLACK
6
CONTINUOUS
10
0.4466533464566929
20
1.4809698818897636
11
0.4457707874015748
21
1.4802293307086614
0
LINE
8
BLACK
6
CONTINUOUS
10
0.4457707874015748
20
1.4802293307086614
11
0.4446720078740157
21
1.4798828740157479
0
LINE
8
BLACK
6
CONTINUOUS
10
0.4446720078740157
20
1.4798828740157479
11
0.4435242913385827
21
1.4799832677165354
0
LINE
8
BLACK
6
CONTINUOUS
10
0.4435242913385827
20
1.4799832677165354
11
0.4429871259842519
21
1.4801989370078741
0
LINE
8
BLACK
6
CONTINUOUS
10
0.4429871259842519
20
1.4801989370078741
11
0.4029527559055118
21
1.5010395275590551
0
LINE
8
BLACK
6
CONTINUOUS
10
0.4029527559055118
20
1.5010395275590551
11
0.4029527559055118
21
1.2196850393700787
0
LINE
8
BLACK
6
CONTINUOUS
10
0.4029527559055118
20
1.2196850393700787
11
0.4028960236220472
21
1.2191089763779528
0
LINE
8
BLACK
6
CONTINUOUS
10
0.4028960236220472
20
1.2191089763779528
11
0.4024551181102362
21
1.2180445669291338
0
LINE
8
BLACK
6
CONTINUOUS
10
0.4024551181102362
20
1.2180445669291338
11
0.4016404724409449
21
1.2172299212598425
0
LINE
8
BLACK
6
CONTINUOUS
10
0.4016404724409449
20
1.2172299212598425
11
0.4005760629921259
21
1.2167890157480314
0
LINE
8
BLACK
6
CONTINUOUS
10
0.4005760629921259
20
1.2167890157480314
11
0.399423937007874
21
1.2167890157480314
0
LINE
8
BLACK
6
CONTINUOUS
10
0.399423937007874
20
1.2167890157480314
11
0.3983595275590551
21
1.2172299212598425
0
LINE
8
BLACK
6
CONTINUOUS
10
0.3983595275590551
20
1.2172299212598425
11
0.3975448818897638
21
1.2180445669291338
0
LINE
8
BLACK
6
CONTINUOUS
10
0.3975448818897638
20
1.2180445669291338
11
0.3971039763779527
21
1.2191089763779528
0
LINE
8
BLACK
6
CONTINUOUS
10
0.3971039763779527
20
1.2191089763779528
11
0.3970472440944882
21
1.2196850393700787
0
LINE
8
BLACK
6
CONTINUOUS
10
0.3970472440944882
20
1.2196850393700787
11
0.3970472440944882
21
1.5289929133858267
0
LINE
8
BLACK
6
CONTINUOUS
10
0.3970472440944882
20
1.5289929133858267
11
0.3971039763779527
21
1.5295689763779527
0
LINE
8
BLACK
6
CONTINUOUS
10
0.3971039763779527
20
1.5295689763779527
11
0.3975448818897638
21
1.5306333858267716
0
LINE
8
BLACK
6
CONTINUOUS
10
0.3975448818897638
20
1.5306333858267716
11
0.3983595275590551
21
1.531448031496063
0
LINE
8
BLACK
6
CONTINUOUS
10
0.3983595275590551
20
1.531448031496063
11
0.399423937007874
21
1.5318889370078739
0
LINE
8
BLACK
6
CONTINUOUS
10
0.399423937007874
20
1.5318889370078739
11
0.4005760629921259
21
1.5318889370078739
0
LINE
8
BLACK
6
CONTINUOUS
10
0.4005760629921259
20
1.5318889370078739
11
0.4016404724409449
21
1.531448031496063
0
LINE
8
BLACK
6
CONTINUOUS
10
0.4016404724409449
20
1.531448031496063
11
0.4024551181102362
21
1.5306333858267716
0
LINE
8
BLACK
6
CONTINUOUS
10
0.4024551181102362
20
1.5306333858267716
11
0.4028960236220472
21
1.5295689763779527
0
LINE
8
BLACK
6
CONTINUOUS
10
0.4028960236220472
20
1.5295689763779527
11
0.4029527559055118
21
1.5289929133858267
0
LINE
8
BLACK
6
CONTINUOUS
10
0.4029527559055118
20
1.5289929133858267
11
0.4029527559055118
21
1.5107715354330709
0
LINE
8
BLACK
6
CONTINUOUS
10
0.4029527559055118
20
1.5107715354330709
11
0.4429871259842519
21
1.5316120866141731
0
LINE
8
BLACK
6
CONTINUOUS
10
0.4429871259842519
20
1.5316120866141731
11
0.4435242913385827
21
1.5318277559055118
0
LINE
8
BLACK
6
CONTINUOUS
10
0.4435242913385827
20
1.5318277559055118
11
0.4446720078740157
21
1.5319281496062991
0
LINE
8
BLACK
6
CONTINUOUS
10
0.4446720078740157
20
1.5319281496062991
11
0.4457707874015748
21
1.5315816929133859
0
LINE
8
BLACK
6
CONTINUOUS
10
0.4457707874015748
20
1.5315816929133859
11
0.4466533464566929
21
1.5308411417322834
0
LINE
8
BLACK
6
CONTINUOUS
10
0.4466533464566929
20
1.5308411417322834
11
0.4471853543307087
21
1.5298192125984251
0
LINE
8
BLACK
6
CONTINUOUS
10
0.4471853543307087
20
1.5298192125984251
11
0.4472857480314961
21
1.5286714960629921
0
LINE
8
BLACK
6
CONTINUOUS
10
0.4472857480314961
20
1.5286714960629921
11
0.4469392913385827
21
1.5275727165354331
0
LINE
8
BLACK
6
CONTINUOUS
10
0.4469392913385827
20
1.5275727165354331
11
0.4461987401574803
21
1.5266901574803149
0
LINE
8
BLACK
6
CONTINUOUS
10
0.4461987401574803
20
1.5266901574803149
11
0.4457139763779527
21
1.5263738188976377
0
LINE
8
BLACK
6
CONTINUOUS
10
0.4457139763779527
20
1.5263738188976377
11
0.4120669291338583
21
1.5088582677165354
0
LINE
8
BLACK
6
CONTINUOUS
10
0.4120669291338583
20
1.5088582677165354
11
1.5879330708661417
21
1.5088582677165354
0
LINE
8
BLACK
6
CONTINUOUS
10
1.5879330708661417
20
1.5088582677165354
11
1.5542860236220473
21
1.5263738188976377
0
LINE
8
BLACK
6
CONTINUOUS
10
1.5542860236220473
20
1.5263738188976377
11
1.553801220472441
21
1.5266901574803149
0
LINE
8
BLACK
6
CONTINUOUS
10
1.553801220472441
20
1.5266901574803149
11
1.5530606692913385
21
1.5275727165354331
0
LINE
8
BLACK
6
CONTINUOUS
10
1.5530606692913385
20
1.5275727165354331
11
1.552714251968504
21
1.5286714960629921
0
LINE
8
BLACK
6
CONTINUOUS
10
1.552714251968504
20
1.5286714960629921
11
1.5528146456692913
21
1.5298192125984251
0
LINE
8
BLACK
6
CONTINUOUS
10
1.5528146456692913
20
1.5298192125984251
11
1.5533466535433071
21
1.5308411811023621
0
LINE
8
BLACK
6
CONTINUOUS
10
1.5533466535433071
20
1.5308411811023621
11
1.5542292125984252
21
1.5315817322834646
0
LINE
8
BLACK
6
CONTINUOUS
10
1.5542292125984252
20
1.5315817322834646
11
1.5553279921259842
21
1.5319281496062991
0
LINE
8
BLACK
6
CONTINUOUS
10
1.5553279921259842
20
1.5319281496062991
11
1.5564757086614174
21
1.5318277559055118
0
LINE
8
BLACK
6
CONTINUOUS
10
1.7464757086614173
20
1.6330088582677165
11
1.747012874015748
21
1.6327931889763778
0
LINE
8
BLACK
6
CONTINUOUS
10
1.747012874015748
20
1.6327931889763778
11
1.7870472440944882
21
1.6119526377952755
0
LINE
8
BLACK
6
CONTINUOUS
10
1.7870472440944882
20
1.6119526377952755
11
1.7870472440944882
21
1.6301740157480316
0
LINE
8
BLACK
6
CONTINUOUS
10
1.7870472440944882
20
1.6301740157480316
11
1.7871039763779528
21
1.6307500787401574
0
LINE
8
BLACK
6
CONTINUOUS
10
1.7871039763779528
20
1.6307500787401574
11
1.7875448818897637
21
1.6318144881889762
0
LINE
8
BLACK
6
CONTINUOUS
10
1.7875448818897637
20
1.6318144881889762
11
1.7883595275590551
21
1.6326291338582677
0
LINE
8
BLACK
6
CONTINUOUS
10
1.7883595275590551
20
1.6326291338582677
11
1.7894239370078739
21
1.6330700393700788
0
LINE
8
BLACK
6
CONTINUOUS
10
1.7894239370078739
20
1.6330700393700788
11
1.7905760629921259
21
1.6330700393700788
0
LINE
8
BLACK
6
CONTINUOUS
10
1.7905760629921259
20
1.6330700393700788
11
1.7916404724409449
21
1.6326291338582677
0
LINE
8
BLACK
6
CONTINUOUS
10
1.7916404724409449
20
1.6326291338582677
11
1.7924551181102362
21
1.6318144881889762
0
LINE
8
BLACK
6
CONTINUOUS
10
1.7924551181102362
20
1.6318144881889762
11
1.7928960236220473
21
1.6307500787401574
0
LINE
8
BLACK
6
CONTINUOUS
10
1.7928960236220473
20
1.6307500787401574
11
1.7929527559055118
21
1.6301740157480316
0
LINE
8
BLACK
6
CONTINUOUS
10
1.7929527559055118
20
1.6301740157480316
11
1.7929527559055118
21
1.4096850393700786
0
LINE
8
BLACK
6
CONTINUOUS
10
1.7929527559055118
20
1.4096850393700786
11
1.7928960236220473
21
1.4091089763779527
0
LINE
8
BLACK
6
CONTINUOUS
10
1.7928960236220473
20
1.4091089763779527
11
1.7924551181102362
21
1.4080445669291339
0
LINE
8
BLACK
6
CONTINUOUS
10
1.7924551181102362
20
1.4080445669291339
11
1.7916404724409449
21
1.4072299212598425
0
LINE
8
BLACK
6
CONTINUOUS
10
1.7916404724409449
20
1.4072299212598425
11
1.7905760629921259
21
1.4067890157480314
0
LINE
8
BLACK
6
CONTINUOUS
10
1.7905760629921259
20
1.4067890157480314
11
1.7894239370078739
21
1.4067890157480314
0
LINE
8
BLACK
6
CONTINUOUS
10
1.7894239370078739
20
1.4067890157480314
11
1.7883595275590551
21
1.4072299212598425
0
LINE
8
BLACK
6
CONTINUOUS
10
1.7883595275590551
20
1.4072299212598425
11
1.7875448818897637
21
1.4080445669291339
0
LINE
8
BLACK
6
CONTINUOUS
10
1.7875448818897637
20
1.4080445669291339
11
1.7871039763779528
21
1.4091089763779527
0
LINE
8
BLACK
6
CONTINUOUS
10
1.7871039763779528
20
1.4091089763779527
11
1.7870472440944882
21
1.4096850393700786
0
LINE
8
BLACK
6
CONTINUOUS
10
1.7870472440944882
20
1.4096850393700786
11
1.7870472440944882
21
1.6022206299212598
0
LINE
8
BLACK
6
CONTINUOUS
10
1.7870472440944882
20
1.6022206299212598
11
1.747012874015748
21
1.5813800393700788
0
LINE
8
BLACK
6
CONTINUOUS
10
1.747012874015748
20
1.5813800393700788
11
1.7464757086614173
21
1.5811643700787401
0
LINE
8
BLACK
6
CONTINUOUS
10
1.7464757086614173
20
1.5811643700787401
11
1.7453279921259841
21
1.5810639763779528
0
LINE
8
BLACK
6
CONTINUOUS
10
1.7453279921259841
20
1.5810639763779528
11
1.7442292125984251
21
1.5814103937007873
0
LINE
8
BLACK
6
CONTINUOUS
10
1.7442292125984251
20
1.5814103937007873
11
1.7433466535433071
21
1.5821509448818898
0
LINE
8
BLACK
6
CONTINUOUS
10
1.7433466535433071
20
1.5821509448818898
11
1.7428146456692912
21
1.5831729133858268
0
LINE
8
BLACK
6
CONTINUOUS
10
1.7428146456692912
20
1.5831729133858268
11
1.7427142519685039
21
1.5843206299212598
0
LINE
8
BLACK
6
CONTINUOUS
10
1.7427142519685039
20
1.5843206299212598
11
1.7430606692913386
21
1.5854194094488188
0
LINE
8
BLACK
6
CONTINUOUS
10
1.7430606692913386
20
1.5854194094488188
11
1.7438012204724409
21
1.586301968503937
0
LINE
8
BLACK
6
CONTINUOUS
10
1.7438012204724409
20
1.586301968503937
11
1.7442860236220472
21
1.5866183070866142
0
LINE
8
BLACK
6
CONTINUOUS
10
1.7442860236220472
20
1.5866183070866142
11
1.7779330708661416
21
1.6041338582677165
0
LINE
8
BLACK
6
CONTINUOUS
10
1.7779330708661416
20
1.6041338582677165
11
0.2220669291338583
21
1.6041338582677165
0
LINE
8
BLACK
6
CONTINUOUS
10
0.2220669291338583
20
1.6041338582677165
11
0.2557139763779527
21
1.5866183070866142
0
LINE
8
BLACK
6
CONTINUOUS
10
0.2557139763779527
20
1.5866183070866142
11
0.2561987401574803
21
1.586301968503937
0
LINE
8
BLACK
6
CONTINUOUS
10
0.2561987401574803
20
1.586301968503937
11
0.2569392913385827
21
1.5854194094488188
0
LINE
8
BLACK
6
CONTINUOUS
10
0.2569392913385827
20
1.5854194094488188
11
0.2572857480314961
21
1.5843206299212598
0
LINE
8
BLACK
6
CONTINUOUS
10
0.2572857480314961
20
1.5843206299212598
11
0.2571853543307087
21
1.5831729133858268
0
LINE
8
BLACK
6
CONTINUOUS
10
0.2571853543307087
20
1.5831729133858268
11
0.2566533464566929
21
1.5821509842519685
0
LINE
8
BLACK
6
CONTINUOUS
10
0.2566533464566929
20
1.5821509842519685
11
0.2557707874015748
21
1.581410433070866
0
LINE
8
BLACK
6
CONTINUOUS
10
0.2557707874015748
20
1.581410433070866
11
0.2546720078740157
21
1.5810639763779528
0
LINE
8
BLACK
6
CONTINUOUS
10
0.2546720078740157
20
1.5810639763779528
11
0.2535242913385827
21
1.5811643700787401
0
LINE
8
BLACK
6
CONTINUOUS
10
0.2535242913385827
20
1.5811643700787401
11
0.2529871259842519
21
1.5813800393700788
0
LINE
8
BLACK
6
CONTINUOUS
10
0.2529871259842519
20
1.5813800393700788
11
0.2129527559055118
21
1.6022206299212598
0
LINE
8
BLACK
6
CONTINUOUS
10
0.2129527559055118
20
1.6022206299212598
11
0.2129527559055118
21
1.4096850393700786
0
LINE
8
BLACK
6
CONTINUOUS
10
0.2129527559055118
20
1.4096850393700786
11
0.2128960236220472
21
1.4091089763779527
0
LINE
8
BLACK
6
CONTINUOUS
10
0.2128960236220472
20
1.4091089763779527
11
0.2124551181102362
21
1.4080445669291339
0
LINE
8
BLACK
6
CONTINUOUS
10
0.2124551181102362
20
1.4080445669291339
11
0.2116404724409449
21
1.4072299212598425
0
LINE
8
BLACK
6
CONTINUOUS
10
0.2116404724409449
20
1.4072299212598425
11
0.210576062992126
21
1.4067890157480314
0
LINE
8
BLACK
6
CONTINUOUS
10
0.210576062992126
20
1.4067890157480314
11
0.209423937007874
21
1.4067890157480314
0
LINE
8
BLACK
6
CONTINUOUS
10
0.209423937007874
20
1.4067890157480314
11
0.2083595275590551
21
1.4072299212598425
0
LINE
8
BLACK
6
CONTINUOUS
10
0.2083595275590551
20
1.4072299212598425
11
0.2075448818897638
21
1.4080445669291339
0
LINE
8
BLACK
6
CONTINUOUS
10
0.2075448818897638
20
1.4080445669291339
11
0.2071039763779527
21
1.4091089763779527
0
LINE
8
BLACK
6
CONTINUOUS
10
0.2071039763779527
20
1.4091089763779527
11
0.2070472440944882
21
1.4096850393700786
0
LINE
8
BLACK
6
CONTINUOUS
10
0.2070472440944882
20
1.4096850393700786
11
0.2070472440944882
21
1.6301740157480316
0
LINE
8
BLACK
6
CONTINUOUS
10
0.2070472440944882
20
1.6301740157480316
11
0.2071039763779527
21
1.6307500787401574
0
LINE
8
BLACK
6
CONTINUOUS
10
0.2071039763779527
20
1.6307500787401574
11
0.2075448818897638
21
1.6318144881889762
0
LINE
8
BLACK
6
CONTINUOUS
10
0.2075448818897638
20
1.6318144881889762
11
0.2083595275590551
21
1.6326291338582677
0
LINE
8
BLACK
6
CONTINUOUS
10
0.2083595275590551
20
1.6326291338582677
11
0.209423937007874
21
1.6330700393700788
0
LINE
8
BLACK
6
CONTINUOUS
10
0.209423937007874
20
1.6330700393700788
11
0.210576062992126
21
1.6330700393700788
0
LINE
8
BLACK
6
CONTINUOUS
10
0.210576062992126
20
1.6330700393700788
11
0.2116404724409449
21
1.6326291338582677
0
LINE
8
BLACK
6
CONTINUOUS
10
0.2116404724409449
20
1.6326291338582677
11
0.2124551181102362
21
1.6318144881889762
0
LINE
8
BLACK
6
CONTINUOUS
10
0.2124551181102362
20
1.6318144881889762
11
0.2128960236220472
21
1.6307500787401574
0
LINE
8
BLACK
6
CONTINUOUS
10
0.2128960236220472
20
1.6307500787401574
11
0.2129527559055118
21
1.6301740157480316
0
LINE
8
BLACK
6
CONTINUOUS
10
0.2129527559055118
20
1.6301740157480316
11
0.2129527559055118
21
1.6119526377952755
0
LINE
8
BLACK
6
CONTINUOUS
10
0.2129527559055118
20
1.6119526377952755
11
0.2529871259842519
21
1.6327931889763778
0
LINE
8
BLACK
6
CONTINUOUS
10
0.2529871259842519
20
1.6327931889763778
11
0.2535242913385827
21
1.6330088582677165
0
LINE
8
BLACK
6
CONTINUOUS
10
0.2535242913385827
20
1.6330088582677165
11
0.2546720078740157
21
1.633109251968504
0
LINE
8
BLACK
6
CONTINUOUS
10
0.2546720078740157
20
1.633109251968504
11
0.2557707874015748
21
1.6327627952755905
0
LINE
8
BLACK
6
CONTINUOUS
10
0.2557707874015748
20
1.6327627952755905
11
0.2566533464566929
21
1.6320222440944883
0
LINE
8
BLACK
6
CONTINUOUS
10
0.2566533464566929
20
1.6320222440944883
11
0.2571853543307087
21
1.6310003149606298
0
LINE
8
BLACK
6
CONTINUOUS
10
0.2571853543307087
20
1.6310003149606298
11
0.2572857480314961
21
1.6298525984251968
0
LINE
8
BLACK
6
CONTINUOUS
10
0.2572857480314961
20
1.6298525984251968
11
0.2569392913385827
21
1.6287538188976378
0
LINE
8
BLACK
6
CONTINUOUS
10
0.2569392913385827
20
1.6287538188976378
11
0.2561987401574803
21
1.6278712598425196
0
LINE
8
BLACK
6
CONTINUOUS
10
0.2561987401574803
20
1.6278712598425196
11
0.2557139763779527
21
1.6275549212598426
0
LINE
8
BLACK
6
CONTINUOUS
10
0.2557139763779527
20
1.6275549212598426
11
0.2220669291338583
21
1.6100393700787401
0
LINE
8
BLACK
6
CONTINUOUS
10
0.2220669291338583
20
1.6100393700787401
11
1.7779330708661416
21
1.6100393700787401
0
LINE
8
BLACK
6
CONTINUOUS
10
1.7779330708661416
20
1.6100393700787401
11
1.7442860236220472
21
1.6275549212598426
0
LINE
8
BLACK
6
CONTINUOUS
10
1.7442860236220472
20
1.6275549212598426
11
1.7438012204724409
21
1.6278712598425196
0
LINE
8
BLACK
6
CONTINUOUS
10
1.7438012204724409
20
1.6278712598425196
11
1.7430606692913386
21
1.6287538188976378
0
LINE
8
BLACK
6
CONTINUOUS
10
1.7430606692913386
20
1.6287538188976378
11
1.7427142519685039
21
1.6298525984251968
0
LINE
8
BLACK
6
CONTINUOUS
10
1.7427142519685039
20
1.6298525984251968
11
1.7428146456692912
21
1.6310003149606298
0
LINE
8
BLACK
6
CONTINUOUS
10
1.7428146456692912
20
1.6310003149606298
11
1.7433466535433071
21
1.6320222834645668
0
LINE
8
BLACK
6
CONTINUOUS
10
1.7433466535433071
20
1.6320222834645668
11
1.7442292125984251
21
1.6327628346456693
0
LINE
8
BLACK
6
CONTINUOUS
10
1.7442292125984251
20
1.6327628346456693
11
1.7453279921259841
21
1.633109251968504
0
LINE
8
BLACK
6
CONTINUOUS
10
1.7453279921259841
20
1.633109251968504
11
1.7464757086614173
21
1.6330088582677165
0
LINE
8
BLACK
6
CONTINUOUS
10
0.8671752755905512
20
1.5755409448818898
11
0.8674676771653543
21
1.5755409448818898
0
LINE
8
BLACK
6
CONTINUOUS
10
0.8674676771653543
20
1.5755409448818898
11
0.8677349212598425
21
1.5754302362204724
0
LINE
8
BLACK
6
CONTINUOUS
10
0.8677349212598425
20
1.5754302362204724
11
0.8680187401574803
21
1.5753740944881889
0
LINE
8
BLACK
6
CONTINUOUS
10
0.8680187401574803
20
1.5753740944881889
11
0.8682620078740158
21
1.5752119291338582
0
LINE
8
BLACK
6
CONTINUOUS
10
0.8682620078740158
20
1.5752119291338582
11
0.8685320866141732
21
1.5751000393700787
0
LINE
8
BLACK
6
CONTINUOUS
10
0.8685320866141732
20
1.5751000393700787
11
0.8687365354330708
21
1.574895590551181
0
LINE
8
BLACK
6
CONTINUOUS
10
0.8687365354330708
20
1.574895590551181
11
0.8689773622047244
21
1.5747350393700787
0
LINE
8
BLACK
6
CONTINUOUS
10
0.8689773622047244
20
1.5747350393700787
11
0.8691400787401574
21
1.5744920472440944
0
LINE
8
BLACK
6
CONTINUOUS
10
0.8691400787401574
20
1.5744920472440944
11
0.8693467322834646
21
1.5742853937007875
0
LINE
8
BLACK
6
CONTINUOUS
10
0.8693467322834646
20
1.5742853937007875
11
0.8694574015748031
21
1.574018188976378
0
LINE
8
BLACK
6
CONTINUOUS
10
0.8694574015748031
20
1.574018188976378
11
0.8696184251968504
21
1.5737777559055117
0
LINE
8
BLACK
6
CONTINUOUS
10
0.8696184251968504
20
1.5737777559055117
11
0.8696757480314961
21
1.5734911023622047
0
LINE
8
BLACK
6
CONTINUOUS
10
0.8696757480314961
20
1.5734911023622047
11
0.8697876377952756
21
1.5732209842519684
0
LINE
8
BLACK
6
CONTINUOUS
10
0.8697876377952756
20
1.5732209842519684
11
0.8698437401574803
21
1.572651062992126
0
LINE
8
BLACK
6
CONTINUOUS
10
0.8698437401574803
20
1.572651062992126
11
0.8698443700787402
21
1.5726480314960629
0
LINE
8
BLACK
6
CONTINUOUS
10
0.8698443700787402
20
1.5726480314960629
11
0.8698441338582676
21
1.5726470078740158
0
LINE
8
BLACK
6
CONTINUOUS
10
0.8698441338582676
20
1.5726470078740158
11
0.8698443700787402
21
1.5726449212598426
0
LINE
8
BLACK
6
CONTINUOUS
10
0.8698443700787402
20
1.5726449212598426
11
0.8698443700787402
21
1.5362275984251967
0
LINE
8
BLACK
6
CONTINUOUS
10
0.8698443700787402
20
1.5362275984251967
11
0.8781401968503937
21
1.5362275984251967
0
LINE
8
BLACK
6
CONTINUOUS
10
0.8781401968503937
20
1.5362275984251967
11
0.8787162598425197
21
1.5361708661417321
0
LINE
8
BLACK
6
CONTINUOUS
10
0.8787162598425197
20
1.5361708661417321
11
0.8797806692913386
21
1.5357299606299213
0
LINE
8
BLACK
6
CONTINUOUS
10
0.8797806692913386
20
1.5357299606299213
11
0.8805953149606299
21
1.5349153149606298
0
LINE
8
BLACK
6
CONTINUOUS
10
0.8805953149606299
20
1.5349153149606298
11
0.8810362204724409
21
1.533850905511811
0
LINE
8
BLACK
6
CONTINUOUS
10
0.8810362204724409
20
1.533850905511811
11
0.8810362204724409
21
1.5326987795275591
0
LINE
8
BLACK
6
CONTINUOUS
10
0.8810362204724409
20
1.5326987795275591
11
0.8805953149606299
21
1.53163437007874
0
LINE
8
BLACK
6
CONTINUOUS
10
0.8805953149606299
20
1.53163437007874
11
0.8797806692913386
21
1.5308197244094488
0
LINE
8
BLACK
6
CONTINUOUS
10
0.8797806692913386
20
1.5308197244094488
11
0.8787162598425197
21
1.5303788188976377
0
LINE
8
BLACK
6
CONTINUOUS
10
0.8787162598425197
20
1.5303788188976377
11
0.8781401968503937
21
1.5303220866141731
0
LINE
8
BLACK
6
CONTINUOUS
10
0.8781401968503937
20
1.5303220866141731
11
0.855643031496063
21
1.5303220866141731
0
LINE
8
BLACK
6
CONTINUOUS
10
0.855643031496063
20
1.5303220866141731
11
0.855066968503937
21
1.5303788188976377
0
LINE
8
BLACK
6
CONTINUOUS
10
0.855066968503937
20
1.5303788188976377
11
0.8540025590551181
21
1.5308197244094488
0
LINE
8
BLACK
6
CONTINUOUS
10
0.8540025590551181
20
1.5308197244094488
11
0.8531879133858268
21
1.53163437007874
0
LINE
8
BLACK
6
CONTINUOUS
10
0.8531879133858268
20
1.53163437007874
11
0.8527470078740157
21
1.5326987795275591
0
LINE
8
BLACK
6
CONTINUOUS
10
0.8527470078740157
20
1.5326987795275591
11
0.8527470078740157
21
1.533850905511811
0
LINE
8
BLACK
6
CONTINUOUS
10
0.8527470078740157
20
1.533850905511811
11
0.8531879133858268
21
1.5349153149606298
0
LINE
8
BLACK
6
CONTINUOUS
10
0.8531879133858268
20
1.5349153149606298
11
0.8540025590551181
21
1.5357299606299213
0
LINE
8
BLACK
6
CONTINUOUS
10
0.8540025590551181
20
1.5357299606299213
11
0.855066968503937
21
1.5361708661417321
0
LINE
8
BLACK
6
CONTINUOUS
10
0.855066968503937
20
1.5361708661417321
11
0.855643031496063
21
1.5362275984251967
0
LINE
8
BLACK
6
CONTINUOUS
10
0.855643031496063
20
1.5362275984251967
11
0.8639388582677165
21
1.5362275984251967
0
LINE
8
BLACK
6
CONTINUOUS
10
0.8639388582677165
20
1.5362275984251967
11
0.8639388582677165
21
1.5636415748031496
0
LINE
8
BLACK
6
CONTINUOUS
10
0.8639388582677165
20
1.5636415748031496
11
0.8614804724409448
21
1.5611831889763779
0
LINE
8
BLACK
6
CONTINUOUS
10
0.8614804724409448
20
1.5611831889763779
11
0.8612540944881889
21
1.5609974409448819
0
LINE
8
BLACK
6
CONTINUOUS
10
0.8612540944881889
20
1.5609974409448819
11
0.8612029527559055
21
1.5609384251968503
0
LINE
8
BLACK
6
CONTINUOUS
10
0.8612029527559055
20
1.5609384251968503
11
0.8611139763779527
21
1.5608824803149606
0
LINE
8
BLACK
6
CONTINUOUS
10
0.8611139763779527
20
1.5608824803149606
11
0.8610330314960629
21
1.5608159842519684
0
LINE
8
BLACK
6
CONTINUOUS
10
0.8610330314960629
20
1.5608159842519684
11
0.8609610629921259
21
1.5607861811023622
0
LINE
8
BLACK
6
CONTINUOUS
10
0.8609610629921259
20
1.5607861811023622
11
0.8607130708661417
21
1.5606300787401575
0
LINE
8
BLACK
6
CONTINUOUS
10
0.8607130708661417
20
1.5606300787401575
11
0.8569635433070866
21
1.5587553149606299
0
LINE
8
BLACK
6
CONTINUOUS
10
0.8569635433070866
20
1.5587553149606299
11
0.8564229133858268
21
1.5585484251968504
0
LINE
8
BLACK
6
CONTINUOUS
10
0.8564229133858268
20
1.5585484251968504
11
0.8552737007874015
21
1.5584667716535432
0
LINE
8
BLACK
6
CONTINUOUS
10
0.8552737007874015
20
1.5584667716535432
11
0.854180748031496
21
1.5588311023622048
0
LINE
8
BLACK
6
CONTINUOUS
10
0.854180748031496
20
1.5588311023622048
11
0.8533103543307087
21
1.5595859448818896
0
LINE
8
BLACK
6
CONTINUOUS
10
0.8533103543307087
20
1.5595859448818896
11
0.8527951181102362
21
1.5606164566929133
0
LINE
8
BLACK
6
CONTINUOUS
10
0.8527951181102362
20
1.5606164566929133
11
0.8527134645669291
21
1.5617656692913386
0
LINE
8
BLACK
6
CONTINUOUS
10
0.8527134645669291
20
1.5617656692913386
11
0.8530777952755906
21
1.562858622047244
0
LINE
8
BLACK
6
CONTINUOUS
10
0.8530777952755906
20
1.562858622047244
11
0.8538326377952755
21
1.5637290157480315
0
LINE
8
BLACK
6
CONTINUOUS
10
0.8538326377952755
20
1.5637290157480315
11
0.8543225196850394
21
1.5640373622047243
0
LINE
8
BLACK
6
CONTINUOUS
10
0.8543225196850394
20
1.5640373622047243
11
0.8576434645669291
21
1.5656978346456694
0
LINE
8
BLACK
6
CONTINUOUS
10
0.8576434645669291
20
1.5656978346456694
11
0.8608473622047244
21
1.5689017322834646
0
LINE
8
BLACK
6
CONTINUOUS
10
0.8608473622047244
20
1.5689017322834646
11
0.8644347637795275
21
1.5742828346456692
0
LINE
8
BLACK
6
CONTINUOUS
10
0.8644347637795275
20
1.5742828346456692
11
0.8644361023622047
21
1.5742845275590551
0
LINE
8
BLACK
6
CONTINUOUS
10
0.8644361023622047
20
1.5742845275590551
11
0.8644364960629921
21
1.5742853937007875
0
LINE
8
BLACK
6
CONTINUOUS
10
0.8644364960629921
20
1.5742853937007875
11
0.8644385039370078
21
1.5742874409448819
0
LINE
8
BLACK
6
CONTINUOUS
10
0.8644385039370078
20
1.5742874409448819
11
0.8648015354330708
21
1.5747306692913385
0
LINE
8
BLACK
6
CONTINUOUS
10
0.8648015354330708
20
1.5747306692913385
11
0.8650444094488189
21
1.574893346456693
0
LINE
8
BLACK
6
CONTINUOUS
10
0.8650444094488189
20
1.574893346456693
11
0.8652511417322835
21
1.5751000393700787
0
LINE
8
BLACK
6
CONTINUOUS
10
0.8652511417322835
20
1.5751000393700787
11
0.8655184251968504
21
1.5752107874015748
0
LINE
8
BLACK
6
CONTINUOUS
10
0.8655184251968504
20
1.5752107874015748
11
0.8657588188976377
21
1.5753717322834646
0
LINE
8
BLACK
6
CONTINUOUS
10
0.8657588188976377
20
1.5753717322834646
11
0.8660454330708661
21
1.575429094488189
0
LINE
8
BLACK
6
CONTINUOUS
10
0.8660454330708661
20
1.575429094488189
11
0.8663155511811024
21
1.5755409448818898
0
LINE
8
BLACK
6
CONTINUOUS
10
0.8663155511811024
20
1.5755409448818898
11
0.8666048425196851
21
1.5755409448818898
0
LINE
8
BLACK
6
CONTINUOUS
10
0.8666048425196851
20
1.5755409448818898
11
0.8668885039370079
21
1.5755976771653544
0
LINE
8
BLACK
6
CONTINUOUS
10
0.8668885039370079
20
1.5755976771653544
11
0.8671752755905512
21
1.5755409448818898
0
LINE
8
BLACK
6
CONTINUOUS
10
0.9087125196850393
20
1.5755409448818898
11
0.9088105118110236
21
1.5755003543307087
0
LINE
8
BLACK
6
CONTINUOUS
10
0.9088105118110236
20
1.5755003543307087
11
0.9089163385826772
21
1.5754928346456694
0
LINE
8
BLACK
6
CONTINUOUS
10
0.9089163385826772
20
1.5754928346456694
11
0.909456968503937
21
1.5752859448818897
0
LINE
8
BLACK
6
CONTINUOUS
10
0.909456968503937
20
1.5752859448818897
11
0.9132064960629921
21
1.5734111811023621
0
LINE
8
BLACK
6
CONTINUOUS
10
0.9132064960629921
20
1.5734111811023621
11
0.9134544881889763
21
1.5732551181102361
0
LINE
8
BLACK
6
CONTINUOUS
10
0.9134544881889763
20
1.5732551181102361
11
0.9135264566929133
21
1.5732252755905511
0
LINE
8
BLACK
6
CONTINUOUS
10
0.9135264566929133
20
1.5732252755905511
11
0.9136074015748031
21
1.5731588188976378
0
LINE
8
BLACK
6
CONTINUOUS
10
0.9136074015748031
20
1.5731588188976378
11
0.9136963779527559
21
1.5731028346456692
0
LINE
8
BLACK
6
CONTINUOUS
10
0.9136963779527559
20
1.5731028346456692
11
0.9137475196850393
21
1.5730438582677164
0
LINE
8
BLACK
6
CONTINUOUS
10
0.9137475196850393
20
1.5730438582677164
11
0.9139738976377952
21
1.5728580708661417
0
LINE
8
BLACK
6
CONTINUOUS
10
0.9139738976377952
20
1.5728580708661417
11
0.9158486614173228
21
1.5709833070866142
0
LINE
8
BLACK
6
CONTINUOUS
10
0.9158486614173228
20
1.5709833070866142
11
0.9160344094488189
21
1.5707569685039369
0
LINE
8
BLACK
6
CONTINUOUS
10
0.9160344094488189
20
1.5707569685039369
11
0.9160934251968503
21
1.5707057874015748
0
LINE
8
BLACK
6
CONTINUOUS
10
0.9160934251968503
20
1.5707057874015748
11
0.9161493700787401
21
1.5706168503937008
0
LINE
8
BLACK
6
CONTINUOUS
10
0.9161493700787401
20
1.5706168503937008
11
0.9162158661417322
21
1.5705358661417324
0
LINE
8
BLACK
6
CONTINUOUS
10
0.9162158661417322
20
1.5705358661417324
11
0.9162456692913385
21
1.5704639370078739
0
LINE
8
BLACK
6
CONTINUOUS
10
0.9162456692913385
20
1.5704639370078739
11
0.9164017716535433
21
1.570215905511811
0
LINE
8
BLACK
6
CONTINUOUS
10
0.9164017716535433
20
1.570215905511811
11
0.9182765354330709
21
1.5664663779527559
0
LINE
8
BLACK
6
CONTINUOUS
10
0.9182765354330709
20
1.5664663779527559
11
0.9184834251968503
21
1.5659257874015748
0
LINE
8
BLACK
6
CONTINUOUS
10
0.9184834251968503
20
1.5659257874015748
11
0.9184909448818898
21
1.5658199212598425
0
LINE
8
BLACK
6
CONTINUOUS
10
0.9184909448818898
20
1.5658199212598425
11
0.9185315354330709
21
1.5657219291338582
0
LINE
8
BLACK
6
CONTINUOUS
10
0.9185315354330709
20
1.5657219291338582
11
0.9185882677165355
21
1.5651458661417323
0
LINE
8
BLACK
6
CONTINUOUS
10
0.9185882677165355
20
1.5651458661417323
11
0.9185882677165355
21
1.5613963385826772
0
LINE
8
BLACK
6
CONTINUOUS
10
0.9185882677165355
20
1.5613963385826772
11
0.9185595275590551
21
1.5611047637795274
0
LINE
8
BLACK
6
CONTINUOUS
10
0.9185595275590551
20
1.5611047637795274
11
0.9185650787401575
21
1.5610270078740156
0
LINE
8
BLACK
6
CONTINUOUS
10
0.9185650787401575
20
1.5610270078740156
11
0.918541811023622
21
1.5609247637795276
0
LINE
8
BLACK
6
CONTINUOUS
10
0.918541811023622
20
1.5609247637795276
11
0.9185315354330709
21
1.5608202755905511
0
LINE
8
BLACK
6
CONTINUOUS
10
0.9185315354330709
20
1.5608202755905511
11
0.918501653543307
21
1.5607482283464567
0
LINE
8
BLACK
6
CONTINUOUS
10
0.918501653543307
20
1.5607482283464567
11
0.9184367322834646
21
1.560462559055118
0
LINE
8
BLACK
6
CONTINUOUS
10
0.9184367322834646
20
1.560462559055118
11
0.916561968503937
21
1.5548383070866141
0
LINE
8
BLACK
6
CONTINUOUS
10
0.916561968503937
20
1.5548383070866141
11
0.9163259842519684
21
1.5543097244094488
0
LINE
8
BLACK
6
CONTINUOUS
10
0.9163259842519684
20
1.5543097244094488
11
0.9162564960629921
21
1.5542296456692912
0
LINE
8
BLACK
6
CONTINUOUS
10
0.9162564960629921
20
1.5542296456692912
11
0.916215905511811
21
1.5541315748031497
0
LINE
8
BLACK
6
CONTINUOUS
10
0.916215905511811
20
1.5541315748031497
11
0.9158486614173228
21
1.5536841338582676
0
LINE
8
BLACK
6
CONTINUOUS
10
0.9158486614173228
20
1.5536841338582676
11
0.8983921653543306
21
1.5362275984251967
0
LINE
8
BLACK
6
CONTINUOUS
10
0.8983921653543306
20
1.5362275984251967
11
0.9156355118110237
21
1.5362275984251967
0
LINE
8
BLACK
6
CONTINUOUS
10
0.9156355118110237
20
1.5362275984251967
11
0.9162115748031496
21
1.5361708661417321
0
LINE
8
BLACK
6
CONTINUOUS
10
0.9162115748031496
20
1.5361708661417321
11
0.9172759842519684
21
1.5357299606299213
0
LINE
8
BLACK
6
CONTINUOUS
10
0.9172759842519684
20
1.5357299606299213
11
0.9180906299212598
21
1.5349153149606298
0
LINE
8
BLACK
6
CONTINUOUS
10
0.9180906299212598
20
1.5349153149606298
11
0.9185315354330709
21
1.533850905511811
0
LINE
8
BLACK
6
CONTINUOUS
10
0.9185315354330709
20
1.533850905511811
11
0.9185315354330709
21
1.5326987795275591
0
LINE
8
BLACK
6
CONTINUOUS
10
0.9185315354330709
20
1.5326987795275591
11
0.9180906299212598
21
1.53163437007874
0
LINE
8
BLACK
6
CONTINUOUS
10
0.9180906299212598
20
1.53163437007874
11
0.9172759842519684
21
1.5308197244094488
0
LINE
8
BLACK
6
CONTINUOUS
10
0.9172759842519684
20
1.5308197244094488
11
0.9162115748031496
21
1.5303788188976377
0
LINE
8
BLACK
6
CONTINUOUS
10
0.9162115748031496
20
1.5303788188976377
11
0.9156355118110237
21
1.5303220866141731
0
LINE
8
BLACK
6
CONTINUOUS
10
0.9156355118110237
20
1.5303220866141731
11
0.8912635826771653
21
1.5303220866141731
0
LINE
8
BLACK
6
CONTINUOUS
10
0.8912635826771653
20
1.5303220866141731
11
0.8906875196850393
21
1.5303788188976377
0
LINE
8
BLACK
6
CONTINUOUS
10
0.8906875196850393
20
1.5303788188976377
11
0.8896231102362204
21
1.5308197244094488
0
LINE
8
BLACK
6
CONTINUOUS
10
0.8896231102362204
20
1.5308197244094488
11
0.8888084645669291
21
1.53163437007874
0
LINE
8
BLACK
6
CONTINUOUS
10
0.8888084645669291
20
1.53163437007874
11
0.8883675590551181
21
1.5326987795275591
0
LINE
8
BLACK
6
CONTINUOUS
10
0.8883675590551181
20
1.5326987795275591
11
0.8883675590551181
21
1.533850905511811
0
LINE
8
BLACK
6
CONTINUOUS
10
0.8883675590551181
20
1.533850905511811
11
0.8888084645669291
21
1.5349153149606298
0
LINE
8
BLACK
6
CONTINUOUS
10
0.8888084645669291
20
1.5349153149606298
11
0.8891756692913385
21
1.5353627559055119
0
LINE
8
BLACK
6
CONTINUOUS
10
0.8891756692913385
20
1.5353627559055119
11
0.9111799212598425
21
1.5573670866141731
0
LINE
8
BLACK
6
CONTINUOUS
10
0.9111799212598425
20
1.5573670866141731
11
0.9126827559055118
21
1.5618754724409449
0
LINE
8
BLACK
6
CONTINUOUS
10
0.9126827559055118
20
1.5618754724409449
11
0.9126827559055118
21
1.5644488188976378
0
LINE
8
BLACK
6
CONTINUOUS
10
0.9126827559055118
20
1.5644488188976378
11
0.9113340157480315
21
1.5671462992125984
0
LINE
8
BLACK
6
CONTINUOUS
10
0.9113340157480315
20
1.5671462992125984
11
0.9101368897637795
21
1.5683434251968504
0
LINE
8
BLACK
6
CONTINUOUS
10
0.9101368897637795
20
1.5683434251968504
11
0.9074394094488188
21
1.5696921653543308
0
LINE
8
BLACK
6
CONTINUOUS
10
0.9074394094488188
20
1.5696921653543308
11
0.89945968503937
21
1.5696921653543308
0
LINE
8
BLACK
6
CONTINUOUS
10
0.89945968503937
20
1.5696921653543308
11
0.8967622047244094
21
1.5683434251968504
0
LINE
8
BLACK
6
CONTINUOUS
10
0.8967622047244094
20
1.5683434251968504
11
0.8952262598425197
21
1.5668074803149605
0
LINE
8
BLACK
6
CONTINUOUS
10
0.8952262598425197
20
1.5668074803149605
11
0.8947788188976378
21
1.5664402755905511
0
LINE
8
BLACK
6
CONTINUOUS
10
0.8947788188976378
20
1.5664402755905511
11
0.8937143700787401
21
1.56599937007874
0
LINE
8
BLACK
6
CONTINUOUS
10
0.8937143700787401
20
1.56599937007874
11
0.8925623228346456
21
1.56599937007874
0
LINE
8
BLACK
6
CONTINUOUS
10
0.8925623228346456
20
1.56599937007874
11
0.891497874015748
21
1.5664402755905511
0
LINE
8
BLACK
6
CONTINUOUS
10
0.891497874015748
20
1.5664402755905511
11
0.8906832283464566
21
1.5672549212598426
0
LINE
8
BLACK
6
CONTINUOUS
10
0.8906832283464566
20
1.5672549212598426
11
0.8902423228346457
21
1.5683193700787401
0
LINE
8
BLACK
6
CONTINUOUS
10
0.8902423228346457
20
1.5683193700787401
11
0.8902423228346457
21
1.5694714173228346
0
LINE
8
BLACK
6
CONTINUOUS
10
0.8902423228346457
20
1.5694714173228346
11
0.8906832283464566
21
1.5705358661417324
0
LINE
8
BLACK
6
CONTINUOUS
10
0.8906832283464566
20
1.5705358661417324
11
0.8910504330708662
21
1.5709833070866142
0
LINE
8
BLACK
6
CONTINUOUS
10
0.8910504330708662
20
1.5709833070866142
11
0.8929251968503937
21
1.5728580708661417
0
LINE
8
BLACK
6
CONTINUOUS
10
0.8929251968503937
20
1.5728580708661417
11
0.8931515354330708
21
1.5730438582677164
0
LINE
8
BLACK
6
CONTINUOUS
10
0.8931515354330708
20
1.5730438582677164
11
0.893202716535433
21
1.5731028346456692
0
LINE
8
BLACK
6
CONTINUOUS
10
0.893202716535433
20
1.5731028346456692
11
0.8932916535433071
21
1.5731588188976378
0
LINE
8
BLACK
6
CONTINUOUS
10
0.8932916535433071
20
1.5731588188976378
11
0.8933726377952755
21
1.5732252755905511
0
LINE
8
BLACK
6
CONTINUOUS
10
0.8933726377952755
20
1.5732252755905511
11
0.8934445669291339
21
1.5732551181102361
0
LINE
8
BLACK
6
CONTINUOUS
10
0.8934445669291339
20
1.5732551181102361
11
0.8936925984251969
21
1.5734111811023621
0
LINE
8
BLACK
6
CONTINUOUS
10
0.8936925984251969
20
1.5734111811023621
11
0.897442125984252
21
1.5752859448818897
0
LINE
8
BLACK
6
CONTINUOUS
10
0.897442125984252
20
1.5752859448818897
11
0.897982716535433
21
1.5754928346456694
0
LINE
8
BLACK
6
CONTINUOUS
10
0.897982716535433
20
1.5754928346456694
11
0.8980885826771653
21
1.5755003937007874
0
LINE
8
BLACK
6
CONTINUOUS
10
0.8980885826771653
20
1.5755003937007874
11
0.8981865748031496
21
1.5755409448818898
0
LINE
8
BLACK
6
CONTINUOUS
10
0.8981865748031496
20
1.5755409448818898
11
0.8987626377952755
21
1.5755976771653544
0
LINE
8
BLACK
6
CONTINUOUS
10
0.8987626377952755
20
1.5755976771653544
11
0.9081364566929133
21
1.5755976771653544
0
LINE
8
BLACK
6
CONTINUOUS
10
0.9081364566929133
20
1.5755976771653544
11
0.9087125196850393
21
1.5755409448818898
0
LINE
8
BLACK
6
CONTINUOUS
10
0.9443330708661417
20
1.5755409448818898
11
0.944431062992126
21
1.5755003543307087
0
LINE
8
BLACK
6
CONTINUOUS
10
0.944431062992126
20
1.5755003543307087
11
0.9445368897637795
21
1.5754928346456694
0
LINE
8
BLACK
6
CONTINUOUS
10
0.9445368897637795
20
1.5754928346456694
11
0.9450775196850394
21
1.5752859448818897
0
LINE
8
BLACK
6
CONTINUOUS
10
0.9450775196850394
20
1.5752859448818897
11
0.9488270472440945
21
1.5734111811023621
0
LINE
8
BLACK
6
CONTINUOUS
10
0.9488270472440945
20
1.5734111811023621
11
0.9490750393700788
21
1.5732551181102361
0
LINE
8
BLACK
6
CONTINUOUS
10
0.9490750393700788
20
1.5732551181102361
11
0.9491470078740157
21
1.5732252755905511
0
LINE
8
BLACK
6
CONTINUOUS
10
0.9491470078740157
20
1.5732252755905511
11
0.9492279527559054
21
1.5731588188976378
0
LINE
8
BLACK
6
CONTINUOUS
10
0.9492279527559054
20
1.5731588188976378
11
0.9493169291338582
21
1.5731028346456692
0
LINE
8
BLACK
6
CONTINUOUS
10
0.9493169291338582
20
1.5731028346456692
11
0.9493680708661417
21
1.5730438582677164
0
LINE
8
BLACK
6
CONTINUOUS
10
0.9493680708661417
20
1.5730438582677164
11
0.9495944488188977
21
1.5728580708661417
0
LINE
8
BLACK
6
CONTINUOUS
10
0.9495944488188977
20
1.5728580708661417
11
0.9514692125984252
21
1.5709833070866142
0
LINE
8
BLACK
6
CONTINUOUS
10
0.9514692125984252
20
1.5709833070866142
11
0.9516549606299213
21
1.5707569685039369
0
LINE
8
BLACK
6
CONTINUOUS
10
0.9516549606299213
20
1.5707569685039369
11
0.9517139763779527
21
1.5707057874015748
0
LINE
8
BLACK
6
CONTINUOUS
10
0.9517139763779527
20
1.5707057874015748
11
0.9517699212598425
21
1.5706168503937008
0
LINE
8
BLACK
6
CONTINUOUS
10
0.9517699212598425
20
1.5706168503937008
11
0.9518364173228346
21
1.5705358661417324
0
LINE
8
BLACK
6
CONTINUOUS
10
0.9518364173228346
20
1.5705358661417324
11
0.951866220472441
21
1.5704639370078739
0
LINE
8
BLACK
6
CONTINUOUS
10
0.951866220472441
20
1.5704639370078739
11
0.9520223228346456
21
1.570215905511811
0
LINE
8
BLACK
6
CONTINUOUS
10
0.9520223228346456
20
1.570215905511811
11
0.9538970866141732
21
1.5664663779527559
0
LINE
8
BLACK
6
CONTINUOUS
10
0.9538970866141732
20
1.5664663779527559
11
0.9539131889763779
21
1.5664242913385826
0
LINE
8
BLACK
6
CONTINUOUS
10
0.9539131889763779
20
1.5664242913385826
11
0.953925905511811
21
1.566407125984252
0
LINE
8
BLACK
6
CONTINUOUS
10
0.953925905511811
20
1.566407125984252
11
0.9540122047244094
21
1.5661655511811023
0
LINE
8
BLACK
6
CONTINUOUS
10
0.9540122047244094
20
1.5661655511811023
11
0.9541039763779527
21
1.5659257874015748
0
LINE
8
BLACK
6
CONTINUOUS
10
0.9541039763779527
20
1.5659257874015748
11
0.9541054724409449
21
1.5659045275590551
0
LINE
8
BLACK
6
CONTINUOUS
10
0.9541054724409449
20
1.5659045275590551
11
0.9541206692913385
21
1.5658620078740157
0
LINE
8
BLACK
6
CONTINUOUS
10
0.9541206692913385
20
1.5658620078740157
11
0.9559954330708661
21
1.5583629527559055
0
LINE
8
BLACK
6
CONTINUOUS
10
0.9559954330708661
20
1.5583629527559055
11
0.9560101968503937
21
1.5582631102362203
0
LINE
8
BLACK
6
CONTINUOUS
10
0.9560101968503937
20
1.5582631102362203
11
0.9560268503937007
21
1.558222874015748
0
LINE
8
BLACK
6
CONTINUOUS
10
0.9560268503937007
20
1.558222874015748
11
0.9560481889763779
21
1.5580058661417322
0
LINE
8
BLACK
6
CONTINUOUS
10
0.9560481889763779
20
1.5580058661417322
11
0.9560800787401574
21
1.5577903543307086
0
LINE
8
BLACK
6
CONTINUOUS
10
0.9560800787401574
20
1.5577903543307086
11
0.9560736614173229
21
1.5577473622047244
0
LINE
8
BLACK
6
CONTINUOUS
10
0.9560736614173229
20
1.5577473622047244
11
0.9560835826771653
21
1.5576468110236219
0
LINE
8
BLACK
6
CONTINUOUS
10
0.9560835826771653
20
1.5576468110236219
11
0.9560835826771653
21
1.5482729921259841
0
LINE
8
BLACK
6
CONTINUOUS
10
0.9560835826771653
20
1.5482729921259841
11
0.9560736614173229
21
1.5481724803149606
0
LINE
8
BLACK
6
CONTINUOUS
10
0.9560736614173229
20
1.5481724803149606
11
0.9560800787401574
21
1.5481294488188977
0
LINE
8
BLACK
6
CONTINUOUS
10
0.9560800787401574
20
1.5481294488188977
11
0.9560481889763779
21
1.5479139763779528
0
LINE
8
BLACK
6
CONTINUOUS
10
0.9560481889763779
20
1.5479139763779528
11
0.9560268503937007
21
1.5476969291338583
0
LINE
8
BLACK
6
CONTINUOUS
10
0.9560268503937007
20
1.5476969291338583
11
0.9560101968503937
21
1.5476567322834645
0
LINE
8
BLACK
6
CONTINUOUS
10
0.9560101968503937
20
1.5476567322834645
11
0.9559954330708661
21
1.5475568503937007
0
LINE
8
BLACK
6
CONTINUOUS
10
0.9559954330708661
20
1.5475568503937007
11
0.9541206692913385
21
1.5400577952755905
0
LINE
8
BLACK
6
CONTINUOUS
10
0.9541206692913385
20
1.5400577952755905
11
0.9541054724409449
21
1.5400153149606299
0
LINE
8
BLACK
6
CONTINUOUS
10
0.9541054724409449
20
1.5400153149606299
11
0.9541039763779527
21
1.5399940157480314
0
LINE
8
BLACK
6
CONTINUOUS
10
0.9541039763779527
20
1.5399940157480314
11
0.9540122047244094
21
1.5397542913385827
0
LINE
8
BLACK
6
CONTINUOUS
10
0.9540122047244094
20
1.5397542913385827
11
0.953925905511811
21
1.5395126771653542
0
LINE
8
BLACK
6
CONTINUOUS
10
0.953925905511811
20
1.5395126771653542
11
0.9539131889763779
21
1.5394955511811024
0
LINE
8
BLACK
6
CONTINUOUS
10
0.9539131889763779
20
1.5394955511811024
11
0.9538970866141732
21
1.5394534251968504
0
LINE
8
BLACK
6
CONTINUOUS
10
0.9538970866141732
20
1.5394534251968504
11
0.9520223228346456
21
1.5357038976377952
0
LINE
8
BLACK
6
CONTINUOUS
10
0.9520223228346456
20
1.5357038976377952
11
0.9518662598425197
21
1.5354560236220471
0
LINE
8
BLACK
6
CONTINUOUS
10
0.9518662598425197
20
1.5354560236220471
11
0.9518364566929134
21
1.5353839763779527
0
LINE
8
BLACK
6
CONTINUOUS
10
0.9518364566929134
20
1.5353839763779527
11
0.9517699212598425
21
1.5353029527559054
0
LINE
8
BLACK
6
CONTINUOUS
10
0.9517699212598425
20
1.5353029527559054
11
0.9517139763779527
21
1.5352140157480314
0
LINE
8
BLACK
6
CONTINUOUS
10
0.9517139763779527
20
1.5352140157480314
11
0.9516549606299213
21
1.5351628740157479
0
LINE
8
BLACK
6
CONTINUOUS
10
0.9516549606299213
20
1.5351628740157479
11
0.9514692125984252
21
1.5349364960629921
0
LINE
8
BLACK
6
CONTINUOUS
10
0.9514692125984252
20
1.5349364960629921
11
0.9495944881889764
21
1.5330617322834645
0
LINE
8
BLACK
6
CONTINUOUS
10
0.9495944881889764
20
1.5330617322834645
11
0.9493681102362205
21
1.5328759842519684
0
LINE
8
BLACK
6
CONTINUOUS
10
0.9493681102362205
20
1.5328759842519684
11
0.9493169291338582
21
1.5328169291338583
0
LINE
8
BLACK
6
CONTINUOUS
10
0.9493169291338582
20
1.5328169291338583
11
0.9492279527559054
21
1.5327609448818897
0
LINE
8
BLACK
6
CONTINUOUS
10
0.9492279527559054
20
1.5327609448818897
11
0.9491470078740157
21
1.5326944881889764
0
LINE
8
BLACK
6
CONTINUOUS
10
0.9491470078740157
20
1.5326944881889764
11
0.9490750393700788
21
1.5326646850393701
0
LINE
8
BLACK
6
CONTINUOUS
10
0.9490750393700788
20
1.5326646850393701
11
0.9488270472440945
21
1.5325085826771654
0
LINE
8
BLACK
6
CONTINUOUS
10
0.9488270472440945
20
1.5325085826771654
11
0.9450775196850394
21
1.5306338188976378
0
LINE
8
BLACK
6
CONTINUOUS
10
0.9450775196850394
20
1.5306338188976378
11
0.9445368897637795
21
1.5304269291338581
0
LINE
8
BLACK
6
CONTINUOUS
10
0.9445368897637795
20
1.5304269291338581
11
0.944431062992126
21
1.5304194488188976
0
LINE
8
BLACK
6
CONTINUOUS
10
0.944431062992126
20
1.5304194488188976
11
0.9443330708661417
21
1.5303788188976377
0
LINE
8
BLACK
6
CONTINUOUS
10
0.9443330708661417
20
1.5303788188976377
11
0.9437570078740157
21
1.5303220866141731
0
LINE
8
BLACK
6
CONTINUOUS
10
0.9437570078740157
20
1.5303220866141731
11
0.9400074803149606
21
1.5303220866141731
0
LINE
8
BLACK
6
CONTINUOUS
10
0.9400074803149606
20
1.5303220866141731
11
0.9394314173228346
21
1.5303788188976377
0
LINE
8
BLACK
6
CONTINUOUS
10
0.9394314173228346
20
1.5303788188976377
11
0.9393334251968504
21
1.5304194094488188
0
LINE
8
BLACK
6
CONTINUOUS
10
0.9393334251968504
20
1.5304194094488188
11
0.9392275590551181
21
1.5304269291338581
0
LINE
8
BLACK
6
CONTINUOUS
10
0.9392275590551181
20
1.5304269291338581
11
0.938686968503937
21
1.5306338188976378
0
LINE
8
BLACK
6
CONTINUOUS
10
0.938686968503937
20
1.5306338188976378
11
0.9349374409448818
21
1.5325085826771654
0
LINE
8
BLACK
6
CONTINUOUS
10
0.9349374409448818
20
1.5325085826771654
11
0.9346894094488188
21
1.5326646850393701
0
LINE
8
BLACK
6
CONTINUOUS
10
0.9346894094488188
20
1.5326646850393701
11
0.9346174803149606
21
1.5326944881889764
0
LINE
8
BLACK
6
CONTINUOUS
10
0.9346174803149606
20
1.5326944881889764
11
0.9345364960629921
21
1.5327609448818897
0
LINE
8
BLACK
6
CONTINUOUS
10
0.9345364960629921
20
1.5327609448818897
11
0.9344475590551181
21
1.5328169291338583
0
LINE
8
BLACK
6
CONTINUOUS
10
0.9344475590551181
20
1.5328169291338583
11
0.9343963385826771
21
1.5328759842519684
0
LINE
8
BLACK
6
CONTINUOUS
10
0.9343963385826771
20
1.5328759842519684
11
0.9341699999999999
21
1.5330617322834645
0
LINE
8
BLACK
6
CONTINUOUS
10
0.9341699999999999
20
1.5330617322834645
11
0.9322952362204724
21
1.5349365354330708
0
LINE
8
BLACK
6
CONTINUOUS
10
0.9322952362204724
20
1.5349365354330708
11
0.9321094881889763
21
1.5351628740157479
0
LINE
8
BLACK
6
CONTINUOUS
10
0.9321094881889763
20
1.5351628740157479
11
0.9320505118110236
21
1.5352140157480314
0
LINE
8
BLACK
6
CONTINUOUS
10
0.9320505118110236
20
1.5352140157480314
11
0.9319945275590551
21
1.5353029527559054
0
LINE
8
BLACK
6
CONTINUOUS
10
0.9319945275590551
20
1.5353029527559054
11
0.931928031496063
21
1.5353839763779527
0
LINE
8
BLACK
6
CONTINUOUS
10
0.931928031496063
20
1.5353839763779527
11
0.9318981889763779
21
1.5354560236220471
0
LINE
8
BLACK
6
CONTINUOUS
10
0.9318981889763779
20
1.5354560236220471
11
0.9317421653543307
21
1.5357038976377952
0
LINE
8
BLACK
6
CONTINUOUS
10
0.9317421653543307
20
1.5357038976377952
11
0.9298674015748031
21
1.5394534251968504
0
LINE
8
BLACK
6
CONTINUOUS
10
0.9298674015748031
20
1.5394534251968504
11
0.9298512598425197
21
1.5394955511811024
0
LINE
8
BLACK
6
CONTINUOUS
10
0.9298512598425197
20
1.5394955511811024
11
0.9298385826771653
21
1.5395126771653542
0
LINE
8
BLACK
6
CONTINUOUS
10
0.9298385826771653
20
1.5395126771653542
11
0.9297521259842519
21
1.5397546456692912
0
LINE
8
BLACK
6
CONTINUOUS
10
0.9297521259842519
20
1.5397546456692912
11
0.9296605118110236
21
1.5399940551181102
0
LINE
8
BLACK
6
CONTINUOUS
10
0.9296605118110236
20
1.5399940551181102
11
0.9296589763779527
21
1.5400153149606299
0
LINE
8
BLACK
6
CONTINUOUS
10
0.9296589763779527
20
1.5400153149606299
11
0.9296438188976378
21
1.5400577952755905
0
LINE
8
BLACK
6
CONTINUOUS
10
0.9296438188976378
20
1.5400577952755905
11
0.9277690551181103
21
1.5475568503937007
0
LINE
8
BLACK
6
CONTINUOUS
10
0.9277690551181103
20
1.5475568503937007
11
0.9277542519685039
21
1.5476567322834645
0
LINE
8
BLACK
6
CONTINUOUS
10
0.9277542519685039
20
1.5476567322834645
11
0.9277376377952755
21
1.5476969291338583
0
LINE
8
BLACK
6
CONTINUOUS
10
0.9277376377952755
20
1.5476969291338583
11
0.9277162598425197
21
1.5479139763779528
0
LINE
8
BLACK
6
CONTINUOUS
10
0.9277162598425197
20
1.5479139763779528
11
0.9276844094488189
21
1.5481294488188977
0
LINE
8
BLACK
6
CONTINUOUS
10
0.9276844094488189
20
1.5481294488188977
11
0.9276907874015747
21
1.5481724803149606
0
LINE
8
BLACK
6
CONTINUOUS
10
0.9276907874015747
20
1.5481724803149606
11
0.927680905511811
21
1.5482729921259841
0
LINE
8
BLACK
6
CONTINUOUS
10
0.927680905511811
20
1.5482729921259841
11
0.927680905511811
21
1.5576468110236219
0
LINE
8
BLACK
6
CONTINUOUS
10
0.927680905511811
20
1.5576468110236219
11
0.9276907874015747
21
1.5577473622047244
0
LINE
8
BLACK
6
CONTINUOUS
10
0.9276907874015747
20
1.5577473622047244
11
0.9276844094488189
21
1.5577903543307086
0
LINE
8
BLACK
6
CONTINUOUS
10
0.9276844094488189
20
1.5577903543307086
11
0.9277162598425197
21
1.5580058661417322
0
LINE
8
BLACK
6
CONTINUOUS
10
0.9277162598425197
20
1.5580058661417322
11
0.9277376377952755
21
1.558222874015748
0
LINE
8
BLACK
6
CONTINUOUS
10
0.9277376377952755
20
1.558222874015748
11
0.9277542519685039
21
1.5582631102362203
0
LINE
8
BLACK
6
CONTINUOUS
10
0.9277542519685039
20
1.5582631102362203
11
0.9277690551181103
21
1.5583629527559055
0
LINE
8
BLACK
6
CONTINUOUS
10
0.9277690551181103
20
1.5583629527559055
11
0.9296438188976378
21
1.5658620078740157
0
LINE
8
BLACK
6
CONTINUOUS
10
0.9296438188976378
20
1.5658620078740157
11
0.9296589763779527
21
1.5659045275590551
0
LINE
8
BLACK
6
CONTINUOUS
10
0.9296589763779527
20
1.5659045275590551
11
0.9296605118110236
21
1.5659257480314961
0
LINE
8
BLACK
6
CONTINUOUS
10
0.9296605118110236
20
1.5659257480314961
11
0.9297521259842519
21
1.5661651968503936
0
LINE
8
BLACK
6
CONTINUOUS
10
0.9297521259842519
20
1.5661651968503936
11
0.9298385826771653
21
1.566407125984252
0
LINE
8
BLACK
6
CONTINUOUS
10
0.9298385826771653
20
1.566407125984252
11
0.9298512598425197
21
1.5664242913385826
0
LINE
8
BLACK
6
CONTINUOUS
10
0.9298512598425197
20
1.5664242913385826
11
0.9298674015748031
21
1.5664663779527559
0
LINE
8
BLACK
6
CONTINUOUS
10
0.9298674015748031
20
1.5664663779527559
11
0.9317421653543307
21
1.570215905511811
0
LINE
8
BLACK
6
CONTINUOUS
10
0.9317421653543307
20
1.570215905511811
11
0.9318982283464566
21
1.5704639370078739
0
LINE
8
BLACK
6
CONTINUOUS
10
0.9318982283464566
20
1.5704639370078739
11
0.9319280708661417
21
1.5705358661417324
0
LINE
8
BLACK
6
CONTINUOUS
10
0.9319280708661417
20
1.5705358661417324
11
0.9319945275590551
21
1.5706168503937008
0
LINE
8
BLACK
6
CONTINUOUS
10
0.9319945275590551
20
1.5706168503937008
11
0.9320505118110236
21
1.5707057874015748
0
LINE
8
BLACK
6
CONTINUOUS
10
0.9320505118110236
20
1.5707057874015748
11
0.9321094881889763
21
1.5707569685039369
0
LINE
8
BLACK
6
CONTINUOUS
10
0.9321094881889763
20
1.5707569685039369
11
0.9322952755905511
21
1.5709833070866142
0
LINE
8
BLACK
6
CONTINUOUS
10
0.9322952755905511
20
1.5709833070866142
11
0.9341700393700787
21
1.5728580708661417
0
LINE
8
BLACK
6
CONTINUOUS
10
0.9341700393700787
20
1.5728580708661417
11
0.9343963779527559
21
1.5730438582677164
0
LINE
8
BLACK
6
CONTINUOUS
10
0.9343963779527559
20
1.5730438582677164
11
0.9344475590551181
21
1.5731028346456692
0
LINE
8
BLACK
6
CONTINUOUS
10
0.9344475590551181
20
1.5731028346456692
11
0.9345364960629921
21
1.5731588188976378
0
LINE
8
BLACK
6
CONTINUOUS
10
0.9345364960629921
20
1.5731588188976378
11
0.9346174803149606
21
1.5732252755905511
0
LINE
8
BLACK
6
CONTINUOUS
10
0.9346174803149606
20
1.5732252755905511
11
0.9346894094488188
21
1.5732551181102361
0
LINE
8
BLACK
6
CONTINUOUS
10
0.9346894094488188
20
1.5732551181102361
11
0.9349374409448818
21
1.5734111811023621
0
LINE
8
BLACK
6
CONTINUOUS
10
0.9349374409448818
20
1.5734111811023621
11
0.938686968503937
21
1.5752859448818897
0
LINE
8
BLACK
6
CONTINUOUS
10
0.938686968503937
20
1.5752859448818897
11
0.9392275590551181
21
1.5754928346456694
0
LINE
8
BLACK
6
CONTINUOUS
10
0.9392275590551181
20
1.5754928346456694
11
0.9393334251968504
21
1.5755003937007874
0
LINE
8
BLACK
6
CONTINUOUS
10
0.9393334251968504
20
1.5755003937007874
11
0.9394314173228346
21
1.5755409448818898
0
LINE
8
BLACK
6
CONTINUOUS
10
0.9394314173228346
20
1.5755409448818898
11
0.9400074803149606
21
1.5755976771653544
0
LINE
8
BLACK
6
CONTINUOUS
10
0.9400074803149606
20
1.5755976771653544
11
0.9437570078740157
21
1.5755976771653544
0
LINE
8
BLACK
6
CONTINUOUS
10
0.9437570078740157
20
1.5755976771653544
11
0.9443330708661417
21
1.5755409448818898
0
LINE
8
BLACK
6
CONTINUOUS
10
0.9380070472440944
20
1.5683434251968504
11
0.9368099212598425
21
1.5671462992125984
0
LINE
8
BLACK
6
CONTINUOUS
10
0.9368099212598425
20
1.5671462992125984
11
0.9352944094488189
21
1.5641153149606299
0
LINE
8
BLACK
6
CONTINUOUS
10
0.9352944094488189
20
1.5641153149606299
11
0.9335864173228346
21
1.5572832677165354
0
LINE
8
BLACK
6
CONTINUOUS
10
0.9335864173228346
20
1.5572832677165354
11
0.9335864173228346
21
1.5486365354330709
0
LINE
8
BLACK
6
CONTINUOUS
10
0.9335864173228346
20
1.5486365354330709
11
0.9352944094488189
21
1.5418044881889763
0
LINE
8
BLACK
6
CONTINUOUS
10
0.9352944094488189
20
1.5418044881889763
11
0.9368099212598425
21
1.5387735039370078
0
LINE
8
BLACK
6
CONTINUOUS
10
0.9368099212598425
20
1.5387735039370078
11
0.9380070472440944
21
1.5375763385826771
0
LINE
8
BLACK
6
CONTINUOUS
10
0.9380070472440944
20
1.5375763385826771
11
0.9407045275590551
21
1.5362275984251967
0
LINE
8
BLACK
6
CONTINUOUS
10
0.9407045275590551
20
1.5362275984251967
11
0.9430599606299213
21
1.5362275984251967
0
LINE
8
BLACK
6
CONTINUOUS
10
0.9430599606299213
20
1.5362275984251967
11
0.9457574015748031
21
1.5375763385826771
0
LINE
8
BLACK
6
CONTINUOUS
10
0.9457574015748031
20
1.5375763385826771
11
0.9469545275590551
21
1.5387735039370078
0
LINE
8
BLACK
6
CONTINUOUS
10
0.9469545275590551
20
1.5387735039370078
11
0.9484700393700787
21
1.5418044881889763
0
LINE
8
BLACK
6
CONTINUOUS
10
0.9484700393700787
20
1.5418044881889763
11
0.9501780708661417
21
1.5486365354330709
0
LINE
8
BLACK
6
CONTINUOUS
10
0.9501780708661417
20
1.5486365354330709
11
0.9501780708661417
21
1.5572832677165354
0
LINE
8
BLACK
6
CONTINUOUS
10
0.9501780708661417
20
1.5572832677165354
11
0.9484700393700787
21
1.5641153149606299
0
LINE
8
BLACK
6
CONTINUOUS
10
0.9484700393700787
20
1.5641153149606299
11
0.9469545669291338
21
1.5671462992125984
0
LINE
8
BLACK
6
CONTINUOUS
10
0.9469545669291338
20
1.5671462992125984
11
0.9457574409448819
21
1.5683434251968504
0
LINE
8
BLACK
6
CONTINUOUS
10
0.9457574409448819
20
1.5683434251968504
11
0.9430599606299213
21
1.5696921653543308
0
LINE
8
BLACK
6
CONTINUOUS
10
0.9430599606299213
20
1.5696921653543308
11
0.9407045275590551
21
1.5696921653543308
0
LINE
8
BLACK
6
CONTINUOUS
10
0.9407045275590551
20
1.5696921653543308
11
0.9380070472440944
21
1.5683434251968504
0
LINE
8
BLACK
6
CONTINUOUS
10
0.9818283858267717
20
1.5755409448818898
11
0.9819263779527558
21
1.5755003543307087
0
LINE
8
BLACK
6
CONTINUOUS
10
0.9819263779527558
20
1.5755003543307087
11
0.9820322047244094
21
1.5754928346456694
0
LINE
8
BLACK
6
CONTINUOUS
10
0.9820322047244094
20
1.5754928346456694
11
0.9825728346456692
21
1.5752859448818897
0
LINE
8
BLACK
6
CONTINUOUS
10
0.9825728346456692
20
1.5752859448818897
11
0.9863223622047244
21
1.5734111811023621
0
LINE
8
BLACK
6
CONTINUOUS
10
0.9863223622047244
20
1.5734111811023621
11
0.9865703543307086
21
1.5732551181102361
0
LINE
8
BLACK
6
CONTINUOUS
10
0.9865703543307086
20
1.5732551181102361
11
0.9866423228346457
21
1.5732252755905511
0
LINE
8
BLACK
6
CONTINUOUS
10
0.9866423228346457
20
1.5732252755905511
11
0.9867232677165354
21
1.5731588188976378
0
LINE
8
BLACK
6
CONTINUOUS
10
0.9867232677165354
20
1.5731588188976378
11
0.9868122440944882
21
1.5731028346456692
0
LINE
8
BLACK
6
CONTINUOUS
10
0.9868122440944882
20
1.5731028346456692
11
0.9868633858267716
21
1.5730438582677164
0
LINE
8
BLACK
6
CONTINUOUS
10
0.9868633858267716
20
1.5730438582677164
11
0.9870897637795275
21
1.5728580708661417
0
LINE
8
BLACK
6
CONTINUOUS
10
0.9870897637795275
20
1.5728580708661417
11
0.9889645275590551
21
1.5709833070866142
0
LINE
8
BLACK
6
CONTINUOUS
10
0.9889645275590551
20
1.5709833070866142
11
0.9891502755905511
21
1.5707569685039369
0
LINE
8
BLACK
6
CONTINUOUS
10
0.9891502755905511
20
1.5707569685039369
11
0.9892092913385827
21
1.5707057874015748
0
LINE
8
BLACK
6
CONTINUOUS
10
0.9892092913385827
20
1.5707057874015748
11
0.9892652362204725
21
1.5706168503937008
0
LINE
8
BLACK
6
CONTINUOUS
10
0.9892652362204725
20
1.5706168503937008
11
0.9893317322834645
21
1.5705358661417324
0
LINE
8
BLACK
6
CONTINUOUS
10
0.9893317322834645
20
1.5705358661417324
11
0.9893615354330708
21
1.5704639370078739
0
LINE
8
BLACK
6
CONTINUOUS
10
0.9893615354330708
20
1.5704639370078739
11
0.9895176377952756
21
1.570215905511811
0
LINE
8
BLACK
6
CONTINUOUS
10
0.9895176377952756
20
1.570215905511811
11
0.9913924015748031
21
1.5664663779527559
0
LINE
8
BLACK
6
CONTINUOUS
10
0.9913924015748031
20
1.5664663779527559
11
0.9914085039370079
21
1.5664242913385826
0
LINE
8
BLACK
6
CONTINUOUS
10
0.9914085039370079
20
1.5664242913385826
11
0.991421220472441
21
1.566407125984252
0
LINE
8
BLACK
6
CONTINUOUS
10
0.991421220472441
20
1.566407125984252
11
0.9915075196850394
21
1.5661655511811023
0
LINE
8
BLACK
6
CONTINUOUS
10
0.9915075196850394
20
1.5661655511811023
11
0.9915992913385826
21
1.5659257874015748
0
LINE
8
BLACK
6
CONTINUOUS
10
0.9915992913385826
20
1.5659257874015748
11
0.9916007874015748
21
1.5659045275590551
0
LINE
8
BLACK
6
CONTINUOUS
10
0.9916007874015748
20
1.5659045275590551
11
0.9916159842519685
21
1.5658620078740157
0
LINE
8
BLACK
6
CONTINUOUS
10
0.9916159842519685
20
1.5658620078740157
11
0.9934907480314961
21
1.5583629527559055
0
LINE
8
BLACK
6
CONTINUOUS
10
0.9934907480314961
20
1.5583629527559055
11
0.9935055118110236
21
1.5582631102362203
0
LINE
8
BLACK
6
CONTINUOUS
10
0.9935055118110236
20
1.5582631102362203
11
0.9935221653543307
21
1.558222874015748
0
LINE
8
BLACK
6
CONTINUOUS
10
0.9935221653543307
20
1.558222874015748
11
0.9935435039370079
21
1.5580058661417322
0
LINE
8
BLACK
6
CONTINUOUS
10
0.9935435039370079
20
1.5580058661417322
11
0.9935753937007874
21
1.5577903543307086
0
LINE
8
BLACK
6
CONTINUOUS
10
0.9935753937007874
20
1.5577903543307086
11
0.9935689763779527
21
1.5577473622047244
0
LINE
8
BLACK
6
CONTINUOUS
10
0.9935689763779527
20
1.5577473622047244
11
0.9935788976377953
21
1.5576468110236219
0
LINE
8
BLACK
6
CONTINUOUS
10
0.9935788976377953
20
1.5576468110236219
11
0.9935788976377953
21
1.5482729921259841
0
LINE
8
BLACK
6
CONTINUOUS
10
0.9935788976377953
20
1.5482729921259841
11
0.9935689763779527
21
1.5481724803149606
0
LINE
8
BLACK
6
CONTINUOUS
10
0.9935689763779527
20
1.5481724803149606
11
0.9935753937007874
21
1.5481294488188977
0
LINE
8
BLACK
6
CONTINUOUS
10
0.9935753937007874
20
1.5481294488188977
11
0.9935435039370079
21
1.5479139763779528
0
LINE
8
BLACK
6
CONTINUOUS
10
0.9935435039370079
20
1.5479139763779528
11
0.9935221653543307
21
1.5476969291338583
0
LINE
8
BLACK
6
CONTINUOUS
10
0.9935221653543307
20
1.5476969291338583
11
0.9935055118110236
21
1.5476567322834645
0
LINE
8
BLACK
6
CONTINUOUS
10
0.9935055118110236
20
1.5476567322834645
11
0.9934907480314961
21
1.5475568503937007
0
LINE
8
BLACK
6
CONTINUOUS
10
0.9934907480314961
20
1.5475568503937007
11
0.9916159842519685
21
1.5400577952755905
0
LINE
8
BLACK
6
CONTINUOUS
10
0.9916159842519685
20
1.5400577952755905
11
0.9916007874015748
21
1.5400153149606299
0
LINE
8
BLACK
6
CONTINUOUS
10
0.9916007874015748
20
1.5400153149606299
11
0.9915992913385826
21
1.5399940157480314
0
LINE
8
BLACK
6
CONTINUOUS
10
0.9915992913385826
20
1.5399940157480314
11
0.9915075196850394
21
1.5397542913385827
0
LINE
8
BLACK
6
CONTINUOUS
10
0.9915075196850394
20
1.5397542913385827
11
0.991421220472441
21
1.5395126771653542
0
LINE
8
BLACK
6
CONTINUOUS
10
0.991421220472441
20
1.5395126771653542
11
0.9914085039370079
21
1.5394955511811024
0
LINE
8
BLACK
6
CONTINUOUS
10
0.9914085039370079
20
1.5394955511811024
11
0.9913924015748031
21
1.5394534251968504
0
LINE
8
BLACK
6
CONTINUOUS
10
0.9913924015748031
20
1.5394534251968504
11
0.9895176377952756
21
1.5357038976377952
0
LINE
8
BLACK
6
CONTINUOUS
10
0.9895176377952756
20
1.5357038976377952
11
0.9893615748031496
21
1.5354560236220471
0
LINE
8
BLACK
6
CONTINUOUS
10
0.9893615748031496
20
1.5354560236220471
11
0.9893317716535432
21
1.5353839763779527
0
LINE
8
BLACK
6
CONTINUOUS
10
0.9893317716535432
20
1.5353839763779527
11
0.9892652362204725
21
1.5353029527559054
0
LINE
8
BLACK
6
CONTINUOUS
10
0.9892652362204725
20
1.5353029527559054
11
0.9892092913385827
21
1.5352140157480314
0
LINE
8
BLACK
6
CONTINUOUS
10
0.9892092913385827
20
1.5352140157480314
11
0.9891502755905511
21
1.5351628740157479
0
LINE
8
BLACK
6
CONTINUOUS
10
0.9891502755905511
20
1.5351628740157479
11
0.9889645275590551
21
1.5349364960629921
0
LINE
8
BLACK
6
CONTINUOUS
10
0.9889645275590551
20
1.5349364960629921
11
0.9870898031496063
21
1.5330617322834645
0
LINE
8
BLACK
6
CONTINUOUS
10
0.9870898031496063
20
1.5330617322834645
11
0.9868634251968503
21
1.5328759842519684
0
LINE
8
BLACK
6
CONTINUOUS
10
0.9868634251968503
20
1.5328759842519684
11
0.9868122440944882
21
1.5328169291338583
0
LINE
8
BLACK
6
CONTINUOUS
10
0.9868122440944882
20
1.5328169291338583
11
0.9867232677165354
21
1.5327609448818897
0
LINE
8
BLACK
6
CONTINUOUS
10
0.9867232677165354
20
1.5327609448818897
11
0.9866423228346457
21
1.5326944881889764
0
LINE
8
BLACK
6
CONTINUOUS
10
0.9866423228346457
20
1.5326944881889764
11
0.9865703543307086
21
1.5326646850393701
0
LINE
8
BLACK
6
CONTINUOUS
10
0.9865703543307086
20
1.5326646850393701
11
0.9863223622047244
21
1.5325085826771654
0
LINE
8
BLACK
6
CONTINUOUS
10
0.9863223622047244
20
1.5325085826771654
11
0.9825728346456692
21
1.5306338188976378
0
LINE
8
BLACK
6
CONTINUOUS
10
0.9825728346456692
20
1.5306338188976378
11
0.9820322047244094
21
1.5304269291338581
0
LINE
8
BLACK
6
CONTINUOUS
10
0.9820322047244094
20
1.5304269291338581
11
0.9819263779527558
21
1.5304194488188976
0
LINE
8
BLACK
6
CONTINUOUS
10
0.9819263779527558
20
1.5304194488188976
11
0.9818283858267717
21
1.5303788188976377
0
LINE
8
BLACK
6
CONTINUOUS
10
0.9818283858267717
20
1.5303788188976377
11
0.9812523228346457
21
1.5303220866141731
0
LINE
8
BLACK
6
CONTINUOUS
10
0.9812523228346457
20
1.5303220866141731
11
0.9775027952755905
21
1.5303220866141731
0
LINE
8
BLACK
6
CONTINUOUS
10
0.9775027952755905
20
1.5303220866141731
11
0.9769267322834645
21
1.5303788188976377
0
LINE
8
BLACK
6
CONTINUOUS
10
0.9769267322834645
20
1.5303788188976377
11
0.9768287401574803
21
1.5304194094488188
0
LINE
8
BLACK
6
CONTINUOUS
10
0.9768287401574803
20
1.5304194094488188
11
0.976722874015748
21
1.5304269291338581
0
LINE
8
BLACK
6
CONTINUOUS
10
0.976722874015748
20
1.5304269291338581
11
0.9761822834645669
21
1.5306338188976378
0
LINE
8
BLACK
6
CONTINUOUS
10
0.9761822834645669
20
1.5306338188976378
11
0.9724327559055118
21
1.5325085826771654
0
LINE
8
BLACK
6
CONTINUOUS
10
0.9724327559055118
20
1.5325085826771654
11
0.9721847244094488
21
1.5326646850393701
0
LINE
8
BLACK
6
CONTINUOUS
10
0.9721847244094488
20
1.5326646850393701
11
0.9721127952755906
21
1.5326944881889764
0
LINE
8
BLACK
6
CONTINUOUS
10
0.9721127952755906
20
1.5326944881889764
11
0.972031811023622
21
1.5327609448818897
0
LINE
8
BLACK
6
CONTINUOUS
10
0.972031811023622
20
1.5327609448818897
11
0.971942874015748
21
1.5328169291338583
0
LINE
8
BLACK
6
CONTINUOUS
10
0.971942874015748
20
1.5328169291338583
11
0.9718916535433071
21
1.5328759842519684
0
LINE
8
BLACK
6
CONTINUOUS
10
0.9718916535433071
20
1.5328759842519684
11
0.9716653149606299
21
1.5330617322834645
0
LINE
8
BLACK
6
CONTINUOUS
10
0.9716653149606299
20
1.5330617322834645
11
0.9697905511811024
21
1.5349365354330708
0
LINE
8
BLACK
6
CONTINUOUS
10
0.9697905511811024
20
1.5349365354330708
11
0.9696048031496063
21
1.5351628740157479
0
LINE
8
BLACK
6
CONTINUOUS
10
0.9696048031496063
20
1.5351628740157479
11
0.9695458267716536
21
1.5352140157480314
0
LINE
8
BLACK
6
CONTINUOUS
10
0.9695458267716536
20
1.5352140157480314
11
0.9694898425196851
21
1.5353029527559054
0
LINE
8
BLACK
6
CONTINUOUS
10
0.9694898425196851
20
1.5353029527559054
11
0.9694233464566929
21
1.5353839763779527
0
LINE
8
BLACK
6
CONTINUOUS
10
0.9694233464566929
20
1.5353839763779527
11
0.9693935039370078
21
1.5354560236220471
0
LINE
8
BLACK
6
CONTINUOUS
10
0.9693935039370078
20
1.5354560236220471
11
0.9692374803149606
21
1.5357038976377952
0
LINE
8
BLACK
6
CONTINUOUS
10
0.9692374803149606
20
1.5357038976377952
11
0.967362716535433
21
1.5394534251968504
0
LINE
8
BLACK
6
CONTINUOUS
10
0.967362716535433
20
1.5394534251968504
11
0.9673465748031496
21
1.5394955511811024
0
LINE
8
BLACK
6
CONTINUOUS
10
0.9673465748031496
20
1.5394955511811024
11
0.9673338976377952
21
1.5395126771653542
0
LINE
8
BLACK
6
CONTINUOUS
10
0.9673338976377952
20
1.5395126771653542
11
0.9672474409448819
21
1.5397546456692912
0
LINE
8
BLACK
6
CONTINUOUS
10
0.9672474409448819
20
1.5397546456692912
11
0.9671558267716536
21
1.5399940551181102
0
LINE
8
BLACK
6
CONTINUOUS
10
0.9671558267716536
20
1.5399940551181102
11
0.9671542913385827
21
1.5400153149606299
0
LINE
8
BLACK
6
CONTINUOUS
10
0.9671542913385827
20
1.5400153149606299
11
0.9671391338582677
21
1.5400577952755905
0
LINE
8
BLACK
6
CONTINUOUS
10
0.9671391338582677
20
1.5400577952755905
11
0.9652643700787401
21
1.5475568503937007
0
LINE
8
BLACK
6
CONTINUOUS
10
0.9652643700787401
20
1.5475568503937007
11
0.9652495669291339
21
1.5476567322834645
0
LINE
8
BLACK
6
CONTINUOUS
10
0.9652495669291339
20
1.5476567322834645
11
0.9652329527559055
21
1.5476969291338583
0
LINE
8
BLACK
6
CONTINUOUS
10
0.9652329527559055
20
1.5476969291338583
11
0.9652115748031496
21
1.5479139763779528
0
LINE
8
BLACK
6
CONTINUOUS
10
0.9652115748031496
20
1.5479139763779528
11
0.9651797244094488
21
1.5481294488188977
0
LINE
8
BLACK
6
CONTINUOUS
10
0.9651797244094488
20
1.5481294488188977
11
0.9651861023622047
21
1.5481724803149606
0
LINE
8
BLACK
6
CONTINUOUS
10
0.9651861023622047
20
1.5481724803149606
11
0.9651762204724409
21
1.5482729921259841
0
LINE
8
BLACK
6
CONTINUOUS
10
0.9651762204724409
20
1.5482729921259841
11
0.9651762204724409
21
1.5576468110236219
0
LINE
8
BLACK
6
CONTINUOUS
10
0.9651762204724409
20
1.5576468110236219
11
0.9651861023622047
21
1.5577473622047244
0
LINE
8
BLACK
6
CONTINUOUS
10
0.9651861023622047
20
1.5577473622047244
11
0.9651797244094488
21
1.5577903543307086
0
LINE
8
BLACK
6
CONTINUOUS
10
0.9651797244094488
20
1.5577903543307086
11
0.9652115748031496
21
1.5580058661417322
0
LINE
8
BLACK
6
CONTINUOUS
10
0.9652115748031496
20
1.5580058661417322
11
0.9652329527559055
21
1.558222874015748
0
LINE
8
BLACK
6
CONTINUOUS
10
0.9652329527559055
20
1.558222874015748
11
0.9652495669291339
21
1.5582631102362203
0
LINE
8
BLACK
6
CONTINUOUS
10
0.9652495669291339
20
1.5582631102362203
11
0.9652643700787401
21
1.5583629527559055
0
LINE
8
BLACK
6
CONTINUOUS
10
0.9652643700787401
20
1.5583629527559055
11
0.9671391338582677
21
1.5658620078740157
0
LINE
8
BLACK
6
CONTINUOUS
10
0.9671391338582677
20
1.5658620078740157
11
0.9671542913385827
21
1.5659045275590551
0
LINE
8
BLACK
6
CONTINUOUS
10
0.9671542913385827
20
1.5659045275590551
11
0.9671558267716536
21
1.5659257480314961
0
LINE
8
BLACK
6
CONTINUOUS
10
0.9671558267716536
20
1.5659257480314961
11
0.9672474409448819
21
1.5661651968503936
0
LINE
8
BLACK
6
CONTINUOUS
10
0.9672474409448819
20
1.5661651968503936
11
0.9673338976377952
21
1.566407125984252
0
LINE
8
BLACK
6
CONTINUOUS
10
0.9673338976377952
20
1.566407125984252
11
0.9673465748031496
21
1.5664242913385826
0
LINE
8
BLACK
6
CONTINUOUS
10
0.9673465748031496
20
1.5664242913385826
11
0.967362716535433
21
1.5664663779527559
0
LINE
8
BLACK
6
CONTINUOUS
10
0.967362716535433
20
1.5664663779527559
11
0.9692374803149606
21
1.570215905511811
0
LINE
8
BLACK
6
CONTINUOUS
10
0.9692374803149606
20
1.570215905511811
11
0.9693935433070866
21
1.5704639370078739
0
LINE
8
BLACK
6
CONTINUOUS
10
0.9693935433070866
20
1.5704639370078739
11
0.9694233858267717
21
1.5705358661417324
0
LINE
8
BLACK
6
CONTINUOUS
10
0.9694233858267717
20
1.5705358661417324
11
0.9694898425196851
21
1.5706168503937008
0
LINE
8
BLACK
6
CONTINUOUS
10
0.9694898425196851
20
1.5706168503937008
11
0.9695458267716536
21
1.5707057874015748
0
LINE
8
BLACK
6
CONTINUOUS
10
0.9695458267716536
20
1.5707057874015748
11
0.9696048031496063
21
1.5707569685039369
0
LINE
8
BLACK
6
CONTINUOUS
10
0.9696048031496063
20
1.5707569685039369
11
0.9697905905511811
21
1.5709833070866142
0
LINE
8
BLACK
6
CONTINUOUS
10
0.9697905905511811
20
1.5709833070866142
11
0.9716653543307087
21
1.5728580708661417
0
LINE
8
BLACK
6
CONTINUOUS
10
0.9716653543307087
20
1.5728580708661417
11
0.9718916929133858
21
1.5730438582677164
0
LINE
8
BLACK
6
CONTINUOUS
10
0.9718916929133858
20
1.5730438582677164
11
0.971942874015748
21
1.5731028346456692
0
LINE
8
BLACK
6
CONTINUOUS
10
0.971942874015748
20
1.5731028346456692
11
0.972031811023622
21
1.5731588188976378
0
LINE
8
BLACK
6
CONTINUOUS
10
0.972031811023622
20
1.5731588188976378
11
0.9721127952755906
21
1.5732252755905511
0
LINE
8
BLACK
6
CONTINUOUS
10
0.9721127952755906
20
1.5732252755905511
11
0.9721847244094488
21
1.5732551181102361
0
LINE
8
BLACK
6
CONTINUOUS
10
0.9721847244094488
20
1.5732551181102361
11
0.9724327559055118
21
1.5734111811023621
0
LINE
8
BLACK
6
CONTINUOUS
10
0.9724327559055118
20
1.5734111811023621
11
0.9761822834645669
21
1.5752859448818897
0
LINE
8
BLACK
6
CONTINUOUS
10
0.9761822834645669
20
1.5752859448818897
11
0.976722874015748
21
1.5754928346456694
0
LINE
8
BLACK
6
CONTINUOUS
10
0.976722874015748
20
1.5754928346456694
11
0.9768287401574803
21
1.5755003937007874
0
LINE
8
BLACK
6
CONTINUOUS
10
0.9768287401574803
20
1.5755003937007874
11
0.9769267322834645
21
1.5755409448818898
0
LINE
8
BLACK
6
CONTINUOUS
10
0.9769267322834645
20
1.5755409448818898
11
0.9775027952755905
21
1.5755976771653544
0
LINE
8
BLACK
6
CONTINUOUS
10
0.9775027952755905
20
1.5755976771653544
11
0.9812523228346457
21
1.5755976771653544
0
LINE
8
BLACK
6
CONTINUOUS
10
0.9812523228346457
20
1.5755976771653544
11
0.9818283858267717
21
1.5755409448818898
0
LINE
8
BLACK
6
CONTINUOUS
10
0.9755023622047244
20
1.5683434251968504
11
0.9743052362204724
21
1.5671462992125984
0
LINE
8
BLACK
6
CONTINUOUS
10
0.9743052362204724
20
1.5671462992125984
11
0.9727897244094488
21
1.5641153149606299
0
LINE
8
BLACK
6
CONTINUOUS
10
0.9727897244094488
20
1.5641153149606299
11
0.9710817322834645
21
1.5572832677165354
0
LINE
8
BLACK
6
CONTINUOUS
10
0.9710817322834645
20
1.5572832677165354
11
0.9710817322834645
21
1.5486365354330709
0
LINE
8
BLACK
6
CONTINUOUS
10
0.9710817322834645
20
1.5486365354330709
11
0.9727897244094488
21
1.5418044881889763
0
LINE
8
BLACK
6
CONTINUOUS
10
0.9727897244094488
20
1.5418044881889763
11
0.9743052362204724
21
1.5387735039370078
0
LINE
8
BLACK
6
CONTINUOUS
10
0.9743052362204724
20
1.5387735039370078
11
0.9755023622047244
21
1.5375763385826771
0
LINE
8
BLACK
6
CONTINUOUS
10
0.9755023622047244
20
1.5375763385826771
11
0.9781998425196851
21
1.5362275984251967
0
LINE
8
BLACK
6
CONTINUOUS
10
0.9781998425196851
20
1.5362275984251967
11
0.9805552755905511
21
1.5362275984251967
0
LINE
8
BLACK
6
CONTINUOUS
10
0.9805552755905511
20
1.5362275984251967
11
0.983252716535433
21
1.5375763385826771
0
LINE
8
BLACK
6
CONTINUOUS
10
0.983252716535433
20
1.5375763385826771
11
0.984449842519685
21
1.5387735039370078
0
LINE
8
BLACK
6
CONTINUOUS
10
0.984449842519685
20
1.5387735039370078
11
0.9859653543307086
21
1.5418044881889763
0
LINE
8
BLACK
6
CONTINUOUS
10
0.9859653543307086
20
1.5418044881889763
11
0.9876733858267717
21
1.5486365354330709
0
LINE
8
BLACK
6
CONTINUOUS
10
0.9876733858267717
20
1.5486365354330709
11
0.9876733858267717
21
1.5572832677165354
0
LINE
8
BLACK
6
CONTINUOUS
10
0.9876733858267717
20
1.5572832677165354
11
0.9859653543307086
21
1.5641153149606299
0
LINE
8
BLACK
6
CONTINUOUS
10
0.9859653543307086
20
1.5641153149606299
11
0.9844498818897638
21
1.5671462992125984
0
LINE
8
BLACK
6
CONTINUOUS
10
0.9844498818897638
20
1.5671462992125984
11
0.9832527559055118
21
1.5683434251968504
0
LINE
8
BLACK
6
CONTINUOUS
10
0.9832527559055118
20
1.5683434251968504
11
0.9805552755905511
21
1.5696921653543308
0
LINE
8
BLACK
6
CONTINUOUS
10
0.9805552755905511
20
1.5696921653543308
11
0.9781998425196851
21
1.5696921653543308
0
LINE
8
BLACK
6
CONTINUOUS
10
0.9781998425196851
20
1.5696921653543308
11
0.9755023622047244
21
1.5683434251968504
0
LINE
8
BLACK
6
CONTINUOUS
10
1.1393087007874017
20
1.5624175984251969
11
1.1394066929133857
21
1.5623770078740158
0
LINE
8
BLACK
6
CONTINUOUS
10
1.1394066929133857
20
1.5623770078740158
11
1.1395125196850393
21
1.5623694881889763
0
LINE
8
BLACK
6
CONTINUOUS
10
1.1395125196850393
20
1.5623694881889763
11
1.1400531496062991
21
1.5621625984251968
0
LINE
8
BLACK
6
CONTINUOUS
10
1.1400531496062991
20
1.5621625984251968
11
1.1438026771653542
21
1.5602878346456692
0
LINE
8
BLACK
6
CONTINUOUS
10
1.1438026771653542
20
1.5602878346456692
11
1.1442925590551181
21
1.5599794881889764
0
LINE
8
BLACK
6
CONTINUOUS
10
1.1442925590551181
20
1.5599794881889764
11
1.1450474015748031
21
1.5591090944881889
0
LINE
8
BLACK
6
CONTINUOUS
10
1.1450474015748031
20
1.5591090944881889
11
1.1454117322834645
21
1.5580161417322835
0
LINE
8
BLACK
6
CONTINUOUS
10
1.1454117322834645
20
1.5580161417322835
11
1.1453300787401575
21
1.5568669291338582
0
LINE
8
BLACK
6
CONTINUOUS
10
1.1453300787401575
20
1.5568669291338582
11
1.1448148031496064
21
1.5558364173228345
0
LINE
8
BLACK
6
CONTINUOUS
10
1.1448148031496064
20
1.5558364173228345
11
1.1439444488188977
21
1.5550815748031497
0
LINE
8
BLACK
6
CONTINUOUS
10
1.1439444488188977
20
1.5550815748031497
11
1.1428514566929133
21
1.5547172440944881
0
LINE
8
BLACK
6
CONTINUOUS
10
1.1428514566929133
20
1.5547172440944881
11
1.1417022440944882
21
1.5547988976377953
0
LINE
8
BLACK
6
CONTINUOUS
10
1.1417022440944882
20
1.5547988976377953
11
1.1411616535433071
21
1.5550057874015748
0
LINE
8
BLACK
6
CONTINUOUS
10
1.1411616535433071
20
1.5550057874015748
11
1.138035590551181
21
1.5565688188976377
0
LINE
8
BLACK
6
CONTINUOUS
10
1.138035590551181
20
1.5565688188976377
11
1.1338053937007875
21
1.5565688188976377
0
LINE
8
BLACK
6
CONTINUOUS
10
1.1338053937007875
20
1.5565688188976377
11
1.1315596456692913
21
1.5554459842519686
0
LINE
8
BLACK
6
CONTINUOUS
10
1.1315596456692913
20
1.5554459842519686
11
1.130436811023622
21
1.5532002362204724
0
LINE
8
BLACK
6
CONTINUOUS
10
1.130436811023622
20
1.5532002362204724
11
1.130436811023622
21
1.5527195669291338
0
LINE
8
BLACK
6
CONTINUOUS
10
1.130436811023622
20
1.5527195669291338
11
1.1315596456692913
21
1.5504738582677164
0
LINE
8
BLACK
6
CONTINUOUS
10
1.1315596456692913
20
1.5504738582677164
11
1.1338053937007875
21
1.5493509842519684
0
LINE
8
BLACK
6
CONTINUOUS
10
1.1338053937007875
20
1.5493509842519684
11
1.1387326377952756
21
1.5493509842519684
0
LINE
8
BLACK
6
CONTINUOUS
10
1.1387326377952756
20
1.5493509842519684
11
1.1393087007874017
21
1.549294251968504
0
LINE
8
BLACK
6
CONTINUOUS
10
1.1393087007874017
20
1.549294251968504
11
1.1394066929133857
21
1.5492536614173229
0
LINE
8
BLACK
6
CONTINUOUS
10
1.1394066929133857
20
1.5492536614173229
11
1.1395125196850393
21
1.5492461417322834
0
LINE
8
BLACK
6
CONTINUOUS
10
1.1395125196850393
20
1.5492461417322834
11
1.1400531496062991
21
1.5490392519685039
0
LINE
8
BLACK
6
CONTINUOUS
10
1.1400531496062991
20
1.5490392519685039
11
1.1438026771653542
21
1.5471644881889763
0
LINE
8
BLACK
6
CONTINUOUS
10
1.1438026771653542
20
1.5471644881889763
11
1.1438990157480315
21
1.5471038582677166
0
LINE
8
BLACK
6
CONTINUOUS
10
1.1438990157480315
20
1.5471038582677166
11
1.1439444488188977
21
1.5470887007874015
0
LINE
8
BLACK
6
CONTINUOUS
10
1.1439444488188977
20
1.5470887007874015
11
1.1440009842519685
21
1.5470396850393699
0
LINE
8
BLACK
6
CONTINUOUS
10
1.1440009842519685
20
1.5470396850393699
11
1.1442925590551181
21
1.5468561417322835
0
LINE
8
BLACK
6
CONTINUOUS
10
1.1442925590551181
20
1.5468561417322835
11
1.1445351181102361
21
1.5465764566929134
0
LINE
8
BLACK
6
CONTINUOUS
10
1.1445351181102361
20
1.5465764566929134
11
1.1448148425196849
21
1.5463338582677164
0
LINE
8
BLACK
6
CONTINUOUS
10
1.1448148425196849
20
1.5463338582677164
11
1.1449983464566929
21
1.5460423228346456
0
LINE
8
BLACK
6
CONTINUOUS
10
1.1449983464566929
20
1.5460423228346456
11
1.1450474015748031
21
1.545985748031496
0
LINE
8
BLACK
6
CONTINUOUS
10
1.1450474015748031
20
1.545985748031496
11
1.1450625196850392
21
1.5459403543307086
0
LINE
8
BLACK
6
CONTINUOUS
10
1.1450625196850392
20
1.5459403543307086
11
1.145123188976378
21
1.5458439763779528
0
LINE
8
BLACK
6
CONTINUOUS
10
1.145123188976378
20
1.5458439763779528
11
1.1469979527559055
21
1.5420944488188977
0
LINE
8
BLACK
6
CONTINUOUS
10
1.1469979527559055
20
1.5420944488188977
11
1.147204842519685
21
1.5415538582677164
0
LINE
8
BLACK
6
CONTINUOUS
10
1.147204842519685
20
1.5415538582677164
11
1.1472123622047243
21
1.5414479921259843
0
LINE
8
BLACK
6
CONTINUOUS
10
1.1472123622047243
20
1.5414479921259843
11
1.1472529527559054
21
1.54135
0
LINE
8
BLACK
6
CONTINUOUS
10
1.1472529527559054
20
1.54135
11
1.14730968503937
21
1.5407739370078739
0
LINE
8
BLACK
6
CONTINUOUS
10
1.14730968503937
20
1.5407739370078739
11
1.14730968503937
21
1.5388991732283464
0
LINE
8
BLACK
6
CONTINUOUS
10
1.14730968503937
20
1.5388991732283464
11
1.1472529527559054
21
1.5383231102362205
0
LINE
8
BLACK
6
CONTINUOUS
10
1.1472529527559054
20
1.5383231102362205
11
1.1472123228346456
21
1.5382251181102362
0
LINE
8
BLACK
6
CONTINUOUS
10
1.1472123228346456
20
1.5382251181102362
11
1.147204842519685
21
1.5381192913385826
0
LINE
8
BLACK
6
CONTINUOUS
10
1.147204842519685
20
1.5381192913385826
11
1.1469979527559055
21
1.5375786614173228
0
LINE
8
BLACK
6
CONTINUOUS
10
1.1469979527559055
20
1.5375786614173228
11
1.145123188976378
21
1.5338290944881889
0
LINE
8
BLACK
6
CONTINUOUS
10
1.145123188976378
20
1.5338290944881889
11
1.1450625196850392
21
1.5337327559055118
0
LINE
8
BLACK
6
CONTINUOUS
10
1.1450625196850392
20
1.5337327559055118
11
1.1450474015748031
21
1.5336873228346457
0
LINE
8
BLACK
6
CONTINUOUS
10
1.1450474015748031
20
1.5336873228346457
11
1.1449983464566929
21
1.5336307874015747
0
LINE
8
BLACK
6
CONTINUOUS
10
1.1449983464566929
20
1.5336307874015747
11
1.1448148425196849
21
1.5333392125984251
0
LINE
8
BLACK
6
CONTINUOUS
10
1.1448148425196849
20
1.5333392125984251
11
1.1445351181102361
21
1.533096653543307
0
LINE
8
BLACK
6
CONTINUOUS
10
1.1445351181102361
20
1.533096653543307
11
1.1442925590551181
21
1.5328169291338583
0
LINE
8
BLACK
6
CONTINUOUS
10
1.1442925590551181
20
1.5328169291338583
11
1.1440009842519685
21
1.5326334251968503
0
LINE
8
BLACK
6
CONTINUOUS
10
1.1440009842519685
20
1.5326334251968503
11
1.1439444488188977
21
1.53258437007874
0
LINE
8
BLACK
6
CONTINUOUS
10
1.1439444488188977
20
1.53258437007874
11
1.1438990157480315
21
1.5325692519685039
0
LINE
8
BLACK
6
CONTINUOUS
10
1.1438990157480315
20
1.5325692519685039
11
1.1438026771653542
21
1.5325085826771654
0
LINE
8
BLACK
6
CONTINUOUS
10
1.1438026771653542
20
1.5325085826771654
11
1.1400531496062991
21
1.5306338188976378
0
LINE
8
BLACK
6
CONTINUOUS
10
1.1400531496062991
20
1.5306338188976378
11
1.1395125196850393
21
1.5304269291338581
0
LINE
8
BLACK
6
CONTINUOUS
10
1.1395125196850393
20
1.5304269291338581
11
1.1394066929133857
21
1.5304194488188976
0
LINE
8
BLACK
6
CONTINUOUS
10
1.1394066929133857
20
1.5304194488188976
11
1.1393087007874017
21
1.5303788188976377
0
LINE
8
BLACK
6
CONTINUOUS
10
1.1393087007874017
20
1.5303788188976377
11
1.1387326377952756
21
1.5303220866141731
0
LINE
8
BLACK
6
CONTINUOUS
10
1.1387326377952756
20
1.5303220866141731
11
1.1312335826771653
21
1.5303220866141731
0
LINE
8
BLACK
6
CONTINUOUS
10
1.1312335826771653
20
1.5303220866141731
11
1.1306575196850392
21
1.5303788188976377
0
LINE
8
BLACK
6
CONTINUOUS
10
1.1306575196850392
20
1.5303788188976377
11
1.1305595275590552
21
1.5304194094488188
0
LINE
8
BLACK
6
CONTINUOUS
10
1.1305595275590552
20
1.5304194094488188
11
1.1304536614173228
21
1.5304269291338581
0
LINE
8
BLACK
6
CONTINUOUS
10
1.1304536614173228
20
1.5304269291338581
11
1.1299130708661418
21
1.5306338188976378
0
LINE
8
BLACK
6
CONTINUOUS
10
1.1299130708661418
20
1.5306338188976378
11
1.1261635433070867
21
1.5325085826771654
0
LINE
8
BLACK
6
CONTINUOUS
10
1.1261635433070867
20
1.5325085826771654
11
1.1256736614173228
21
1.5328169291338583
0
LINE
8
BLACK
6
CONTINUOUS
10
1.1256736614173228
20
1.5328169291338583
11
1.1249188188976378
21
1.5336873228346457
0
LINE
8
BLACK
6
CONTINUOUS
10
1.1249188188976378
20
1.5336873228346457
11
1.1245544881889764
21
1.5347802755905511
0
LINE
8
BLACK
6
CONTINUOUS
10
1.1245544881889764
20
1.5347802755905511
11
1.1246361417322834
21
1.5359294881889762
0
LINE
8
BLACK
6
CONTINUOUS
10
1.1246361417322834
20
1.5359294881889762
11
1.1251513779527558
21
1.5369599999999999
0
LINE
8
BLACK
6
CONTINUOUS
10
1.1251513779527558
20
1.5369599999999999
11
1.1260217716535432
21
1.5377148425196849
0
LINE
8
BLACK
6
CONTINUOUS
10
1.1260217716535432
20
1.5377148425196849
11
1.1271147244094488
21
1.5380791732283465
0
LINE
8
BLACK
6
CONTINUOUS
10
1.1271147244094488
20
1.5380791732283465
11
1.128263937007874
21
1.5379975196850393
0
LINE
8
BLACK
6
CONTINUOUS
10
1.128263937007874
20
1.5379975196850393
11
1.1288045669291338
21
1.5377906299212598
0
LINE
8
BLACK
6
CONTINUOUS
10
1.1288045669291338
20
1.5377906299212598
11
1.1319306299212599
21
1.5362275984251967
0
LINE
8
BLACK
6
CONTINUOUS
10
1.1319306299212599
20
1.5362275984251967
11
1.138035590551181
21
1.5362275984251967
0
LINE
8
BLACK
6
CONTINUOUS
10
1.138035590551181
20
1.5362275984251967
11
1.1402812992125984
21
1.5373504724409448
0
LINE
8
BLACK
6
CONTINUOUS
10
1.1402812992125984
20
1.5373504724409448
11
1.1414041732283464
21
1.5395962204724409
0
LINE
8
BLACK
6
CONTINUOUS
10
1.1414041732283464
20
1.5395962204724409
11
1.1414041732283464
21
1.5400768897637795
0
LINE
8
BLACK
6
CONTINUOUS
10
1.1414041732283464
20
1.5400768897637795
11
1.1402812992125984
21
1.5423226377952755
0
LINE
8
BLACK
6
CONTINUOUS
10
1.1402812992125984
20
1.5423226377952755
11
1.138035590551181
21
1.5434454724409448
0
LINE
8
BLACK
6
CONTINUOUS
10
1.138035590551181
20
1.5434454724409448
11
1.1331083464566929
21
1.5434454724409448
0
LINE
8
BLACK
6
CONTINUOUS
10
1.1331083464566929
20
1.5434454724409448
11
1.1325322834645668
21
1.5435022047244094
0
LINE
8
BLACK
6
CONTINUOUS
10
1.1325322834645668
20
1.5435022047244094
11
1.1324342913385828
21
1.5435427952755905
0
LINE
8
BLACK
6
CONTINUOUS
10
1.1324342913385828
20
1.5435427952755905
11
1.1323284251968504
21
1.5435503149606298
0
LINE
8
BLACK
6
CONTINUOUS
10
1.1323284251968504
20
1.5435503149606298
11
1.1317878346456693
21
1.5437572047244095
0
LINE
8
BLACK
6
CONTINUOUS
10
1.1317878346456693
20
1.5437572047244095
11
1.1280383070866142
21
1.545631968503937
0
LINE
8
BLACK
6
CONTINUOUS
10
1.1280383070866142
20
1.545631968503937
11
1.1279419291338582
21
1.5456926377952755
0
LINE
8
BLACK
6
CONTINUOUS
10
1.1279419291338582
20
1.5456926377952755
11
1.1278965354330708
21
1.5457077559055117
0
LINE
8
BLACK
6
CONTINUOUS
10
1.1278965354330708
20
1.5457077559055117
11
1.1278399606299212
21
1.5457568110236219
0
LINE
8
BLACK
6
CONTINUOUS
10
1.1278399606299212
20
1.5457568110236219
11
1.1275484251968504
21
1.5459403149606299
0
LINE
8
BLACK
6
CONTINUOUS
10
1.1275484251968504
20
1.5459403149606299
11
1.1273058267716536
21
1.5462200393700787
0
LINE
8
BLACK
6
CONTINUOUS
10
1.1273058267716536
20
1.5462200393700787
11
1.1270261417322835
21
1.5464625984251967
0
LINE
8
BLACK
6
CONTINUOUS
10
1.1270261417322835
20
1.5464625984251967
11
1.1268425984251969
21
1.5467541732283465
0
LINE
8
BLACK
6
CONTINUOUS
10
1.1268425984251969
20
1.5467541732283465
11
1.1267935826771653
21
1.5468107086614173
0
LINE
8
BLACK
6
CONTINUOUS
10
1.1267935826771653
20
1.5468107086614173
11
1.1267784251968505
21
1.5468561417322835
0
LINE
8
BLACK
6
CONTINUOUS
10
1.1267784251968505
20
1.5468561417322835
11
1.1267177952755905
21
1.5469524803149606
0
LINE
8
BLACK
6
CONTINUOUS
10
1.1267177952755905
20
1.5469524803149606
11
1.1248430314960629
21
1.5507020078740157
0
LINE
8
BLACK
6
CONTINUOUS
10
1.1248430314960629
20
1.5507020078740157
11
1.1246361417322834
21
1.5512426377952755
0
LINE
8
BLACK
6
CONTINUOUS
10
1.1246361417322834
20
1.5512426377952755
11
1.1246286220472441
21
1.5513484645669291
0
LINE
8
BLACK
6
CONTINUOUS
10
1.1246286220472441
20
1.5513484645669291
11
1.124588031496063
21
1.5514464566929134
0
LINE
8
BLACK
6
CONTINUOUS
10
1.124588031496063
20
1.5514464566929134
11
1.1245312992125984
21
1.5520225196850392
0
LINE
8
BLACK
6
CONTINUOUS
10
1.1245312992125984
20
1.5520225196850392
11
1.1245312992125984
21
1.5538972834645668
0
LINE
8
BLACK
6
CONTINUOUS
10
1.1245312992125984
20
1.5538972834645668
11
1.124588031496063
21
1.5544733464566929
0
LINE
8
BLACK
6
CONTINUOUS
10
1.124588031496063
20
1.5544733464566929
11
1.1246286220472441
21
1.5545713779527559
0
LINE
8
BLACK
6
CONTINUOUS
10
1.1246286220472441
20
1.5545713779527559
11
1.1246361417322834
21
1.5546771653543308
0
LINE
8
BLACK
6
CONTINUOUS
10
1.1246361417322834
20
1.5546771653543308
11
1.1248430314960629
21
1.5552177952755906
0
LINE
8
BLACK
6
CONTINUOUS
10
1.1248430314960629
20
1.5552177952755906
11
1.1267177952755905
21
1.5589673228346457
0
LINE
8
BLACK
6
CONTINUOUS
10
1.1267177952755905
20
1.5589673228346457
11
1.1267784251968505
21
1.5590637007874015
0
LINE
8
BLACK
6
CONTINUOUS
10
1.1267784251968505
20
1.5590637007874015
11
1.1267935826771653
21
1.5591090944881889
0
LINE
8
BLACK
6
CONTINUOUS
10
1.1267935826771653
20
1.5591090944881889
11
1.1268425984251969
21
1.5591656692913385
0
LINE
8
BLACK
6
CONTINUOUS
10
1.1268425984251969
20
1.5591656692913385
11
1.1270261417322835
21
1.5594572047244095
0
LINE
8
BLACK
6
CONTINUOUS
10
1.1270261417322835
20
1.5594572047244095
11
1.1273058267716536
21
1.5596998031496063
0
LINE
8
BLACK
6
CONTINUOUS
10
1.1273058267716536
20
1.5596998031496063
11
1.1275484251968504
21
1.5599794881889764
0
LINE
8
BLACK
6
CONTINUOUS
10
1.1275484251968504
20
1.5599794881889764
11
1.1278399606299212
21
1.5601630314960631
0
LINE
8
BLACK
6
CONTINUOUS
10
1.1278399606299212
20
1.5601630314960631
11
1.1278965354330708
21
1.5602120472440943
0
LINE
8
BLACK
6
CONTINUOUS
10
1.1278965354330708
20
1.5602120472440943
11
1.1279419291338582
21
1.5602272047244095
0
LINE
8
BLACK
6
CONTINUOUS
10
1.1279419291338582
20
1.5602272047244095
11
1.1280383070866142
21
1.5602878346456692
0
LINE
8
BLACK
6
CONTINUOUS
10
1.1280383070866142
20
1.5602878346456692
11
1.1317878346456693
21
1.5621625984251968
0
LINE
8
BLACK
6
CONTINUOUS
10
1.1317878346456693
20
1.5621625984251968
11
1.1323284251968504
21
1.5623694881889763
0
LINE
8
BLACK
6
CONTINUOUS
10
1.1323284251968504
20
1.5623694881889763
11
1.1324342913385828
21
1.5623770472440945
0
LINE
8
BLACK
6
CONTINUOUS
10
1.1324342913385828
20
1.5623770472440945
11
1.1325322834645668
21
1.5624175984251969
0
LINE
8
BLACK
6
CONTINUOUS
10
1.1325322834645668
20
1.5624175984251969
11
1.1331083464566929
21
1.5624743307086615
0
LINE
8
BLACK
6
CONTINUOUS
10
1.1331083464566929
20
1.5624743307086615
11
1.1387326377952756
21
1.5624743307086615
0
LINE
8
BLACK
6
CONTINUOUS
10
1.1387326377952756
20
1.5624743307086615
11
1.1393087007874017
21
1.5624175984251969
0
LINE
8
BLACK
6
CONTINUOUS
10
1.1103768503937008
20
1.5751000393700787
11
1.1111914960629921
21
1.5742853937007875
0
LINE
8
BLACK
6
CONTINUOUS
10
1.1111914960629921
20
1.5742853937007875
11
1.1116324015748031
21
1.5732209842519684
0
LINE
8
BLACK
6
CONTINUOUS
10
1.1116324015748031
20
1.5732209842519684
11
1.1116891338582677
21
1.5726449212598426
0
LINE
8
BLACK
6
CONTINUOUS
10
1.1116891338582677
20
1.5726449212598426
11
1.1116891338582677
21
1.5395962204724409
0
LINE
8
BLACK
6
CONTINUOUS
10
1.1116891338582677
20
1.5395962204724409
11
1.112811968503937
21
1.5373504724409448
0
LINE
8
BLACK
6
CONTINUOUS
10
1.112811968503937
20
1.5373504724409448
11
1.1156811811023621
21
1.5359158661417323
0
LINE
8
BLACK
6
CONTINUOUS
10
1.1156811811023621
20
1.5359158661417323
11
1.116171062992126
21
1.5356075196850394
0
LINE
8
BLACK
6
CONTINUOUS
10
1.116171062992126
20
1.5356075196850394
11
1.116925905511811
21
1.5347371259842519
0
LINE
8
BLACK
6
CONTINUOUS
10
1.116925905511811
20
1.5347371259842519
11
1.1172902362204724
21
1.5336441732283463
0
LINE
8
BLACK
6
CONTINUOUS
10
1.1172902362204724
20
1.5336441732283463
11
1.1172085826771654
21
1.5324949606299212
0
LINE
8
BLACK
6
CONTINUOUS
10
1.1172085826771654
20
1.5324949606299212
11
1.1166933070866141
21
1.5314644488188975
0
LINE
8
BLACK
6
CONTINUOUS
10
1.1166933070866141
20
1.5314644488188975
11
1.1158229527559056
21
1.5307096062992125
0
LINE
8
BLACK
6
CONTINUOUS
10
1.1158229527559056
20
1.5307096062992125
11
1.1147299606299212
21
1.5303452755905511
0
LINE
8
BLACK
6
CONTINUOUS
10
1.1147299606299212
20
1.5303452755905511
11
1.1135807480314961
21
1.5304269291338581
0
LINE
8
BLACK
6
CONTINUOUS
10
1.1135807480314961
20
1.5304269291338581
11
1.113040157480315
21
1.5306338188976378
0
LINE
8
BLACK
6
CONTINUOUS
10
1.113040157480315
20
1.5306338188976378
11
1.1092906299212597
21
1.5325085826771654
0
LINE
8
BLACK
6
CONTINUOUS
10
1.1092906299212597
20
1.5325085826771654
11
1.1091942519685039
21
1.5325692519685039
0
LINE
8
BLACK
6
CONTINUOUS
10
1.1091942519685039
20
1.5325692519685039
11
1.1091488582677165
21
1.53258437007874
0
LINE
8
BLACK
6
CONTINUOUS
10
1.1091488582677165
20
1.53258437007874
11
1.1090922834645669
21
1.5326334251968503
0
LINE
8
BLACK
6
CONTINUOUS
10
1.1090922834645669
20
1.5326334251968503
11
1.1088007480314961
21
1.5328169291338583
0
LINE
8
BLACK
6
CONTINUOUS
10
1.1088007480314961
20
1.5328169291338583
11
1.1085580708661418
21
1.5330967716535433
0
LINE
8
BLACK
6
CONTINUOUS
10
1.1085580708661418
20
1.5330967716535433
11
1.108278464566929
21
1.5333392519685038
0
LINE
8
BLACK
6
CONTINUOUS
10
1.108278464566929
20
1.5333392519685038
11
1.1080949606299213
21
1.5336307480314961
0
LINE
8
BLACK
6
CONTINUOUS
10
1.1080949606299213
20
1.5336307480314961
11
1.108045905511811
21
1.5336873228346457
0
LINE
8
BLACK
6
CONTINUOUS
10
1.108045905511811
20
1.5336873228346457
11
1.1080307480314961
21
1.5337327952755906
0
LINE
8
BLACK
6
CONTINUOUS
10
1.1080307480314961
20
1.5337327952755906
11
1.1079701181102362
21
1.5338290944881889
0
LINE
8
BLACK
6
CONTINUOUS
10
1.1079701181102362
20
1.5338290944881889
11
1.1060953543307086
21
1.5375786614173228
0
LINE
8
BLACK
6
CONTINUOUS
10
1.1060953543307086
20
1.5375786614173228
11
1.1058884645669291
21
1.5381192913385826
0
LINE
8
BLACK
6
CONTINUOUS
10
1.1058884645669291
20
1.5381192913385826
11
1.1058809448818898
21
1.5382251181102362
0
LINE
8
BLACK
6
CONTINUOUS
10
1.1058809448818898
20
1.5382251181102362
11
1.1058403543307087
21
1.5383231102362205
0
LINE
8
BLACK
6
CONTINUOUS
10
1.1058403543307087
20
1.5383231102362205
11
1.1057836220472441
21
1.5388991732283464
0
LINE
8
BLACK
6
CONTINUOUS
10
1.1057836220472441
20
1.5388991732283464
11
1.1057836220472441
21
1.5726449212598426
0
LINE
8
BLACK
6
CONTINUOUS
10
1.1057836220472441
20
1.5726449212598426
11
1.1058403543307087
21
1.5732209842519684
0
LINE
8
BLACK
6
CONTINUOUS
10
1.1058403543307087
20
1.5732209842519684
11
1.1062812598425196
21
1.5742853937007875
0
LINE
8
BLACK
6
CONTINUOUS
10
1.1062812598425196
20
1.5742853937007875
11
1.107095905511811
21
1.5751000393700787
0
LINE
8
BLACK
6
CONTINUOUS
10
1.107095905511811
20
1.5751000393700787
11
1.1081603149606298
21
1.5755409448818898
0
LINE
8
BLACK
6
CONTINUOUS
10
1.1081603149606298
20
1.5755409448818898
11
1.1093124409448818
21
1.5755409448818898
0
LINE
8
BLACK
6
CONTINUOUS
10
1.1093124409448818
20
1.5755409448818898
11
1.1103768503937008
21
1.5751000393700787
0
LINE
8
BLACK
6
CONTINUOUS
10
1.0493199606299213
20
1.5624175984251969
11
1.0494179527559055
21
1.5623770078740158
0
LINE
8
BLACK
6
CONTINUOUS
10
1.0494179527559055
20
1.5623770078740158
11
1.0495237795275589
21
1.5623694881889763
0
LINE
8
BLACK
6
CONTINUOUS
10
1.0495237795275589
20
1.5623694881889763
11
1.050064409448819
21
1.5621625984251968
0
LINE
8
BLACK
6
CONTINUOUS
10
1.050064409448819
20
1.5621625984251968
11
1.0538139370078741
21
1.5602878346456692
0
LINE
8
BLACK
6
CONTINUOUS
10
1.0538139370078741
20
1.5602878346456692
11
1.0539102755905512
21
1.5602272047244095
0
LINE
8
BLACK
6
CONTINUOUS
10
1.0539102755905512
20
1.5602272047244095
11
1.0539557086614173
21
1.5602120472440943
0
LINE
8
BLACK
6
CONTINUOUS
10
1.0539557086614173
20
1.5602120472440943
11
1.0540122440944881
21
1.5601630314960631
0
LINE
8
BLACK
6
CONTINUOUS
10
1.0540122440944881
20
1.5601630314960631
11
1.0543038188976377
21
1.5599794881889764
0
LINE
8
BLACK
6
CONTINUOUS
10
1.0543038188976377
20
1.5599794881889764
11
1.0543681889763779
21
1.5599052755905511
0
LINE
8
BLACK
6
CONTINUOUS
10
1.0543681889763779
20
1.5599052755905511
11
1.054432559055118
21
1.5599794881889764
0
LINE
8
BLACK
6
CONTINUOUS
10
1.054432559055118
20
1.5599794881889764
11
1.054724094488189
21
1.5601630314960631
0
LINE
8
BLACK
6
CONTINUOUS
10
1.054724094488189
20
1.5601630314960631
11
1.0547806692913386
21
1.5602120472440943
0
LINE
8
BLACK
6
CONTINUOUS
10
1.0547806692913386
20
1.5602120472440943
11
1.054826062992126
21
1.5602272047244095
0
LINE
8
BLACK
6
CONTINUOUS
10
1.054826062992126
20
1.5602272047244095
11
1.0549224409448819
21
1.5602878346456692
0
LINE
8
BLACK
6
CONTINUOUS
10
1.0549224409448819
20
1.5602878346456692
11
1.058671968503937
21
1.5621625984251968
0
LINE
8
BLACK
6
CONTINUOUS
10
1.058671968503937
20
1.5621625984251968
11
1.059212559055118
21
1.5623694881889763
0
LINE
8
BLACK
6
CONTINUOUS
10
1.059212559055118
20
1.5623694881889763
11
1.0593184251968504
21
1.5623770472440945
0
LINE
8
BLACK
6
CONTINUOUS
10
1.0593184251968504
20
1.5623770472440945
11
1.0594164173228346
21
1.5624175984251969
0
LINE
8
BLACK
6
CONTINUOUS
10
1.0594164173228346
20
1.5624175984251969
11
1.0599924803149605
21
1.5624743307086615
0
LINE
8
BLACK
6
CONTINUOUS
10
1.0599924803149605
20
1.5624743307086615
11
1.0656167716535432
21
1.5624743307086615
0
LINE
8
BLACK
6
CONTINUOUS
10
1.0656167716535432
20
1.5624743307086615
11
1.0661928346456693
21
1.5624175984251969
0
LINE
8
BLACK
6
CONTINUOUS
10
1.0661928346456693
20
1.5624175984251969
11
1.0662908267716535
21
1.5623770078740158
0
LINE
8
BLACK
6
CONTINUOUS
10
1.0662908267716535
20
1.5623770078740158
11
1.0663966535433071
21
1.5623694881889763
0
LINE
8
BLACK
6
CONTINUOUS
10
1.0663966535433071
20
1.5623694881889763
11
1.066937283464567
21
1.5621625984251968
0
LINE
8
BLACK
6
CONTINUOUS
10
1.066937283464567
20
1.5621625984251968
11
1.0706868503937008
21
1.5602878346456692
0
LINE
8
BLACK
6
CONTINUOUS
10
1.0706868503937008
20
1.5602878346456692
11
1.0707831496062992
21
1.5602272047244095
0
LINE
8
BLACK
6
CONTINUOUS
10
1.0707831496062992
20
1.5602272047244095
11
1.070828622047244
21
1.5602120472440943
0
LINE
8
BLACK
6
CONTINUOUS
10
1.070828622047244
20
1.5602120472440943
11
1.0708851968503936
21
1.5601629921259843
0
LINE
8
BLACK
6
CONTINUOUS
10
1.0708851968503936
20
1.5601629921259843
11
1.0711766929133859
21
1.5599794881889764
0
LINE
8
BLACK
6
CONTINUOUS
10
1.0711766929133859
20
1.5599794881889764
11
1.0714191732283465
21
1.5596998818897638
0
LINE
8
BLACK
6
CONTINUOUS
10
1.0714191732283465
20
1.5596998818897638
11
1.0716990157480315
21
1.5594572047244095
0
LINE
8
BLACK
6
CONTINUOUS
10
1.0716990157480315
20
1.5594572047244095
11
1.0718825196850394
21
1.5591656692913385
0
LINE
8
BLACK
6
CONTINUOUS
10
1.0718825196850394
20
1.5591656692913385
11
1.0719315748031495
21
1.5591090944881889
0
LINE
8
BLACK
6
CONTINUOUS
10
1.0719315748031495
20
1.5591090944881889
11
1.0719466929133858
21
1.5590637007874015
0
LINE
8
BLACK
6
CONTINUOUS
10
1.0719466929133858
20
1.5590637007874015
11
1.0720073622047244
21
1.5589673228346457
0
LINE
8
BLACK
6
CONTINUOUS
10
1.0720073622047244
20
1.5589673228346457
11
1.0738821259842519
21
1.5552177952755906
0
LINE
8
BLACK
6
CONTINUOUS
10
1.0738821259842519
20
1.5552177952755906
11
1.0740890157480314
21
1.5546772047244095
0
LINE
8
BLACK
6
CONTINUOUS
10
1.0740890157480314
20
1.5546772047244095
11
1.0740965354330709
21
1.5545713385826772
0
LINE
8
BLACK
6
CONTINUOUS
10
1.0740965354330709
20
1.5545713385826772
11
1.074137125984252
21
1.5544733464566929
0
LINE
8
BLACK
6
CONTINUOUS
10
1.074137125984252
20
1.5544733464566929
11
1.0741938582677164
21
1.5538972834645668
0
LINE
8
BLACK
6
CONTINUOUS
10
1.0741938582677164
20
1.5538972834645668
11
1.0741938582677164
21
1.5332748425196849
0
LINE
8
BLACK
6
CONTINUOUS
10
1.0741938582677164
20
1.5332748425196849
11
1.074137125984252
21
1.5326987795275591
0
LINE
8
BLACK
6
CONTINUOUS
10
1.074137125984252
20
1.5326987795275591
11
1.073696220472441
21
1.53163437007874
0
LINE
8
BLACK
6
CONTINUOUS
10
1.073696220472441
20
1.53163437007874
11
1.0728815748031495
21
1.5308197244094488
0
LINE
8
BLACK
6
CONTINUOUS
10
1.0728815748031495
20
1.5308197244094488
11
1.0718171653543307
21
1.5303788188976377
0
LINE
8
BLACK
6
CONTINUOUS
10
1.0718171653543307
20
1.5303788188976377
11
1.0706650393700787
21
1.5303788188976377
0
LINE
8
BLACK
6
CONTINUOUS
10
1.0706650393700787
20
1.5303788188976377
11
1.0696006299212599
21
1.5308197244094488
0
LINE
8
BLACK
6
CONTINUOUS
10
1.0696006299212599
20
1.5308197244094488
11
1.0687859842519685
21
1.53163437007874
0
LINE
8
BLACK
6
CONTINUOUS
10
1.0687859842519685
20
1.53163437007874
11
1.0683450787401574
21
1.5326987795275591
0
LINE
8
BLACK
6
CONTINUOUS
10
1.0683450787401574
20
1.5326987795275591
11
1.0682883464566928
21
1.5332748425196849
0
LINE
8
BLACK
6
CONTINUOUS
10
1.0682883464566928
20
1.5332748425196849
11
1.0682883464566928
21
1.5532002362204724
0
LINE
8
BLACK
6
CONTINUOUS
10
1.0682883464566928
20
1.5532002362204724
11
1.067165472440945
21
1.5554459842519686
0
LINE
8
BLACK
6
CONTINUOUS
10
1.067165472440945
20
1.5554459842519686
11
1.0649197244094488
21
1.5565688188976377
0
LINE
8
BLACK
6
CONTINUOUS
10
1.0649197244094488
20
1.5565688188976377
11
1.0606895275590551
21
1.5565688188976377
0
LINE
8
BLACK
6
CONTINUOUS
10
1.0606895275590551
20
1.5565688188976377
11
1.058443779527559
21
1.5554459842519686
0
LINE
8
BLACK
6
CONTINUOUS
10
1.058443779527559
20
1.5554459842519686
11
1.0573209448818897
21
1.5532002362204724
0
LINE
8
BLACK
6
CONTINUOUS
10
1.0573209448818897
20
1.5532002362204724
11
1.0573209448818897
21
1.5332748425196849
0
LINE
8
BLACK
6
CONTINUOUS
10
1.0573209448818897
20
1.5332748425196849
11
1.0572642125984251
21
1.5326987795275591
0
LINE
8
BLACK
6
CONTINUOUS
10
1.0572642125984251
20
1.5326987795275591
11
1.0568233070866142
21
1.53163437007874
0
LINE
8
BLACK
6
CONTINUOUS
10
1.0568233070866142
20
1.53163437007874
11
1.0560086614173227
21
1.5308197244094488
0
LINE
8
BLACK
6
CONTINUOUS
10
1.0560086614173227
20
1.5308197244094488
11
1.0549442519685039
21
1.5303788188976377
0
LINE
8
BLACK
6
CONTINUOUS
10
1.0549442519685039
20
1.5303788188976377
11
1.053792125984252
21
1.5303788188976377
0
LINE
8
BLACK
6
CONTINUOUS
10
1.053792125984252
20
1.5303788188976377
11
1.052727716535433
21
1.5308197244094488
0
LINE
8
BLACK
6
CONTINUOUS
10
1.052727716535433
20
1.5308197244094488
11
1.0519130708661417
21
1.53163437007874
0
LINE
8
BLACK
6
CONTINUOUS
10
1.0519130708661417
20
1.53163437007874
11
1.0514721653543306
21
1.5326987795275591
0
LINE
8
BLACK
6
CONTINUOUS
10
1.0514721653543306
20
1.5326987795275591
11
1.051415433070866
21
1.5332748425196849
0
LINE
8
BLACK
6
CONTINUOUS
10
1.051415433070866
20
1.5332748425196849
11
1.051415433070866
21
1.5532002362204724
0
LINE
8
BLACK
6
CONTINUOUS
10
1.051415433070866
20
1.5532002362204724
11
1.050292559055118
21
1.5554459842519686
0
LINE
8
BLACK
6
CONTINUOUS
10
1.050292559055118
20
1.5554459842519686
11
1.0480468503937008
21
1.5565688188976377
0
LINE
8
BLACK
6
CONTINUOUS
10
1.0480468503937008
20
1.5565688188976377
11
1.0438166535433071
21
1.5565688188976377
0
LINE
8
BLACK
6
CONTINUOUS
10
1.0438166535433071
20
1.5565688188976377
11
1.0411191732283465
21
1.5552200787401576
0
LINE
8
BLACK
6
CONTINUOUS
10
1.0411191732283465
20
1.5552200787401576
11
1.0404480708661417
21
1.5545489763779528
0
LINE
8
BLACK
6
CONTINUOUS
10
1.0404480708661417
20
1.5545489763779528
11
1.0404480708661417
21
1.5332748425196849
0
LINE
8
BLACK
6
CONTINUOUS
10
1.0404480708661417
20
1.5332748425196849
11
1.0403913385826771
21
1.5326987795275591
0
LINE
8
BLACK
6
CONTINUOUS
10
1.0403913385826771
20
1.5326987795275591
11
1.0399504330708662
21
1.53163437007874
0
LINE
8
BLACK
6
CONTINUOUS
10
1.0399504330708662
20
1.53163437007874
11
1.0391357874015748
21
1.5308197244094488
0
LINE
8
BLACK
6
CONTINUOUS
10
1.0391357874015748
20
1.5308197244094488
11
1.0380713779527559
21
1.5303788188976377
0
LINE
8
BLACK
6
CONTINUOUS
10
1.0380713779527559
20
1.5303788188976377
11
1.036919251968504
21
1.5303788188976377
0
LINE
8
BLACK
6
CONTINUOUS
10
1.036919251968504
20
1.5303788188976377
11
1.035854842519685
21
1.5308197244094488
0
LINE
8
BLACK
6
CONTINUOUS
10
1.035854842519685
20
1.5308197244094488
11
1.0350401968503937
21
1.53163437007874
0
LINE
8
BLACK
6
CONTINUOUS
10
1.0350401968503937
20
1.53163437007874
11
1.0345992913385826
21
1.5326987795275591
0
LINE
8
BLACK
6
CONTINUOUS
10
1.0345992913385826
20
1.5326987795275591
11
1.034542559055118
21
1.5332748425196849
0
LINE
8
BLACK
6
CONTINUOUS
10
1.034542559055118
20
1.5332748425196849
11
1.034542559055118
21
1.5595215748031497
0
LINE
8
BLACK
6
CONTINUOUS
10
1.034542559055118
20
1.5595215748031497
11
1.0345992913385826
21
1.5600976377952755
0
LINE
8
BLACK
6
CONTINUOUS
10
1.0345992913385826
20
1.5600976377952755
11
1.0350401968503937
21
1.5611620472440944
0
LINE
8
BLACK
6
CONTINUOUS
10
1.0350401968503937
20
1.5611620472440944
11
1.035854842519685
21
1.5619766929133858
0
LINE
8
BLACK
6
CONTINUOUS
10
1.035854842519685
20
1.5619766929133858
11
1.036919251968504
21
1.5624175984251969
0
LINE
8
BLACK
6
CONTINUOUS
10
1.036919251968504
20
1.5624175984251969
11
1.0380713779527559
21
1.5624175984251969
0
LINE
8
BLACK
6
CONTINUOUS
10
1.0380713779527559
20
1.5624175984251969
11
1.0391357874015748
21
1.5619766929133858
0
LINE
8
BLACK
6
CONTINUOUS
10
1.0391357874015748
20
1.5619766929133858
11
1.0398996062992125
21
1.561212874015748
0
LINE
8
BLACK
6
CONTINUOUS
10
1.0398996062992125
20
1.561212874015748
11
1.041799094488189
21
1.5621625984251968
0
LINE
8
BLACK
6
CONTINUOUS
10
1.041799094488189
20
1.5621625984251968
11
1.04233968503937
21
1.5623694881889763
0
LINE
8
BLACK
6
CONTINUOUS
10
1.04233968503937
20
1.5623694881889763
11
1.0424455511811024
21
1.5623770472440945
0
LINE
8
BLACK
6
CONTINUOUS
10
1.0424455511811024
20
1.5623770472440945
11
1.0425435433070867
21
1.5624175984251969
0
LINE
8
BLACK
6
CONTINUOUS
10
1.0425435433070867
20
1.5624175984251969
11
1.0431196062992125
21
1.5624743307086615
0
LINE
8
BLACK
6
CONTINUOUS
10
1.0431196062992125
20
1.5624743307086615
11
1.0487438976377952
21
1.5624743307086615
0
LINE
8
BLACK
6
CONTINUOUS
10
1.0487438976377952
20
1.5624743307086615
11
1.0493199606299213
21
1.5624175984251969
0
LINE
8
BLACK
6
CONTINUOUS
10
1.0916292125984253
20
1.5619766929133858
11
1.0924438582677165
21
1.5611620472440944
0
LINE
8
BLACK
6
CONTINUOUS
10
1.0924438582677165
20
1.5611620472440944
11
1.0928847637795276
21
1.5600976377952755
0
LINE
8
BLACK
6
CONTINUOUS
10
1.0928847637795276
20
1.5600976377952755
11
1.0929414960629922
21
1.5595215748031497
0
LINE
8
BLACK
6
CONTINUOUS
10
1.0929414960629922
20
1.5595215748031497
11
1.0929414960629922
21
1.5332748425196849
0
LINE
8
BLACK
6
CONTINUOUS
10
1.0929414960629922
20
1.5332748425196849
11
1.0928847637795276
21
1.5326987795275591
0
LINE
8
BLACK
6
CONTINUOUS
10
1.0928847637795276
20
1.5326987795275591
11
1.0924438582677165
21
1.53163437007874
0
LINE
8
BLACK
6
CONTINUOUS
10
1.0924438582677165
20
1.53163437007874
11
1.0916292125984253
21
1.5308197244094488
0
LINE
8
BLACK
6
CONTINUOUS
10
1.0916292125984253
20
1.5308197244094488
11
1.0905648031496062
21
1.5303788188976377
0
LINE
8
BLACK
6
CONTINUOUS
10
1.0905648031496062
20
1.5303788188976377
11
1.0894126771653543
21
1.5303788188976377
0
LINE
8
BLACK
6
CONTINUOUS
10
1.0894126771653543
20
1.5303788188976377
11
1.0883482677165355
21
1.5308197244094488
0
LINE
8
BLACK
6
CONTINUOUS
10
1.0883482677165355
20
1.5308197244094488
11
1.087533622047244
21
1.53163437007874
0
LINE
8
BLACK
6
CONTINUOUS
10
1.087533622047244
20
1.53163437007874
11
1.0870927165354332
21
1.5326987795275591
0
LINE
8
BLACK
6
CONTINUOUS
10
1.0870927165354332
20
1.5326987795275591
11
1.0870359842519686
21
1.5332748425196849
0
LINE
8
BLACK
6
CONTINUOUS
10
1.0870359842519686
20
1.5332748425196849
11
1.0870359842519686
21
1.5595215748031497
0
LINE
8
BLACK
6
CONTINUOUS
10
1.0870359842519686
20
1.5595215748031497
11
1.0870927165354332
21
1.5600976377952755
0
LINE
8
BLACK
6
CONTINUOUS
10
1.0870927165354332
20
1.5600976377952755
11
1.087533622047244
21
1.5611620472440944
0
LINE
8
BLACK
6
CONTINUOUS
10
1.087533622047244
20
1.5611620472440944
11
1.0883482677165355
21
1.5619766929133858
0
LINE
8
BLACK
6
CONTINUOUS
10
1.0883482677165355
20
1.5619766929133858
11
1.0894126771653543
21
1.5624175984251969
0
LINE
8
BLACK
6
CONTINUOUS
10
1.0894126771653543
20
1.5624175984251969
11
1.0905648031496062
21
1.5624175984251969
0
LINE
8
BLACK
6
CONTINUOUS
10
1.0905648031496062
20
1.5624175984251969
11
1.0916292125984253
21
1.5619766929133858
0
LINE
8
BLACK
6
CONTINUOUS
10
1.0916292125984253
20
1.5751000393700787
11
1.0920766535433071
21
1.5747328346456693
0
LINE
8
BLACK
6
CONTINUOUS
10
1.0920766535433071
20
1.5747328346456693
11
1.0939514173228346
21
1.5728580708661417
0
LINE
8
BLACK
6
CONTINUOUS
10
1.0939514173228346
20
1.5728580708661417
11
1.0943186220472441
21
1.5724106299212599
0
LINE
8
BLACK
6
CONTINUOUS
10
1.0943186220472441
20
1.5724106299212599
11
1.0944601968503938
21
1.5720688582677165
0
LINE
8
BLACK
6
CONTINUOUS
10
1.0944601968503938
20
1.5720688582677165
11
1.0947595275590551
21
1.5713461811023621
0
LINE
8
BLACK
6
CONTINUOUS
10
1.0947595275590551
20
1.5713461811023621
11
1.0947595275590551
21
1.5701940944881889
0
LINE
8
BLACK
6
CONTINUOUS
10
1.0947595275590551
20
1.5701940944881889
11
1.0943186220472441
21
1.5691296850393701
0
LINE
8
BLACK
6
CONTINUOUS
10
1.0943186220472441
20
1.5691296850393701
11
1.0939514173228346
21
1.5686822440944881
0
LINE
8
BLACK
6
CONTINUOUS
10
1.0939514173228346
20
1.5686822440944881
11
1.0920766535433071
21
1.5668074803149605
0
LINE
8
BLACK
6
CONTINUOUS
10
1.0920766535433071
20
1.5668074803149605
11
1.0916292125984253
21
1.5664402755905511
0
LINE
8
BLACK
6
CONTINUOUS
10
1.0916292125984253
20
1.5664402755905511
11
1.0905648031496062
21
1.56599937007874
0
LINE
8
BLACK
6
CONTINUOUS
10
1.0905648031496062
20
1.56599937007874
11
1.0905647637795275
21
1.56599937007874
0
LINE
8
BLACK
6
CONTINUOUS
10
1.0905647637795275
20
1.56599937007874
11
1.089412716535433
21
1.56599937007874
0
LINE
8
BLACK
6
CONTINUOUS
10
1.089412716535433
20
1.56599937007874
11
1.0894126771653543
21
1.56599937007874
0
LINE
8
BLACK
6
CONTINUOUS
10
1.0894126771653543
20
1.56599937007874
11
1.0883482677165355
21
1.5664402755905511
0
LINE
8
BLACK
6
CONTINUOUS
10
1.0883482677165355
20
1.5664402755905511
11
1.0879008267716535
21
1.5668074803149605
0
LINE
8
BLACK
6
CONTINUOUS
10
1.0879008267716535
20
1.5668074803149605
11
1.0860260629921259
21
1.5686822440944881
0
LINE
8
BLACK
6
CONTINUOUS
10
1.0860260629921259
20
1.5686822440944881
11
1.0856588582677165
21
1.5691296850393701
0
LINE
8
BLACK
6
CONTINUOUS
10
1.0856588582677165
20
1.5691296850393701
11
1.0852179527559054
21
1.5701941338582677
0
LINE
8
BLACK
6
CONTINUOUS
10
1.0852179527559054
20
1.5701941338582677
11
1.0852179527559054
21
1.5713461811023621
0
LINE
8
BLACK
6
CONTINUOUS
10
1.0852179527559054
20
1.5713461811023621
11
1.0856588582677165
21
1.5724106299212599
0
LINE
8
BLACK
6
CONTINUOUS
10
1.0856588582677165
20
1.5724106299212599
11
1.0860260629921259
21
1.5728580708661417
0
LINE
8
BLACK
6
CONTINUOUS
10
1.0860260629921259
20
1.5728580708661417
11
1.0879008267716535
21
1.5747328346456693
0
LINE
8
BLACK
6
CONTINUOUS
10
1.0879008267716535
20
1.5747328346456693
11
1.0883482677165355
21
1.5751000393700787
0
LINE
8
BLACK
6
CONTINUOUS
10
1.0883482677165355
20
1.5751000393700787
11
1.0894126771653543
21
1.5755409448818898
0
LINE
8
BLACK
6
CONTINUOUS
10
1.0894126771653543
20
1.5755409448818898
11
1.0905647637795275
21
1.5755409448818898
0
LINE
8
BLACK
6
CONTINUOUS
10
1.0905647637795275
20
1.5755409448818898
11
1.0905648031496062
21
1.5755409448818898
0
LINE
8
BLACK
6
CONTINUOUS
10
1.0905648031496062
20
1.5755409448818898
11
1.0916292125984253
21
1.5751000393700787
0
LINE
8
BLACK
6
CONTINUOUS
10
0.8671752755905512
20
1.6767220472440945
11
0.8674676771653543
21
1.6767220472440945
0
LINE
8
BLACK
6
CONTINUOUS
10
0.8674676771653543
20
1.6767220472440945
11
0.8677349212598425
21
1.6766113385826771
0
LINE
8
BLACK
6
CONTINUOUS
10
0.8677349212598425
20
1.6766113385826771
11
0.8680187401574803
21
1.6765551968503936
0
LINE
8
BLACK
6
CONTINUOUS
10
0.8680187401574803
20
1.6765551968503936
11
0.8682620078740158
21
1.6763930314960629
0
LINE
8
BLACK
6
CONTINUOUS
10
0.8682620078740158
20
1.6763930314960629
11
0.8685320866141732
21
1.6762811417322834
0
LINE
8
BLACK
6
CONTINUOUS
10
0.8685320866141732
20
1.6762811417322834
11
0.8687365354330708
21
1.6760766929133857
0
LINE
8
BLACK
6
CONTINUOUS
10
0.8687365354330708
20
1.6760766929133857
11
0.8689773622047244
21
1.6759161417322834
0
LINE
8
BLACK
6
CONTINUOUS
10
0.8689773622047244
20
1.6759161417322834
11
0.8691400787401574
21
1.6756731496062991
0
LINE
8
BLACK
6
CONTINUOUS
10
0.8691400787401574
20
1.6756731496062991
11
0.8693467322834646
21
1.6754664960629921
0
LINE
8
BLACK
6
CONTINUOUS
10
0.8693467322834646
20
1.6754664960629921
11
0.8694574015748031
21
1.6751992913385827
0
LINE
8
BLACK
6
CONTINUOUS
10
0.8694574015748031
20
1.6751992913385827
11
0.8696184251968504
21
1.6749588582677164
0
LINE
8
BLACK
6
CONTINUOUS
10
0.8696184251968504
20
1.6749588582677164
11
0.8696757480314961
21
1.6746722047244094
0
LINE
8
BLACK
6
CONTINUOUS
10
0.8696757480314961
20
1.6746722047244094
11
0.8697876377952756
21
1.6744020866141731
0
LINE
8
BLACK
6
CONTINUOUS
10
0.8697876377952756
20
1.6744020866141731
11
0.8698437401574803
21
1.6738321653543307
0
LINE
8
BLACK
6
CONTINUOUS
10
0.8698437401574803
20
1.6738321653543307
11
0.8698443700787402
21
1.6738291338582676
0
LINE
8
BLACK
6
CONTINUOUS
10
0.8698443700787402
20
1.6738291338582676
11
0.8698441338582676
21
1.6738281102362205
0
LINE
8
BLACK
6
CONTINUOUS
10
0.8698441338582676
20
1.6738281102362205
11
0.8698443700787402
21
1.6738260236220472
0
LINE
8
BLACK
6
CONTINUOUS
10
0.8698443700787402
20
1.6738260236220472
11
0.8698443700787402
21
1.6374087007874016
0
LINE
8
BLACK
6
CONTINUOUS
10
0.8698443700787402
20
1.6374087007874016
11
0.8781401968503937
21
1.6374087007874016
0
LINE
8
BLACK
6
CONTINUOUS
10
0.8781401968503937
20
1.6374087007874016
11
0.8787162598425197
21
1.637351968503937
0
LINE
8
BLACK
6
CONTINUOUS
10
0.8787162598425197
20
1.637351968503937
11
0.8797806692913386
21
1.636911062992126
0
LINE
8
BLACK
6
CONTINUOUS
10
0.8797806692913386
20
1.636911062992126
11
0.8805953149606299
21
1.6360964173228345
0
LINE
8
BLACK
6
CONTINUOUS
10
0.8805953149606299
20
1.6360964173228345
11
0.8810362204724409
21
1.6350320078740157
0
LINE
8
BLACK
6
CONTINUOUS
10
0.8810362204724409
20
1.6350320078740157
11
0.8810362204724409
21
1.6338798818897637
0
LINE
8
BLACK
6
CONTINUOUS
10
0.8810362204724409
20
1.6338798818897637
11
0.8805953149606299
21
1.6328154724409449
0
LINE
8
BLACK
6
CONTINUOUS
10
0.8805953149606299
20
1.6328154724409449
11
0.8797806692913386
21
1.6320008267716535
0
LINE
8
BLACK
6
CONTINUOUS
10
0.8797806692913386
20
1.6320008267716535
11
0.8787162598425197
21
1.6315599212598424
0
LINE
8
BLACK
6
CONTINUOUS
10
0.8787162598425197
20
1.6315599212598424
11
0.8781401968503937
21
1.6315031889763778
0
LINE
8
BLACK
6
CONTINUOUS
10
0.8781401968503937
20
1.6315031889763778
11
0.855643031496063
21
1.6315031889763778
0
LINE
8
BLACK
6
CONTINUOUS
10
0.855643031496063
20
1.6315031889763778
11
0.855066968503937
21
1.6315599212598424
0
LINE
8
BLACK
6
CONTINUOUS
10
0.855066968503937
20
1.6315599212598424
11
0.8540025590551181
21
1.6320008267716535
0
LINE
8
BLACK
6
CONTINUOUS
10
0.8540025590551181
20
1.6320008267716535
11
0.8531879133858268
21
1.6328154724409449
0
LINE
8
BLACK
6
CONTINUOUS
10
0.8531879133858268
20
1.6328154724409449
11
0.8527470078740157
21
1.6338798818897637
0
LINE
8
BLACK
6
CONTINUOUS
10
0.8527470078740157
20
1.6338798818897637
11
0.8527470078740157
21
1.6350320078740157
0
LINE
8
BLACK
6
CONTINUOUS
10
0.8527470078740157
20
1.6350320078740157
11
0.8531879133858268
21
1.6360964173228345
0
LINE
8
BLACK
6
CONTINUOUS
10
0.8531879133858268
20
1.6360964173228345
11
0.8540025590551181
21
1.636911062992126
0
LINE
8
BLACK
6
CONTINUOUS
10
0.8540025590551181
20
1.636911062992126
11
0.855066968503937
21
1.637351968503937
0
LINE
8
BLACK
6
CONTINUOUS
10
0.855066968503937
20
1.637351968503937
11
0.855643031496063
21
1.6374087007874016
0
LINE
8
BLACK
6
CONTINUOUS
10
0.855643031496063
20
1.6374087007874016
11
0.8639388582677165
21
1.6374087007874016
0
LINE
8
BLACK
6
CONTINUOUS
10
0.8639388582677165
20
1.6374087007874016
11
0.8639388582677165
21
1.6648226771653543
0
LINE
8
BLACK
6
CONTINUOUS
10
0.8639388582677165
20
1.6648226771653543
11
0.8614804724409448
21
1.6623642913385825
0
LINE
8
BLACK
6
CONTINUOUS
10
0.8614804724409448
20
1.6623642913385825
11
0.8612540944881889
21
1.6621785433070866
0
LINE
8
BLACK
6
CONTINUOUS
10
0.8612540944881889
20
1.6621785433070866
11
0.8612029527559055
21
1.662119527559055
0
LINE
8
BLACK
6
CONTINUOUS
10
0.8612029527559055
20
1.662119527559055
11
0.8611139763779527
21
1.6620635826771653
0
LINE
8
BLACK
6
CONTINUOUS
10
0.8611139763779527
20
1.6620635826771653
11
0.8610330314960629
21
1.6619970866141731
0
LINE
8
BLACK
6
CONTINUOUS
10
0.8610330314960629
20
1.6619970866141731
11
0.8609610629921259
21
1.6619672834645669
0
LINE
8
BLACK
6
CONTINUOUS
10
0.8609610629921259
20
1.6619672834645669
11
0.8607130708661417
21
1.6618111811023621
0
LINE
8
BLACK
6
CONTINUOUS
10
0.8607130708661417
20
1.6618111811023621
11
0.8569635433070866
21
1.6599364173228346
0
LINE
8
BLACK
6
CONTINUOUS
10
0.8569635433070866
20
1.6599364173228346
11
0.8564229133858268
21
1.6597295275590551
0
LINE
8
BLACK
6
CONTINUOUS
10
0.8564229133858268
20
1.6597295275590551
11
0.8552737007874015
21
1.6596478740157481
0
LINE
8
BLACK
6
CONTINUOUS
10
0.8552737007874015
20
1.6596478740157481
11
0.854180748031496
21
1.6600122047244095
0
LINE
8
BLACK
6
CONTINUOUS
10
0.854180748031496
20
1.6600122047244095
11
0.8533103543307087
21
1.6607670472440945
0
LINE
8
BLACK
6
CONTINUOUS
10
0.8533103543307087
20
1.6607670472440945
11
0.8527951181102362
21
1.6617975590551182
0
LINE
8
BLACK
6
CONTINUOUS
10
0.8527951181102362
20
1.6617975590551182
11
0.8527134645669291
21
1.6629467716535433
0
LINE
8
BLACK
6
CONTINUOUS
10
0.8527134645669291
20
1.6629467716535433
11
0.8530777952755906
21
1.6640397244094487
0
LINE
8
BLACK
6
CONTINUOUS
10
0.8530777952755906
20
1.6640397244094487
11
0.8538326377952755
21
1.6649101181102361
0
LINE
8
BLACK
6
CONTINUOUS
10
0.8538326377952755
20
1.6649101181102361
11
0.8543225196850394
21
1.665218464566929
0
LINE
8
BLACK
6
CONTINUOUS
10
0.8543225196850394
20
1.665218464566929
11
0.8576434645669291
21
1.666878937007874
0
LINE
8
BLACK
6
CONTINUOUS
10
0.8576434645669291
20
1.666878937007874
11
0.8608473622047244
21
1.6700828346456693
0
LINE
8
BLACK
6
CONTINUOUS
10
0.8608473622047244
20
1.6700828346456693
11
0.8644347637795275
21
1.6754639370078739
0
LINE
8
BLACK
6
CONTINUOUS
10
0.8644347637795275
20
1.6754639370078739
11
0.8644361023622047
21
1.6754656299212598
0
LINE
8
BLACK
6
CONTINUOUS
10
0.8644361023622047
20
1.6754656299212598
11
0.8644364960629921
21
1.6754664960629921
0
LINE
8
BLACK
6
CONTINUOUS
10
0.8644364960629921
20
1.6754664960629921
11
0.8644385039370078
21
1.6754685433070866
0
LINE
8
BLACK
6
CONTINUOUS
10
0.8644385039370078
20
1.6754685433070866
11
0.8648015354330708
21
1.6759117716535432
0
LINE
8
BLACK
6
CONTINUOUS
10
0.8648015354330708
20
1.6759117716535432
11
0.8650444094488189
21
1.6760744488188977
0
LINE
8
BLACK
6
CONTINUOUS
10
0.8650444094488189
20
1.6760744488188977
11
0.8652511417322835
21
1.6762811417322834
0
LINE
8
BLACK
6
CONTINUOUS
10
0.8652511417322835
20
1.6762811417322834
11
0.8655184251968504
21
1.6763918897637795
0
LINE
8
BLACK
6
CONTINUOUS
10
0.8655184251968504
20
1.6763918897637795
11
0.8657588188976377
21
1.6765528346456693
0
LINE
8
BLACK
6
CONTINUOUS
10
0.8657588188976377
20
1.6765528346456693
11
0.8660454330708661
21
1.6766101968503937
0
LINE
8
BLACK
6
CONTINUOUS
10
0.8660454330708661
20
1.6766101968503937
11
0.8663155511811024
21
1.6767220472440945
0
LINE
8
BLACK
6
CONTINUOUS
10
0.8663155511811024
20
1.6767220472440945
11
0.8666048425196851
21
1.6767220472440945
0
LINE
8
BLACK
6
CONTINUOUS
10
0.8666048425196851
20
1.6767220472440945
11
0.8668885039370079
21
1.676778779527559
0
LINE
8
BLACK
6
CONTINUOUS
10
0.8668885039370079
20
1.676778779527559
11
0.8671752755905512
21
1.6767220472440945
0
LINE
8
BLACK
6
CONTINUOUS
10
0.9143368110236221
20
1.6767220472440945
11
0.9154012204724409
21
1.6762811417322834
0
LINE
8
BLACK
6
CONTINUOUS
10
0.9154012204724409
20
1.6762811417322834
11
0.9162158661417322
21
1.6754664960629921
0
LINE
8
BLACK
6
CONTINUOUS
10
0.9162158661417322
20
1.6754664960629921
11
0.9166567716535433
21
1.6744020866141731
0
LINE
8
BLACK
6
CONTINUOUS
10
0.9166567716535433
20
1.6744020866141731
11
0.9166567716535433
21
1.6732499606299212
0
LINE
8
BLACK
6
CONTINUOUS
10
0.9166567716535433
20
1.6732499606299212
11
0.9162158661417322
21
1.6721855511811023
0
LINE
8
BLACK
6
CONTINUOUS
10
0.9162158661417322
20
1.6721855511811023
11
0.9154012204724409
21
1.6713709055118109
0
LINE
8
BLACK
6
CONTINUOUS
10
0.9154012204724409
20
1.6713709055118109
11
0.9143368110236221
21
1.67093
0
LINE
8
BLACK
6
CONTINUOUS
10
0.9143368110236221
20
1.67093
11
0.9137607480314961
21
1.6708732677165354
0
LINE
8
BLACK
6
CONTINUOUS
10
0.9137607480314961
20
1.6708732677165354
11
0.8976853149606299
21
1.6708732677165354
0
LINE
8
BLACK
6
CONTINUOUS
10
0.8976853149606299
20
1.6708732677165354
11
0.8967081889763779
21
1.6611020078740157
0
LINE
8
BLACK
6
CONTINUOUS
10
0.8967081889763779
20
1.6611020078740157
11
0.897442125984252
21
1.6614689370078739
0
LINE
8
BLACK
6
CONTINUOUS
10
0.897442125984252
20
1.6614689370078739
11
0.897982716535433
21
1.6616758267716536
0
LINE
8
BLACK
6
CONTINUOUS
10
0.897982716535433
20
1.6616758267716536
11
0.8980885826771653
21
1.6616833858267717
0
LINE
8
BLACK
6
CONTINUOUS
10
0.8980885826771653
20
1.6616833858267717
11
0.8981865748031496
21
1.661723937007874
0
LINE
8
BLACK
6
CONTINUOUS
10
0.8981865748031496
20
1.661723937007874
11
0.8987626377952755
21
1.6617806692913386
0
LINE
8
BLACK
6
CONTINUOUS
10
0.8987626377952755
20
1.6617806692913386
11
0.9081364566929133
21
1.6617806692913386
0
LINE
8
BLACK
6
CONTINUOUS
10
0.9081364566929133
20
1.6617806692913386
11
0.9087125196850393
21
1.661723937007874
0
LINE
8
BLACK
6
CONTINUOUS
10
0.9087125196850393
20
1.661723937007874
11
0.9088105118110236
21
1.6616833464566929
0
LINE
8
BLACK
6
CONTINUOUS
10
0.9088105118110236
20
1.6616833464566929
11
0.9089163385826772
21
1.6616758267716536
0
LINE
8
BLACK
6
CONTINUOUS
10
0.9089163385826772
20
1.6616758267716536
11
0.909456968503937
21
1.6614689370078739
0
LINE
8
BLACK
6
CONTINUOUS
10
0.909456968503937
20
1.6614689370078739
11
0.9132064960629921
21
1.6595941732283463
0
LINE
8
BLACK
6
CONTINUOUS
10
0.9132064960629921
20
1.6595941732283463
11
0.9134544881889763
21
1.6594381102362203
0
LINE
8
BLACK
6
CONTINUOUS
10
0.9134544881889763
20
1.6594381102362203
11
0.9135264566929133
21
1.6594082677165354
0
LINE
8
BLACK
6
CONTINUOUS
10
0.9135264566929133
20
1.6594082677165354
11
0.9136074015748031
21
1.659341811023622
0
LINE
8
BLACK
6
CONTINUOUS
10
0.9136074015748031
20
1.659341811023622
11
0.9136963779527559
21
1.6592858267716535
0
LINE
8
BLACK
6
CONTINUOUS
10
0.9136963779527559
20
1.6592858267716535
11
0.9137475196850393
21
1.6592268503937007
0
LINE
8
BLACK
6
CONTINUOUS
10
0.9137475196850393
20
1.6592268503937007
11
0.9139738976377952
21
1.6590410629921259
0
LINE
8
BLACK
6
CONTINUOUS
10
0.9139738976377952
20
1.6590410629921259
11
0.9158486614173228
21
1.6571662992125984
0
LINE
8
BLACK
6
CONTINUOUS
10
0.9158486614173228
20
1.6571662992125984
11
0.9160344094488189
21
1.6569399606299213
0
LINE
8
BLACK
6
CONTINUOUS
10
0.9160344094488189
20
1.6569399606299213
11
0.9160934251968503
21
1.6568887795275591
0
LINE
8
BLACK
6
CONTINUOUS
10
0.9160934251968503
20
1.6568887795275591
11
0.9161493700787401
21
1.656799842519685
0
LINE
8
BLACK
6
CONTINUOUS
10
0.9161493700787401
20
1.656799842519685
11
0.9162158661417322
21
1.6567188582677166
0
LINE
8
BLACK
6
CONTINUOUS
10
0.9162158661417322
20
1.6567188582677166
11
0.9162456692913385
21
1.6566469291338581
0
LINE
8
BLACK
6
CONTINUOUS
10
0.9162456692913385
20
1.6566469291338581
11
0.9164017716535433
21
1.6563988976377952
0
LINE
8
BLACK
6
CONTINUOUS
10
0.9164017716535433
20
1.6563988976377952
11
0.9182765354330709
21
1.6526493700787401
0
LINE
8
BLACK
6
CONTINUOUS
10
0.9182765354330709
20
1.6526493700787401
11
0.9184834251968503
21
1.6521087795275591
0
LINE
8
BLACK
6
CONTINUOUS
10
0.9184834251968503
20
1.6521087795275591
11
0.9184909448818898
21
1.6520029133858267
0
LINE
8
BLACK
6
CONTINUOUS
10
0.9184909448818898
20
1.6520029133858267
11
0.9185315354330709
21
1.6519049212598425
0
LINE
8
BLACK
6
CONTINUOUS
10
0.9185315354330709
20
1.6519049212598425
11
0.9185882677165355
21
1.6513288582677166
0
LINE
8
BLACK
6
CONTINUOUS
10
0.9185882677165355
20
1.6513288582677166
11
0.9185882677165355
21
1.6419550393700788
0
LINE
8
BLACK
6
CONTINUOUS
10
0.9185882677165355
20
1.6419550393700788
11
0.9185315354330709
21
1.6413789763779527
0
LINE
8
BLACK
6
CONTINUOUS
10
0.9185315354330709
20
1.6413789763779527
11
0.9184909448818898
21
1.6412810236220472
0
LINE
8
BLACK
6
CONTINUOUS
10
0.9184909448818898
20
1.6412810236220472
11
0.9184834251968503
21
1.6411751181102361
0
LINE
8
BLACK
6
CONTINUOUS
10
0.9184834251968503
20
1.6411751181102361
11
0.9182765354330709
21
1.640634527559055
0
LINE
8
BLACK
6
CONTINUOUS
10
0.9182765354330709
20
1.640634527559055
11
0.9164017716535433
21
1.6368849999999999
0
LINE
8
BLACK
6
CONTINUOUS
10
0.9164017716535433
20
1.6368849999999999
11
0.9162457086614173
21
1.636637125984252
0
LINE
8
BLACK
6
CONTINUOUS
10
0.9162457086614173
20
1.636637125984252
11
0.916215905511811
21
1.6365650787401576
0
LINE
8
BLACK
6
CONTINUOUS
10
0.916215905511811
20
1.6365650787401576
11
0.9161493700787401
21
1.6364840551181101
0
LINE
8
BLACK
6
CONTINUOUS
10
0.9161493700787401
20
1.6364840551181101
11
0.9160934251968503
21
1.6363951181102361
0
LINE
8
BLACK
6
CONTINUOUS
10
0.9160934251968503
20
1.6363951181102361
11
0.9160344094488189
21
1.6363439763779528
0
LINE
8
BLACK
6
CONTINUOUS
10
0.9160344094488189
20
1.6363439763779528
11
0.9158486614173228
21
1.6361175984251968
0
LINE
8
BLACK
6
CONTINUOUS
10
0.9158486614173228
20
1.6361175984251968
11
0.913973937007874
21
1.6342428346456692
0
LINE
8
BLACK
6
CONTINUOUS
10
0.913973937007874
20
1.6342428346456692
11
0.9137475590551181
21
1.6340570866141733
0
LINE
8
BLACK
6
CONTINUOUS
10
0.9137475590551181
20
1.6340570866141733
11
0.9136963779527559
21
1.6339980314960629
0
LINE
8
BLACK
6
CONTINUOUS
10
0.9136963779527559
20
1.6339980314960629
11
0.9136074015748031
21
1.6339420472440944
0
LINE
8
BLACK
6
CONTINUOUS
10
0.9136074015748031
20
1.6339420472440944
11
0.9135264566929133
21
1.633875590551181
0
LINE
8
BLACK
6
CONTINUOUS
10
0.9135264566929133
20
1.633875590551181
11
0.9134544881889763
21
1.6338457874015748
0
LINE
8
BLACK
6
CONTINUOUS
10
0.9134544881889763
20
1.6338457874015748
11
0.9132064960629921
21
1.6336896850393701
0
LINE
8
BLACK
6
CONTINUOUS
10
0.9132064960629921
20
1.6336896850393701
11
0.909456968503937
21
1.6318149212598425
0
LINE
8
BLACK
6
CONTINUOUS
10
0.909456968503937
20
1.6318149212598425
11
0.9089163385826772
21
1.631608031496063
0
LINE
8
BLACK
6
CONTINUOUS
10
0.9089163385826772
20
1.631608031496063
11
0.9088105118110236
21
1.6316005511811023
0
LINE
8
BLACK
6
CONTINUOUS
10
0.9088105118110236
20
1.6316005511811023
11
0.9087125196850393
21
1.6315599212598424
0
LINE
8
BLACK
6
CONTINUOUS
10
0.9087125196850393
20
1.6315599212598424
11
0.9081364566929133
21
1.6315031889763778
0
LINE
8
BLACK
6
CONTINUOUS
10
0.9081364566929133
20
1.6315031889763778
11
0.8987626377952755
21
1.6315031889763778
0
LINE
8
BLACK
6
CONTINUOUS
10
0.8987626377952755
20
1.6315031889763778
11
0.8981865748031496
21
1.6315599212598424
0
LINE
8
BLACK
6
CONTINUOUS
10
0.8981865748031496
20
1.6315599212598424
11
0.8980885826771653
21
1.6316005118110235
0
LINE
8
BLACK
6
CONTINUOUS
10
0.8980885826771653
20
1.6316005118110235
11
0.897982716535433
21
1.631608031496063
0
LINE
8
BLACK
6
CONTINUOUS
10
0.897982716535433
20
1.631608031496063
11
0.897442125984252
21
1.6318149212598425
0
LINE
8
BLACK
6
CONTINUOUS
10
0.897442125984252
20
1.6318149212598425
11
0.8936925984251969
21
1.6336896850393701
0
LINE
8
BLACK
6
CONTINUOUS
10
0.8936925984251969
20
1.6336896850393701
11
0.8934445669291339
21
1.6338457874015748
0
LINE
8
BLACK
6
CONTINUOUS
10
0.8934445669291339
20
1.6338457874015748
11
0.8933726377952755
21
1.633875590551181
0
LINE
8
BLACK
6
CONTINUOUS
10
0.8933726377952755
20
1.633875590551181
11
0.8932916535433071
21
1.6339420472440944
0
LINE
8
BLACK
6
CONTINUOUS
10
0.8932916535433071
20
1.6339420472440944
11
0.893202716535433
21
1.6339980314960629
0
LINE
8
BLACK
6
CONTINUOUS
10
0.893202716535433
20
1.6339980314960629
11
0.8931514960629922
21
1.6340570866141733
0
LINE
8
BLACK
6
CONTINUOUS
10
0.8931514960629922
20
1.6340570866141733
11
0.892925157480315
21
1.6342428346456692
0
LINE
8
BLACK
6
CONTINUOUS
10
0.892925157480315
20
1.6342428346456692
11
0.8910503937007874
21
1.6361176377952755
0
LINE
8
BLACK
6
CONTINUOUS
10
0.8910503937007874
20
1.6361176377952755
11
0.8906831889763779
21
1.6365650787401576
0
LINE
8
BLACK
6
CONTINUOUS
10
0.8906831889763779
20
1.6365650787401576
11
0.8902423228346457
21
1.6376294881889764
0
LINE
8
BLACK
6
CONTINUOUS
10
0.8902423228346457
20
1.6376294881889764
11
0.8902423228346457
21
1.6387815748031496
0
LINE
8
BLACK
6
CONTINUOUS
10
0.8902423228346457
20
1.6387815748031496
11
0.8906832283464566
21
1.6398459842519684
0
LINE
8
BLACK
6
CONTINUOUS
10
0.8906832283464566
20
1.6398459842519684
11
0.8914979133858267
21
1.6406606692913386
0
LINE
8
BLACK
6
CONTINUOUS
10
0.8914979133858267
20
1.6406606692913386
11
0.8925623228346456
21
1.6411015354330709
0
LINE
8
BLACK
6
CONTINUOUS
10
0.8925623228346456
20
1.6411015354330709
11
0.8937144094488189
21
1.6411015354330709
0
LINE
8
BLACK
6
CONTINUOUS
10
0.8937144094488189
20
1.6411015354330709
11
0.8947788188976378
21
1.6406606299212598
0
LINE
8
BLACK
6
CONTINUOUS
10
0.8947788188976378
20
1.6406606299212598
11
0.8952262992125984
21
1.6402933858267716
0
LINE
8
BLACK
6
CONTINUOUS
10
0.8952262992125984
20
1.6402933858267716
11
0.8967622047244094
21
1.638757440944882
0
LINE
8
BLACK
6
CONTINUOUS
10
0.8967622047244094
20
1.638757440944882
11
0.89945968503937
21
1.6374087007874016
0
LINE
8
BLACK
6
CONTINUOUS
10
0.89945968503937
20
1.6374087007874016
11
0.9074394094488188
21
1.6374087007874016
0
LINE
8
BLACK
6
CONTINUOUS
10
0.9074394094488188
20
1.6374087007874016
11
0.9101368503937007
21
1.638757440944882
0
LINE
8
BLACK
6
CONTINUOUS
10
0.9101368503937007
20
1.638757440944882
11
0.9113339763779528
21
1.6399546062992125
0
LINE
8
BLACK
6
CONTINUOUS
10
0.9113339763779528
20
1.6399546062992125
11
0.9126827559055118
21
1.6426520866141732
0
LINE
8
BLACK
6
CONTINUOUS
10
0.9126827559055118
20
1.6426520866141732
11
0.9126827559055118
21
1.650631811023622
0
LINE
8
BLACK
6
CONTINUOUS
10
0.9126827559055118
20
1.650631811023622
11
0.9113340157480315
21
1.6533292913385826
0
LINE
8
BLACK
6
CONTINUOUS
10
0.9113340157480315
20
1.6533292913385826
11
0.9101368897637795
21
1.6545264173228347
0
LINE
8
BLACK
6
CONTINUOUS
10
0.9101368897637795
20
1.6545264173228347
11
0.9074394094488188
21
1.655875157480315
0
LINE
8
BLACK
6
CONTINUOUS
10
0.9074394094488188
20
1.655875157480315
11
0.89945968503937
21
1.655875157480315
0
LINE
8
BLACK
6
CONTINUOUS
10
0.89945968503937
20
1.655875157480315
11
0.8967622047244094
21
1.6545264173228347
0
LINE
8
BLACK
6
CONTINUOUS
10
0.8967622047244094
20
1.6545264173228347
11
0.8952262598425197
21
1.6529904724409448
0
LINE
8
BLACK
6
CONTINUOUS
10
0.8952262598425197
20
1.6529904724409448
11
0.8947788188976378
21
1.6526232677165353
0
LINE
8
BLACK
6
CONTINUOUS
10
0.8947788188976378
20
1.6526232677165353
11
0.8946414566929134
21
1.652566377952756
0
LINE
8
BLACK
6
CONTINUOUS
10
0.8946414566929134
20
1.652566377952756
11
0.8945263779527559
21
1.6524722047244094
0
LINE
8
BLACK
6
CONTINUOUS
10
0.8945263779527559
20
1.6524722047244094
11
0.8941129921259843
21
1.6523475196850392
0
LINE
8
BLACK
6
CONTINUOUS
10
0.8941129921259843
20
1.6523475196850392
11
0.8937143700787401
21
1.6521823622047245
0
LINE
8
BLACK
6
CONTINUOUS
10
0.8937143700787401
20
1.6521823622047245
11
0.893565748031496
21
1.6521823622047245
0
LINE
8
BLACK
6
CONTINUOUS
10
0.893565748031496
20
1.6521823622047245
11
0.8934233858267716
21
1.6521394094488189
0
LINE
8
BLACK
6
CONTINUOUS
10
0.8934233858267716
20
1.6521394094488189
11
0.8929938582677165
21
1.6521823622047245
0
LINE
8
BLACK
6
CONTINUOUS
10
0.8929938582677165
20
1.6521823622047245
11
0.8925623228346456
21
1.6521823622047245
0
LINE
8
BLACK
6
CONTINUOUS
10
0.8925623228346456
20
1.6521823622047245
11
0.8924249606299213
21
1.6522392913385826
0
LINE
8
BLACK
6
CONTINUOUS
10
0.8924249606299213
20
1.6522392913385826
11
0.892276968503937
21
1.6522540551181102
0
LINE
8
BLACK
6
CONTINUOUS
10
0.892276968503937
20
1.6522540551181102
11
0.8918965748031495
21
1.6524581102362204
0
LINE
8
BLACK
6
CONTINUOUS
10
0.8918965748031495
20
1.6524581102362204
11
0.891497874015748
21
1.6526232677165353
0
LINE
8
BLACK
6
CONTINUOUS
10
0.891497874015748
20
1.6526232677165353
11
0.8913926771653543
21
1.6527284645669291
0
LINE
8
BLACK
6
CONTINUOUS
10
0.8913926771653543
20
1.6527284645669291
11
0.8912617322834645
21
1.6527987007874014
0
LINE
8
BLACK
6
CONTINUOUS
10
0.8912617322834645
20
1.6527987007874014
11
0.8909884645669292
21
1.6531326771653543
0
LINE
8
BLACK
6
CONTINUOUS
10
0.8909884645669292
20
1.6531326771653543
11
0.8906832283464566
21
1.6534379133858268
0
LINE
8
BLACK
6
CONTINUOUS
10
0.8906832283464566
20
1.6534379133858268
11
0.8906262992125984
21
1.6535752755905511
0
LINE
8
BLACK
6
CONTINUOUS
10
0.8906262992125984
20
1.6535752755905511
11
0.8905321653543307
21
1.6536903543307087
0
LINE
8
BLACK
6
CONTINUOUS
10
0.8905321653543307
20
1.6536903543307087
11
0.8904074409448819
21
1.6541037401574803
0
LINE
8
BLACK
6
CONTINUOUS
10
0.8904074409448819
20
1.6541037401574803
11
0.8902423228346457
21
1.6545023622047244
0
LINE
8
BLACK
6
CONTINUOUS
10
0.8902423228346457
20
1.6545023622047244
11
0.8902423228346457
21
1.6546510236220473
0
LINE
8
BLACK
6
CONTINUOUS
10
0.8902423228346457
20
1.6546510236220473
11
0.8901993700787402
21
1.6547933464566928
0
LINE
8
BLACK
6
CONTINUOUS
10
0.8901993700787402
20
1.6547933464566928
11
0.8902002362204724
21
1.6553722047244095
0
LINE
8
BLACK
6
CONTINUOUS
10
0.8902002362204724
20
1.6553722047244095
11
0.892075
21
1.674119842519685
0
LINE
8
BLACK
6
CONTINUOUS
10
0.892075
20
1.674119842519685
11
0.8921170866141732
21
1.6743298031496063
0
LINE
8
BLACK
6
CONTINUOUS
10
0.8921170866141732
20
1.6743298031496063
11
0.8921170866141732
21
1.6744020866141731
0
LINE
8
BLACK
6
CONTINUOUS
10
0.8921170866141732
20
1.6744020866141731
11
0.892145157480315
21
1.6744699212598424
0
LINE
8
BLACK
6
CONTINUOUS
10
0.892145157480315
20
1.6744699212598424
11
0.892188779527559
21
1.674687401574803
0
LINE
8
BLACK
6
CONTINUOUS
10
0.892188779527559
20
1.674687401574803
11
0.8923927952755906
21
1.6750677165354331
0
LINE
8
BLACK
6
CONTINUOUS
10
0.8923927952755906
20
1.6750677165354331
11
0.8925579921259842
21
1.6754664960629921
0
LINE
8
BLACK
6
CONTINUOUS
10
0.8925579921259842
20
1.6754664960629921
11
0.8926631496062992
21
1.6755716929133857
0
LINE
8
BLACK
6
CONTINUOUS
10
0.8926631496062992
20
1.6755716929133857
11
0.8927334251968504
21
1.6757026377952755
0
LINE
8
BLACK
6
CONTINUOUS
10
0.8927334251968504
20
1.6757026377952755
11
0.8930673622047244
21
1.6759759055118111
0
LINE
8
BLACK
6
CONTINUOUS
10
0.8930673622047244
20
1.6759759055118111
11
0.8933726377952755
21
1.6762811417322834
0
LINE
8
BLACK
6
CONTINUOUS
10
0.8933726377952755
20
1.6762811417322834
11
0.8935099606299213
21
1.6763380708661417
0
LINE
8
BLACK
6
CONTINUOUS
10
0.8935099606299213
20
1.6763380708661417
11
0.8936250787401575
21
1.6764322047244093
0
LINE
8
BLACK
6
CONTINUOUS
10
0.8936250787401575
20
1.6764322047244093
11
0.8940383464566929
21
1.6765569291338582
0
LINE
8
BLACK
6
CONTINUOUS
10
0.8940383464566929
20
1.6765569291338582
11
0.8944370472440945
21
1.6767220472440945
0
LINE
8
BLACK
6
CONTINUOUS
10
0.8944370472440945
20
1.6767220472440945
11
0.894657716535433
21
1.6767438188976378
0
LINE
8
BLACK
6
CONTINUOUS
10
0.894657716535433
20
1.6767438188976378
11
0.8947280708661417
21
1.6767650000000001
0
LINE
8
BLACK
6
CONTINUOUS
10
0.8947280708661417
20
1.6767650000000001
11
0.8948000393700787
21
1.6767578346456693
0
LINE
8
BLACK
6
CONTINUOUS
10
0.8948000393700787
20
1.6767578346456693
11
0.8950131102362204
21
1.676778779527559
0
LINE
8
BLACK
6
CONTINUOUS
10
0.8950131102362204
20
1.676778779527559
11
0.9137607480314961
21
1.676778779527559
0
LINE
8
BLACK
6
CONTINUOUS
10
0.9137607480314961
20
1.676778779527559
11
0.9143368110236221
21
1.6767220472440945
0
LINE
8
BLACK
6
CONTINUOUS
10
0.9462078346456693
20
1.6767220472440945
11
0.9463058267716535
21
1.6766814566929134
0
LINE
8
BLACK
6
CONTINUOUS
10
0.9463058267716535
20
1.6766814566929134
11
0.946411653543307
21
1.676673937007874
0
LINE
8
BLACK
6
CONTINUOUS
10
0.946411653543307
20
1.676673937007874
11
0.9469522834645669
21
1.6764670472440943
0
LINE
8
BLACK
6
CONTINUOUS
10
0.9469522834645669
20
1.6764670472440943
11
0.9507018110236221
21
1.6745922834645668
0
LINE
8
BLACK
6
CONTINUOUS
10
0.9507018110236221
20
1.6745922834645668
11
0.9509498031496063
21
1.674436220472441
0
LINE
8
BLACK
6
CONTINUOUS
10
0.9509498031496063
20
1.674436220472441
11
0.9510217716535433
21
1.6744063779527558
0
LINE
8
BLACK
6
CONTINUOUS
10
0.9510217716535433
20
1.6744063779527558
11
0.9511027165354331
21
1.6743399212598424
0
LINE
8
BLACK
6
CONTINUOUS
10
0.9511027165354331
20
1.6743399212598424
11
0.9511916929133858
21
1.6742839370078739
0
LINE
8
BLACK
6
CONTINUOUS
10
0.9511916929133858
20
1.6742839370078739
11
0.9512428346456693
21
1.6742249606299213
0
LINE
8
BLACK
6
CONTINUOUS
10
0.9512428346456693
20
1.6742249606299213
11
0.9514692125984252
21
1.6740391732283464
0
LINE
8
BLACK
6
CONTINUOUS
10
0.9514692125984252
20
1.6740391732283464
11
0.9533439763779528
21
1.6721644094488188
0
LINE
8
BLACK
6
CONTINUOUS
10
0.9533439763779528
20
1.6721644094488188
11
0.9535297244094488
21
1.6719380708661418
0
LINE
8
BLACK
6
CONTINUOUS
10
0.9535297244094488
20
1.6719380708661418
11
0.9535887401574803
21
1.6718868897637795
0
LINE
8
BLACK
6
CONTINUOUS
10
0.9535887401574803
20
1.6718868897637795
11
0.9536446850393701
21
1.6717979527559055
0
LINE
8
BLACK
6
CONTINUOUS
10
0.9536446850393701
20
1.6717979527559055
11
0.9537111811023622
21
1.671716968503937
0
LINE
8
BLACK
6
CONTINUOUS
10
0.9537111811023622
20
1.671716968503937
11
0.9537409842519685
21
1.6716450393700788
0
LINE
8
BLACK
6
CONTINUOUS
10
0.9537409842519685
20
1.6716450393700788
11
0.9538970866141732
21
1.6713970078740157
0
LINE
8
BLACK
6
CONTINUOUS
10
0.9538970866141732
20
1.6713970078740157
11
0.9557718503937007
21
1.6676474803149606
0
LINE
8
BLACK
6
CONTINUOUS
10
0.9557718503937007
20
1.6676474803149606
11
0.9559787401574803
21
1.6671068897637795
0
LINE
8
BLACK
6
CONTINUOUS
10
0.9559787401574803
20
1.6671068897637795
11
0.9559862598425196
21
1.6670010236220472
0
LINE
8
BLACK
6
CONTINUOUS
10
0.9559862598425196
20
1.6670010236220472
11
0.9560268503937007
21
1.6669030314960629
0
LINE
8
BLACK
6
CONTINUOUS
10
0.9560268503937007
20
1.6669030314960629
11
0.9560835826771653
21
1.666326968503937
0
LINE
8
BLACK
6
CONTINUOUS
10
0.9560835826771653
20
1.666326968503937
11
0.9560835826771653
21
1.6644522047244095
0
LINE
8
BLACK
6
CONTINUOUS
10
0.9560835826771653
20
1.6644522047244095
11
0.9560268503937007
21
1.6638761417322834
0
LINE
8
BLACK
6
CONTINUOUS
10
0.9560268503937007
20
1.6638761417322834
11
0.9559862598425196
21
1.6637781889763779
0
LINE
8
BLACK
6
CONTINUOUS
10
0.9559862598425196
20
1.6637781889763779
11
0.9559787401574803
21
1.663672283464567
0
LINE
8
BLACK
6
CONTINUOUS
10
0.9559787401574803
20
1.663672283464567
11
0.9557718503937007
21
1.6631316929133857
0
LINE
8
BLACK
6
CONTINUOUS
10
0.9557718503937007
20
1.6631316929133857
11
0.9538970866141732
21
1.6593821653543306
0
LINE
8
BLACK
6
CONTINUOUS
10
0.9538970866141732
20
1.6593821653543306
11
0.9537409842519685
21
1.6591341732283464
0
LINE
8
BLACK
6
CONTINUOUS
10
0.9537409842519685
20
1.6591341732283464
11
0.9537111811023622
21
1.6590622047244095
0
LINE
8
BLACK
6
CONTINUOUS
10
0.9537111811023622
20
1.6590622047244095
11
0.9536446850393701
21
1.6589812598425195
0
LINE
8
BLACK
6
CONTINUOUS
10
0.9536446850393701
20
1.6589812598425195
11
0.9535887401574803
21
1.658892283464567
0
LINE
8
BLACK
6
CONTINUOUS
10
0.9535887401574803
20
1.658892283464567
11
0.9535297244094488
21
1.6588411417322835
0
LINE
8
BLACK
6
CONTINUOUS
10
0.9535297244094488
20
1.6588411417322835
11
0.9533439763779528
21
1.6586147637795274
0
LINE
8
BLACK
6
CONTINUOUS
10
0.9533439763779528
20
1.6586147637795274
11
0.9516823622047244
21
1.6569531496062992
0
LINE
8
BLACK
6
CONTINUOUS
10
0.9516823622047244
20
1.6569531496062992
11
0.9533439763779528
21
1.6552915354330708
0
LINE
8
BLACK
6
CONTINUOUS
10
0.9533439763779528
20
1.6552915354330708
11
0.9535297244094488
21
1.6550651968503938
0
LINE
8
BLACK
6
CONTINUOUS
10
0.9535297244094488
20
1.6550651968503938
11
0.9535887401574803
21
1.6550140157480315
0
LINE
8
BLACK
6
CONTINUOUS
10
0.9535887401574803
20
1.6550140157480315
11
0.9536446850393701
21
1.6549250787401575
0
LINE
8
BLACK
6
CONTINUOUS
10
0.9536446850393701
20
1.6549250787401575
11
0.9537111811023622
21
1.654844094488189
0
LINE
8
BLACK
6
CONTINUOUS
10
0.9537111811023622
20
1.654844094488189
11
0.9537409842519685
21
1.6547721653543306
0
LINE
8
BLACK
6
CONTINUOUS
10
0.9537409842519685
20
1.6547721653543306
11
0.9538970866141732
21
1.6545241338582677
0
LINE
8
BLACK
6
CONTINUOUS
10
0.9538970866141732
20
1.6545241338582677
11
0.9557718503937007
21
1.6507746062992126
0
LINE
8
BLACK
6
CONTINUOUS
10
0.9557718503937007
20
1.6507746062992126
11
0.9559787401574803
21
1.6502340157480315
0
LINE
8
BLACK
6
CONTINUOUS
10
0.9559787401574803
20
1.6502340157480315
11
0.9559862598425196
21
1.6501281496062992
0
LINE
8
BLACK
6
CONTINUOUS
10
0.9559862598425196
20
1.6501281496062992
11
0.9560268503937007
21
1.6500301574803149
0
LINE
8
BLACK
6
CONTINUOUS
10
0.9560268503937007
20
1.6500301574803149
11
0.9560835826771653
21
1.649454094488189
0
LINE
8
BLACK
6
CONTINUOUS
10
0.9560835826771653
20
1.649454094488189
11
0.9560835826771653
21
1.6419550393700788
0
LINE
8
BLACK
6
CONTINUOUS
10
0.9560835826771653
20
1.6419550393700788
11
0.9560268503937007
21
1.6413789763779527
0
LINE
8
BLACK
6
CONTINUOUS
10
0.9560268503937007
20
1.6413789763779527
11
0.9559862598425196
21
1.6412810236220472
0
LINE
8
BLACK
6
CONTINUOUS
10
0.9559862598425196
20
1.6412810236220472
11
0.9559787401574803
21
1.6411751181102361
0
LINE
8
BLACK
6
CONTINUOUS
10
0.9559787401574803
20
1.6411751181102361
11
0.9557718503937007
21
1.640634527559055
0
LINE
8
BLACK
6
CONTINUOUS
10
0.9557718503937007
20
1.640634527559055
11
0.9538970866141732
21
1.6368849999999999
0
LINE
8
BLACK
6
CONTINUOUS
10
0.9538970866141732
20
1.6368849999999999
11
0.9537410236220473
21
1.636637125984252
0
LINE
8
BLACK
6
CONTINUOUS
10
0.9537410236220473
20
1.636637125984252
11
0.9537112204724409
21
1.6365650787401576
0
LINE
8
BLACK
6
CONTINUOUS
10
0.9537112204724409
20
1.6365650787401576
11
0.9536446850393701
21
1.6364840551181101
0
LINE
8
BLACK
6
CONTINUOUS
10
0.9536446850393701
20
1.6364840551181101
11
0.9535887401574803
21
1.6363951181102361
0
LINE
8
BLACK
6
CONTINUOUS
10
0.9535887401574803
20
1.6363951181102361
11
0.9535297244094488
21
1.6363439763779528
0
LINE
8
BLACK
6
CONTINUOUS
10
0.9535297244094488
20
1.6363439763779528
11
0.9533439763779528
21
1.6361175984251968
0
LINE
8
BLACK
6
CONTINUOUS
10
0.9533439763779528
20
1.6361175984251968
11
0.951469251968504
21
1.6342428346456692
0
LINE
8
BLACK
6
CONTINUOUS
10
0.951469251968504
20
1.6342428346456692
11
0.951242874015748
21
1.6340570866141733
0
LINE
8
BLACK
6
CONTINUOUS
10
0.951242874015748
20
1.6340570866141733
11
0.9511916929133858
21
1.6339980314960629
0
LINE
8
BLACK
6
CONTINUOUS
10
0.9511916929133858
20
1.6339980314960629
11
0.9511027165354331
21
1.6339420472440944
0
LINE
8
BLACK
6
CONTINUOUS
10
0.9511027165354331
20
1.6339420472440944
11
0.9510217716535433
21
1.633875590551181
0
LINE
8
BLACK
6
CONTINUOUS
10
0.9510217716535433
20
1.633875590551181
11
0.9509498031496063
21
1.6338457874015748
0
LINE
8
BLACK
6
CONTINUOUS
10
0.9509498031496063
20
1.6338457874015748
11
0.9507018110236221
21
1.6336896850393701
0
LINE
8
BLACK
6
CONTINUOUS
10
0.9507018110236221
20
1.6336896850393701
11
0.9469522834645669
21
1.6318149212598425
0
LINE
8
BLACK
6
CONTINUOUS
10
0.9469522834645669
20
1.6318149212598425
11
0.946411653543307
21
1.631608031496063
0
LINE
8
BLACK
6
CONTINUOUS
10
0.946411653543307
20
1.631608031496063
11
0.9463058267716535
21
1.6316005511811023
0
LINE
8
BLACK
6
CONTINUOUS
10
0.9463058267716535
20
1.6316005511811023
11
0.9462078346456693
21
1.6315599212598424
0
LINE
8
BLACK
6
CONTINUOUS
10
0.9462078346456693
20
1.6315599212598424
11
0.9456317716535433
21
1.6315031889763778
0
LINE
8
BLACK
6
CONTINUOUS
10
0.9456317716535433
20
1.6315031889763778
11
0.9381327165354331
21
1.6315031889763778
0
LINE
8
BLACK
6
CONTINUOUS
10
0.9381327165354331
20
1.6315031889763778
11
0.9375566535433071
21
1.6315599212598424
0
LINE
8
BLACK
6
CONTINUOUS
10
0.9375566535433071
20
1.6315599212598424
11
0.9374586614173228
21
1.6316005118110235
0
LINE
8
BLACK
6
CONTINUOUS
10
0.9374586614173228
20
1.6316005118110235
11
0.9373527952755906
21
1.631608031496063
0
LINE
8
BLACK
6
CONTINUOUS
10
0.9373527952755906
20
1.631608031496063
11
0.9368122047244094
21
1.6318149212598425
0
LINE
8
BLACK
6
CONTINUOUS
10
0.9368122047244094
20
1.6318149212598425
11
0.9330626771653543
21
1.6336896850393701
0
LINE
8
BLACK
6
CONTINUOUS
10
0.9330626771653543
20
1.6336896850393701
11
0.9328146456692913
21
1.6338457874015748
0
LINE
8
BLACK
6
CONTINUOUS
10
0.9328146456692913
20
1.6338457874015748
11
0.9327427165354331
21
1.633875590551181
0
LINE
8
BLACK
6
CONTINUOUS
10
0.9327427165354331
20
1.633875590551181
11
0.9326617322834645
21
1.6339420472440944
0
LINE
8
BLACK
6
CONTINUOUS
10
0.9326617322834645
20
1.6339420472440944
11
0.9325727952755906
21
1.6339980314960629
0
LINE
8
BLACK
6
CONTINUOUS
10
0.9325727952755906
20
1.6339980314960629
11
0.9325215748031496
21
1.6340570866141733
0
LINE
8
BLACK
6
CONTINUOUS
10
0.9325215748031496
20
1.6340570866141733
11
0.9322952362204724
21
1.6342428346456692
0
LINE
8
BLACK
6
CONTINUOUS
10
0.9322952362204724
20
1.6342428346456692
11
0.9304204724409448
21
1.6361176377952755
0
LINE
8
BLACK
6
CONTINUOUS
10
0.9304204724409448
20
1.6361176377952755
11
0.9302347244094488
21
1.6363439763779528
0
LINE
8
BLACK
6
CONTINUOUS
10
0.9302347244094488
20
1.6363439763779528
11
0.9301757480314961
21
1.6363951181102361
0
LINE
8
BLACK
6
CONTINUOUS
10
0.9301757480314961
20
1.6363951181102361
11
0.9301197637795275
21
1.6364840551181101
0
LINE
8
BLACK
6
CONTINUOUS
10
0.9301197637795275
20
1.6364840551181101
11
0.9300532677165354
21
1.6365650787401576
0
LINE
8
BLACK
6
CONTINUOUS
10
0.9300532677165354
20
1.6365650787401576
11
0.9300234251968503
21
1.636637125984252
0
LINE
8
BLACK
6
CONTINUOUS
10
0.9300234251968503
20
1.636637125984252
11
0.9298674015748031
21
1.6368849999999999
0
LINE
8
BLACK
6
CONTINUOUS
10
0.9298674015748031
20
1.6368849999999999
11
0.9279926377952755
21
1.640634527559055
0
LINE
8
BLACK
6
CONTINUOUS
10
0.9279926377952755
20
1.640634527559055
11
0.927785748031496
21
1.6411751574803148
0
LINE
8
BLACK
6
CONTINUOUS
10
0.927785748031496
20
1.6411751574803148
11
0.9277782283464566
21
1.6412809842519684
0
LINE
8
BLACK
6
CONTINUOUS
10
0.9277782283464566
20
1.6412809842519684
11
0.9277376377952755
21
1.6413789763779527
0
LINE
8
BLACK
6
CONTINUOUS
10
0.9277376377952755
20
1.6413789763779527
11
0.927680905511811
21
1.6419550393700788
0
LINE
8
BLACK
6
CONTINUOUS
10
0.927680905511811
20
1.6419550393700788
11
0.927680905511811
21
1.649454094488189
0
LINE
8
BLACK
6
CONTINUOUS
10
0.927680905511811
20
1.649454094488189
11
0.9277376377952755
21
1.6500301574803149
0
LINE
8
BLACK
6
CONTINUOUS
10
0.9277376377952755
20
1.6500301574803149
11
0.9277782283464566
21
1.6501281889763779
0
LINE
8
BLACK
6
CONTINUOUS
10
0.9277782283464566
20
1.6501281889763779
11
0.927785748031496
21
1.6502339763779528
0
LINE
8
BLACK
6
CONTINUOUS
10
0.927785748031496
20
1.6502339763779528
11
0.9279926377952755
21
1.6507746062992126
0
LINE
8
BLACK
6
CONTINUOUS
10
0.9279926377952755
20
1.6507746062992126
11
0.9298674015748031
21
1.6545241338582677
0
LINE
8
BLACK
6
CONTINUOUS
10
0.9298674015748031
20
1.6545241338582677
11
0.9300234645669291
21
1.6547721653543306
0
LINE
8
BLACK
6
CONTINUOUS
10
0.9300234645669291
20
1.6547721653543306
11
0.9300533070866142
21
1.654844094488189
0
LINE
8
BLACK
6
CONTINUOUS
10
0.9300533070866142
20
1.654844094488189
11
0.9301197637795275
21
1.6549250787401575
0
LINE
8
BLACK
6
CONTINUOUS
10
0.9301197637795275
20
1.6549250787401575
11
0.9301757480314961
21
1.6550140157480315
0
LINE
8
BLACK
6
CONTINUOUS
10
0.9301757480314961
20
1.6550140157480315
11
0.9302347244094488
21
1.6550651968503938
0
LINE
8
BLACK
6
CONTINUOUS
10
0.9302347244094488
20
1.6550651968503938
11
0.9304205118110236
21
1.6552915354330708
0
LINE
8
BLACK
6
CONTINUOUS
10
0.9304205118110236
20
1.6552915354330708
11
0.932082125984252
21
1.6569531496062992
0
LINE
8
BLACK
6
CONTINUOUS
10
0.932082125984252
20
1.6569531496062992
11
0.9304205118110236
21
1.6586147637795274
0
LINE
8
BLACK
6
CONTINUOUS
10
0.9304205118110236
20
1.6586147637795274
11
0.9302347244094488
21
1.6588411417322835
0
LINE
8
BLACK
6
CONTINUOUS
10
0.9302347244094488
20
1.6588411417322835
11
0.9301757480314961
21
1.658892283464567
0
LINE
8
BLACK
6
CONTINUOUS
10
0.9301757480314961
20
1.658892283464567
11
0.9301197637795275
21
1.6589812598425195
0
LINE
8
BLACK
6
CONTINUOUS
10
0.9301197637795275
20
1.6589812598425195
11
0.9300533070866142
21
1.6590622047244095
0
LINE
8
BLACK
6
CONTINUOUS
10
0.9300533070866142
20
1.6590622047244095
11
0.9300234645669291
21
1.6591341732283464
0
LINE
8
BLACK
6
CONTINUOUS
10
0.9300234645669291
20
1.6591341732283464
11
0.9298674015748031
21
1.6593821653543306
0
LINE
8
BLACK
6
CONTINUOUS
10
0.9298674015748031
20
1.6593821653543306
11
0.9279926377952755
21
1.6631316929133857
0
LINE
8
BLACK
6
CONTINUOUS
10
0.9279926377952755
20
1.6631316929133857
11
0.927785748031496
21
1.6636723228346457
0
LINE
8
BLACK
6
CONTINUOUS
10
0.927785748031496
20
1.6636723228346457
11
0.9277782283464566
21
1.6637781496062991
0
LINE
8
BLACK
6
CONTINUOUS
10
0.9277782283464566
20
1.6637781496062991
11
0.9277376377952755
21
1.6638761417322834
0
LINE
8
BLACK
6
CONTINUOUS
10
0.9277376377952755
20
1.6638761417322834
11
0.927680905511811
21
1.6644522047244095
0
LINE
8
BLACK
6
CONTINUOUS
10
0.927680905511811
20
1.6644522047244095
11
0.927680905511811
21
1.666326968503937
0
LINE
8
BLACK
6
CONTINUOUS
10
0.927680905511811
20
1.666326968503937
11
0.9277376377952755
21
1.6669030314960629
0
LINE
8
BLACK
6
CONTINUOUS
10
0.9277376377952755
20
1.6669030314960629
11
0.9277782283464566
21
1.6670010629921259
0
LINE
8
BLACK
6
CONTINUOUS
10
0.9277782283464566
20
1.6670010629921259
11
0.927785748031496
21
1.6671068503937008
0
LINE
8
BLACK
6
CONTINUOUS
10
0.927785748031496
20
1.6671068503937008
11
0.9279926377952755
21
1.6676474803149606
0
LINE
8
BLACK
6
CONTINUOUS
10
0.9279926377952755
20
1.6676474803149606
11
0.9298674015748031
21
1.6713970078740157
0
LINE
8
BLACK
6
CONTINUOUS
10
0.9298674015748031
20
1.6713970078740157
11
0.9300234645669291
21
1.6716450393700788
0
LINE
8
BLACK
6
CONTINUOUS
10
0.9300234645669291
20
1.6716450393700788
11
0.9300533070866142
21
1.671716968503937
0
LINE
8
BLACK
6
CONTINUOUS
10
0.9300533070866142
20
1.671716968503937
11
0.9301197637795275
21
1.6717979527559055
0
LINE
8
BLACK
6
CONTINUOUS
10
0.9301197637795275
20
1.6717979527559055
11
0.9301757480314961
21
1.6718868897637795
0
LINE
8
BLACK
6
CONTINUOUS
10
0.9301757480314961
20
1.6718868897637795
11
0.9302347244094488
21
1.6719380708661418
0
LINE
8
BLACK
6
CONTINUOUS
10
0.9302347244094488
20
1.6719380708661418
11
0.9304205118110236
21
1.6721644094488188
0
LINE
8
BLACK
6
CONTINUOUS
10
0.9304205118110236
20
1.6721644094488188
11
0.9322952755905511
21
1.6740391732283464
0
LINE
8
BLACK
6
CONTINUOUS
10
0.9322952755905511
20
1.6740391732283464
11
0.9325216141732283
21
1.6742249606299213
0
LINE
8
BLACK
6
CONTINUOUS
10
0.9325216141732283
20
1.6742249606299213
11
0.9325727952755906
21
1.6742839370078739
0
LINE
8
BLACK
6
CONTINUOUS
10
0.9325727952755906
20
1.6742839370078739
11
0.9326617322834645
21
1.6743399212598424
0
LINE
8
BLACK
6
CONTINUOUS
10
0.9326617322834645
20
1.6743399212598424
11
0.9327427165354331
21
1.6744063779527558
0
LINE
8
BLACK
6
CONTINUOUS
10
0.9327427165354331
20
1.6744063779527558
11
0.9328146456692913
21
1.674436220472441
0
LINE
8
BLACK
6
CONTINUOUS
10
0.9328146456692913
20
1.674436220472441
11
0.9330626771653543
21
1.6745922834645668
0
LINE
8
BLACK
6
CONTINUOUS
10
0.9330626771653543
20
1.6745922834645668
11
0.9368122047244094
21
1.6764670472440943
0
LINE
8
BLACK
6
CONTINUOUS
10
0.9368122047244094
20
1.6764670472440943
11
0.9373527952755906
21
1.676673937007874
0
LINE
8
BLACK
6
CONTINUOUS
10
0.9373527952755906
20
1.676673937007874
11
0.9374586614173228
21
1.6766814960629921
0
LINE
8
BLACK
6
CONTINUOUS
10
0.9374586614173228
20
1.6766814960629921
11
0.9375566535433071
21
1.6767220472440945
0
LINE
8
BLACK
6
CONTINUOUS
10
0.9375566535433071
20
1.6767220472440945
11
0.9381327165354331
21
1.676778779527559
0
LINE
8
BLACK
6
CONTINUOUS
10
0.9381327165354331
20
1.676778779527559
11
0.9456317716535433
21
1.676778779527559
0
LINE
8
BLACK
6
CONTINUOUS
10
0.9456317716535433
20
1.676778779527559
11
0.9462078346456693
21
1.6767220472440945
0
LINE
8
BLACK
6
CONTINUOUS
10
0.9361322834645669
20
1.6526516535433071
11
0.934935157480315
21
1.6514545275590551
0
LINE
8
BLACK
6
CONTINUOUS
10
0.934935157480315
20
1.6514545275590551
11
0.9335864173228346
21
1.6487570472440944
0
LINE
8
BLACK
6
CONTINUOUS
10
0.9335864173228346
20
1.6487570472440944
11
0.9335864173228346
21
1.6426520866141732
0
LINE
8
BLACK
6
CONTINUOUS
10
0.9335864173228346
20
1.6426520866141732
11
0.934935157480315
21
1.6399546062992125
0
LINE
8
BLACK
6
CONTINUOUS
10
0.934935157480315
20
1.6399546062992125
11
0.9361322834645669
21
1.638757440944882
0
LINE
8
BLACK
6
CONTINUOUS
10
0.9361322834645669
20
1.638757440944882
11
0.9388297637795275
21
1.6374087007874016
0
LINE
8
BLACK
6
CONTINUOUS
10
0.9388297637795275
20
1.6374087007874016
11
0.9449347244094488
21
1.6374087007874016
0
LINE
8
BLACK
6
CONTINUOUS
10
0.9449347244094488
20
1.6374087007874016
11
0.9476321653543307
21
1.638757440944882
0
LINE
8
BLACK
6
CONTINUOUS
10
0.9476321653543307
20
1.638757440944882
11
0.9488292913385826
21
1.6399546062992125
0
LINE
8
BLACK
6
CONTINUOUS
10
0.9488292913385826
20
1.6399546062992125
11
0.9501780708661417
21
1.6426520866141732
0
LINE
8
BLACK
6
CONTINUOUS
10
0.9501780708661417
20
1.6426520866141732
11
0.9501780708661417
21
1.6487570472440944
0
LINE
8
BLACK
6
CONTINUOUS
10
0.9501780708661417
20
1.6487570472440944
11
0.9488293307086614
21
1.6514545275590551
0
LINE
8
BLACK
6
CONTINUOUS
10
0.9488293307086614
20
1.6514545275590551
11
0.9476322047244095
21
1.6526516535433071
0
LINE
8
BLACK
6
CONTINUOUS
10
0.9476322047244095
20
1.6526516535433071
11
0.9449347244094488
21
1.6540003937007874
0
LINE
8
BLACK
6
CONTINUOUS
10
0.9449347244094488
20
1.6540003937007874
11
0.9388297637795275
21
1.6540003937007874
0
LINE
8
BLACK
6
CONTINUOUS
10
0.9388297637795275
20
1.6540003937007874
11
0.9361322834645669
21
1.6526516535433071
0
LINE
8
BLACK
6
CONTINUOUS
10
0.9361322834645669
20
1.6695245275590551
11
0.934935157480315
21
1.6683274015748031
0
LINE
8
BLACK
6
CONTINUOUS
10
0.934935157480315
20
1.6683274015748031
11
0.9335864173228346
21
1.6656299212598424
0
LINE
8
BLACK
6
CONTINUOUS
10
0.9335864173228346
20
1.6656299212598424
11
0.9335864173228346
21
1.6651492519685038
0
LINE
8
BLACK
6
CONTINUOUS
10
0.9335864173228346
20
1.6651492519685038
11
0.934935157480315
21
1.6624517716535432
0
LINE
8
BLACK
6
CONTINUOUS
10
0.934935157480315
20
1.6624517716535432
11
0.9361322834645669
21
1.6612546456692914
0
LINE
8
BLACK
6
CONTINUOUS
10
0.9361322834645669
20
1.6612546456692914
11
0.9388297637795275
21
1.6599059055118111
0
LINE
8
BLACK
6
CONTINUOUS
10
0.9388297637795275
20
1.6599059055118111
11
0.9449347244094488
21
1.6599059055118111
0
LINE
8
BLACK
6
CONTINUOUS
10
0.9449347244094488
20
1.6599059055118111
11
0.9476322047244095
21
1.6612546456692914
0
LINE
8
BLACK
6
CONTINUOUS
10
0.9476322047244095
20
1.6612546456692914
11
0.9488293307086614
21
1.6624517716535432
0
LINE
8
BLACK
6
CONTINUOUS
10
0.9488293307086614
20
1.6624517716535432
11
0.9501780708661417
21
1.6651492519685038
0
LINE
8
BLACK
6
CONTINUOUS
10
0.9501780708661417
20
1.6651492519685038
11
0.9501780708661417
21
1.6656299212598424
0
LINE
8
BLACK
6
CONTINUOUS
10
0.9501780708661417
20
1.6656299212598424
11
0.9488293307086614
21
1.6683274015748031
0
LINE
8
BLACK
6
CONTINUOUS
10
0.9488293307086614
20
1.6683274015748031
11
0.9476322047244095
21
1.6695245275590551
0
LINE
8
BLACK
6
CONTINUOUS
10
0.9476322047244095
20
1.6695245275590551
11
0.9449347244094488
21
1.6708732677165354
0
LINE
8
BLACK
6
CONTINUOUS
10
0.9449347244094488
20
1.6708732677165354
11
0.9388297637795275
21
1.6708732677165354
0
LINE
8
BLACK
6
CONTINUOUS
10
0.9388297637795275
20
1.6708732677165354
11
0.9361322834645669
21
1.6695245275590551
0
LINE
8
BLACK
6
CONTINUOUS
10
0.9818283858267717
20
1.6767220472440945
11
0.9819263779527558
21
1.6766814566929134
0
LINE
8
BLACK
6
CONTINUOUS
10
0.9819263779527558
20
1.6766814566929134
11
0.9820322047244094
21
1.676673937007874
0
LINE
8
BLACK
6
CONTINUOUS
10
0.9820322047244094
20
1.676673937007874
11
0.9825728346456692
21
1.6764670472440943
0
LINE
8
BLACK
6
CONTINUOUS
10
0.9825728346456692
20
1.6764670472440943
11
0.9863223622047244
21
1.6745922834645668
0
LINE
8
BLACK
6
CONTINUOUS
10
0.9863223622047244
20
1.6745922834645668
11
0.9865703543307086
21
1.674436220472441
0
LINE
8
BLACK
6
CONTINUOUS
10
0.9865703543307086
20
1.674436220472441
11
0.9866423228346457
21
1.6744063779527558
0
LINE
8
BLACK
6
CONTINUOUS
10
0.9866423228346457
20
1.6744063779527558
11
0.9867232677165354
21
1.6743399212598424
0
LINE
8
BLACK
6
CONTINUOUS
10
0.9867232677165354
20
1.6743399212598424
11
0.9868122440944882
21
1.6742839370078739
0
LINE
8
BLACK
6
CONTINUOUS
10
0.9868122440944882
20
1.6742839370078739
11
0.9868633858267716
21
1.6742249606299213
0
LINE
8
BLACK
6
CONTINUOUS
10
0.9868633858267716
20
1.6742249606299213
11
0.9870897637795275
21
1.6740391732283464
0
LINE
8
BLACK
6
CONTINUOUS
10
0.9870897637795275
20
1.6740391732283464
11
0.9889645275590551
21
1.6721644094488188
0
LINE
8
BLACK
6
CONTINUOUS
10
0.9889645275590551
20
1.6721644094488188
11
0.9891502755905511
21
1.6719380708661418
0
LINE
8
BLACK
6
CONTINUOUS
10
0.9891502755905511
20
1.6719380708661418
11
0.9892092913385827
21
1.6718868897637795
0
LINE
8
BLACK
6
CONTINUOUS
10
0.9892092913385827
20
1.6718868897637795
11
0.9892652362204725
21
1.6717979527559055
0
LINE
8
BLACK
6
CONTINUOUS
10
0.9892652362204725
20
1.6717979527559055
11
0.9893317322834645
21
1.671716968503937
0
LINE
8
BLACK
6
CONTINUOUS
10
0.9893317322834645
20
1.671716968503937
11
0.9893615354330708
21
1.6716450393700788
0
LINE
8
BLACK
6
CONTINUOUS
10
0.9893615354330708
20
1.6716450393700788
11
0.9895176377952756
21
1.6713970078740157
0
LINE
8
BLACK
6
CONTINUOUS
10
0.9895176377952756
20
1.6713970078740157
11
0.9913924015748031
21
1.6676474803149606
0
LINE
8
BLACK
6
CONTINUOUS
10
0.9913924015748031
20
1.6676474803149606
11
0.9914085039370079
21
1.6676053937007873
0
LINE
8
BLACK
6
CONTINUOUS
10
0.9914085039370079
20
1.6676053937007873
11
0.991421220472441
21
1.6675882283464567
0
LINE
8
BLACK
6
CONTINUOUS
10
0.991421220472441
20
1.6675882283464567
11
0.9915075196850394
21
1.667346653543307
0
LINE
8
BLACK
6
CONTINUOUS
10
0.9915075196850394
20
1.667346653543307
11
0.9915992913385826
21
1.6671068897637795
0
LINE
8
BLACK
6
CONTINUOUS
10
0.9915992913385826
20
1.6671068897637795
11
0.9916007874015748
21
1.6670856299212597
0
LINE
8
BLACK
6
CONTINUOUS
10
0.9916007874015748
20
1.6670856299212597
11
0.9916159842519685
21
1.6670431102362204
0
LINE
8
BLACK
6
CONTINUOUS
10
0.9916159842519685
20
1.6670431102362204
11
0.9934907480314961
21
1.6595440551181102
0
LINE
8
BLACK
6
CONTINUOUS
10
0.9934907480314961
20
1.6595440551181102
11
0.9935055118110236
21
1.6594442125984252
0
LINE
8
BLACK
6
CONTINUOUS
10
0.9935055118110236
20
1.6594442125984252
11
0.9935221653543307
21
1.6594039763779527
0
LINE
8
BLACK
6
CONTINUOUS
10
0.9935221653543307
20
1.6594039763779527
11
0.9935435039370079
21
1.6591869685039369
0
LINE
8
BLACK
6
CONTINUOUS
10
0.9935435039370079
20
1.6591869685039369
11
0.9935753937007874
21
1.6589714566929132
0
LINE
8
BLACK
6
CONTINUOUS
10
0.9935753937007874
20
1.6589714566929132
11
0.9935689763779527
21
1.6589284645669291
0
LINE
8
BLACK
6
CONTINUOUS
10
0.9935689763779527
20
1.6589284645669291
11
0.9935788976377953
21
1.6588279133858268
0
LINE
8
BLACK
6
CONTINUOUS
10
0.9935788976377953
20
1.6588279133858268
11
0.9935788976377953
21
1.649454094488189
0
LINE
8
BLACK
6
CONTINUOUS
10
0.9935788976377953
20
1.649454094488189
11
0.9935689763779527
21
1.6493535826771653
0
LINE
8
BLACK
6
CONTINUOUS
10
0.9935689763779527
20
1.6493535826771653
11
0.9935753937007874
21
1.6493105511811024
0
LINE
8
BLACK
6
CONTINUOUS
10
0.9935753937007874
20
1.6493105511811024
11
0.9935435039370079
21
1.6490950787401575
0
LINE
8
BLACK
6
CONTINUOUS
10
0.9935435039370079
20
1.6490950787401575
11
0.9935221653543307
21
1.6488780314960629
0
LINE
8
BLACK
6
CONTINUOUS
10
0.9935221653543307
20
1.6488780314960629
11
0.9935055118110236
21
1.6488378346456694
0
LINE
8
BLACK
6
CONTINUOUS
10
0.9935055118110236
20
1.6488378346456694
11
0.9934907480314961
21
1.6487379527559054
0
LINE
8
BLACK
6
CONTINUOUS
10
0.9934907480314961
20
1.6487379527559054
11
0.9916159842519685
21
1.6412388976377952
0
LINE
8
BLACK
6
CONTINUOUS
10
0.9916159842519685
20
1.6412388976377952
11
0.9916007874015748
21
1.6411964173228346
0
LINE
8
BLACK
6
CONTINUOUS
10
0.9916007874015748
20
1.6411964173228346
11
0.9915992913385826
21
1.6411751181102361
0
LINE
8
BLACK
6
CONTINUOUS
10
0.9915992913385826
20
1.6411751181102361
11
0.9915075196850394
21
1.6409353937007873
0
LINE
8
BLACK
6
CONTINUOUS
10
0.9915075196850394
20
1.6409353937007873
11
0.991421220472441
21
1.6406937795275591
0
LINE
8
BLACK
6
CONTINUOUS
10
0.991421220472441
20
1.6406937795275591
11
0.9914085039370079
21
1.6406766535433071
0
LINE
8
BLACK
6
CONTINUOUS
10
0.9914085039370079
20
1.6406766535433071
11
0.9913924015748031
21
1.640634527559055
0
LINE
8
BLACK
6
CONTINUOUS
10
0.9913924015748031
20
1.640634527559055
11
0.9895176377952756
21
1.6368849999999999
0
LINE
8
BLACK
6
CONTINUOUS
10
0.9895176377952756
20
1.6368849999999999
11
0.9893615748031496
21
1.636637125984252
0
LINE
8
BLACK
6
CONTINUOUS
10
0.9893615748031496
20
1.636637125984252
11
0.9893317716535432
21
1.6365650787401576
0
LINE
8
BLACK
6
CONTINUOUS
10
0.9893317716535432
20
1.6365650787401576
11
0.9892652362204725
21
1.6364840551181101
0
LINE
8
BLACK
6
CONTINUOUS
10
0.9892652362204725
20
1.6364840551181101
11
0.9892092913385827
21
1.6363951181102361
0
LINE
8
BLACK
6
CONTINUOUS
10
0.9892092913385827
20
1.6363951181102361
11
0.9891502755905511
21
1.6363439763779528
0
LINE
8
BLACK
6
CONTINUOUS
10
0.9891502755905511
20
1.6363439763779528
11
0.9889645275590551
21
1.6361175984251968
0
LINE
8
BLACK
6
CONTINUOUS
10
0.9889645275590551
20
1.6361175984251968
11
0.9870898031496063
21
1.6342428346456692
0
LINE
8
BLACK
6
CONTINUOUS
10
0.9870898031496063
20
1.6342428346456692
11
0.9868634251968503
21
1.6340570866141733
0
LINE
8
BLACK
6
CONTINUOUS
10
0.9868634251968503
20
1.6340570866141733
11
0.9868122440944882
21
1.6339980314960629
0
LINE
8
BLACK
6
CONTINUOUS
10
0.9868122440944882
20
1.6339980314960629
11
0.9867232677165354
21
1.6339420472440944
0
LINE
8
BLACK
6
CONTINUOUS
10
0.9867232677165354
20
1.6339420472440944
11
0.9866423228346457
21
1.633875590551181
0
LINE
8
BLACK
6
CONTINUOUS
10
0.9866423228346457
20
1.633875590551181
11
0.9865703543307086
21
1.6338457874015748
0
LINE
8
BLACK
6
CONTINUOUS
10
0.9865703543307086
20
1.6338457874015748
11
0.9863223622047244
21
1.6336896850393701
0
LINE
8
BLACK
6
CONTINUOUS
10
0.9863223622047244
20
1.6336896850393701
11
0.9825728346456692
21
1.6318149212598425
0
LINE
8
BLACK
6
CONTINUOUS
10
0.9825728346456692
20
1.6318149212598425
11
0.9820322047244094
21
1.631608031496063
0
LINE
8
BLACK
6
CONTINUOUS
10
0.9820322047244094
20
1.631608031496063
11
0.9819263779527558
21
1.6316005511811023
0
LINE
8
BLACK
6
CONTINUOUS
10
0.9819263779527558
20
1.6316005511811023
11
0.9818283858267717
21
1.6315599212598424
0
LINE
8
BLACK
6
CONTINUOUS
10
0.9818283858267717
20
1.6315599212598424
11
0.9812523228346457
21
1.6315031889763778
0
LINE
8
BLACK
6
CONTINUOUS
10
0.9812523228346457
20
1.6315031889763778
11
0.9775027952755905
21
1.6315031889763778
0
LINE
8
BLACK
6
CONTINUOUS
10
0.9775027952755905
20
1.6315031889763778
11
0.9769267322834645
21
1.6315599212598424
0
LINE
8
BLACK
6
CONTINUOUS
10
0.9769267322834645
20
1.6315599212598424
11
0.9768287401574803
21
1.6316005118110235
0
LINE
8
BLACK
6
CONTINUOUS
10
0.9768287401574803
20
1.6316005118110235
11
0.976722874015748
21
1.631608031496063
0
LINE
8
BLACK
6
CONTINUOUS
10
0.976722874015748
20
1.631608031496063
11
0.9761822834645669
21
1.6318149212598425
0
LINE
8
BLACK
6
CONTINUOUS
10
0.9761822834645669
20
1.6318149212598425
11
0.9724327559055118
21
1.6336896850393701
0
LINE
8
BLACK
6
CONTINUOUS
10
0.9724327559055118
20
1.6336896850393701
11
0.9721847244094488
21
1.6338457874015748
0
LINE
8
BLACK
6
CONTINUOUS
10
0.9721847244094488
20
1.6338457874015748
11
0.9721127952755906
21
1.633875590551181
0
LINE
8
BLACK
6
CONTINUOUS
10
0.9721127952755906
20
1.633875590551181
11
0.972031811023622
21
1.6339420472440944
0
LINE
8
BLACK
6
CONTINUOUS
10
0.972031811023622
20
1.6339420472440944
11
0.971942874015748
21
1.6339980314960629
0
LINE
8
BLACK
6
CONTINUOUS
10
0.971942874015748
20
1.6339980314960629
11
0.9718916535433071
21
1.6340570866141733
0
LINE
8
BLACK
6
CONTINUOUS
10
0.9718916535433071
20
1.6340570866141733
11
0.9716653149606299
21
1.6342428346456692
0
LINE
8
BLACK
6
CONTINUOUS
10
0.9716653149606299
20
1.6342428346456692
11
0.9697905511811024
21
1.6361176377952755
0
LINE
8
BLACK
6
CONTINUOUS
10
0.9697905511811024
20
1.6361176377952755
11
0.9696048031496063
21
1.6363439763779528
0
LINE
8
BLACK
6
CONTINUOUS
10
0.9696048031496063
20
1.6363439763779528
11
0.9695458267716536
21
1.6363951181102361
0
LINE
8
BLACK
6
CONTINUOUS
10
0.9695458267716536
20
1.6363951181102361
11
0.9694898425196851
21
1.6364840551181101
0
LINE
8
BLACK
6
CONTINUOUS
10
0.9694898425196851
20
1.6364840551181101
11
0.9694233464566929
21
1.6365650787401576
0
LINE
8
BLACK
6
CONTINUOUS
10
0.9694233464566929
20
1.6365650787401576
11
0.9693935039370078
21
1.636637125984252
0
LINE
8
BLACK
6
CONTINUOUS
10
0.9693935039370078
20
1.636637125984252
11
0.9692374803149606
21
1.6368849999999999
0
LINE
8
BLACK
6
CONTINUOUS
10
0.9692374803149606
20
1.6368849999999999
11
0.967362716535433
21
1.640634527559055
0
LINE
8
BLACK
6
CONTINUOUS
10
0.967362716535433
20
1.640634527559055
11
0.9673465748031496
21
1.6406766535433071
0
LINE
8
BLACK
6
CONTINUOUS
10
0.9673465748031496
20
1.6406766535433071
11
0.9673338976377952
21
1.6406937795275591
0
LINE
8
BLACK
6
CONTINUOUS
10
0.9673338976377952
20
1.6406937795275591
11
0.9672474409448819
21
1.6409357480314961
0
LINE
8
BLACK
6
CONTINUOUS
10
0.9672474409448819
20
1.6409357480314961
11
0.9671558267716536
21
1.6411751574803148
0
LINE
8
BLACK
6
CONTINUOUS
10
0.9671558267716536
20
1.6411751574803148
11
0.9671542913385827
21
1.6411964173228346
0
LINE
8
BLACK
6
CONTINUOUS
10
0.9671542913385827
20
1.6411964173228346
11
0.9671391338582677
21
1.6412388976377952
0
LINE
8
BLACK
6
CONTINUOUS
10
0.9671391338582677
20
1.6412388976377952
11
0.9652643700787401
21
1.6487379527559054
0
LINE
8
BLACK
6
CONTINUOUS
10
0.9652643700787401
20
1.6487379527559054
11
0.9652495669291339
21
1.6488378346456694
0
LINE
8
BLACK
6
CONTINUOUS
10
0.9652495669291339
20
1.6488378346456694
11
0.9652329527559055
21
1.6488780314960629
0
LINE
8
BLACK
6
CONTINUOUS
10
0.9652329527559055
20
1.6488780314960629
11
0.9652115748031496
21
1.6490950787401575
0
LINE
8
BLACK
6
CONTINUOUS
10
0.9652115748031496
20
1.6490950787401575
11
0.9651797244094488
21
1.6493105511811024
0
LINE
8
BLACK
6
CONTINUOUS
10
0.9651797244094488
20
1.6493105511811024
11
0.9651861023622047
21
1.6493535826771653
0
LINE
8
BLACK
6
CONTINUOUS
10
0.9651861023622047
20
1.6493535826771653
11
0.9651762204724409
21
1.649454094488189
0
LINE
8
BLACK
6
CONTINUOUS
10
0.9651762204724409
20
1.649454094488189
11
0.9651762204724409
21
1.6588279133858268
0
LINE
8
BLACK
6
CONTINUOUS
10
0.9651762204724409
20
1.6588279133858268
11
0.9651861023622047
21
1.6589284645669291
0
LINE
8
BLACK
6
CONTINUOUS
10
0.9651861023622047
20
1.6589284645669291
11
0.9651797244094488
21
1.6589714566929132
0
LINE
8
BLACK
6
CONTINUOUS
10
0.9651797244094488
20
1.6589714566929132
11
0.9652115748031496
21
1.6591869685039369
0
LINE
8
BLACK
6
CONTINUOUS
10
0.9652115748031496
20
1.6591869685039369
11
0.9652329527559055
21
1.6594039763779527
0
LINE
8
BLACK
6
CONTINUOUS
10
0.9652329527559055
20
1.6594039763779527
11
0.9652495669291339
21
1.6594442125984252
0
LINE
8
BLACK
6
CONTINUOUS
10
0.9652495669291339
20
1.6594442125984252
11
0.9652643700787401
21
1.6595440551181102
0
LINE
8
BLACK
6
CONTINUOUS
10
0.9652643700787401
20
1.6595440551181102
11
0.9671391338582677
21
1.6670431102362204
0
LINE
8
BLACK
6
CONTINUOUS
10
0.9671391338582677
20
1.6670431102362204
11
0.9671542913385827
21
1.6670856299212597
0
LINE
8
BLACK
6
CONTINUOUS
10
0.9671542913385827
20
1.6670856299212597
11
0.9671558267716536
21
1.6671068503937008
0
LINE
8
BLACK
6
CONTINUOUS
10
0.9671558267716536
20
1.6671068503937008
11
0.9672474409448819
21
1.6673462992125985
0
LINE
8
BLACK
6
CONTINUOUS
10
0.9672474409448819
20
1.6673462992125985
11
0.9673338976377952
21
1.6675882283464567
0
LINE
8
BLACK
6
CONTINUOUS
10
0.9673338976377952
20
1.6675882283464567
11
0.9673465748031496
21
1.6676053937007873
0
LINE
8
BLACK
6
CONTINUOUS
10
0.9673465748031496
20
1.6676053937007873
11
0.967362716535433
21
1.6676474803149606
0
LINE
8
BLACK
6
CONTINUOUS
10
0.967362716535433
20
1.6676474803149606
11
0.9692374803149606
21
1.6713970078740157
0
LINE
8
BLACK
6
CONTINUOUS
10
0.9692374803149606
20
1.6713970078740157
11
0.9693935433070866
21
1.6716450393700788
0
LINE
8
BLACK
6
CONTINUOUS
10
0.9693935433070866
20
1.6716450393700788
11
0.9694233858267717
21
1.671716968503937
0
LINE
8
BLACK
6
CONTINUOUS
10
0.9694233858267717
20
1.671716968503937
11
0.9694898425196851
21
1.6717979527559055
0
LINE
8
BLACK
6
CONTINUOUS
10
0.9694898425196851
20
1.6717979527559055
11
0.9695458267716536
21
1.6718868897637795
0
LINE
8
BLACK
6
CONTINUOUS
10
0.9695458267716536
20
1.6718868897637795
11
0.9696048031496063
21
1.6719380708661418
0
LINE
8
BLACK
6
CONTINUOUS
10
0.9696048031496063
20
1.6719380708661418
11
0.9697905905511811
21
1.6721644094488188
0
LINE
8
BLACK
6
CONTINUOUS
10
0.9697905905511811
20
1.6721644094488188
11
0.9716653543307087
21
1.6740391732283464
0
LINE
8
BLACK
6
CONTINUOUS
10
0.9716653543307087
20
1.6740391732283464
11
0.9718916929133858
21
1.6742249606299213
0
LINE
8
BLACK
6
CONTINUOUS
10
0.9718916929133858
20
1.6742249606299213
11
0.971942874015748
21
1.6742839370078739
0
LINE
8
BLACK
6
CONTINUOUS
10
0.971942874015748
20
1.6742839370078739
11
0.972031811023622
21
1.6743399212598424
0
LINE
8
BLACK
6
CONTINUOUS
10
0.972031811023622
20
1.6743399212598424
11
0.9721127952755906
21
1.6744063779527558
0
LINE
8
BLACK
6
CONTINUOUS
10
0.9721127952755906
20
1.6744063779527558
11
0.9721847244094488
21
1.674436220472441
0
LINE
8
BLACK
6
CONTINUOUS
10
0.9721847244094488
20
1.674436220472441
11
0.9724327559055118
21
1.6745922834645668
0
LINE
8
BLACK
6
CONTINUOUS
10
0.9724327559055118
20
1.6745922834645668
11
0.9761822834645669
21
1.6764670472440943
0
LINE
8
BLACK
6
CONTINUOUS
10
0.9761822834645669
20
1.6764670472440943
11
0.976722874015748
21
1.676673937007874
0
LINE
8
BLACK
6
CONTINUOUS
10
0.976722874015748
20
1.676673937007874
11
0.9768287401574803
21
1.6766814960629921
0
LINE
8
BLACK
6
CONTINUOUS
10
0.9768287401574803
20
1.6766814960629921
11
0.9769267322834645
21
1.6767220472440945
0
LINE
8
BLACK
6
CONTINUOUS
10
0.9769267322834645
20
1.6767220472440945
11
0.9775027952755905
21
1.676778779527559
0
LINE
8
BLACK
6
CONTINUOUS
10
0.9775027952755905
20
1.676778779527559
11
0.9812523228346457
21
1.676778779527559
0
LINE
8
BLACK
6
CONTINUOUS
10
0.9812523228346457
20
1.676778779527559
11
0.9818283858267717
21
1.6767220472440945
0
LINE
8
BLACK
6
CONTINUOUS
10
0.9755023622047244
20
1.6695245275590551
11
0.9743052362204724
21
1.6683274015748031
0
LINE
8
BLACK
6
CONTINUOUS
10
0.9743052362204724
20
1.6683274015748031
11
0.9727897244094488
21
1.6652964173228346
0
LINE
8
BLACK
6
CONTINUOUS
10
0.9727897244094488
20
1.6652964173228346
11
0.9710817322834645
21
1.65846437007874
0
LINE
8
BLACK
6
CONTINUOUS
10
0.9710817322834645
20
1.65846437007874
11
0.9710817322834645
21
1.6498176377952756
0
LINE
8
BLACK
6
CONTINUOUS
10
0.9710817322834645
20
1.6498176377952756
11
0.9727897244094488
21
1.642985590551181
0
LINE
8
BLACK
6
CONTINUOUS
10
0.9727897244094488
20
1.642985590551181
11
0.9743052362204724
21
1.6399546062992125
0
LINE
8
BLACK
6
CONTINUOUS
10
0.9743052362204724
20
1.6399546062992125
11
0.9755023622047244
21
1.638757440944882
0
LINE
8
BLACK
6
CONTINUOUS
10
0.9755023622047244
20
1.638757440944882
11
0.9781998425196851
21
1.6374087007874016
0
LINE
8
BLACK
6
CONTINUOUS
10
0.9781998425196851
20
1.6374087007874016
11
0.9805552755905511
21
1.6374087007874016
0
LINE
8
BLACK
6
CONTINUOUS
10
0.9805552755905511
20
1.6374087007874016
11
0.983252716535433
21
1.638757440944882
0
LINE
8
BLACK
6
CONTINUOUS
10
0.983252716535433
20
1.638757440944882
11
0.984449842519685
21
1.6399546062992125
0
LINE
8
BLACK
6
CONTINUOUS
10
0.984449842519685
20
1.6399546062992125
11
0.9859653543307086
21
1.642985590551181
0
LINE
8
BLACK
6
CONTINUOUS
10
0.9859653543307086
20
1.642985590551181
11
0.9876733858267717
21
1.6498176377952756
0
LINE
8
BLACK
6
CONTINUOUS
10
0.9876733858267717
20
1.6498176377952756
11
0.9876733858267717
21
1.65846437007874
0
LINE
8
BLACK
6
CONTINUOUS
10
0.9876733858267717
20
1.65846437007874
11
0.9859653543307086
21
1.6652964173228346
0
LINE
8
BLACK
6
CONTINUOUS
10
0.9859653543307086
20
1.6652964173228346
11
0.9844498818897638
21
1.6683274015748031
0
LINE
8
BLACK
6
CONTINUOUS
10
0.9844498818897638
20
1.6683274015748031
11
0.9832527559055118
21
1.6695245275590551
0
LINE
8
BLACK
6
CONTINUOUS
10
0.9832527559055118
20
1.6695245275590551
11
0.9805552755905511
21
1.6708732677165354
0
LINE
8
BLACK
6
CONTINUOUS
10
0.9805552755905511
20
1.6708732677165354
11
0.9781998425196851
21
1.6708732677165354
0
LINE
8
BLACK
6
CONTINUOUS
10
0.9781998425196851
20
1.6708732677165354
11
0.9755023622047244
21
1.6695245275590551
0
LINE
8
BLACK
6
CONTINUOUS
10
1.1393087007874017
20
1.6635987007874016
11
1.1394066929133857
21
1.6635581102362205
0
LINE
8
BLACK
6
CONTINUOUS
10
1.1394066929133857
20
1.6635581102362205
11
1.1395125196850393
21
1.6635505905511812
0
LINE
8
BLACK
6
CONTINUOUS
10
1.1395125196850393
20
1.6635505905511812
11
1.1400531496062991
21
1.6633437007874015
0
LINE
8
BLACK
6
CONTINUOUS
10
1.1400531496062991
20
1.6633437007874015
11
1.1438026771653542
21
1.6614689370078739
0
LINE
8
BLACK
6
CONTINUOUS
10
1.1438026771653542
20
1.6614689370078739
11
1.1442925590551181
21
1.661160590551181
0
LINE
8
BLACK
6
CONTINUOUS
10
1.1442925590551181
20
1.661160590551181
11
1.1450474015748031
21
1.6602901968503936
0
LINE
8
BLACK
6
CONTINUOUS
10
1.1450474015748031
20
1.6602901968503936
11
1.1454117322834645
21
1.6591972440944882
0
LINE
8
BLACK
6
CONTINUOUS
10
1.1454117322834645
20
1.6591972440944882
11
1.1453300787401575
21
1.6580480314960631
0
LINE
8
BLACK
6
CONTINUOUS
10
1.1453300787401575
20
1.6580480314960631
11
1.1448148031496064
21
1.6570175196850394
0
LINE
8
BLACK
6
CONTINUOUS
10
1.1448148031496064
20
1.6570175196850394
11
1.1439444488188977
21
1.6562626771653544
0
LINE
8
BLACK
6
CONTINUOUS
10
1.1439444488188977
20
1.6562626771653544
11
1.1428514566929133
21
1.655898346456693
0
LINE
8
BLACK
6
CONTINUOUS
10
1.1428514566929133
20
1.655898346456693
11
1.1417022440944882
21
1.65598
0
LINE
8
BLACK
6
CONTINUOUS
10
1.1417022440944882
20
1.65598
11
1.1411616535433071
21
1.6561868897637795
0
LINE
8
BLACK
6
CONTINUOUS
10
1.1411616535433071
20
1.6561868897637795
11
1.138035590551181
21
1.6577499212598426
0
LINE
8
BLACK
6
CONTINUOUS
10
1.138035590551181
20
1.6577499212598426
11
1.1338053937007875
21
1.6577499212598426
0
LINE
8
BLACK
6
CONTINUOUS
10
1.1338053937007875
20
1.6577499212598426
11
1.1315596456692913
21
1.6566270866141732
0
LINE
8
BLACK
6
CONTINUOUS
10
1.1315596456692913
20
1.6566270866141732
11
1.130436811023622
21
1.6543813385826771
0
LINE
8
BLACK
6
CONTINUOUS
10
1.130436811023622
20
1.6543813385826771
11
1.130436811023622
21
1.6539006692913385
0
LINE
8
BLACK
6
CONTINUOUS
10
1.130436811023622
20
1.6539006692913385
11
1.1315596456692913
21
1.6516549606299211
0
LINE
8
BLACK
6
CONTINUOUS
10
1.1315596456692913
20
1.6516549606299211
11
1.1338053937007875
21
1.6505320866141733
0
LINE
8
BLACK
6
CONTINUOUS
10
1.1338053937007875
20
1.6505320866141733
11
1.1387326377952756
21
1.6505320866141733
0
LINE
8
BLACK
6
CONTINUOUS
10
1.1387326377952756
20
1.6505320866141733
11
1.1393087007874017
21
1.6504753543307087
0
LINE
8
BLACK
6
CONTINUOUS
10
1.1393087007874017
20
1.6504753543307087
11
1.1394066929133857
21
1.6504347637795276
0
LINE
8
BLACK
6
CONTINUOUS
10
1.1394066929133857
20
1.6504347637795276
11
1.1395125196850393
21
1.650427244094488
0
LINE
8
BLACK
6
CONTINUOUS
10
1.1395125196850393
20
1.650427244094488
11
1.1400531496062991
21
1.6502203543307086
0
LINE
8
BLACK
6
CONTINUOUS
10
1.1400531496062991
20
1.6502203543307086
11
1.1438026771653542
21
1.648345590551181
0
LINE
8
BLACK
6
CONTINUOUS
10
1.1438026771653542
20
1.648345590551181
11
1.1438990157480315
21
1.6482849606299212
0
LINE
8
BLACK
6
CONTINUOUS
10
1.1438990157480315
20
1.6482849606299212
11
1.1439444488188977
21
1.6482698031496064
0
LINE
8
BLACK
6
CONTINUOUS
10
1.1439444488188977
20
1.6482698031496064
11
1.1440009842519685
21
1.6482207874015748
0
LINE
8
BLACK
6
CONTINUOUS
10
1.1440009842519685
20
1.6482207874015748
11
1.1442925590551181
21
1.6480372440944882
0
LINE
8
BLACK
6
CONTINUOUS
10
1.1442925590551181
20
1.6480372440944882
11
1.1445351181102361
21
1.6477575590551181
0
LINE
8
BLACK
6
CONTINUOUS
10
1.1445351181102361
20
1.6477575590551181
11
1.1448148425196849
21
1.6475149606299213
0
LINE
8
BLACK
6
CONTINUOUS
10
1.1448148425196849
20
1.6475149606299213
11
1.1449983464566929
21
1.6472234251968503
0
LINE
8
BLACK
6
CONTINUOUS
10
1.1449983464566929
20
1.6472234251968503
11
1.1450474015748031
21
1.6471668503937007
0
LINE
8
BLACK
6
CONTINUOUS
10
1.1450474015748031
20
1.6471668503937007
11
1.1450625196850392
21
1.6471214566929133
0
LINE
8
BLACK
6
CONTINUOUS
10
1.1450625196850392
20
1.6471214566929133
11
1.145123188976378
21
1.6470250787401575
0
LINE
8
BLACK
6
CONTINUOUS
10
1.145123188976378
20
1.6470250787401575
11
1.1469979527559055
21
1.6432755511811024
0
LINE
8
BLACK
6
CONTINUOUS
10
1.1469979527559055
20
1.6432755511811024
11
1.147204842519685
21
1.6427349606299213
0
LINE
8
BLACK
6
CONTINUOUS
10
1.147204842519685
20
1.6427349606299213
11
1.1472123622047243
21
1.6426290944881889
0
LINE
8
BLACK
6
CONTINUOUS
10
1.1472123622047243
20
1.6426290944881889
11
1.1472529527559054
21
1.6425311023622047
0
LINE
8
BLACK
6
CONTINUOUS
10
1.1472529527559054
20
1.6425311023622047
11
1.14730968503937
21
1.6419550393700788
0
LINE
8
BLACK
6
CONTINUOUS
10
1.14730968503937
20
1.6419550393700788
11
1.14730968503937
21
1.6400802755905513
0
LINE
8
BLACK
6
CONTINUOUS
10
1.14730968503937
20
1.6400802755905513
11
1.1472529527559054
21
1.6395042125984252
0
LINE
8
BLACK
6
CONTINUOUS
10
1.1472529527559054
20
1.6395042125984252
11
1.1472123228346456
21
1.6394062204724409
0
LINE
8
BLACK
6
CONTINUOUS
10
1.1472123228346456
20
1.6394062204724409
11
1.147204842519685
21
1.6393003937007873
0
LINE
8
BLACK
6
CONTINUOUS
10
1.147204842519685
20
1.6393003937007873
11
1.1469979527559055
21
1.6387597637795275
0
LINE
8
BLACK
6
CONTINUOUS
10
1.1469979527559055
20
1.6387597637795275
11
1.145123188976378
21
1.6350101968503936
0
LINE
8
BLACK
6
CONTINUOUS
10
1.145123188976378
20
1.6350101968503936
11
1.1450625196850392
21
1.6349138582677165
0
LINE
8
BLACK
6
CONTINUOUS
10
1.1450625196850392
20
1.6349138582677165
11
1.1450474015748031
21
1.6348684251968504
0
LINE
8
BLACK
6
CONTINUOUS
10
1.1450474015748031
20
1.6348684251968504
11
1.1449983464566929
21
1.6348118897637796
0
LINE
8
BLACK
6
CONTINUOUS
10
1.1449983464566929
20
1.6348118897637796
11
1.1448148425196849
21
1.63452031496063
0
LINE
8
BLACK
6
CONTINUOUS
10
1.1448148425196849
20
1.63452031496063
11
1.1445351181102361
21
1.6342777559055117
0
LINE
8
BLACK
6
CONTINUOUS
10
1.1445351181102361
20
1.6342777559055117
11
1.1442925590551181
21
1.6339980314960629
0
LINE
8
BLACK
6
CONTINUOUS
10
1.1442925590551181
20
1.6339980314960629
11
1.1440009842519685
21
1.633814527559055
0
LINE
8
BLACK
6
CONTINUOUS
10
1.1440009842519685
20
1.633814527559055
11
1.1439444488188977
21
1.6337654724409449
0
LINE
8
BLACK
6
CONTINUOUS
10
1.1439444488188977
20
1.6337654724409449
11
1.1438990157480315
21
1.6337503543307086
0
LINE
8
BLACK
6
CONTINUOUS
10
1.1438990157480315
20
1.6337503543307086
11
1.1438026771653542
21
1.6336896850393701
0
LINE
8
BLACK
6
CONTINUOUS
10
1.1438026771653542
20
1.6336896850393701
11
1.1400531496062991
21
1.6318149212598425
0
LINE
8
BLACK
6
CONTINUOUS
10
1.1400531496062991
20
1.6318149212598425
11
1.1395125196850393
21
1.631608031496063
0
LINE
8
BLACK
6
CONTINUOUS
10
1.1395125196850393
20
1.631608031496063
11
1.1394066929133857
21
1.6316005511811023
0
LINE
8
BLACK
6
CONTINUOUS
10
1.1394066929133857
20
1.6316005511811023
11
1.1393087007874017
21
1.6315599212598424
0
LINE
8
BLACK
6
CONTINUOUS
10
1.1393087007874017
20
1.6315599212598424
11
1.1387326377952756
21
1.6315031889763778
0
LINE
8
BLACK
6
CONTINUOUS
10
1.1387326377952756
20
1.6315031889763778
11
1.1312335826771653
21
1.6315031889763778
0
LINE
8
BLACK
6
CONTINUOUS
10
1.1312335826771653
20
1.6315031889763778
11
1.1306575196850392
21
1.6315599212598424
0
LINE
8
BLACK
6
CONTINUOUS
10
1.1306575196850392
20
1.6315599212598424
11
1.1305595275590552
21
1.6316005118110235
0
LINE
8
BLACK
6
CONTINUOUS
10
1.1305595275590552
20
1.6316005118110235
11
1.1304536614173228
21
1.631608031496063
0
LINE
8
BLACK
6
CONTINUOUS
10
1.1304536614173228
20
1.631608031496063
11
1.1299130708661418
21
1.6318149212598425
0
LINE
8
BLACK
6
CONTINUOUS
10
1.1299130708661418
20
1.6318149212598425
11
1.1261635433070867
21
1.6336896850393701
0
LINE
8
BLACK
6
CONTINUOUS
10
1.1261635433070867
20
1.6336896850393701
11
1.1256736614173228
21
1.6339980314960629
0
LINE
8
BLACK
6
CONTINUOUS
10
1.1256736614173228
20
1.6339980314960629
11
1.1249188188976378
21
1.6348684251968504
0
LINE
8
BLACK
6
CONTINUOUS
10
1.1249188188976378
20
1.6348684251968504
11
1.1245544881889764
21
1.6359613779527558
0
LINE
8
BLACK
6
CONTINUOUS
10
1.1245544881889764
20
1.6359613779527558
11
1.1246361417322834
21
1.6371105905511811
0
LINE
8
BLACK
6
CONTINUOUS
10
1.1246361417322834
20
1.6371105905511811
11
1.1251513779527558
21
1.6381411023622048
0
LINE
8
BLACK
6
CONTINUOUS
10
1.1251513779527558
20
1.6381411023622048
11
1.1260217716535432
21
1.6388959448818898
0
LINE
8
BLACK
6
CONTINUOUS
10
1.1260217716535432
20
1.6388959448818898
11
1.1271147244094488
21
1.6392602755905512
0
LINE
8
BLACK
6
CONTINUOUS
10
1.1271147244094488
20
1.6392602755905512
11
1.128263937007874
21
1.639178622047244
0
LINE
8
BLACK
6
CONTINUOUS
10
1.128263937007874
20
1.639178622047244
11
1.1288045669291338
21
1.6389717322834645
0
LINE
8
BLACK
6
CONTINUOUS
10
1.1288045669291338
20
1.6389717322834645
11
1.1319306299212599
21
1.6374087007874016
0
LINE
8
BLACK
6
CONTINUOUS
10
1.1319306299212599
20
1.6374087007874016
11
1.138035590551181
21
1.6374087007874016
0
LINE
8
BLACK
6
CONTINUOUS
10
1.138035590551181
20
1.6374087007874016
11
1.1402812992125984
21
1.6385315748031495
0
LINE
8
BLACK
6
CONTINUOUS
10
1.1402812992125984
20
1.6385315748031495
11
1.1414041732283464
21
1.6407773228346456
0
LINE
8
BLACK
6
CONTINUOUS
10
1.1414041732283464
20
1.6407773228346456
11
1.1414041732283464
21
1.6412579921259842
0
LINE
8
BLACK
6
CONTINUOUS
10
1.1414041732283464
20
1.6412579921259842
11
1.1402812992125984
21
1.6435037401574804
0
LINE
8
BLACK
6
CONTINUOUS
10
1.1402812992125984
20
1.6435037401574804
11
1.138035590551181
21
1.6446265748031497
0
LINE
8
BLACK
6
CONTINUOUS
10
1.138035590551181
20
1.6446265748031497
11
1.1331083464566929
21
1.6446265748031497
0
LINE
8
BLACK
6
CONTINUOUS
10
1.1331083464566929
20
1.6446265748031497
11
1.1325322834645668
21
1.644683307086614
0
LINE
8
BLACK
6
CONTINUOUS
10
1.1325322834645668
20
1.644683307086614
11
1.1324342913385828
21
1.6447238976377951
0
LINE
8
BLACK
6
CONTINUOUS
10
1.1324342913385828
20
1.6447238976377951
11
1.1323284251968504
21
1.6447314173228347
0
LINE
8
BLACK
6
CONTINUOUS
10
1.1323284251968504
20
1.6447314173228347
11
1.1317878346456693
21
1.6449383070866141
0
LINE
8
BLACK
6
CONTINUOUS
10
1.1317878346456693
20
1.6449383070866141
11
1.1280383070866142
21
1.6468130708661417
0
LINE
8
BLACK
6
CONTINUOUS
10
1.1280383070866142
20
1.6468130708661417
11
1.1279419291338582
21
1.6468737401574802
0
LINE
8
BLACK
6
CONTINUOUS
10
1.1279419291338582
20
1.6468737401574802
11
1.1278965354330708
21
1.6468888582677166
0
LINE
8
BLACK
6
CONTINUOUS
10
1.1278965354330708
20
1.6468888582677166
11
1.1278399606299212
21
1.6469379133858266
0
LINE
8
BLACK
6
CONTINUOUS
10
1.1278399606299212
20
1.6469379133858266
11
1.1275484251968504
21
1.6471214173228346
0
LINE
8
BLACK
6
CONTINUOUS
10
1.1275484251968504
20
1.6471214173228346
11
1.1273058267716536
21
1.6474011417322834
0
LINE
8
BLACK
6
CONTINUOUS
10
1.1273058267716536
20
1.6474011417322834
11
1.1270261417322835
21
1.6476437007874016
0
LINE
8
BLACK
6
CONTINUOUS
10
1.1270261417322835
20
1.6476437007874016
11
1.1268425984251969
21
1.6479352755905512
0
LINE
8
BLACK
6
CONTINUOUS
10
1.1268425984251969
20
1.6479352755905512
11
1.1267935826771653
21
1.647991811023622
0
LINE
8
BLACK
6
CONTINUOUS
10
1.1267935826771653
20
1.647991811023622
11
1.1267784251968505
21
1.6480372440944882
0
LINE
8
BLACK
6
CONTINUOUS
10
1.1267784251968505
20
1.6480372440944882
11
1.1267177952755905
21
1.6481335826771653
0
LINE
8
BLACK
6
CONTINUOUS
10
1.1267177952755905
20
1.6481335826771653
11
1.1248430314960629
21
1.6518831102362204
0
LINE
8
BLACK
6
CONTINUOUS
10
1.1248430314960629
20
1.6518831102362204
11
1.1246361417322834
21
1.6524237401574802
0
LINE
8
BLACK
6
CONTINUOUS
10
1.1246361417322834
20
1.6524237401574802
11
1.1246286220472441
21
1.6525295669291338
0
LINE
8
BLACK
6
CONTINUOUS
10
1.1246286220472441
20
1.6525295669291338
11
1.124588031496063
21
1.652627559055118
0
LINE
8
BLACK
6
CONTINUOUS
10
1.124588031496063
20
1.652627559055118
11
1.1245312992125984
21
1.6532036220472441
0
LINE
8
BLACK
6
CONTINUOUS
10
1.1245312992125984
20
1.6532036220472441
11
1.1245312992125984
21
1.6550783858267717
0
LINE
8
BLACK
6
CONTINUOUS
10
1.1245312992125984
20
1.6550783858267717
11
1.124588031496063
21
1.6556544488188976
0
LINE
8
BLACK
6
CONTINUOUS
10
1.124588031496063
20
1.6556544488188976
11
1.1246286220472441
21
1.6557524803149606
0
LINE
8
BLACK
6
CONTINUOUS
10
1.1246286220472441
20
1.6557524803149606
11
1.1246361417322834
21
1.6558582677165354
0
LINE
8
BLACK
6
CONTINUOUS
10
1.1246361417322834
20
1.6558582677165354
11
1.1248430314960629
21
1.6563988976377952
0
LINE
8
BLACK
6
CONTINUOUS
10
1.1248430314960629
20
1.6563988976377952
11
1.1267177952755905
21
1.6601484251968504
0
LINE
8
BLACK
6
CONTINUOUS
10
1.1267177952755905
20
1.6601484251968504
11
1.1267784251968505
21
1.6602448031496062
0
LINE
8
BLACK
6
CONTINUOUS
10
1.1267784251968505
20
1.6602448031496062
11
1.1267935826771653
21
1.6602901968503936
0
LINE
8
BLACK
6
CONTINUOUS
10
1.1267935826771653
20
1.6602901968503936
11
1.1268425984251969
21
1.6603467716535432
0
LINE
8
BLACK
6
CONTINUOUS
10
1.1268425984251969
20
1.6603467716535432
11
1.1270261417322835
21
1.6606383070866142
0
LINE
8
BLACK
6
CONTINUOUS
10
1.1270261417322835
20
1.6606383070866142
11
1.1273058267716536
21
1.660880905511811
0
LINE
8
BLACK
6
CONTINUOUS
10
1.1273058267716536
20
1.660880905511811
11
1.1275484251968504
21
1.661160590551181
0
LINE
8
BLACK
6
CONTINUOUS
10
1.1275484251968504
20
1.661160590551181
11
1.1278399606299212
21
1.6613441338582677
0
LINE
8
BLACK
6
CONTINUOUS
10
1.1278399606299212
20
1.6613441338582677
11
1.1278965354330708
21
1.6613931496062992
0
LINE
8
BLACK
6
CONTINUOUS
10
1.1278965354330708
20
1.6613931496062992
11
1.1279419291338582
21
1.6614083070866141
0
LINE
8
BLACK
6
CONTINUOUS
10
1.1279419291338582
20
1.6614083070866141
11
1.1280383070866142
21
1.6614689370078739
0
LINE
8
BLACK
6
CONTINUOUS
10
1.1280383070866142
20
1.6614689370078739
11
1.1317878346456693
21
1.6633437007874015
0
LINE
8
BLACK
6
CONTINUOUS
10
1.1317878346456693
20
1.6633437007874015
11
1.1323284251968504
21
1.6635505905511812
0
LINE
8
BLACK
6
CONTINUOUS
10
1.1323284251968504
20
1.6635505905511812
11
1.1324342913385828
21
1.6635581496062992
0
LINE
8
BLACK
6
CONTINUOUS
10
1.1324342913385828
20
1.6635581496062992
11
1.1325322834645668
21
1.6635987007874016
0
LINE
8
BLACK
6
CONTINUOUS
10
1.1325322834645668
20
1.6635987007874016
11
1.1331083464566929
21
1.6636554330708662
0
LINE
8
BLACK
6
CONTINUOUS
10
1.1331083464566929
20
1.6636554330708662
11
1.1387326377952756
21
1.6636554330708662
0
LINE
8
BLACK
6
CONTINUOUS
10
1.1387326377952756
20
1.6636554330708662
11
1.1393087007874017
21
1.6635987007874016
0
LINE
8
BLACK
6
CONTINUOUS
10
1.1103768503937008
20
1.6762811417322834
11
1.1111914960629921
21
1.6754664960629921
0
LINE
8
BLACK
6
CONTINUOUS
10
1.1111914960629921
20
1.6754664960629921
11
1.1116324015748031
21
1.6744020866141731
0
LINE
8
BLACK
6
CONTINUOUS
10
1.1116324015748031
20
1.6744020866141731
11
1.1116891338582677
21
1.6738260236220472
0
LINE
8
BLACK
6
CONTINUOUS
10
1.1116891338582677
20
1.6738260236220472
11
1.1116891338582677
21
1.6407773228346456
0
LINE
8
BLACK
6
CONTINUOUS
10
1.1116891338582677
20
1.6407773228346456
11
1.112811968503937
21
1.6385315748031495
0
LINE
8
BLACK
6
CONTINUOUS
10
1.112811968503937
20
1.6385315748031495
11
1.1156811811023621
21
1.6370969685039369
0
LINE
8
BLACK
6
CONTINUOUS
10
1.1156811811023621
20
1.6370969685039369
11
1.116171062992126
21
1.6367886220472441
0
LINE
8
BLACK
6
CONTINUOUS
10
1.116171062992126
20
1.6367886220472441
11
1.116925905511811
21
1.6359182283464566
0
LINE
8
BLACK
6
CONTINUOUS
10
1.116925905511811
20
1.6359182283464566
11
1.1172902362204724
21
1.6348252755905512
0
LINE
8
BLACK
6
CONTINUOUS
10
1.1172902362204724
20
1.6348252755905512
11
1.1172085826771654
21
1.6336760629921259
0
LINE
8
BLACK
6
CONTINUOUS
10
1.1172085826771654
20
1.6336760629921259
11
1.1166933070866141
21
1.6326455511811022
0
LINE
8
BLACK
6
CONTINUOUS
10
1.1166933070866141
20
1.6326455511811022
11
1.1158229527559056
21
1.6318907086614174
0
LINE
8
BLACK
6
CONTINUOUS
10
1.1158229527559056
20
1.6318907086614174
11
1.1147299606299212
21
1.6315263779527558
0
LINE
8
BLACK
6
CONTINUOUS
10
1.1147299606299212
20
1.6315263779527558
11
1.1135807480314961
21
1.631608031496063
0
LINE
8
BLACK
6
CONTINUOUS
10
1.1135807480314961
20
1.631608031496063
11
1.113040157480315
21
1.6318149212598425
0
LINE
8
BLACK
6
CONTINUOUS
10
1.113040157480315
20
1.6318149212598425
11
1.1092906299212597
21
1.6336896850393701
0
LINE
8
BLACK
6
CONTINUOUS
10
1.1092906299212597
20
1.6336896850393701
11
1.1091942519685039
21
1.6337503543307086
0
LINE
8
BLACK
6
CONTINUOUS
10
1.1091942519685039
20
1.6337503543307086
11
1.1091488582677165
21
1.6337654724409449
0
LINE
8
BLACK
6
CONTINUOUS
10
1.1091488582677165
20
1.6337654724409449
11
1.1090922834645669
21
1.633814527559055
0
LINE
8
BLACK
6
CONTINUOUS
10
1.1090922834645669
20
1.633814527559055
11
1.1088007480314961
21
1.6339980314960629
0
LINE
8
BLACK
6
CONTINUOUS
10
1.1088007480314961
20
1.6339980314960629
11
1.1085580708661418
21
1.634277874015748
0
LINE
8
BLACK
6
CONTINUOUS
10
1.1085580708661418
20
1.634277874015748
11
1.108278464566929
21
1.6345203543307085
0
LINE
8
BLACK
6
CONTINUOUS
10
1.108278464566929
20
1.6345203543307085
11
1.1080949606299213
21
1.6348118503937008
0
LINE
8
BLACK
6
CONTINUOUS
10
1.1080949606299213
20
1.6348118503937008
11
1.108045905511811
21
1.6348684251968504
0
LINE
8
BLACK
6
CONTINUOUS
10
1.108045905511811
20
1.6348684251968504
11
1.1080307480314961
21
1.6349138976377953
0
LINE
8
BLACK
6
CONTINUOUS
10
1.1080307480314961
20
1.6349138976377953
11
1.1079701181102362
21
1.6350101968503936
0
LINE
8
BLACK
6
CONTINUOUS
10
1.1079701181102362
20
1.6350101968503936
11
1.1060953543307086
21
1.6387597637795275
0
LINE
8
BLACK
6
CONTINUOUS
10
1.1060953543307086
20
1.6387597637795275
11
1.1058884645669291
21
1.6393003937007873
0
LINE
8
BLACK
6
CONTINUOUS
10
1.1058884645669291
20
1.6393003937007873
11
1.1058809448818898
21
1.6394062204724409
0
LINE
8
BLACK
6
CONTINUOUS
10
1.1058809448818898
20
1.6394062204724409
11
1.1058403543307087
21
1.6395042125984252
0
LINE
8
BLACK
6
CONTINUOUS
10
1.1058403543307087
20
1.6395042125984252
11
1.1057836220472441
21
1.6400802755905513
0
LINE
8
BLACK
6
CONTINUOUS
10
1.1057836220472441
20
1.6400802755905513
11
1.1057836220472441
21
1.6738260236220472
0
LINE
8
BLACK
6
CONTINUOUS
10
1.1057836220472441
20
1.6738260236220472
11
1.1058403543307087
21
1.6744020866141731
0
LINE
8
BLACK
6
CONTINUOUS
10
1.1058403543307087
20
1.6744020866141731
11
1.1062812598425196
21
1.6754664960629921
0
LINE
8
BLACK
6
CONTINUOUS
10
1.1062812598425196
20
1.6754664960629921
11
1.107095905511811
21
1.6762811417322834
0
LINE
8
BLACK
6
CONTINUOUS
10
1.107095905511811
20
1.6762811417322834
11
1.1081603149606298
21
1.6767220472440945
0
LINE
8
BLACK
6
CONTINUOUS
10
1.1081603149606298
20
1.6767220472440945
11
1.1093124409448818
21
1.6767220472440945
0
LINE
8
BLACK
6
CONTINUOUS
10
1.1093124409448818
20
1.6767220472440945
11
1.1103768503937008
21
1.6762811417322834
0
LINE
8
BLACK
6
CONTINUOUS
10
1.0493199606299213
20
1.6635987007874016
11
1.0494179527559055
21
1.6635581102362205
0
LINE
8
BLACK
6
CONTINUOUS
10
1.0494179527559055
20
1.6635581102362205
11
1.0495237795275589
21
1.6635505905511812
0
LINE
8
BLACK
6
CONTINUOUS
10
1.0495237795275589
20
1.6635505905511812
11
1.050064409448819
21
1.6633437007874015
0
LINE
8
BLACK
6
CONTINUOUS
10
1.050064409448819
20
1.6633437007874015
11
1.0538139370078741
21
1.6614689370078739
0
LINE
8
BLACK
6
CONTINUOUS
10
1.0538139370078741
20
1.6614689370078739
11
1.0539102755905512
21
1.6614083070866141
0
LINE
8
BLACK
6
CONTINUOUS
10
1.0539102755905512
20
1.6614083070866141
11
1.0539557086614173
21
1.6613931496062992
0
LINE
8
BLACK
6
CONTINUOUS
10
1.0539557086614173
20
1.6613931496062992
11
1.0540122440944881
21
1.6613441338582677
0
LINE
8
BLACK
6
CONTINUOUS
10
1.0540122440944881
20
1.6613441338582677
11
1.0543038188976377
21
1.661160590551181
0
LINE
8
BLACK
6
CONTINUOUS
10
1.0543038188976377
20
1.661160590551181
11
1.0543681889763779
21
1.6610863779527558
0
LINE
8
BLACK
6
CONTINUOUS
10
1.0543681889763779
20
1.6610863779527558
11
1.054432559055118
21
1.661160590551181
0
LINE
8
BLACK
6
CONTINUOUS
10
1.054432559055118
20
1.661160590551181
11
1.054724094488189
21
1.6613441338582677
0
LINE
8
BLACK
6
CONTINUOUS
10
1.054724094488189
20
1.6613441338582677
11
1.0547806692913386
21
1.6613931496062992
0
LINE
8
BLACK
6
CONTINUOUS
10
1.0547806692913386
20
1.6613931496062992
11
1.054826062992126
21
1.6614083070866141
0
LINE
8
BLACK
6
CONTINUOUS
10
1.054826062992126
20
1.6614083070866141
11
1.0549224409448819
21
1.6614689370078739
0
LINE
8
BLACK
6
CONTINUOUS
10
1.0549224409448819
20
1.6614689370078739
11
1.058671968503937
21
1.6633437007874015
0
LINE
8
BLACK
6
CONTINUOUS
10
1.058671968503937
20
1.6633437007874015
11
1.059212559055118
21
1.6635505905511812
0
LINE
8
BLACK
6
CONTINUOUS
10
1.059212559055118
20
1.6635505905511812
11
1.0593184251968504
21
1.6635581496062992
0
LINE
8
BLACK
6
CONTINUOUS
10
1.0593184251968504
20
1.6635581496062992
11
1.0594164173228346
21
1.6635987007874016
0
LINE
8
BLACK
6
CONTINUOUS
10
1.0594164173228346
20
1.6635987007874016
11
1.0599924803149605
21
1.6636554330708662
0
LINE
8
BLACK
6
CONTINUOUS
10
1.0599924803149605
20
1.6636554330708662
11
1.0656167716535432
21
1.6636554330708662
0
LINE
8
BLACK
6
CONTINUOUS
10
1.0656167716535432
20
1.6636554330708662
11
1.0661928346456693
21
1.6635987007874016
0
LINE
8
BLACK
6
CONTINUOUS
10
1.0661928346456693
20
1.6635987007874016
11
1.0662908267716535
21
1.6635581102362205
0
LINE
8
BLACK
6
CONTINUOUS
10
1.0662908267716535
20
1.6635581102362205
11
1.0663966535433071
21
1.6635505905511812
0
LINE
8
BLACK
6
CONTINUOUS
10
1.0663966535433071
20
1.6635505905511812
11
1.066937283464567
21
1.6633437007874015
0
LINE
8
BLACK
6
CONTINUOUS
10
1.066937283464567
20
1.6633437007874015
11
1.0706868503937008
21
1.6614689370078739
0
LINE
8
BLACK
6
CONTINUOUS
10
1.0706868503937008
20
1.6614689370078739
11
1.0707831496062992
21
1.6614083070866141
0
LINE
8
BLACK
6
CONTINUOUS
10
1.0707831496062992
20
1.6614083070866141
11
1.070828622047244
21
1.6613931496062992
0
LINE
8
BLACK
6
CONTINUOUS
10
1.070828622047244
20
1.6613931496062992
11
1.0708851968503936
21
1.661344094488189
0
LINE
8
BLACK
6
CONTINUOUS
10
1.0708851968503936
20
1.661344094488189
11
1.0711766929133859
21
1.661160590551181
0
LINE
8
BLACK
6
CONTINUOUS
10
1.0711766929133859
20
1.661160590551181
11
1.0714191732283465
21
1.6608809842519685
0
LINE
8
BLACK
6
CONTINUOUS
10
1.0714191732283465
20
1.6608809842519685
11
1.0716990157480315
21
1.6606383070866142
0
LINE
8
BLACK
6
CONTINUOUS
10
1.0716990157480315
20
1.6606383070866142
11
1.0718825196850394
21
1.6603467716535432
0
LINE
8
BLACK
6
CONTINUOUS
10
1.0718825196850394
20
1.6603467716535432
11
1.0719315748031495
21
1.6602901968503936
0
LINE
8
BLACK
6
CONTINUOUS
10
1.0719315748031495
20
1.6602901968503936
11
1.0719466929133858
21
1.6602448031496062
0
LINE
8
BLACK
6
CONTINUOUS
10
1.0719466929133858
20
1.6602448031496062
11
1.0720073622047244
21
1.6601484251968504
0
LINE
8
BLACK
6
CONTINUOUS
10
1.0720073622047244
20
1.6601484251968504
11
1.0738821259842519
21
1.6563988976377952
0
LINE
8
BLACK
6
CONTINUOUS
10
1.0738821259842519
20
1.6563988976377952
11
1.0740890157480314
21
1.6558583070866142
0
LINE
8
BLACK
6
CONTINUOUS
10
1.0740890157480314
20
1.6558583070866142
11
1.0740965354330709
21
1.6557524409448818
0
LINE
8
BLACK
6
CONTINUOUS
10
1.0740965354330709
20
1.6557524409448818
11
1.074137125984252
21
1.6556544488188976
0
LINE
8
BLACK
6
CONTINUOUS
10
1.074137125984252
20
1.6556544488188976
11
1.0741938582677164
21
1.6550783858267717
0
LINE
8
BLACK
6
CONTINUOUS
10
1.0741938582677164
20
1.6550783858267717
11
1.0741938582677164
21
1.6344559448818898
0
LINE
8
BLACK
6
CONTINUOUS
10
1.0741938582677164
20
1.6344559448818898
11
1.074137125984252
21
1.6338798818897637
0
LINE
8
BLACK
6
CONTINUOUS
10
1.074137125984252
20
1.6338798818897637
11
1.073696220472441
21
1.6328154724409449
0
LINE
8
BLACK
6
CONTINUOUS
10
1.073696220472441
20
1.6328154724409449
11
1.0728815748031495
21
1.6320008267716535
0
LINE
8
BLACK
6
CONTINUOUS
10
1.0728815748031495
20
1.6320008267716535
11
1.0718171653543307
21
1.6315599212598424
0
LINE
8
BLACK
6
CONTINUOUS
10
1.0718171653543307
20
1.6315599212598424
11
1.0706650393700787
21
1.6315599212598424
0
LINE
8
BLACK
6
CONTINUOUS
10
1.0706650393700787
20
1.6315599212598424
11
1.0696006299212599
21
1.6320008267716535
0
LINE
8
BLACK
6
CONTINUOUS
10
1.0696006299212599
20
1.6320008267716535
11
1.0687859842519685
21
1.6328154724409449
0
LINE
8
BLACK
6
CONTINUOUS
10
1.0687859842519685
20
1.6328154724409449
11
1.0683450787401574
21
1.6338798818897637
0
LINE
8
BLACK
6
CONTINUOUS
10
1.0683450787401574
20
1.6338798818897637
11
1.0682883464566928
21
1.6344559448818898
0
LINE
8
BLACK
6
CONTINUOUS
10
1.0682883464566928
20
1.6344559448818898
11
1.0682883464566928
21
1.6543813385826771
0
LINE
8
BLACK
6
CONTINUOUS
10
1.0682883464566928
20
1.6543813385826771
11
1.067165472440945
21
1.6566270866141732
0
LINE
8
BLACK
6
CONTINUOUS
10
1.067165472440945
20
1.6566270866141732
11
1.0649197244094488
21
1.6577499212598426
0
LINE
8
BLACK
6
CONTINUOUS
10
1.0649197244094488
20
1.6577499212598426
11
1.0606895275590551
21
1.6577499212598426
0
LINE
8
BLACK
6
CONTINUOUS
10
1.0606895275590551
20
1.6577499212598426
11
1.058443779527559
21
1.6566270866141732
0
LINE
8
BLACK
6
CONTINUOUS
10
1.058443779527559
20
1.6566270866141732
11
1.0573209448818897
21
1.6543813385826771
0
LINE
8
BLACK
6
CONTINUOUS
10
1.0573209448818897
20
1.6543813385826771
11
1.0573209448818897
21
1.6344559448818898
0
LINE
8
BLACK
6
CONTINUOUS
10
1.0573209448818897
20
1.6344559448818898
11
1.0572642125984251
21
1.6338798818897637
0
LINE
8
BLACK
6
CONTINUOUS
10
1.0572642125984251
20
1.6338798818897637
11
1.0568233070866142
21
1.6328154724409449
0
LINE
8
BLACK
6
CONTINUOUS
10
1.0568233070866142
20
1.6328154724409449
11
1.0560086614173227
21
1.6320008267716535
0
LINE
8
BLACK
6
CONTINUOUS
10
1.0560086614173227
20
1.6320008267716535
11
1.0549442519685039
21
1.6315599212598424
0
LINE
8
BLACK
6
CONTINUOUS
10
1.0549442519685039
20
1.6315599212598424
11
1.053792125984252
21
1.6315599212598424
0
LINE
8
BLACK
6
CONTINUOUS
10
1.053792125984252
20
1.6315599212598424
11
1.052727716535433
21
1.6320008267716535
0
LINE
8
BLACK
6
CONTINUOUS
10
1.052727716535433
20
1.6320008267716535
11
1.0519130708661417
21
1.6328154724409449
0
LINE
8
BLACK
6
CONTINUOUS
10
1.0519130708661417
20
1.6328154724409449
11
1.0514721653543306
21
1.6338798818897637
0
LINE
8
BLACK
6
CONTINUOUS
10
1.0514721653543306
20
1.6338798818897637
11
1.051415433070866
21
1.6344559448818898
0
LINE
8
BLACK
6
CONTINUOUS
10
1.051415433070866
20
1.6344559448818898
11
1.051415433070866
21
1.6543813385826771
0
LINE
8
BLACK
6
CONTINUOUS
10
1.051415433070866
20
1.6543813385826771
11
1.050292559055118
21
1.6566270866141732
0
LINE
8
BLACK
6
CONTINUOUS
10
1.050292559055118
20
1.6566270866141732
11
1.0480468503937008
21
1.6577499212598426
0
LINE
8
BLACK
6
CONTINUOUS
10
1.0480468503937008
20
1.6577499212598426
11
1.0438166535433071
21
1.6577499212598426
0
LINE
8
BLACK
6
CONTINUOUS
10
1.0438166535433071
20
1.6577499212598426
11
1.0411191732283465
21
1.6564011811023622
0
LINE
8
BLACK
6
CONTINUOUS
10
1.0411191732283465
20
1.6564011811023622
11
1.0404480708661417
21
1.6557300787401574
0
LINE
8
BLACK
6
CONTINUOUS
10
1.0404480708661417
20
1.6557300787401574
11
1.0404480708661417
21
1.6344559448818898
0
LINE
8
BLACK
6
CONTINUOUS
10
1.0404480708661417
20
1.6344559448818898
11
1.0403913385826771
21
1.6338798818897637
0
LINE
8
BLACK
6
CONTINUOUS
10
1.0403913385826771
20
1.6338798818897637
11
1.0399504330708662
21
1.6328154724409449
0
LINE
8
BLACK
6
CONTINUOUS
10
1.0399504330708662
20
1.6328154724409449
11
1.0391357874015748
21
1.6320008267716535
0
LINE
8
BLACK
6
CONTINUOUS
10
1.0391357874015748
20
1.6320008267716535
11
1.0380713779527559
21
1.6315599212598424
0
LINE
8
BLACK
6
CONTINUOUS
10
1.0380713779527559
20
1.6315599212598424
11
1.036919251968504
21
1.6315599212598424
0
LINE
8
BLACK
6
CONTINUOUS
10
1.036919251968504
20
1.6315599212598424
11
1.035854842519685
21
1.6320008267716535
0
LINE
8
BLACK
6
CONTINUOUS
10
1.035854842519685
20
1.6320008267716535
11
1.0350401968503937
21
1.6328154724409449
0
LINE
8
BLACK
6
CONTINUOUS
10
1.0350401968503937
20
1.6328154724409449
11
1.0345992913385826
21
1.6338798818897637
0
LINE
8
BLACK
6
CONTINUOUS
10
1.0345992913385826
20
1.6338798818897637
11
1.034542559055118
21
1.6344559448818898
0
LINE
8
BLACK
6
CONTINUOUS
10
1.034542559055118
20
1.6344559448818898
11
1.034542559055118
21
1.6607026771653544
0
LINE
8
BLACK
6
CONTINUOUS
10
1.034542559055118
20
1.6607026771653544
11
1.0345992913385826
21
1.6612787401574802
0
LINE
8
BLACK
6
CONTINUOUS
10
1.0345992913385826
20
1.6612787401574802
11
1.0350401968503937
21
1.6623431496062993
0
LINE
8
BLACK
6
CONTINUOUS
10
1.0350401968503937
20
1.6623431496062993
11
1.035854842519685
21
1.6631577952755905
0
LINE
8
BLACK
6
CONTINUOUS
10
1.035854842519685
20
1.6631577952755905
11
1.036919251968504
21
1.6635987007874016
0
LINE
8
BLACK
6
CONTINUOUS
10
1.036919251968504
20
1.6635987007874016
11
1.0380713779527559
21
1.6635987007874016
0
LINE
8
BLACK
6
CONTINUOUS
10
1.0380713779527559
20
1.6635987007874016
11
1.0391357874015748
21
1.6631577952755905
0
LINE
8
BLACK
6
CONTINUOUS
10
1.0391357874015748
20
1.6631577952755905
11
1.0398996062992125
21
1.6623939763779527
0
LINE
8
BLACK
6
CONTINUOUS
10
1.0398996062992125
20
1.6623939763779527
11
1.041799094488189
21
1.6633437007874015
0
LINE
8
BLACK
6
CONTINUOUS
10
1.041799094488189
20
1.6633437007874015
11
1.04233968503937
21
1.6635505905511812
0
LINE
8
BLACK
6
CONTINUOUS
10
1.04233968503937
20
1.6635505905511812
11
1.0424455511811024
21
1.6635581496062992
0
LINE
8
BLACK
6
CONTINUOUS
10
1.0424455511811024
20
1.6635581496062992
11
1.0425435433070867
21
1.6635987007874016
0
LINE
8
BLACK
6
CONTINUOUS
10
1.0425435433070867
20
1.6635987007874016
11
1.0431196062992125
21
1.6636554330708662
0
LINE
8
BLACK
6
CONTINUOUS
10
1.0431196062992125
20
1.6636554330708662
11
1.0487438976377952
21
1.6636554330708662
0
LINE
8
BLACK
6
CONTINUOUS
10
1.0487438976377952
20
1.6636554330708662
11
1.0493199606299213
21
1.6635987007874016
0
LINE
8
BLACK
6
CONTINUOUS
10
1.0916292125984253
20
1.6631577952755905
11
1.0924438582677165
21
1.6623431496062993
0
LINE
8
BLACK
6
CONTINUOUS
10
1.0924438582677165
20
1.6623431496062993
11
1.0928847637795276
21
1.6612787401574802
0
LINE
8
BLACK
6
CONTINUOUS
10
1.0928847637795276
20
1.6612787401574802
11
1.0929414960629922
21
1.6607026771653544
0
LINE
8
BLACK
6
CONTINUOUS
10
1.0929414960629922
20
1.6607026771653544
11
1.0929414960629922
21
1.6344559448818898
0
LINE
8
BLACK
6
CONTINUOUS
10
1.0929414960629922
20
1.6344559448818898
11
1.0928847637795276
21
1.6338798818897637
0
LINE
8
BLACK
6
CONTINUOUS
10
1.0928847637795276
20
1.6338798818897637
11
1.0924438582677165
21
1.6328154724409449
0
LINE
8
BLACK
6
CONTINUOUS
10
1.0924438582677165
20
1.6328154724409449
11
1.0916292125984253
21
1.6320008267716535
0
LINE
8
BLACK
6
CONTINUOUS
10
1.0916292125984253
20
1.6320008267716535
11
1.0905648031496062
21
1.6315599212598424
0
LINE
8
BLACK
6
CONTINUOUS
10
1.0905648031496062
20
1.6315599212598424
11
1.0894126771653543
21
1.6315599212598424
0
LINE
8
BLACK
6
CONTINUOUS
10
1.0894126771653543
20
1.6315599212598424
11
1.0883482677165355
21
1.6320008267716535
0
LINE
8
BLACK
6
CONTINUOUS
10
1.0883482677165355
20
1.6320008267716535
11
1.087533622047244
21
1.6328154724409449
0
LINE
8
BLACK
6
CONTINUOUS
10
1.087533622047244
20
1.6328154724409449
11
1.0870927165354332
21
1.6338798818897637
0
LINE
8
BLACK
6
CONTINUOUS
10
1.0870927165354332
20
1.6338798818897637
11
1.0870359842519686
21
1.6344559448818898
0
LINE
8
BLACK
6
CONTINUOUS
10
1.0870359842519686
20
1.6344559448818898
11
1.0870359842519686
21
1.6607026771653544
0
LINE
8
BLACK
6
CONTINUOUS
10
1.0870359842519686
20
1.6607026771653544
11
1.0870927165354332
21
1.6612787401574802
0
LINE
8
BLACK
6
CONTINUOUS
10
1.0870927165354332
20
1.6612787401574802
11
1.087533622047244
21
1.6623431496062993
0
LINE
8
BLACK
6
CONTINUOUS
10
1.087533622047244
20
1.6623431496062993
11
1.0883482677165355
21
1.6631577952755905
0
LINE
8
BLACK
6
CONTINUOUS
10
1.0883482677165355
20
1.6631577952755905
11
1.0894126771653543
21
1.6635987007874016
0
LINE
8
BLACK
6
CONTINUOUS
10
1.0894126771653543
20
1.6635987007874016
11
1.0905648031496062
21
1.6635987007874016
0
LINE
8
BLACK
6
CONTINUOUS
10
1.0905648031496062
20
1.6635987007874016
11
1.0916292125984253
21
1.6631577952755905
0
LINE
8
BLACK
6
CONTINUOUS
10
1.0916292125984253
20
1.6762811417322834
11
1.0920766535433071
21
1.6759139370078739
0
LINE
8
BLACK
6
CONTINUOUS
10
1.0920766535433071
20
1.6759139370078739
11
1.0939514173228346
21
1.6740391732283464
0
LINE
8
BLACK
6
CONTINUOUS
10
1.0939514173228346
20
1.6740391732283464
11
1.0943186220472441
21
1.6735917322834646
0
LINE
8
BLACK
6
CONTINUOUS
10
1.0943186220472441
20
1.6735917322834646
11
1.0944601968503938
21
1.6732499606299212
0
LINE
8
BLACK
6
CONTINUOUS
10
1.0944601968503938
20
1.6732499606299212
11
1.0947595275590551
21
1.6725272834645668
0
LINE
8
BLACK
6
CONTINUOUS
10
1.0947595275590551
20
1.6725272834645668
11
1.0947595275590551
21
1.6713751968503936
0
LINE
8
BLACK
6
CONTINUOUS
10
1.0947595275590551
20
1.6713751968503936
11
1.0943186220472441
21
1.6703107874015748
0
LINE
8
BLACK
6
CONTINUOUS
10
1.0943186220472441
20
1.6703107874015748
11
1.0939514173228346
21
1.6698633464566928
0
LINE
8
BLACK
6
CONTINUOUS
10
1.0939514173228346
20
1.6698633464566928
11
1.0920766535433071
21
1.6679885826771652
0
LINE
8
BLACK
6
CONTINUOUS
10
1.0920766535433071
20
1.6679885826771652
11
1.0916292125984253
21
1.6676213779527558
0
LINE
8
BLACK
6
CONTINUOUS
10
1.0916292125984253
20
1.6676213779527558
11
1.0905648031496062
21
1.6671804724409449
0
LINE
8
BLACK
6
CONTINUOUS
10
1.0905648031496062
20
1.6671804724409449
11
1.0905647637795275
21
1.6671804724409449
0
LINE
8
BLACK
6
CONTINUOUS
10
1.0905647637795275
20
1.6671804724409449
11
1.089412716535433
21
1.6671804724409449
0
LINE
8
BLACK
6
CONTINUOUS
10
1.089412716535433
20
1.6671804724409449
11
1.0894126771653543
21
1.6671804724409449
0
LINE
8
BLACK
6
CONTINUOUS
10
1.0894126771653543
20
1.6671804724409449
11
1.0883482677165355
21
1.6676213779527558
0
LINE
8
BLACK
6
CONTINUOUS
10
1.0883482677165355
20
1.6676213779527558
11
1.0879008267716535
21
1.6679885826771652
0
LINE
8
BLACK
6
CONTINUOUS
10
1.0879008267716535
20
1.6679885826771652
11
1.0860260629921259
21
1.6698633464566928
0
LINE
8
BLACK
6
CONTINUOUS
10
1.0860260629921259
20
1.6698633464566928
11
1.0856588582677165
21
1.6703107874015748
0
LINE
8
BLACK
6
CONTINUOUS
10
1.0856588582677165
20
1.6703107874015748
11
1.0852179527559054
21
1.6713752362204723
0
LINE
8
BLACK
6
CONTINUOUS
10
1.0852179527559054
20
1.6713752362204723
11
1.0852179527559054
21
1.6725272834645668
0
LINE
8
BLACK
6
CONTINUOUS
10
1.0852179527559054
20
1.6725272834645668
11
1.0856588582677165
21
1.6735917322834646
0
LINE
8
BLACK
6
CONTINUOUS
10
1.0856588582677165
20
1.6735917322834646
11
1.0860260629921259
21
1.6740391732283464
0
LINE
8
BLACK
6
CONTINUOUS
10
1.0860260629921259
20
1.6740391732283464
11
1.0879008267716535
21
1.6759139370078739
0
LINE
8
BLACK
6
CONTINUOUS
10
1.0879008267716535
20
1.6759139370078739
11
1.0883482677165355
21
1.6762811417322834
0
LINE
8
BLACK
6
CONTINUOUS
10
1.0883482677165355
20
1.6762811417322834
11
1.0894126771653543
21
1.6767220472440945
0
LINE
8
BLACK
6
CONTINUOUS
10
1.0894126771653543
20
1.6767220472440945
11
1.0905647637795275
21
1.6767220472440945
0
LINE
8
BLACK
6
CONTINUOUS
10
1.0905647637795275
20
1.6767220472440945
11
1.0905648031496062
21
1.6767220472440945
0
LINE
8
BLACK
6
CONTINUOUS
10
1.0905648031496062
20
1.6767220472440945
11
1.0916292125984253
21
1.6762811417322834
0
CIRCLE
8
BLACK
10
0.9129921259842519
20
1.1933070866141733
40
0.0068897637795276
0
CIRCLE
8
BLACK
10
0.9129921259842519
20
1.2933070866141732
40
0.0068897637795276
0
CIRCLE
8
BLACK
10
1.012992125984252
20
1.1933070866141733
40
0.0068897637795276
0
CIRCLE
8
BLACK
10
1.012992125984252
20
1.2933070866141732
40
0.0068897637795276
0
CIRCLE
8
BLACK
10
1.1129921259842519
20
1.1933070866141733
40
0.0068897637795276
0
CIRCLE
8
BLACK
10
1.1129921259842519
20
1.2933070866141732
40
0.0068897637795276
0
CIRCLE
8
BLACK
10
1.212992125984252
20
1.1933070866141733
40
0.0068897637795276
0
CIRCLE
8
BLACK
10
1.212992125984252
20
1.2933070866141732
40
0.0068897637795276
0
CIRCLE
8
BLACK
10
1.6031496062992125
20
0.8200787401574803
40
0.0068897637795276
0
CIRCLE
8
BLACK
10
1.7031496062992126
20
0.9200787401574803
40
0.0068897637795276
0
CIRCLE
8
BLACK
10
1.5031496062992125
20
0.9200787401574803
40
0.0068897637795276
0
CIRCLE
8
BLACK
10
1.7031496062992126
20
0.7200787401574803
40
0.0068897637795276
0
CIRCLE
8
BLACK
10
1.5031496062992125
20
0.7200787401574803
40
0.0068897637795276
0
CIRCLE
8
BLACK
10
0.4
20
0.4
40
0.0068897637795276
0
CIRCLE
8
BLACK
10
1.5999999999999999
20
1.2
40
0.0068897637795276
0
CIRCLE
8
BLACK
10
1.5999999999999999
20
0.4
40
0.0068897637795276
0
CIRCLE
8
BLACK
10
0.4
20
1.2
40
0.0068897637795276
0
CIRCLE
8
BLACK
10
0.3043307086614173
20
0.9070866141732283
40
0.0068897637795276
0
CIRCLE
8
BLACK
10
0.4043307086614173
20
0.9070866141732283
40
0.0068897637795276
0
CIRCLE
8
BLACK
10
0.3043307086614173
20
0.8070866141732284
40
0.0068897637795276
0
CIRCLE
8
BLACK
10
0.4043307086614173
20
0.8070866141732284
40
0.0068897637795276
0
CIRCLE
8
BLACK
10
0.3043307086614173
20
0.7070866141732284
40
0.0068897637795276
0
CIRCLE
8
BLACK
10
0.4043307086614173
20
0.7070866141732284
40
0.0068897637795276
0
CIRCLE
8
BLACK
10
0.9129921259842519
20
0.2989173228346457
40
0.0068897637795276
0
CIRCLE
8
BLACK
10
0.9129921259842519
20
0.3989173228346456
40
0.0068897637795276
0
CIRCLE
8
BLACK
10
1.012992125984252
20
0.2989173228346457
40
0.0068897637795276
0
CIRCLE
8
BLACK
10
1.012992125984252
20
0.3989173228346456
40
0.0068897637795276
0
CIRCLE
8
BLACK
10
1.1129921259842519
20
0.2989173228346457
40
0.0068897637795276
0
CIRCLE
8
BLACK
10
1.1129921259842519
20
0.3989173228346456
40
0.0068897637795276
0
CIRCLE
8
BLACK
10
1.212992125984252
20
0.2989173228346457
40
0.0068897637795276
0
CIRCLE
8
BLACK
10
1.212992125984252
20
0.3989173228346456
40
0.0068897637795276
0
CIRCLE
8
BLACK
10
0.9129921259842519
20
1.1933070866141733
40
0.0068897637795276
0
CIRCLE
8
BLACK
10
0.9129921259842519
20
1.2933070866141732
40
0.0068897637795276
0
CIRCLE
8
BLACK
10
1.012992125984252
20
1.1933070866141733
40
0.0068897637795276
0
CIRCLE
8
BLACK
10
1.012992125984252
20
1.2933070866141732
40
0.0068897637795276
0
CIRCLE
8
BLACK
10
1.1129921259842519
20
1.1933070866141733
40
0.0068897637795276
0
CIRCLE
8
BLACK
10
1.1129921259842519
20
1.2933070866141732
40
0.0068897637795276
0
CIRCLE
8
BLACK
10
1.212992125984252
20
1.1933070866141733
40
0.0068897637795276
0
CIRCLE
8
BLACK
10
1.212992125984252
20
1.2933070866141732
40
0.0068897637795276
0
CIRCLE
8
BLACK
10
1.6031496062992125
20
0.8200787401574803
40
0.0068897637795276
0
CIRCLE
8
BLACK
10
1.7031496062992126
20
0.9200787401574803
40
0.0068897637795276
0
CIRCLE
8
BLACK
10
1.5031496062992125
20
0.9200787401574803
40
0.0068897637795276
0
CIRCLE
8
BLACK
10
1.7031496062992126
20
0.7200787401574803
40
0.0068897637795276
0
CIRCLE
8
BLACK
10
1.5031496062992125
20
0.7200787401574803
40
0.0068897637795276
0
CIRCLE
8
BLACK
10
0.4
20
0.4
40
0.0068897637795276
0
CIRCLE
8
BLACK
10
1.5999999999999999
20
1.2
40
0.0068897637795276
0
CIRCLE
8
BLACK
10
1.5999999999999999
20
0.4
40
0.0068897637795276
0
CIRCLE
8
BLACK
10
0.4
20
1.2
40
0.0068897637795276
0
CIRCLE
8
BLACK
10
0.3043307086614173
20
0.9070866141732283
40
0.0068897637795276
0
CIRCLE
8
BLACK
10
0.4043307086614173
20
0.9070866141732283
40
0.0068897637795276
0
CIRCLE
8
BLACK
10
0.3043307086614173
20
0.8070866141732284
40
0.0068897637795276
0
CIRCLE
8
BLACK
10
0.4043307086614173
20
0.8070866141732284
40
0.0068897637795276
0
CIRCLE
8
BLACK
10
0.3043307086614173
20
0.7070866141732284
40
0.0068897637795276
0
CIRCLE
8
BLACK
10
0.4043307086614173
20
0.7070866141732284
40
0.0068897637795276
0
CIRCLE
8
BLACK
10
0.9129921259842519
20
0.2989173228346457
40
0.0068897637795276
0
CIRCLE
8
BLACK
10
0.9129921259842519
20
0.3989173228346456
40
0.0068897637795276
0
CIRCLE
8
BLACK
10
1.012992125984252
20
0.2989173228346457
40
0.0068897637795276
0
CIRCLE
8
BLACK
10
1.012992125984252
20
0.3989173228346456
40
0.0068897637795276
0
CIRCLE
8
BLACK
10
1.1129921259842519
20
0.2989173228346457
40
0.0068897637795276
0
CIRCLE
8
BLACK
10
1.1129921259842519
20
0.3989173228346456
40
0.0068897637795276
0
CIRCLE
8
BLACK
10
1.212992125984252
20
0.2989173228346457
40
0.0068897637795276
0
CIRCLE
8
BLACK
10
1.212992125984252
20
0.3989173228346456
40
0.0068897637795276
  0
ENDSEC
  0
EOF
