  0
SECTION
  2
HEADER
  9
$ANGBASE
  50
0.0
  9
$ANGDIR
  70
1
  9
$MEASUREMENT
  70
0
  0
ENDSEC
  0
SECTION
  2
TABLES
  0
TABLE
  2
LTYPE
  70
4
  0
LTYPE
  5
40F
  2
CONTINUOUS
  70
0
  3
Solid line
  72
65
  73
0
  40
0.0
  0
LTYPE
  5
410
  2
DASHDOT
 70
0
  3
Dash Dot ____ _ ____ _
 72
65
 73
4
 40
2.0
 49
1.25
 49
-0.25
 49
0.25
 49
-0.25
  0
LTYPE
  5
411
  2
DASHED
 70
0
  3
Dashed __ __ __ __ __
 72
65
 73
2
 40
0.75
 49
0.5
 49
-0.25
  0
LTYPE
  5
43B
  2
DOTTED
 70
0
  3
Dotted .  .  .  .
 72
65
 73
2
 40
0.2
 49
0.0
 49
-0.2
  0
ENDTAB
  0
TABLE
  2
STYLE
  70
4
  0
STYLE
  2
KICAD
  70
0
  40
0
  41
1
  42
1
  50
0
  71
0
  3
isocp.shx
  0
STYLE
  2
KICADB
  70
0
  40
0
  41
1
  42
1
  50
0
  71
0
  3
isocp.shx
  0
STYLE
  2
KICADI
  70
0
  40
0
  41
1
  42
1
  50
15
  71
0
  3
isocp.shx
  0
STYLE
  2
KICADBI
  70
0
  40
0
  41
1
  42
1
  50
15
  71
0
  3
isocp.shx
  0
ENDTAB
  0
TABLE
  2
LAYER
  70
1
  0
LAYER
  2
BLACK
  70
0
  62
7
  6
CONTINUOUS
  0
ENDTAB
  0
ENDSEC
  0
SECTION
  2
ENTITIES
0
LINE
8
BLACK
6
CONTINUOUS
10
0.802817874015748
20
0.5353441338582677
11
0.8038822834645669
21
0.5349032283464566
0
LINE
8
BLACK
6
CONTINUOUS
10
0.8038822834645669
20
0.5349032283464566
11
0.8046969291338583
21
0.5340885826771653
0
LINE
8
BLACK
6
CONTINUOUS
10
0.8046969291338583
20
0.5340885826771653
11
0.8051378346456692
21
0.5330241732283465
0
LINE
8
BLACK
6
CONTINUOUS
10
0.8051378346456692
20
0.5330241732283465
11
0.8051378346456692
21
0.5318720472440944
0
LINE
8
BLACK
6
CONTINUOUS
10
0.8051378346456692
20
0.5318720472440944
11
0.8046969291338583
21
0.5308076377952756
0
LINE
8
BLACK
6
CONTINUOUS
10
0.8046969291338583
20
0.5308076377952756
11
0.8038822834645669
21
0.5299929921259843
0
LINE
8
BLACK
6
CONTINUOUS
10
0.8038822834645669
20
0.5299929921259843
11
0.802817874015748
21
0.5295520866141732
0
LINE
8
BLACK
6
CONTINUOUS
10
0.802817874015748
20
0.5295520866141732
11
0.802241811023622
21
0.5294953543307086
0
LINE
8
BLACK
6
CONTINUOUS
10
0.802241811023622
20
0.5294953543307086
11
0.7843770472440945
21
0.5294953543307086
0
LINE
8
BLACK
6
CONTINUOUS
10
0.7843770472440945
20
0.5294953543307086
11
0.7932153937007874
21
0.5193944094488189
0
LINE
8
BLACK
6
CONTINUOUS
10
0.7932153937007874
20
0.5193944094488189
11
0.7933933858267717
21
0.5191454330708661
0
LINE
8
BLACK
6
CONTINUOUS
10
0.7933933858267717
20
0.5191454330708661
11
0.7934483464566929
21
0.5190904724409449
0
LINE
8
BLACK
6
CONTINUOUS
10
0.7934483464566929
20
0.5190904724409449
11
0.7934699212598425
21
0.5190383858267716
0
LINE
8
BLACK
6
CONTINUOUS
10
0.7934699212598425
20
0.5190383858267716
11
0.7935520472440944
21
0.5189235039370078
0
LINE
8
BLACK
6
CONTINUOUS
10
0.7935520472440944
20
0.5189235039370078
11
0.7937056299212598
21
0.5184692913385827
0
LINE
8
BLACK
6
CONTINUOUS
10
0.7937056299212598
20
0.5184692913385827
11
0.7938892519685039
21
0.5180260629921259
0
LINE
8
BLACK
6
CONTINUOUS
10
0.7938892519685039
20
0.5180260629921259
11
0.7938892519685039
21
0.5179264566929134
0
LINE
8
BLACK
6
CONTINUOUS
10
0.7938892519685039
20
0.5179264566929134
11
0.7939211417322835
21
0.517832125984252
0
LINE
8
BLACK
6
CONTINUOUS
10
0.7939211417322835
20
0.517832125984252
11
0.7938892519685039
21
0.5173536614173229
0
LINE
8
BLACK
6
CONTINUOUS
10
0.7938892519685039
20
0.5173536614173229
11
0.7938892519685039
21
0.516873937007874
0
LINE
8
BLACK
6
CONTINUOUS
10
0.7938892519685039
20
0.516873937007874
11
0.7938511417322834
21
0.516781968503937
0
LINE
8
BLACK
6
CONTINUOUS
10
0.7938511417322834
20
0.516781968503937
11
0.7938445275590551
21
0.5166825984251968
0
LINE
8
BLACK
6
CONTINUOUS
10
0.7938445275590551
20
0.5166825984251968
11
0.793631811023622
21
0.5162524803149606
0
LINE
8
BLACK
6
CONTINUOUS
10
0.793631811023622
20
0.5162524803149606
11
0.7934483464566929
21
0.5158095275590551
0
LINE
8
BLACK
6
CONTINUOUS
10
0.7934483464566929
20
0.5158095275590551
11
0.7933779921259843
21
0.5157392125984251
0
LINE
8
BLACK
6
CONTINUOUS
10
0.7933779921259843
20
0.5157392125984251
11
0.7933338188976378
21
0.515649842519685
0
LINE
8
BLACK
6
CONTINUOUS
10
0.7933338188976378
20
0.515649842519685
11
0.7929726771653544
21
0.5153338976377952
0
LINE
8
BLACK
6
CONTINUOUS
10
0.7929726771653544
20
0.5153338976377952
11
0.7926337007874016
21
0.5149948818897637
0
LINE
8
BLACK
6
CONTINUOUS
10
0.7926337007874016
20
0.5149948818897637
11
0.7925416929133858
21
0.5149567716535433
0
LINE
8
BLACK
6
CONTINUOUS
10
0.7925416929133858
20
0.5149567716535433
11
0.7924667322834645
21
0.5148911811023622
0
LINE
8
BLACK
6
CONTINUOUS
10
0.7924667322834645
20
0.5148911811023622
11
0.7920124803149606
21
0.5147375984251968
0
LINE
8
BLACK
6
CONTINUOUS
10
0.7920124803149606
20
0.5147375984251968
11
0.7915692913385827
21
0.5145539763779527
0
LINE
8
BLACK
6
CONTINUOUS
10
0.7915692913385827
20
0.5145539763779527
11
0.7914287007874016
21
0.5145401574803149
0
LINE
8
BLACK
6
CONTINUOUS
10
0.7914287007874016
20
0.5145401574803149
11
0.7913753543307086
21
0.5145220866141732
0
LINE
8
BLACK
6
CONTINUOUS
10
0.7913753543307086
20
0.5145220866141732
11
0.791297874015748
21
0.5145272834645669
0
LINE
8
BLACK
6
CONTINUOUS
10
0.791297874015748
20
0.5145272834645669
11
0.7909932283464567
21
0.5144972440944882
0
LINE
8
BLACK
6
CONTINUOUS
10
0.7909932283464567
20
0.5144972440944882
11
0.7860659842519685
21
0.5144972440944882
0
LINE
8
BLACK
6
CONTINUOUS
10
0.7860659842519685
20
0.5144972440944882
11
0.7833685039370079
21
0.5131485039370078
0
LINE
8
BLACK
6
CONTINUOUS
10
0.7833685039370079
20
0.5131485039370078
11
0.7821713779527559
21
0.5119513779527559
0
LINE
8
BLACK
6
CONTINUOUS
10
0.7821713779527559
20
0.5119513779527559
11
0.7808226377952756
21
0.5092538976377953
0
LINE
8
BLACK
6
CONTINUOUS
10
0.7808226377952756
20
0.5092538976377953
11
0.7808226377952756
21
0.5012741732283464
0
LINE
8
BLACK
6
CONTINUOUS
10
0.7808226377952756
20
0.5012741732283464
11
0.7821713779527559
21
0.4985766929133858
0
LINE
8
BLACK
6
CONTINUOUS
10
0.7821713779527559
20
0.4985766929133858
11
0.7833685039370079
21
0.4973795275590551
0
LINE
8
BLACK
6
CONTINUOUS
10
0.7833685039370079
20
0.4973795275590551
11
0.7860659842519685
21
0.4960307874015748
0
LINE
8
BLACK
6
CONTINUOUS
10
0.7860659842519685
20
0.4960307874015748
11
0.7959204724409449
21
0.4960307874015748
0
LINE
8
BLACK
6
CONTINUOUS
10
0.7959204724409449
20
0.4960307874015748
11
0.7986179133858268
21
0.4973795275590551
0
LINE
8
BLACK
6
CONTINUOUS
10
0.7986179133858268
20
0.4973795275590551
11
0.8001538582677166
21
0.4989154724409449
0
LINE
8
BLACK
6
CONTINUOUS
10
0.8001538582677166
20
0.4989154724409449
11
0.8006013385826771
21
0.499282716535433
0
LINE
8
BLACK
6
CONTINUOUS
10
0.8006013385826771
20
0.499282716535433
11
0.801665748031496
21
0.4997236220472441
0
LINE
8
BLACK
6
CONTINUOUS
10
0.801665748031496
20
0.4997236220472441
11
0.8028178346456692
21
0.4997236220472441
0
LINE
8
BLACK
6
CONTINUOUS
10
0.8028178346456692
20
0.4997236220472441
11
0.8038822440944882
21
0.4992827559055118
0
LINE
8
BLACK
6
CONTINUOUS
10
0.8038822440944882
20
0.4992827559055118
11
0.8046969291338583
21
0.4984680708661417
0
LINE
8
BLACK
6
CONTINUOUS
10
0.8046969291338583
20
0.4984680708661417
11
0.8051378346456692
21
0.4974036614173228
0
LINE
8
BLACK
6
CONTINUOUS
10
0.8051378346456692
20
0.4974036614173228
11
0.8051378346456692
21
0.4962515748031496
0
LINE
8
BLACK
6
CONTINUOUS
10
0.8051378346456692
20
0.4962515748031496
11
0.804696968503937
21
0.4951871653543307
0
LINE
8
BLACK
6
CONTINUOUS
10
0.804696968503937
20
0.4951871653543307
11
0.8043297244094488
21
0.49473968503937
0
LINE
8
BLACK
6
CONTINUOUS
10
0.8043297244094488
20
0.49473968503937
11
0.802455
21
0.4928649212598425
0
LINE
8
BLACK
6
CONTINUOUS
10
0.802455
20
0.4928649212598425
11
0.8022286220472441
21
0.4926791732283464
0
LINE
8
BLACK
6
CONTINUOUS
10
0.8022286220472441
20
0.4926791732283464
11
0.8021774409448819
21
0.4926201181102362
0
LINE
8
BLACK
6
CONTINUOUS
10
0.8021774409448819
20
0.4926201181102362
11
0.8020884645669291
21
0.4925641338582677
0
LINE
8
BLACK
6
CONTINUOUS
10
0.8020884645669291
20
0.4925641338582677
11
0.8020075196850394
21
0.4924976771653543
0
LINE
8
BLACK
6
CONTINUOUS
10
0.8020075196850394
20
0.4924976771653543
11
0.8019355511811024
21
0.492467874015748
0
LINE
8
BLACK
6
CONTINUOUS
10
0.8019355511811024
20
0.492467874015748
11
0.8016875590551181
21
0.4923117716535433
0
LINE
8
BLACK
6
CONTINUOUS
10
0.8016875590551181
20
0.4923117716535433
11
0.797938031496063
21
0.4904370078740157
0
LINE
8
BLACK
6
CONTINUOUS
10
0.797938031496063
20
0.4904370078740157
11
0.7973974015748031
21
0.4902301181102362
0
LINE
8
BLACK
6
CONTINUOUS
10
0.7973974015748031
20
0.4902301181102362
11
0.7972915748031496
21
0.4902226377952756
0
LINE
8
BLACK
6
CONTINUOUS
10
0.7972915748031496
20
0.4902226377952756
11
0.7971935826771653
21
0.4901820078740157
0
LINE
8
BLACK
6
CONTINUOUS
10
0.7971935826771653
20
0.4901820078740157
11
0.7966175196850394
21
0.4901252755905512
0
LINE
8
BLACK
6
CONTINUOUS
10
0.7966175196850394
20
0.4901252755905512
11
0.785368937007874
21
0.4901252755905512
0
LINE
8
BLACK
6
CONTINUOUS
10
0.785368937007874
20
0.4901252755905512
11
0.784792874015748
21
0.4901820078740157
0
LINE
8
BLACK
6
CONTINUOUS
10
0.784792874015748
20
0.4901820078740157
11
0.7846948818897638
21
0.4902225984251968
0
LINE
8
BLACK
6
CONTINUOUS
10
0.7846948818897638
20
0.4902225984251968
11
0.7845890157480315
21
0.4902301181102362
0
LINE
8
BLACK
6
CONTINUOUS
10
0.7845890157480315
20
0.4902301181102362
11
0.7840484251968504
21
0.4904370078740157
0
LINE
8
BLACK
6
CONTINUOUS
10
0.7840484251968504
20
0.4904370078740157
11
0.7802988976377953
21
0.4923117716535433
0
LINE
8
BLACK
6
CONTINUOUS
10
0.7802988976377953
20
0.4923117716535433
11
0.7800508661417322
21
0.492467874015748
0
LINE
8
BLACK
6
CONTINUOUS
10
0.7800508661417322
20
0.492467874015748
11
0.779978937007874
21
0.4924976771653543
0
LINE
8
BLACK
6
CONTINUOUS
10
0.779978937007874
20
0.4924976771653543
11
0.7798979527559055
21
0.4925641338582677
0
LINE
8
BLACK
6
CONTINUOUS
10
0.7798979527559055
20
0.4925641338582677
11
0.7798090157480315
21
0.4926201181102362
0
LINE
8
BLACK
6
CONTINUOUS
10
0.7798090157480315
20
0.4926201181102362
11
0.7797577952755905
21
0.4926791732283464
0
LINE
8
BLACK
6
CONTINUOUS
10
0.7797577952755905
20
0.4926791732283464
11
0.7795314566929133
21
0.4928649212598425
0
LINE
8
BLACK
6
CONTINUOUS
10
0.7795314566929133
20
0.4928649212598425
11
0.7776566929133858
21
0.4947397244094488
0
LINE
8
BLACK
6
CONTINUOUS
10
0.7776566929133858
20
0.4947397244094488
11
0.7774709448818897
21
0.494966062992126
0
LINE
8
BLACK
6
CONTINUOUS
10
0.7774709448818897
20
0.494966062992126
11
0.777411968503937
21
0.4950172047244095
0
LINE
8
BLACK
6
CONTINUOUS
10
0.777411968503937
20
0.4950172047244095
11
0.7773559842519685
21
0.4951061417322835
0
LINE
8
BLACK
6
CONTINUOUS
10
0.7773559842519685
20
0.4951061417322835
11
0.7772894881889764
21
0.4951871653543307
0
LINE
8
BLACK
6
CONTINUOUS
10
0.7772894881889764
20
0.4951871653543307
11
0.7772596456692913
21
0.4952592125984252
0
LINE
8
BLACK
6
CONTINUOUS
10
0.7772596456692913
20
0.4952592125984252
11
0.777103622047244
21
0.4955070866141732
0
LINE
8
BLACK
6
CONTINUOUS
10
0.777103622047244
20
0.4955070866141732
11
0.7752288582677165
21
0.4992566141732283
0
LINE
8
BLACK
6
CONTINUOUS
10
0.7752288582677165
20
0.4992566141732283
11
0.775021968503937
21
0.4997972440944882
0
LINE
8
BLACK
6
CONTINUOUS
10
0.775021968503937
20
0.4997972440944882
11
0.7750144488188976
21
0.4999030708661417
0
LINE
8
BLACK
6
CONTINUOUS
10
0.7750144488188976
20
0.4999030708661417
11
0.7749738582677165
21
0.500001062992126
0
LINE
8
BLACK
6
CONTINUOUS
10
0.7749738582677165
20
0.500001062992126
11
0.774917125984252
21
0.500577125984252
0
LINE
8
BLACK
6
CONTINUOUS
10
0.774917125984252
20
0.500577125984252
11
0.774917125984252
21
0.5099509448818897
0
LINE
8
BLACK
6
CONTINUOUS
10
0.774917125984252
20
0.5099509448818897
11
0.7749738582677165
21
0.5105270078740157
0
LINE
8
BLACK
6
CONTINUOUS
10
0.7749738582677165
20
0.5105270078740157
11
0.7750144488188976
21
0.5106250393700787
0
LINE
8
BLACK
6
CONTINUOUS
10
0.7750144488188976
20
0.5106250393700787
11
0.775021968503937
21
0.5107308267716535
0
LINE
8
BLACK
6
CONTINUOUS
10
0.775021968503937
20
0.5107308267716535
11
0.7752288582677165
21
0.5112714566929134
0
LINE
8
BLACK
6
CONTINUOUS
10
0.7752288582677165
20
0.5112714566929134
11
0.777103622047244
21
0.5150209842519685
0
LINE
8
BLACK
6
CONTINUOUS
10
0.777103622047244
20
0.5150209842519685
11
0.77725968503937
21
0.5152690157480315
0
LINE
8
BLACK
6
CONTINUOUS
10
0.77725968503937
20
0.5152690157480315
11
0.7772895275590551
21
0.5153409448818898
0
LINE
8
BLACK
6
CONTINUOUS
10
0.7772895275590551
20
0.5153409448818898
11
0.7773559842519685
21
0.5154219291338582
0
LINE
8
BLACK
6
CONTINUOUS
10
0.7773559842519685
20
0.5154219291338582
11
0.777411968503937
21
0.5155108661417322
0
LINE
8
BLACK
6
CONTINUOUS
10
0.777411968503937
20
0.5155108661417322
11
0.7774709448818897
21
0.5155620472440945
0
LINE
8
BLACK
6
CONTINUOUS
10
0.7774709448818897
20
0.5155620472440945
11
0.7776567322834645
21
0.5157883858267717
0
LINE
8
BLACK
6
CONTINUOUS
10
0.7776567322834645
20
0.5157883858267717
11
0.7795314960629921
21
0.5176631496062992
0
LINE
8
BLACK
6
CONTINUOUS
10
0.7795314960629921
20
0.5176631496062992
11
0.7797578346456693
21
0.517848937007874
0
LINE
8
BLACK
6
CONTINUOUS
10
0.7797578346456693
20
0.517848937007874
11
0.7798090157480315
21
0.5179079133858268
0
LINE
8
BLACK
6
CONTINUOUS
10
0.7798090157480315
20
0.5179079133858268
11
0.7798979527559055
21
0.5179638976377953
0
LINE
8
BLACK
6
CONTINUOUS
10
0.7798979527559055
20
0.5179638976377953
11
0.779978937007874
21
0.5180303543307087
0
LINE
8
BLACK
6
CONTINUOUS
10
0.779978937007874
20
0.5180303543307087
11
0.7800508661417322
21
0.5180601968503937
0
LINE
8
BLACK
6
CONTINUOUS
10
0.7800508661417322
20
0.5180601968503937
11
0.7802988976377953
21
0.5182162598425196
0
LINE
8
BLACK
6
CONTINUOUS
10
0.7802988976377953
20
0.5182162598425196
11
0.7840484251968504
21
0.5200910236220472
0
LINE
8
BLACK
6
CONTINUOUS
10
0.7840484251968504
20
0.5200910236220472
11
0.7845805905511811
21
0.5202947244094488
0
LINE
8
BLACK
6
CONTINUOUS
10
0.7845805905511811
20
0.5202947244094488
11
0.7756477165354331
21
0.5305037007874016
0
LINE
8
BLACK
6
CONTINUOUS
10
0.7756477165354331
20
0.5305037007874016
11
0.7754696850393701
21
0.5307527165354331
0
LINE
8
BLACK
6
CONTINUOUS
10
0.7754696850393701
20
0.5307527165354331
11
0.7754147637795276
21
0.5308076377952756
0
LINE
8
BLACK
6
CONTINUOUS
10
0.7754147637795276
20
0.5308076377952756
11
0.7753931496062992
21
0.5308597637795276
0
LINE
8
BLACK
6
CONTINUOUS
10
0.7753931496062992
20
0.5308597637795276
11
0.7753110629921259
21
0.5309746062992126
0
LINE
8
BLACK
6
CONTINUOUS
10
0.7753110629921259
20
0.5309746062992126
11
0.7751574409448819
21
0.5314288582677166
0
LINE
8
BLACK
6
CONTINUOUS
10
0.7751574409448819
20
0.5314288582677166
11
0.7749738582677165
21
0.5318720472440944
0
LINE
8
BLACK
6
CONTINUOUS
10
0.7749738582677165
20
0.5318720472440944
11
0.7749738582677165
21
0.5319716929133859
0
LINE
8
BLACK
6
CONTINUOUS
10
0.7749738582677165
20
0.5319716929133859
11
0.774941968503937
21
0.5320659842519685
0
LINE
8
BLACK
6
CONTINUOUS
10
0.774941968503937
20
0.5320659842519685
11
0.7749738582677165
21
0.5325444881889764
0
LINE
8
BLACK
6
CONTINUOUS
10
0.7749738582677165
20
0.5325444881889764
11
0.7749738582677165
21
0.5330241732283465
0
LINE
8
BLACK
6
CONTINUOUS
10
0.7749738582677165
20
0.5330241732283465
11
0.7750119291338583
21
0.5331161811023621
0
LINE
8
BLACK
6
CONTINUOUS
10
0.7750119291338583
20
0.5331161811023621
11
0.7750185826771654
21
0.5332155118110236
0
LINE
8
BLACK
6
CONTINUOUS
10
0.7750185826771654
20
0.5332155118110236
11
0.7752312598425196
21
0.5336456692913386
0
LINE
8
BLACK
6
CONTINUOUS
10
0.7752312598425196
20
0.5336456692913386
11
0.7754147637795276
21
0.5340885826771653
0
LINE
8
BLACK
6
CONTINUOUS
10
0.7754147637795276
20
0.5340885826771653
11
0.7754850787401575
21
0.534158937007874
0
LINE
8
BLACK
6
CONTINUOUS
10
0.7754850787401575
20
0.534158937007874
11
0.7755292913385826
21
0.5342482677165354
0
LINE
8
BLACK
6
CONTINUOUS
10
0.7755292913385826
20
0.5342482677165354
11
0.7758903937007874
21
0.5345642519685039
0
LINE
8
BLACK
6
CONTINUOUS
10
0.7758903937007874
20
0.5345642519685039
11
0.7762294094488189
21
0.5349032283464566
0
LINE
8
BLACK
6
CONTINUOUS
10
0.7762294094488189
20
0.5349032283464566
11
0.7763213779527559
21
0.5349413779527559
0
LINE
8
BLACK
6
CONTINUOUS
10
0.7763213779527559
20
0.5349413779527559
11
0.7763963779527558
21
0.5350069291338583
0
LINE
8
BLACK
6
CONTINUOUS
10
0.7763963779527558
20
0.5350069291338583
11
0.7768505905511811
21
0.5351605511811024
0
LINE
8
BLACK
6
CONTINUOUS
10
0.7768505905511811
20
0.5351605511811024
11
0.7772938188976378
21
0.5353441338582677
0
LINE
8
BLACK
6
CONTINUOUS
10
0.7772938188976378
20
0.5353441338582677
11
0.7774343700787402
21
0.5353579921259842
0
LINE
8
BLACK
6
CONTINUOUS
10
0.7774343700787402
20
0.5353579921259842
11
0.7774877559055118
21
0.5353760236220473
0
LINE
8
BLACK
6
CONTINUOUS
10
0.7774877559055118
20
0.5353760236220473
11
0.7775651968503937
21
0.5353708661417322
0
LINE
8
BLACK
6
CONTINUOUS
10
0.7775651968503937
20
0.5353708661417322
11
0.7778698818897638
21
0.5354008661417323
0
LINE
8
BLACK
6
CONTINUOUS
10
0.7778698818897638
20
0.5354008661417323
11
0.802241811023622
21
0.5354008661417323
0
LINE
8
BLACK
6
CONTINUOUS
10
0.802241811023622
20
0.5354008661417323
11
0.802817874015748
21
0.5353441338582677
0
LINE
8
BLACK
6
CONTINUOUS
10
0.8328141338582677
20
0.5353441338582677
11
0.8329121259842519
21
0.5353035433070866
0
LINE
8
BLACK
6
CONTINUOUS
10
0.8329121259842519
20
0.5353035433070866
11
0.8330179527559055
21
0.5352960236220472
0
LINE
8
BLACK
6
CONTINUOUS
10
0.8330179527559055
20
0.5352960236220472
11
0.8335585826771653
21
0.5350891338582677
0
LINE
8
BLACK
6
CONTINUOUS
10
0.8335585826771653
20
0.5350891338582677
11
0.8373081102362204
21
0.5332143700787402
0
LINE
8
BLACK
6
CONTINUOUS
10
0.8373081102362204
20
0.5332143700787402
11
0.8375561023622047
21
0.5330583070866142
0
LINE
8
BLACK
6
CONTINUOUS
10
0.8375561023622047
20
0.5330583070866142
11
0.8376280708661417
21
0.5330284645669291
0
LINE
8
BLACK
6
CONTINUOUS
10
0.8376280708661417
20
0.5330284645669291
11
0.8377090157480315
21
0.5329620078740157
0
LINE
8
BLACK
6
CONTINUOUS
10
0.8377090157480315
20
0.5329620078740157
11
0.8377979921259843
21
0.5329060236220472
0
LINE
8
BLACK
6
CONTINUOUS
10
0.8377979921259843
20
0.5329060236220472
11
0.8378491338582676
21
0.5328470472440945
0
LINE
8
BLACK
6
CONTINUOUS
10
0.8378491338582676
20
0.5328470472440945
11
0.8380755118110236
21
0.5326612598425197
0
LINE
8
BLACK
6
CONTINUOUS
10
0.8380755118110236
20
0.5326612598425197
11
0.8399502755905511
21
0.5307864960629921
0
LINE
8
BLACK
6
CONTINUOUS
10
0.8399502755905511
20
0.5307864960629921
11
0.8403174803149606
21
0.5303390551181102
0
LINE
8
BLACK
6
CONTINUOUS
10
0.8403174803149606
20
0.5303390551181102
11
0.8407583858267716
21
0.5292746456692913
0
LINE
8
BLACK
6
CONTINUOUS
10
0.8407583858267716
20
0.5292746456692913
11
0.8407583858267716
21
0.5281225590551181
0
LINE
8
BLACK
6
CONTINUOUS
10
0.8407583858267716
20
0.5281225590551181
11
0.8403174803149606
21
0.5270581496062992
0
LINE
8
BLACK
6
CONTINUOUS
10
0.8403174803149606
20
0.5270581496062992
11
0.8395027952755906
21
0.5262434645669292
0
LINE
8
BLACK
6
CONTINUOUS
10
0.8395027952755906
20
0.5262434645669292
11
0.8384383858267717
21
0.5258025590551181
0
LINE
8
BLACK
6
CONTINUOUS
10
0.8384383858267717
20
0.5258025590551181
11
0.8372862992125985
21
0.5258025590551181
0
LINE
8
BLACK
6
CONTINUOUS
10
0.8372862992125985
20
0.5258025590551181
11
0.8362218897637795
21
0.5262434645669292
0
LINE
8
BLACK
6
CONTINUOUS
10
0.8362218897637795
20
0.5262434645669292
11
0.8357744488188976
21
0.5266106692913386
0
LINE
8
BLACK
6
CONTINUOUS
10
0.8357744488188976
20
0.5266106692913386
11
0.8342385039370078
21
0.5281466141732283
0
LINE
8
BLACK
6
CONTINUOUS
10
0.8342385039370078
20
0.5281466141732283
11
0.8315410236220472
21
0.5294953543307086
0
LINE
8
BLACK
6
CONTINUOUS
10
0.8315410236220472
20
0.5294953543307086
11
0.8235612992125984
21
0.5294953543307086
0
LINE
8
BLACK
6
CONTINUOUS
10
0.8235612992125984
20
0.5294953543307086
11
0.8208638188976378
21
0.5281466141732283
0
LINE
8
BLACK
6
CONTINUOUS
10
0.8208638188976378
20
0.5281466141732283
11
0.8196666929133858
21
0.5269494881889764
0
LINE
8
BLACK
6
CONTINUOUS
10
0.8196666929133858
20
0.5269494881889764
11
0.8183179527559055
21
0.5242520078740157
0
LINE
8
BLACK
6
CONTINUOUS
10
0.8183179527559055
20
0.5242520078740157
11
0.8183179527559055
21
0.5216787007874015
0
LINE
8
BLACK
6
CONTINUOUS
10
0.8183179527559055
20
0.5216787007874015
11
0.8198207480314961
21
0.5171702755905512
0
LINE
8
BLACK
6
CONTINUOUS
10
0.8198207480314961
20
0.5171702755905512
11
0.8418250393700787
21
0.4951659448818898
0
LINE
8
BLACK
6
CONTINUOUS
10
0.8418250393700787
20
0.4951659448818898
11
0.8421922834645669
21
0.4947185039370078
0
LINE
8
BLACK
6
CONTINUOUS
10
0.8421922834645669
20
0.4947185039370078
11
0.8426331496062992
21
0.4936540551181102
0
LINE
8
BLACK
6
CONTINUOUS
10
0.8426331496062992
20
0.4936540551181102
11
0.8426331496062992
21
0.492501968503937
0
LINE
8
BLACK
6
CONTINUOUS
10
0.8426331496062992
20
0.492501968503937
11
0.8421922440944881
21
0.4914375590551181
0
LINE
8
BLACK
6
CONTINUOUS
10
0.8421922440944881
20
0.4914375590551181
11
0.8413775984251969
21
0.490622874015748
0
LINE
8
BLACK
6
CONTINUOUS
10
0.8413775984251969
20
0.490622874015748
11
0.8406249212598425
21
0.4903111417322835
0
LINE
8
BLACK
6
CONTINUOUS
10
0.8406249212598425
20
0.4903111417322835
11
0.840313188976378
21
0.4901820078740157
0
LINE
8
BLACK
6
CONTINUOUS
10
0.840313188976378
20
0.4901820078740157
11
0.839737125984252
21
0.4901252755905512
0
LINE
8
BLACK
6
CONTINUOUS
10
0.839737125984252
20
0.4901252755905512
11
0.8153651968503937
21
0.4901252755905512
0
LINE
8
BLACK
6
CONTINUOUS
10
0.8153651968503937
20
0.4901252755905512
11
0.8147891338582677
21
0.4901820078740157
0
LINE
8
BLACK
6
CONTINUOUS
10
0.8147891338582677
20
0.4901820078740157
11
0.8137247244094488
21
0.4906229133858268
0
LINE
8
BLACK
6
CONTINUOUS
10
0.8137247244094488
20
0.4906229133858268
11
0.8129100787401574
21
0.4914375590551181
0
LINE
8
BLACK
6
CONTINUOUS
10
0.8129100787401574
20
0.4914375590551181
11
0.8124691732283464
21
0.492501968503937
0
LINE
8
BLACK
6
CONTINUOUS
10
0.8124691732283464
20
0.492501968503937
11
0.8124691732283464
21
0.493654094488189
0
LINE
8
BLACK
6
CONTINUOUS
10
0.8124691732283464
20
0.493654094488189
11
0.8129100787401574
21
0.4947185039370078
0
LINE
8
BLACK
6
CONTINUOUS
10
0.8129100787401574
20
0.4947185039370078
11
0.8137247244094488
21
0.4955331496062992
0
LINE
8
BLACK
6
CONTINUOUS
10
0.8137247244094488
20
0.4955331496062992
11
0.8147891338582677
21
0.4959740551181102
0
LINE
8
BLACK
6
CONTINUOUS
10
0.8147891338582677
20
0.4959740551181102
11
0.8153651968503937
21
0.4960307874015748
0
LINE
8
BLACK
6
CONTINUOUS
10
0.8153651968503937
20
0.4960307874015748
11
0.8326085433070866
21
0.4960307874015748
0
LINE
8
BLACK
6
CONTINUOUS
10
0.8326085433070866
20
0.4960307874015748
11
0.8151520472440945
21
0.5134873228346457
0
LINE
8
BLACK
6
CONTINUOUS
10
0.8151520472440945
20
0.5134873228346457
11
0.814784842519685
21
0.5139347637795275
0
LINE
8
BLACK
6
CONTINUOUS
10
0.814784842519685
20
0.5139347637795275
11
0.8147442125984252
21
0.5140328346456693
0
LINE
8
BLACK
6
CONTINUOUS
10
0.8147442125984252
20
0.5140328346456693
11
0.8146747244094488
21
0.5141129527559055
0
LINE
8
BLACK
6
CONTINUOUS
10
0.8146747244094488
20
0.5141129527559055
11
0.8144387401574803
21
0.5146414960629921
0
LINE
8
BLACK
6
CONTINUOUS
10
0.8144387401574803
20
0.5146414960629921
11
0.8125639763779527
21
0.5202657874015748
0
LINE
8
BLACK
6
CONTINUOUS
10
0.8125639763779527
20
0.5202657874015748
11
0.8124990157480315
21
0.5205513779527559
0
LINE
8
BLACK
6
CONTINUOUS
10
0.8124990157480315
20
0.5205513779527559
11
0.8124691732283464
21
0.5206234645669291
0
LINE
8
BLACK
6
CONTINUOUS
10
0.8124691732283464
20
0.5206234645669291
11
0.8124588582677165
21
0.5207279921259842
0
LINE
8
BLACK
6
CONTINUOUS
10
0.8124588582677165
20
0.5207279921259842
11
0.8124356299212598
21
0.5208302362204724
0
LINE
8
BLACK
6
CONTINUOUS
10
0.8124356299212598
20
0.5208302362204724
11
0.8124411417322834
21
0.5209079921259843
0
LINE
8
BLACK
6
CONTINUOUS
10
0.8124411417322834
20
0.5209079921259843
11
0.8124124409448819
21
0.5211995275590551
0
LINE
8
BLACK
6
CONTINUOUS
10
0.8124124409448819
20
0.5211995275590551
11
0.8124124409448819
21
0.5249490551181102
0
LINE
8
BLACK
6
CONTINUOUS
10
0.8124124409448819
20
0.5249490551181102
11
0.8124691732283464
21
0.5255251181102362
0
LINE
8
BLACK
6
CONTINUOUS
10
0.8124691732283464
20
0.5255251181102362
11
0.8125097637795275
21
0.5256231496062992
0
LINE
8
BLACK
6
CONTINUOUS
10
0.8125097637795275
20
0.5256231496062992
11
0.8125172834645669
21
0.525728937007874
0
LINE
8
BLACK
6
CONTINUOUS
10
0.8125172834645669
20
0.525728937007874
11
0.8127241732283464
21
0.5262695669291338
0
LINE
8
BLACK
6
CONTINUOUS
10
0.8127241732283464
20
0.5262695669291338
11
0.814598937007874
21
0.530019094488189
0
LINE
8
BLACK
6
CONTINUOUS
10
0.814598937007874
20
0.530019094488189
11
0.814755
21
0.530267125984252
0
LINE
8
BLACK
6
CONTINUOUS
10
0.814755
20
0.530267125984252
11
0.814784842519685
21
0.5303390551181102
0
LINE
8
BLACK
6
CONTINUOUS
10
0.814784842519685
20
0.5303390551181102
11
0.8148512992125984
21
0.5304200393700788
0
LINE
8
BLACK
6
CONTINUOUS
10
0.8148512992125984
20
0.5304200393700788
11
0.8149072834645669
21
0.5305089763779527
0
LINE
8
BLACK
6
CONTINUOUS
10
0.8149072834645669
20
0.5305089763779527
11
0.8149662598425197
21
0.5305601574803149
0
LINE
8
BLACK
6
CONTINUOUS
10
0.8149662598425197
20
0.5305601574803149
11
0.8151520472440945
21
0.5307864960629921
0
LINE
8
BLACK
6
CONTINUOUS
10
0.8151520472440945
20
0.5307864960629921
11
0.8170268110236221
21
0.5326612598425197
0
LINE
8
BLACK
6
CONTINUOUS
10
0.8170268110236221
20
0.5326612598425197
11
0.8172531496062992
21
0.5328470472440945
0
LINE
8
BLACK
6
CONTINUOUS
10
0.8172531496062992
20
0.5328470472440945
11
0.8173043307086614
21
0.5329060236220472
0
LINE
8
BLACK
6
CONTINUOUS
10
0.8173043307086614
20
0.5329060236220472
11
0.8173932677165354
21
0.5329620078740157
0
LINE
8
BLACK
6
CONTINUOUS
10
0.8173932677165354
20
0.5329620078740157
11
0.8174742519685039
21
0.5330284645669291
0
LINE
8
BLACK
6
CONTINUOUS
10
0.8174742519685039
20
0.5330284645669291
11
0.8175461811023622
21
0.5330583070866142
0
LINE
8
BLACK
6
CONTINUOUS
10
0.8175461811023622
20
0.5330583070866142
11
0.8177942125984252
21
0.5332143700787402
0
LINE
8
BLACK
6
CONTINUOUS
10
0.8177942125984252
20
0.5332143700787402
11
0.8215437401574803
21
0.5350891338582677
0
LINE
8
BLACK
6
CONTINUOUS
10
0.8215437401574803
20
0.5350891338582677
11
0.8220843307086614
21
0.5352960236220472
0
LINE
8
BLACK
6
CONTINUOUS
10
0.8220843307086614
20
0.5352960236220472
11
0.8221901968503936
21
0.5353035826771654
0
LINE
8
BLACK
6
CONTINUOUS
10
0.8221901968503936
20
0.5353035826771654
11
0.8222881889763779
21
0.5353441338582677
0
LINE
8
BLACK
6
CONTINUOUS
10
0.8222881889763779
20
0.5353441338582677
11
0.8228642519685039
21
0.5354008661417323
0
LINE
8
BLACK
6
CONTINUOUS
10
0.8228642519685039
20
0.5354008661417323
11
0.8322380708661418
21
0.5354008661417323
0
LINE
8
BLACK
6
CONTINUOUS
10
0.8322380708661418
20
0.5354008661417323
11
0.8328141338582677
21
0.5353441338582677
0
LINE
8
BLACK
6
CONTINUOUS
10
0.8644006299212599
20
0.5353721653543307
11
0.8644783858267716
21
0.5353776771653543
0
LINE
8
BLACK
6
CONTINUOUS
10
0.8644783858267716
20
0.5353776771653543
11
0.8645806299212598
21
0.5353544488188976
0
LINE
8
BLACK
6
CONTINUOUS
10
0.8645806299212598
20
0.5353544488188976
11
0.8646851574803149
21
0.5353441338582677
0
LINE
8
BLACK
6
CONTINUOUS
10
0.8646851574803149
20
0.5353441338582677
11
0.8647572440944882
21
0.5353142913385827
0
LINE
8
BLACK
6
CONTINUOUS
10
0.8647572440944882
20
0.5353142913385827
11
0.8650428346456692
21
0.5352493307086614
0
LINE
8
BLACK
6
CONTINUOUS
10
0.8650428346456692
20
0.5352493307086614
11
0.870667125984252
21
0.5333745669291339
0
LINE
8
BLACK
6
CONTINUOUS
10
0.870667125984252
20
0.5333745669291339
11
0.8711956692913385
21
0.5331385826771653
0
LINE
8
BLACK
6
CONTINUOUS
10
0.8711956692913385
20
0.5331385826771653
11
0.8712757874015747
21
0.533069094488189
0
LINE
8
BLACK
6
CONTINUOUS
10
0.8712757874015747
20
0.533069094488189
11
0.8713738582677165
21
0.5330284645669291
0
LINE
8
BLACK
6
CONTINUOUS
10
0.8713738582677165
20
0.5330284645669291
11
0.8718212992125984
21
0.5326612598425197
0
LINE
8
BLACK
6
CONTINUOUS
10
0.8718212992125984
20
0.5326612598425197
11
0.8755708267716535
21
0.5289117322834646
0
LINE
8
BLACK
6
CONTINUOUS
10
0.8755708267716535
20
0.5289117322834646
11
0.8757566535433071
21
0.5286853543307086
0
LINE
8
BLACK
6
CONTINUOUS
10
0.8757566535433071
20
0.5286853543307086
11
0.8758155905511811
21
0.5286342125984251
0
LINE
8
BLACK
6
CONTINUOUS
10
0.8758155905511811
20
0.5286342125984251
11
0.8758714566929133
21
0.5285454724409449
0
LINE
8
BLACK
6
CONTINUOUS
10
0.8758714566929133
20
0.5285454724409449
11
0.8759380708661417
21
0.5284642913385826
0
LINE
8
BLACK
6
CONTINUOUS
10
0.8759380708661417
20
0.5284642913385826
11
0.8759679133858268
21
0.5283921653543306
0
LINE
8
BLACK
6
CONTINUOUS
10
0.8759679133858268
20
0.5283921653543306
11
0.8761239370078739
21
0.5281443307086614
0
LINE
8
BLACK
6
CONTINUOUS
10
0.8761239370078739
20
0.5281443307086614
11
0.8779987007874016
21
0.5243948031496063
0
LINE
8
BLACK
6
CONTINUOUS
10
0.8779987007874016
20
0.5243948031496063
11
0.8780148031496062
21
0.524352716535433
0
LINE
8
BLACK
6
CONTINUOUS
10
0.8780148031496062
20
0.524352716535433
11
0.8780275196850393
21
0.5243355511811023
0
LINE
8
BLACK
6
CONTINUOUS
10
0.8780275196850393
20
0.5243355511811023
11
0.8781138188976377
21
0.5240939763779527
0
LINE
8
BLACK
6
CONTINUOUS
10
0.8781138188976377
20
0.5240939763779527
11
0.8782055905511811
21
0.5238542125984252
0
LINE
8
BLACK
6
CONTINUOUS
10
0.8782055905511811
20
0.5238542125984252
11
0.8782070866141732
21
0.5238329527559055
0
LINE
8
BLACK
6
CONTINUOUS
10
0.8782070866141732
20
0.5238329527559055
11
0.8782222834645669
21
0.5237904330708661
0
LINE
8
BLACK
6
CONTINUOUS
10
0.8782222834645669
20
0.5237904330708661
11
0.8800970472440944
21
0.5162913779527559
0
LINE
8
BLACK
6
CONTINUOUS
10
0.8800970472440944
20
0.5162913779527559
11
0.880111811023622
21
0.5161915354330708
0
LINE
8
BLACK
6
CONTINUOUS
10
0.880111811023622
20
0.5161915354330708
11
0.8801284645669291
21
0.5161512992125984
0
LINE
8
BLACK
6
CONTINUOUS
10
0.8801284645669291
20
0.5161512992125984
11
0.8801498031496062
21
0.5159342913385827
0
LINE
8
BLACK
6
CONTINUOUS
10
0.8801498031496062
20
0.5159342913385827
11
0.8801816929133858
21
0.5157187795275591
0
LINE
8
BLACK
6
CONTINUOUS
10
0.8801816929133858
20
0.5157187795275591
11
0.8801752755905512
21
0.5156757874015748
0
LINE
8
BLACK
6
CONTINUOUS
10
0.8801752755905512
20
0.5156757874015748
11
0.8801851968503936
21
0.5155752362204724
0
LINE
8
BLACK
6
CONTINUOUS
10
0.8801851968503936
20
0.5155752362204724
11
0.8801851968503936
21
0.5099509448818897
0
LINE
8
BLACK
6
CONTINUOUS
10
0.8801851968503936
20
0.5099509448818897
11
0.8801752755905512
21
0.5098504330708661
0
LINE
8
BLACK
6
CONTINUOUS
10
0.8801752755905512
20
0.5098504330708661
11
0.8801816929133858
21
0.5098074015748031
0
LINE
8
BLACK
6
CONTINUOUS
10
0.8801816929133858
20
0.5098074015748031
11
0.8801498031496062
21
0.5095919291338582
0
LINE
8
BLACK
6
CONTINUOUS
10
0.8801498031496062
20
0.5095919291338582
11
0.8801284645669291
21
0.5093748818897638
0
LINE
8
BLACK
6
CONTINUOUS
10
0.8801284645669291
20
0.5093748818897638
11
0.880111811023622
21
0.5093346850393701
0
LINE
8
BLACK
6
CONTINUOUS
10
0.880111811023622
20
0.5093346850393701
11
0.8800970472440944
21
0.5092348031496063
0
LINE
8
BLACK
6
CONTINUOUS
10
0.8800970472440944
20
0.5092348031496063
11
0.8782222834645669
21
0.501735748031496
0
LINE
8
BLACK
6
CONTINUOUS
10
0.8782222834645669
20
0.501735748031496
11
0.8782070866141732
21
0.5016932677165354
0
LINE
8
BLACK
6
CONTINUOUS
10
0.8782070866141732
20
0.5016932677165354
11
0.8782055905511811
21
0.501671968503937
0
LINE
8
BLACK
6
CONTINUOUS
10
0.8782055905511811
20
0.501671968503937
11
0.8781138188976377
21
0.5014322440944882
0
LINE
8
BLACK
6
CONTINUOUS
10
0.8781138188976377
20
0.5014322440944882
11
0.8780275196850393
21
0.5011906299212598
0
LINE
8
BLACK
6
CONTINUOUS
10
0.8780275196850393
20
0.5011906299212598
11
0.8780148031496062
21
0.5011735039370079
0
LINE
8
BLACK
6
CONTINUOUS
10
0.8780148031496062
20
0.5011735039370079
11
0.8779987007874016
21
0.5011313779527559
0
LINE
8
BLACK
6
CONTINUOUS
10
0.8779987007874016
20
0.5011313779527559
11
0.8761239370078739
21
0.4973818503937008
0
LINE
8
BLACK
6
CONTINUOUS
10
0.8761239370078739
20
0.4973818503937008
11
0.875967874015748
21
0.4971339763779528
0
LINE
8
BLACK
6
CONTINUOUS
10
0.875967874015748
20
0.4971339763779528
11
0.8759380708661417
21
0.4970619291338583
0
LINE
8
BLACK
6
CONTINUOUS
10
0.8759380708661417
20
0.4970619291338583
11
0.8758715354330708
21
0.496980905511811
0
LINE
8
BLACK
6
CONTINUOUS
10
0.8758715354330708
20
0.496980905511811
11
0.8758155905511811
21
0.496891968503937
0
LINE
8
BLACK
6
CONTINUOUS
10
0.8758155905511811
20
0.496891968503937
11
0.8757565748031496
21
0.4968408267716535
0
LINE
8
BLACK
6
CONTINUOUS
10
0.8757565748031496
20
0.4968408267716535
11
0.8755708661417323
21
0.4966144881889764
0
LINE
8
BLACK
6
CONTINUOUS
10
0.8755708661417323
20
0.4966144881889764
11
0.8718212992125984
21
0.4928648818897638
0
LINE
8
BLACK
6
CONTINUOUS
10
0.8718212992125984
20
0.4928648818897638
11
0.8713738582677165
21
0.4924976771653543
0
LINE
8
BLACK
6
CONTINUOUS
10
0.8713738582677165
20
0.4924976771653543
11
0.8712757874015747
21
0.4924570866141732
0
LINE
8
BLACK
6
CONTINUOUS
10
0.8712757874015747
20
0.4924570866141732
11
0.8711956692913385
21
0.4923875590551181
0
LINE
8
BLACK
6
CONTINUOUS
10
0.8711956692913385
20
0.4923875590551181
11
0.870667125984252
21
0.4921515748031496
0
LINE
8
BLACK
6
CONTINUOUS
10
0.870667125984252
20
0.4921515748031496
11
0.8650428346456692
21
0.490276811023622
0
LINE
8
BLACK
6
CONTINUOUS
10
0.8650428346456692
20
0.490276811023622
11
0.8647572440944882
21
0.4902118897637795
0
LINE
8
BLACK
6
CONTINUOUS
10
0.8647572440944882
20
0.4902118897637795
11
0.8646851574803149
21
0.4901820078740157
0
LINE
8
BLACK
6
CONTINUOUS
10
0.8646851574803149
20
0.4901820078740157
11
0.8645806299212598
21
0.4901717322834646
0
LINE
8
BLACK
6
CONTINUOUS
10
0.8645806299212598
20
0.4901717322834646
11
0.8644783858267716
21
0.4901484645669291
0
LINE
8
BLACK
6
CONTINUOUS
10
0.8644783858267716
20
0.4901484645669291
11
0.8644006299212599
21
0.4901540157480315
0
LINE
8
BLACK
6
CONTINUOUS
10
0.8644006299212599
20
0.4901540157480315
11
0.864109094488189
21
0.4901252755905512
0
LINE
8
BLACK
6
CONTINUOUS
10
0.864109094488189
20
0.4901252755905512
11
0.8603595669291338
21
0.4901252755905512
0
LINE
8
BLACK
6
CONTINUOUS
10
0.8603595669291338
20
0.4901252755905512
11
0.8600679527559055
21
0.4901540157480315
0
LINE
8
BLACK
6
CONTINUOUS
10
0.8600679527559055
20
0.4901540157480315
11
0.8599902362204724
21
0.4901484645669291
0
LINE
8
BLACK
6
CONTINUOUS
10
0.8599902362204724
20
0.4901484645669291
11
0.8598879527559055
21
0.4901717322834646
0
LINE
8
BLACK
6
CONTINUOUS
10
0.8598879527559055
20
0.4901717322834646
11
0.8597835039370079
21
0.4901820078740157
0
LINE
8
BLACK
6
CONTINUOUS
10
0.8597835039370079
20
0.4901820078740157
11
0.8597114173228346
21
0.4902118897637795
0
LINE
8
BLACK
6
CONTINUOUS
10
0.8597114173228346
20
0.4902118897637795
11
0.8594257874015748
21
0.490276811023622
0
LINE
8
BLACK
6
CONTINUOUS
10
0.8594257874015748
20
0.490276811023622
11
0.8538015354330708
21
0.4921515748031496
0
LINE
8
BLACK
6
CONTINUOUS
10
0.8538015354330708
20
0.4921515748031496
11
0.8532729527559055
21
0.4923875590551181
0
LINE
8
BLACK
6
CONTINUOUS
10
0.8532729527559055
20
0.4923875590551181
11
0.8531927559055118
21
0.492457125984252
0
LINE
8
BLACK
6
CONTINUOUS
10
0.8531927559055118
20
0.492457125984252
11
0.8530948031496063
21
0.4924976771653543
0
LINE
8
BLACK
6
CONTINUOUS
10
0.8530948031496063
20
0.4924976771653543
11
0.8526473228346456
21
0.4928649212598425
0
LINE
8
BLACK
6
CONTINUOUS
10
0.8526473228346456
20
0.4928649212598425
11
0.8507725590551181
21
0.4947397244094488
0
LINE
8
BLACK
6
CONTINUOUS
10
0.8507725590551181
20
0.4947397244094488
11
0.8504053543307086
21
0.4951871653543307
0
LINE
8
BLACK
6
CONTINUOUS
10
0.8504053543307086
20
0.4951871653543307
11
0.8499644881889764
21
0.4962515748031496
0
LINE
8
BLACK
6
CONTINUOUS
10
0.8499644881889764
20
0.4962515748031496
11
0.8499644881889764
21
0.4974036614173228
0
LINE
8
BLACK
6
CONTINUOUS
10
0.8499644881889764
20
0.4974036614173228
11
0.8504053937007874
21
0.4984680708661417
0
LINE
8
BLACK
6
CONTINUOUS
10
0.8504053937007874
20
0.4984680708661417
11
0.8512200787401575
21
0.4992827559055118
0
LINE
8
BLACK
6
CONTINUOUS
10
0.8512200787401575
20
0.4992827559055118
11
0.8522844881889764
21
0.4997236220472441
0
LINE
8
BLACK
6
CONTINUOUS
10
0.8522844881889764
20
0.4997236220472441
11
0.8534365748031496
21
0.4997236220472441
0
LINE
8
BLACK
6
CONTINUOUS
10
0.8534365748031496
20
0.4997236220472441
11
0.8545009842519685
21
0.499282716535433
0
LINE
8
BLACK
6
CONTINUOUS
10
0.8545009842519685
20
0.499282716535433
11
0.8549484645669291
21
0.4989154724409449
0
LINE
8
BLACK
6
CONTINUOUS
10
0.8549484645669291
20
0.4989154724409449
11
0.8563303149606299
21
0.4975335826771654
0
LINE
8
BLACK
6
CONTINUOUS
10
0.8563303149606299
20
0.4975335826771654
11
0.8608387007874015
21
0.4960307874015748
0
LINE
8
BLACK
6
CONTINUOUS
10
0.8608387007874015
20
0.4960307874015748
11
0.8636299606299213
21
0.4960307874015748
0
LINE
8
BLACK
6
CONTINUOUS
10
0.8636299606299213
20
0.4960307874015748
11
0.8681383464566929
21
0.4975336220472441
0
LINE
8
BLACK
6
CONTINUOUS
10
0.8681383464566929
20
0.4975336220472441
11
0.8710561417322834
21
0.5004514566929134
0
LINE
8
BLACK
6
CONTINUOUS
10
0.8710561417322834
20
0.5004514566929134
11
0.872571653543307
21
0.5034824409448819
0
LINE
8
BLACK
6
CONTINUOUS
10
0.872571653543307
20
0.5034824409448819
11
0.87427968503937
21
0.5103144881889764
0
LINE
8
BLACK
6
CONTINUOUS
10
0.87427968503937
20
0.5103144881889764
11
0.87427968503937
21
0.5152116929133859
0
LINE
8
BLACK
6
CONTINUOUS
10
0.87427968503937
20
0.5152116929133859
11
0.872571653543307
21
0.5220437401574803
0
LINE
8
BLACK
6
CONTINUOUS
10
0.872571653543307
20
0.5220437401574803
11
0.8710561811023622
21
0.5250747244094488
0
LINE
8
BLACK
6
CONTINUOUS
10
0.8710561811023622
20
0.5250747244094488
11
0.8681383464566929
21
0.5279925590551181
0
LINE
8
BLACK
6
CONTINUOUS
10
0.8681383464566929
20
0.5279925590551181
11
0.8636299606299213
21
0.5294953543307086
0
LINE
8
BLACK
6
CONTINUOUS
10
0.8636299606299213
20
0.5294953543307086
11
0.8608387007874015
21
0.5294953543307086
0
LINE
8
BLACK
6
CONTINUOUS
10
0.8608387007874015
20
0.5294953543307086
11
0.8563303149606299
21
0.5279925590551181
0
LINE
8
BLACK
6
CONTINUOUS
10
0.8563303149606299
20
0.5279925590551181
11
0.8549484251968503
21
0.5266106692913386
0
LINE
8
BLACK
6
CONTINUOUS
10
0.8549484251968503
20
0.5266106692913386
11
0.8545009842519685
21
0.5262434645669292
0
LINE
8
BLACK
6
CONTINUOUS
10
0.8545009842519685
20
0.5262434645669292
11
0.8534365354330709
21
0.5258025590551181
0
LINE
8
BLACK
6
CONTINUOUS
10
0.8534365354330709
20
0.5258025590551181
11
0.8522844881889764
21
0.5258025590551181
0
LINE
8
BLACK
6
CONTINUOUS
10
0.8522844881889764
20
0.5258025590551181
11
0.8512200393700787
21
0.5262434645669292
0
LINE
8
BLACK
6
CONTINUOUS
10
0.8512200393700787
20
0.5262434645669292
11
0.8504053937007874
21
0.5270581102362205
0
LINE
8
BLACK
6
CONTINUOUS
10
0.8504053937007874
20
0.5270581102362205
11
0.8499644881889764
21
0.5281225590551181
0
LINE
8
BLACK
6
CONTINUOUS
10
0.8499644881889764
20
0.5281225590551181
11
0.8499644881889764
21
0.5292746062992126
0
LINE
8
BLACK
6
CONTINUOUS
10
0.8499644881889764
20
0.5292746062992126
11
0.8504053937007874
21
0.5303390551181102
0
LINE
8
BLACK
6
CONTINUOUS
10
0.8504053937007874
20
0.5303390551181102
11
0.8507725984251968
21
0.5307864960629921
0
LINE
8
BLACK
6
CONTINUOUS
10
0.8507725984251968
20
0.5307864960629921
11
0.8526473622047244
21
0.5326612598425197
0
LINE
8
BLACK
6
CONTINUOUS
10
0.8526473622047244
20
0.5326612598425197
11
0.8530948031496063
21
0.5330284645669291
0
LINE
8
BLACK
6
CONTINUOUS
10
0.8530948031496063
20
0.5330284645669291
11
0.8531927559055118
21
0.5330690551181102
0
LINE
8
BLACK
6
CONTINUOUS
10
0.8531927559055118
20
0.5330690551181102
11
0.8532729527559055
21
0.5331385826771653
0
LINE
8
BLACK
6
CONTINUOUS
10
0.8532729527559055
20
0.5331385826771653
11
0.8538015354330708
21
0.5333745669291339
0
LINE
8
BLACK
6
CONTINUOUS
10
0.8538015354330708
20
0.5333745669291339
11
0.8594257874015748
21
0.5352493307086614
0
LINE
8
BLACK
6
CONTINUOUS
10
0.8594257874015748
20
0.5352493307086614
11
0.8597114173228346
21
0.5353142913385827
0
LINE
8
BLACK
6
CONTINUOUS
10
0.8597114173228346
20
0.5353142913385827
11
0.8597835039370079
21
0.5353441338582677
0
LINE
8
BLACK
6
CONTINUOUS
10
0.8597835039370079
20
0.5353441338582677
11
0.8598879527559055
21
0.5353544488188976
0
LINE
8
BLACK
6
CONTINUOUS
10
0.8598879527559055
20
0.5353544488188976
11
0.8599902362204724
21
0.5353776771653543
0
LINE
8
BLACK
6
CONTINUOUS
10
0.8599902362204724
20
0.5353776771653543
11
0.8600679527559055
21
0.5353721653543307
0
LINE
8
BLACK
6
CONTINUOUS
10
0.8600679527559055
20
0.5353721653543307
11
0.8603595669291338
21
0.5354008661417323
0
LINE
8
BLACK
6
CONTINUOUS
10
0.8603595669291338
20
0.5354008661417323
11
0.864109094488189
21
0.5354008661417323
0
LINE
8
BLACK
6
CONTINUOUS
10
0.864109094488189
20
0.5354008661417323
11
0.8644006299212599
21
0.5353721653543307
0
LINE
8
BLACK
6
CONTINUOUS
10
1.279217559055118
20
0.578674842519685
11
1.2793155511811023
21
0.5786342519685039
0
LINE
8
BLACK
6
CONTINUOUS
10
1.2793155511811023
20
0.5786342519685039
11
1.2794213779527559
21
0.5786267322834645
0
LINE
8
BLACK
6
CONTINUOUS
10
1.2794213779527559
20
0.5786267322834645
11
1.2799620078740157
21
0.578419842519685
0
LINE
8
BLACK
6
CONTINUOUS
10
1.2799620078740157
20
0.578419842519685
11
1.2837115354330708
21
0.5765450787401575
0
LINE
8
BLACK
6
CONTINUOUS
10
1.2837115354330708
20
0.5765450787401575
11
1.2839595275590552
21
0.5763890157480315
0
LINE
8
BLACK
6
CONTINUOUS
10
1.2839595275590552
20
0.5763890157480315
11
1.2840314960629922
21
0.5763591732283464
0
LINE
8
BLACK
6
CONTINUOUS
10
1.2840314960629922
20
0.5763591732283464
11
1.2841124409448819
21
0.576292716535433
0
LINE
8
BLACK
6
CONTINUOUS
10
1.2841124409448819
20
0.576292716535433
11
1.2842014173228347
21
0.5762367322834645
0
LINE
8
BLACK
6
CONTINUOUS
10
1.2842014173228347
20
0.5762367322834645
11
1.2842525590551181
21
0.5761777559055118
0
LINE
8
BLACK
6
CONTINUOUS
10
1.2842525590551181
20
0.5761777559055118
11
1.284478937007874
21
0.575991968503937
0
LINE
8
BLACK
6
CONTINUOUS
10
1.284478937007874
20
0.575991968503937
11
1.2863537007874015
21
0.5741172047244094
0
LINE
8
BLACK
6
CONTINUOUS
10
1.2863537007874015
20
0.5741172047244094
11
1.286720905511811
21
0.5736697637795275
0
LINE
8
BLACK
6
CONTINUOUS
10
1.286720905511811
20
0.5736697637795275
11
1.287161811023622
21
0.5726053543307087
0
LINE
8
BLACK
6
CONTINUOUS
10
1.287161811023622
20
0.5726053543307087
11
1.287161811023622
21
0.5714532677165354
0
LINE
8
BLACK
6
CONTINUOUS
10
1.287161811023622
20
0.5714532677165354
11
1.286720905511811
21
0.5703888582677166
0
LINE
8
BLACK
6
CONTINUOUS
10
1.286720905511811
20
0.5703888582677166
11
1.285906220472441
21
0.5695741732283465
0
LINE
8
BLACK
6
CONTINUOUS
10
1.285906220472441
20
0.5695741732283465
11
1.2848418110236219
21
0.5691332677165354
0
LINE
8
BLACK
6
CONTINUOUS
10
1.2848418110236219
20
0.5691332677165354
11
1.2836897244094487
21
0.5691332677165354
0
LINE
8
BLACK
6
CONTINUOUS
10
1.2836897244094487
20
0.5691332677165354
11
1.2826253149606299
21
0.5695741732283465
0
LINE
8
BLACK
6
CONTINUOUS
10
1.2826253149606299
20
0.5695741732283465
11
1.2821778740157479
21
0.5699413779527559
0
LINE
8
BLACK
6
CONTINUOUS
10
1.2821778740157479
20
0.5699413779527559
11
1.2806419291338582
21
0.5714773228346457
0
LINE
8
BLACK
6
CONTINUOUS
10
1.2806419291338582
20
0.5714773228346457
11
1.2779444488188976
21
0.572826062992126
0
LINE
8
BLACK
6
CONTINUOUS
10
1.2779444488188976
20
0.572826062992126
11
1.2699647244094487
21
0.572826062992126
0
LINE
8
BLACK
6
CONTINUOUS
10
1.2699647244094487
20
0.572826062992126
11
1.2672672440944881
21
0.5714773228346457
0
LINE
8
BLACK
6
CONTINUOUS
10
1.2672672440944881
20
0.5714773228346457
11
1.2660701181102363
21
0.5702801968503937
0
LINE
8
BLACK
6
CONTINUOUS
10
1.2660701181102363
20
0.5702801968503937
11
1.264721377952756
21
0.567582716535433
0
LINE
8
BLACK
6
CONTINUOUS
10
1.264721377952756
20
0.567582716535433
11
1.264721377952756
21
0.5650094094488188
0
LINE
8
BLACK
6
CONTINUOUS
10
1.264721377952756
20
0.5650094094488188
11
1.2662241732283464
21
0.5605009842519685
0
LINE
8
BLACK
6
CONTINUOUS
10
1.2662241732283464
20
0.5605009842519685
11
1.2882284645669291
21
0.5384966535433071
0
LINE
8
BLACK
6
CONTINUOUS
10
1.2882284645669291
20
0.5384966535433071
11
1.2885957086614173
21
0.5380492125984252
0
LINE
8
BLACK
6
CONTINUOUS
10
1.2885957086614173
20
0.5380492125984252
11
1.2890365748031496
21
0.5369847637795275
0
LINE
8
BLACK
6
CONTINUOUS
10
1.2890365748031496
20
0.5369847637795275
11
1.2890365748031496
21
0.5358326771653543
0
LINE
8
BLACK
6
CONTINUOUS
10
1.2890365748031496
20
0.5358326771653543
11
1.2885956692913385
21
0.5347682677165354
0
LINE
8
BLACK
6
CONTINUOUS
10
1.2885956692913385
20
0.5347682677165354
11
1.2877810236220473
21
0.5339535826771653
0
LINE
8
BLACK
6
CONTINUOUS
10
1.2877810236220473
20
0.5339535826771653
11
1.287028346456693
21
0.5336418503937008
0
LINE
8
BLACK
6
CONTINUOUS
10
1.287028346456693
20
0.5336418503937008
11
1.2867166141732282
21
0.5335127165354331
0
LINE
8
BLACK
6
CONTINUOUS
10
1.2867166141732282
20
0.5335127165354331
11
1.2861405511811024
21
0.5334559842519685
0
LINE
8
BLACK
6
CONTINUOUS
10
1.2861405511811024
20
0.5334559842519685
11
1.2617686220472442
21
0.5334559842519685
0
LINE
8
BLACK
6
CONTINUOUS
10
1.2617686220472442
20
0.5334559842519685
11
1.2611925590551181
21
0.5335127165354331
0
LINE
8
BLACK
6
CONTINUOUS
10
1.2611925590551181
20
0.5335127165354331
11
1.2601281496062993
21
0.5339536220472441
0
LINE
8
BLACK
6
CONTINUOUS
10
1.2601281496062993
20
0.5339536220472441
11
1.2593135039370078
21
0.5347682677165354
0
LINE
8
BLACK
6
CONTINUOUS
10
1.2593135039370078
20
0.5347682677165354
11
1.2588725984251967
21
0.5358326771653543
0
LINE
8
BLACK
6
CONTINUOUS
10
1.2588725984251967
20
0.5358326771653543
11
1.2588725984251967
21
0.5369848031496063
0
LINE
8
BLACK
6
CONTINUOUS
10
1.2588725984251967
20
0.5369848031496063
11
1.2593135039370078
21
0.5380492125984252
0
LINE
8
BLACK
6
CONTINUOUS
10
1.2593135039370078
20
0.5380492125984252
11
1.2601281496062993
21
0.5388638582677165
0
LINE
8
BLACK
6
CONTINUOUS
10
1.2601281496062993
20
0.5388638582677165
11
1.2611925590551181
21
0.5393047637795275
0
LINE
8
BLACK
6
CONTINUOUS
10
1.2611925590551181
20
0.5393047637795275
11
1.2617686220472442
21
0.5393614960629921
0
LINE
8
BLACK
6
CONTINUOUS
10
1.2617686220472442
20
0.5393614960629921
11
1.2790119685039369
21
0.5393614960629921
0
LINE
8
BLACK
6
CONTINUOUS
10
1.2790119685039369
20
0.5393614960629921
11
1.2615554724409448
21
0.556818031496063
0
LINE
8
BLACK
6
CONTINUOUS
10
1.2615554724409448
20
0.556818031496063
11
1.2611882677165354
21
0.5572654724409448
0
LINE
8
BLACK
6
CONTINUOUS
10
1.2611882677165354
20
0.5572654724409448
11
1.2611476377952755
21
0.5573635433070866
0
LINE
8
BLACK
6
CONTINUOUS
10
1.2611476377952755
20
0.5573635433070866
11
1.2610781496062993
21
0.5574436614173228
0
LINE
8
BLACK
6
CONTINUOUS
10
1.2610781496062993
20
0.5574436614173228
11
1.2608421653543307
21
0.5579722047244094
0
LINE
8
BLACK
6
CONTINUOUS
10
1.2608421653543307
20
0.5579722047244094
11
1.2589674015748031
21
0.5635964960629921
0
LINE
8
BLACK
6
CONTINUOUS
10
1.2589674015748031
20
0.5635964960629921
11
1.2589024409448819
21
0.5638820866141732
0
LINE
8
BLACK
6
CONTINUOUS
10
1.2589024409448819
20
0.5638820866141732
11
1.2588725984251967
21
0.5639541732283464
0
LINE
8
BLACK
6
CONTINUOUS
10
1.2588725984251967
20
0.5639541732283464
11
1.2588622834645669
21
0.5640587007874016
0
LINE
8
BLACK
6
CONTINUOUS
10
1.2588622834645669
20
0.5640587007874016
11
1.2588390551181101
21
0.5641609448818897
0
LINE
8
BLACK
6
CONTINUOUS
10
1.2588390551181101
20
0.5641609448818897
11
1.2588445669291339
21
0.5642387007874016
0
LINE
8
BLACK
6
CONTINUOUS
10
1.2588445669291339
20
0.5642387007874016
11
1.2588158661417324
21
0.5645302362204724
0
LINE
8
BLACK
6
CONTINUOUS
10
1.2588158661417324
20
0.5645302362204724
11
1.2588158661417324
21
0.5682797637795275
0
LINE
8
BLACK
6
CONTINUOUS
10
1.2588158661417324
20
0.5682797637795275
11
1.2588725984251967
21
0.5688558267716536
0
LINE
8
BLACK
6
CONTINUOUS
10
1.2588725984251967
20
0.5688558267716536
11
1.2589131889763778
21
0.5689538582677165
0
LINE
8
BLACK
6
CONTINUOUS
10
1.2589131889763778
20
0.5689538582677165
11
1.2589207086614174
21
0.5690596456692913
0
LINE
8
BLACK
6
CONTINUOUS
10
1.2589207086614174
20
0.5690596456692913
11
1.2591275984251968
21
0.5696002755905512
0
LINE
8
BLACK
6
CONTINUOUS
10
1.2591275984251968
20
0.5696002755905512
11
1.2610023622047244
21
0.5733498031496063
0
LINE
8
BLACK
6
CONTINUOUS
10
1.2610023622047244
20
0.5733498031496063
11
1.2611584251968504
21
0.5735978346456693
0
LINE
8
BLACK
6
CONTINUOUS
10
1.2611584251968504
20
0.5735978346456693
11
1.2611882677165354
21
0.5736697637795275
0
LINE
8
BLACK
6
CONTINUOUS
10
1.2611882677165354
20
0.5736697637795275
11
1.2612547244094487
21
0.5737507480314961
0
LINE
8
BLACK
6
CONTINUOUS
10
1.2612547244094487
20
0.5737507480314961
11
1.2613107086614173
21
0.5738396850393701
0
LINE
8
BLACK
6
CONTINUOUS
10
1.2613107086614173
20
0.5738396850393701
11
1.2613696850393701
21
0.5738908661417322
0
LINE
8
BLACK
6
CONTINUOUS
10
1.2613696850393701
20
0.5738908661417322
11
1.2615554724409448
21
0.5741172047244094
0
LINE
8
BLACK
6
CONTINUOUS
10
1.2615554724409448
20
0.5741172047244094
11
1.2634302362204723
21
0.575991968503937
0
LINE
8
BLACK
6
CONTINUOUS
10
1.2634302362204723
20
0.575991968503937
11
1.2636565748031496
21
0.5761777559055118
0
LINE
8
BLACK
6
CONTINUOUS
10
1.2636565748031496
20
0.5761777559055118
11
1.2637077559055119
21
0.5762367322834645
0
LINE
8
BLACK
6
CONTINUOUS
10
1.2637077559055119
20
0.5762367322834645
11
1.2637966929133857
21
0.576292716535433
0
LINE
8
BLACK
6
CONTINUOUS
10
1.2637966929133857
20
0.576292716535433
11
1.2638776771653544
21
0.5763591732283464
0
LINE
8
BLACK
6
CONTINUOUS
10
1.2638776771653544
20
0.5763591732283464
11
1.2639496062992126
21
0.5763890157480315
0
LINE
8
BLACK
6
CONTINUOUS
10
1.2639496062992126
20
0.5763890157480315
11
1.2641976377952755
21
0.5765450787401575
0
LINE
8
BLACK
6
CONTINUOUS
10
1.2641976377952755
20
0.5765450787401575
11
1.2679471653543306
21
0.578419842519685
0
LINE
8
BLACK
6
CONTINUOUS
10
1.2679471653543306
20
0.578419842519685
11
1.2684877559055119
21
0.5786267322834645
0
LINE
8
BLACK
6
CONTINUOUS
10
1.2684877559055119
20
0.5786267322834645
11
1.268593622047244
21
0.5786342913385827
0
LINE
8
BLACK
6
CONTINUOUS
10
1.268593622047244
20
0.5786342913385827
11
1.2686916141732283
21
0.578674842519685
0
LINE
8
BLACK
6
CONTINUOUS
10
1.2686916141732283
20
0.578674842519685
11
1.2692676771653544
21
0.5787315748031496
0
LINE
8
BLACK
6
CONTINUOUS
10
1.2692676771653544
20
0.5787315748031496
11
1.2786414960629922
21
0.5787315748031496
0
LINE
8
BLACK
6
CONTINUOUS
10
1.2786414960629922
20
0.5787315748031496
11
1.279217559055118
21
0.578674842519685
0
LINE
8
BLACK
6
CONTINUOUS
10
1.3159025196850394
20
0.578233937007874
11
1.3167171653543306
21
0.5774192913385827
0
LINE
8
BLACK
6
CONTINUOUS
10
1.3167171653543306
20
0.5774192913385827
11
1.3171580708661417
21
0.5763548818897638
0
LINE
8
BLACK
6
CONTINUOUS
10
1.3171580708661417
20
0.5763548818897638
11
1.3172148031496063
21
0.5757788188976378
0
LINE
8
BLACK
6
CONTINUOUS
10
1.3172148031496063
20
0.5757788188976378
11
1.3172148031496063
21
0.5364087401574803
0
LINE
8
BLACK
6
CONTINUOUS
10
1.3172148031496063
20
0.5364087401574803
11
1.3171580708661417
21
0.5358326771653543
0
LINE
8
BLACK
6
CONTINUOUS
10
1.3171580708661417
20
0.5358326771653543
11
1.3167171653543306
21
0.5347682677165354
0
LINE
8
BLACK
6
CONTINUOUS
10
1.3167171653543306
20
0.5347682677165354
11
1.3159025196850394
21
0.5339536220472441
0
LINE
8
BLACK
6
CONTINUOUS
10
1.3159025196850394
20
0.5339536220472441
11
1.3148381102362205
21
0.5335127165354331
0
LINE
8
BLACK
6
CONTINUOUS
10
1.3148381102362205
20
0.5335127165354331
11
1.3142620472440945
21
0.5334559842519685
0
LINE
8
BLACK
6
CONTINUOUS
10
1.3142620472440945
20
0.5334559842519685
11
1.2955144094488189
21
0.5334559842519685
0
LINE
8
BLACK
6
CONTINUOUS
10
1.2955144094488189
20
0.5334559842519685
11
1.2949383464566928
21
0.5335127165354331
0
LINE
8
BLACK
6
CONTINUOUS
10
1.2949383464566928
20
0.5335127165354331
11
1.293873937007874
21
0.5339536220472441
0
LINE
8
BLACK
6
CONTINUOUS
10
1.293873937007874
20
0.5339536220472441
11
1.2930592913385826
21
0.5347682677165354
0
LINE
8
BLACK
6
CONTINUOUS
10
1.2930592913385826
20
0.5347682677165354
11
1.2926183858267717
21
0.5358326771653543
0
LINE
8
BLACK
6
CONTINUOUS
10
1.2926183858267717
20
0.5358326771653543
11
1.2926183858267717
21
0.5369848031496063
0
LINE
8
BLACK
6
CONTINUOUS
10
1.2926183858267717
20
0.5369848031496063
11
1.2930592913385826
21
0.5380492125984252
0
LINE
8
BLACK
6
CONTINUOUS
10
1.2930592913385826
20
0.5380492125984252
11
1.293873937007874
21
0.5388638582677165
0
LINE
8
BLACK
6
CONTINUOUS
10
1.293873937007874
20
0.5388638582677165
11
1.2949383464566928
21
0.5393047637795275
0
LINE
8
BLACK
6
CONTINUOUS
10
1.2949383464566928
20
0.5393047637795275
11
1.2955144094488189
21
0.5393614960629921
0
LINE
8
BLACK
6
CONTINUOUS
10
1.2955144094488189
20
0.5393614960629921
11
1.3113092913385826
21
0.5393614960629921
0
LINE
8
BLACK
6
CONTINUOUS
10
1.3113092913385826
20
0.5393614960629921
11
1.3113092913385826
21
0.5757788188976378
0
LINE
8
BLACK
6
CONTINUOUS
10
1.3113092913385826
20
0.5757788188976378
11
1.3113660236220472
21
0.5763548818897638
0
LINE
8
BLACK
6
CONTINUOUS
10
1.3113660236220472
20
0.5763548818897638
11
1.3118069291338583
21
0.5774192913385827
0
LINE
8
BLACK
6
CONTINUOUS
10
1.3118069291338583
20
0.5774192913385827
11
1.3126215748031496
21
0.578233937007874
0
LINE
8
BLACK
6
CONTINUOUS
10
1.3126215748031496
20
0.578233937007874
11
1.3136859842519684
21
0.578674842519685
0
LINE
8
BLACK
6
CONTINUOUS
10
1.3136859842519684
20
0.578674842519685
11
1.3148381102362205
21
0.578674842519685
0
LINE
8
BLACK
6
CONTINUOUS
10
1.3148381102362205
20
0.578674842519685
11
1.3159025196850394
21
0.578233937007874
0
LINE
8
BLACK
6
CONTINUOUS
10
0.8330155905511811
20
0.5446627559055118
11
0.8342940157480315
21
0.5433843307086614
0
LINE
8
BLACK
6
CONTINUOUS
10
0.8342940157480315
20
0.5433843307086614
11
0.8342940157480315
21
0.5415763779527559
0
LINE
8
BLACK
6
CONTINUOUS
10
0.8342940157480315
20
0.5415763779527559
11
0.8330155905511811
21
0.5402979527559055
0
LINE
8
BLACK
6
CONTINUOUS
10
0.8330155905511811
20
0.5402979527559055
11
0.8321116141732283
21
0.5401181496062992
0
LINE
8
BLACK
6
CONTINUOUS
10
0.8321116141732283
20
0.5401181496062992
11
0.8229907480314961
21
0.5401181496062992
0
LINE
8
BLACK
6
CONTINUOUS
10
0.8229907480314961
20
0.5401181496062992
11
0.8220867716535433
21
0.5402979527559055
0
LINE
8
BLACK
6
CONTINUOUS
10
0.8220867716535433
20
0.5402979527559055
11
0.8208083464566929
21
0.5415763779527559
0
LINE
8
BLACK
6
CONTINUOUS
10
0.8208083464566929
20
0.5415763779527559
11
0.8208083464566929
21
0.5433843307086614
0
LINE
8
BLACK
6
CONTINUOUS
10
0.8208083464566929
20
0.5433843307086614
11
0.8220867716535433
21
0.5446627559055118
0
LINE
8
BLACK
6
CONTINUOUS
10
0.8220867716535433
20
0.5446627559055118
11
0.8229907480314961
21
0.5448425590551181
0
LINE
8
BLACK
6
CONTINUOUS
10
0.8229907480314961
20
0.5448425590551181
11
0.8321116141732283
21
0.5448425590551181
0
LINE
8
BLACK
6
CONTINUOUS
10
0.8321116141732283
20
0.5448425590551181
11
0.8330155905511811
21
0.5446627559055118
0
LINE
8
BLACK
6
CONTINUOUS
10
1.1464311023622047
20
0.6257378346456692
11
1.1467203937007873
21
0.6257378346456692
0
LINE
8
BLACK
6
CONTINUOUS
10
1.1467203937007873
20
0.6257378346456692
11
1.1469904724409448
21
0.6256259842519685
0
LINE
8
BLACK
6
CONTINUOUS
10
1.1469904724409448
20
0.6256259842519685
11
1.147277125984252
21
0.6255686220472441
0
LINE
8
BLACK
6
CONTINUOUS
10
1.147277125984252
20
0.6255686220472441
11
1.1475174803149606
21
0.6254076771653543
0
LINE
8
BLACK
6
CONTINUOUS
10
1.1475174803149606
20
0.6254076771653543
11
1.1477848031496063
21
0.6252969291338583
0
LINE
8
BLACK
6
CONTINUOUS
10
1.1477848031496063
20
0.6252969291338583
11
1.147991496062992
21
0.6250902362204724
0
LINE
8
BLACK
6
CONTINUOUS
10
1.147991496062992
20
0.6250902362204724
11
1.1482344094488188
21
0.6249275590551181
0
LINE
8
BLACK
6
CONTINUOUS
10
1.1482344094488188
20
0.6249275590551181
11
1.1485974015748031
21
0.6244843307086614
0
LINE
8
BLACK
6
CONTINUOUS
10
1.1485974015748031
20
0.6244843307086614
11
1.1485994488188975
21
0.6244822834645669
0
LINE
8
BLACK
6
CONTINUOUS
10
1.1485994488188975
20
0.6244822834645669
11
1.1485998031496063
21
0.6244814173228347
0
LINE
8
BLACK
6
CONTINUOUS
10
1.1485998031496063
20
0.6244814173228347
11
1.1486011811023622
21
0.6244797244094488
0
LINE
8
BLACK
6
CONTINUOUS
10
1.1486011811023622
20
0.6244797244094488
11
1.1521885039370079
21
0.6190987007874016
0
LINE
8
BLACK
6
CONTINUOUS
10
1.1521885039370079
20
0.6190987007874016
11
1.1553924803149607
21
0.6158947244094488
0
LINE
8
BLACK
6
CONTINUOUS
10
1.1553924803149607
20
0.6158947244094488
11
1.1587134251968503
21
0.6142342519685039
0
LINE
8
BLACK
6
CONTINUOUS
10
1.1587134251968503
20
0.6142342519685039
11
1.1592033070866141
21
0.613925905511811
0
LINE
8
BLACK
6
CONTINUOUS
10
1.1592033070866141
20
0.613925905511811
11
1.1599581496062992
21
0.6130555118110236
0
LINE
8
BLACK
6
CONTINUOUS
10
1.1599581496062992
20
0.6130555118110236
11
1.1603224803149605
21
0.6119625590551181
0
LINE
8
BLACK
6
CONTINUOUS
10
1.1603224803149605
20
0.6119625590551181
11
1.1602408267716535
21
0.6108133464566929
0
LINE
8
BLACK
6
CONTINUOUS
10
1.1602408267716535
20
0.6108133464566929
11
1.1597255511811024
21
0.6097828346456693
0
LINE
8
BLACK
6
CONTINUOUS
10
1.1597255511811024
20
0.6097828346456693
11
1.1588551968503937
21
0.6090279921259842
0
LINE
8
BLACK
6
CONTINUOUS
10
1.1588551968503937
20
0.6090279921259842
11
1.1577622047244094
21
0.6086636614173229
0
LINE
8
BLACK
6
CONTINUOUS
10
1.1577622047244094
20
0.6086636614173229
11
1.1566129921259842
21
0.6087453149606299
0
LINE
8
BLACK
6
CONTINUOUS
10
1.1566129921259842
20
0.6087453149606299
11
1.1560724015748032
21
0.6089522047244095
0
LINE
8
BLACK
6
CONTINUOUS
10
1.1560724015748032
20
0.6089522047244095
11
1.1523228740157481
21
0.610826968503937
0
LINE
8
BLACK
6
CONTINUOUS
10
1.1523228740157481
20
0.610826968503937
11
1.1520750393700787
21
0.6109829921259843
0
LINE
8
BLACK
6
CONTINUOUS
10
1.1520750393700787
20
0.6109829921259843
11
1.1520029133858267
21
0.6110128346456692
0
LINE
8
BLACK
6
CONTINUOUS
10
1.1520029133858267
20
0.6110128346456692
11
1.1519217322834645
21
0.6110794488188976
0
LINE
8
BLACK
6
CONTINUOUS
10
1.1519217322834645
20
0.6110794488188976
11
1.1518329921259842
21
0.6111353149606299
0
LINE
8
BLACK
6
CONTINUOUS
10
1.1518329921259842
20
0.6111353149606299
11
1.1517818503937007
21
0.611194251968504
0
LINE
8
BLACK
6
CONTINUOUS
10
1.1517818503937007
20
0.611194251968504
11
1.1515554724409449
21
0.6113800787401574
0
LINE
8
BLACK
6
CONTINUOUS
10
1.1515554724409449
20
0.6113800787401574
11
1.1490970866141732
21
0.6138384645669291
0
LINE
8
BLACK
6
CONTINUOUS
10
1.1490970866141732
20
0.6138384645669291
11
1.1490970866141732
21
0.5864244881889764
0
LINE
8
BLACK
6
CONTINUOUS
10
1.1490970866141732
20
0.5864244881889764
11
1.1573929133858267
21
0.5864244881889764
0
LINE
8
BLACK
6
CONTINUOUS
10
1.1573929133858267
20
0.5864244881889764
11
1.1579689763779528
21
0.5863677559055118
0
LINE
8
BLACK
6
CONTINUOUS
10
1.1579689763779528
20
0.5863677559055118
11
1.1590333858267716
21
0.5859268503937007
0
LINE
8
BLACK
6
CONTINUOUS
10
1.1590333858267716
20
0.5859268503937007
11
1.1598480314960629
21
0.5851122047244094
0
LINE
8
BLACK
6
CONTINUOUS
10
1.1598480314960629
20
0.5851122047244094
11
1.1602889370078739
21
0.5840477952755906
0
LINE
8
BLACK
6
CONTINUOUS
10
1.1602889370078739
20
0.5840477952755906
11
1.1602889370078739
21
0.5828956692913385
0
LINE
8
BLACK
6
CONTINUOUS
10
1.1602889370078739
20
0.5828956692913385
11
1.1598480314960629
21
0.5818312598425197
0
LINE
8
BLACK
6
CONTINUOUS
10
1.1598480314960629
20
0.5818312598425197
11
1.1590333858267716
21
0.5810166141732284
0
LINE
8
BLACK
6
CONTINUOUS
10
1.1590333858267716
20
0.5810166141732284
11
1.1579689763779528
21
0.5805757086614173
0
LINE
8
BLACK
6
CONTINUOUS
10
1.1579689763779528
20
0.5805757086614173
11
1.1573929133858267
21
0.5805189763779527
0
LINE
8
BLACK
6
CONTINUOUS
10
1.1573929133858267
20
0.5805189763779527
11
1.1348957480314961
21
0.5805189763779527
0
LINE
8
BLACK
6
CONTINUOUS
10
1.1348957480314961
20
0.5805189763779527
11
1.1344527559055118
21
0.5805626377952756
0
LINE
8
BLACK
6
CONTINUOUS
10
1.1344527559055118
20
0.5805626377952756
11
1.1344527559055118
21
0.5688779921259842
0
LINE
8
BLACK
6
CONTINUOUS
10
1.1344527559055118
20
0.5688779921259842
11
1.1343951181102363
21
0.568292716535433
0
LINE
8
BLACK
6
CONTINUOUS
10
1.1343951181102363
20
0.568292716535433
11
1.1339471653543307
21
0.5672112992125984
0
LINE
8
BLACK
6
CONTINUOUS
10
1.1339471653543307
20
0.5672112992125984
11
1.1331194488188976
21
0.5663835826771654
0
LINE
8
BLACK
6
CONTINUOUS
10
1.1331194488188976
20
0.5663835826771654
11
1.132038031496063
21
0.5659356299212598
0
LINE
8
BLACK
6
CONTINUOUS
10
1.132038031496063
20
0.5659356299212598
11
1.1308674803149605
21
0.5659356299212598
0
LINE
8
BLACK
6
CONTINUOUS
10
1.1308674803149605
20
0.5659356299212598
11
1.1297860629921259
21
0.5663835826771654
0
LINE
8
BLACK
6
CONTINUOUS
10
1.1297860629921259
20
0.5663835826771654
11
1.1289583464566928
21
0.5672112992125984
0
LINE
8
BLACK
6
CONTINUOUS
10
1.1289583464566928
20
0.5672112992125984
11
1.1285103937007874
21
0.568292716535433
0
LINE
8
BLACK
6
CONTINUOUS
10
1.1285103937007874
20
0.568292716535433
11
1.1284527559055118
21
0.5688779921259842
0
LINE
8
BLACK
6
CONTINUOUS
10
1.1284527559055118
20
0.5688779921259842
11
1.1284527559055118
21
0.5812779921259842
0
LINE
8
BLACK
6
CONTINUOUS
10
1.1284527559055118
20
0.5812779921259842
11
1.1285103937007874
21
0.5818632677165354
0
LINE
8
BLACK
6
CONTINUOUS
10
1.1285103937007874
20
0.5818632677165354
11
1.1289583464566928
21
0.58294468503937
0
LINE
8
BLACK
6
CONTINUOUS
10
1.1289583464566928
20
0.58294468503937
11
1.1297860629921259
21
0.5837724015748031
0
LINE
8
BLACK
6
CONTINUOUS
10
1.1297860629921259
20
0.5837724015748031
11
1.1308674803149605
21
0.5842203543307086
0
LINE
8
BLACK
6
CONTINUOUS
10
1.1308674803149605
20
0.5842203543307086
11
1.132038031496063
21
0.5842203543307086
0
LINE
8
BLACK
6
CONTINUOUS
10
1.132038031496063
20
0.5842203543307086
11
1.1320663385826772
21
0.5842086614173229
0
LINE
8
BLACK
6
CONTINUOUS
10
1.1320663385826772
20
0.5842086614173229
11
1.1324406299212597
21
0.5851122047244094
0
LINE
8
BLACK
6
CONTINUOUS
10
1.1324406299212597
20
0.5851122047244094
11
1.1332552755905512
21
0.5859268503937007
0
LINE
8
BLACK
6
CONTINUOUS
10
1.1332552755905512
20
0.5859268503937007
11
1.13431968503937
21
0.5863677559055118
0
LINE
8
BLACK
6
CONTINUOUS
10
1.13431968503937
20
0.5863677559055118
11
1.1348957480314961
21
0.5864244881889764
0
LINE
8
BLACK
6
CONTINUOUS
10
1.1348957480314961
20
0.5864244881889764
11
1.1431915748031496
21
0.5864244881889764
0
LINE
8
BLACK
6
CONTINUOUS
10
1.1431915748031496
20
0.5864244881889764
11
1.1431915748031496
21
0.622841811023622
0
LINE
8
BLACK
6
CONTINUOUS
10
1.1431915748031496
20
0.622841811023622
11
1.1431917716535434
21
0.6228438976377952
0
LINE
8
BLACK
6
CONTINUOUS
10
1.1431917716535434
20
0.6228438976377952
11
1.1431915748031496
21
0.6228449212598425
0
LINE
8
BLACK
6
CONTINUOUS
10
1.1431915748031496
20
0.6228449212598425
11
1.1431921653543307
21
0.6228479527559055
0
LINE
8
BLACK
6
CONTINUOUS
10
1.1431921653543307
20
0.6228479527559055
11
1.1432483070866142
21
0.623417874015748
0
LINE
8
BLACK
6
CONTINUOUS
10
1.1432483070866142
20
0.623417874015748
11
1.1433601574803149
21
0.6236879921259842
0
LINE
8
BLACK
6
CONTINUOUS
10
1.1433601574803149
20
0.6236879921259842
11
1.1434175196850394
21
0.6239746062992125
0
LINE
8
BLACK
6
CONTINUOUS
10
1.1434175196850394
20
0.6239746062992125
11
1.1435784645669291
21
0.624215
0
LINE
8
BLACK
6
CONTINUOUS
10
1.1435784645669291
20
0.624215
11
1.1436892125984253
21
0.6244822834645669
0
LINE
8
BLACK
6
CONTINUOUS
10
1.1436892125984253
20
0.6244822834645669
11
1.143895905511811
21
0.6246890157480315
0
LINE
8
BLACK
6
CONTINUOUS
10
1.143895905511811
20
0.6246890157480315
11
1.1440585826771654
21
0.6249318897637796
0
LINE
8
BLACK
6
CONTINUOUS
10
1.1440585826771654
20
0.6249318897637796
11
1.1442992913385825
21
0.6250924015748032
0
LINE
8
BLACK
6
CONTINUOUS
10
1.1442992913385825
20
0.6250924015748032
11
1.1445038582677165
21
0.6252969291338583
0
LINE
8
BLACK
6
CONTINUOUS
10
1.1445038582677165
20
0.6252969291338583
11
1.144773937007874
21
0.6254088188976378
0
LINE
8
BLACK
6
CONTINUOUS
10
1.144773937007874
20
0.6254088188976378
11
1.1450172047244094
21
0.6255709842519684
0
LINE
8
BLACK
6
CONTINUOUS
10
1.1450172047244094
20
0.6255709842519684
11
1.1453009842519686
21
0.625627125984252
0
LINE
8
BLACK
6
CONTINUOUS
10
1.1453009842519686
20
0.625627125984252
11
1.1455682677165353
21
0.6257378346456692
0
LINE
8
BLACK
6
CONTINUOUS
10
1.1455682677165353
20
0.6257378346456692
11
1.1458606692913385
21
0.6257378346456692
0
LINE
8
BLACK
6
CONTINUOUS
10
1.1458606692913385
20
0.6257378346456692
11
1.146147440944882
21
0.6257945669291338
0
LINE
8
BLACK
6
CONTINUOUS
10
1.146147440944882
20
0.6257945669291338
11
1.1464311023622047
21
0.6257378346456692
0
LINE
8
BLACK
6
CONTINUOUS
10
1.2281194488188976
20
0.6363724015748031
11
1.2289471653543307
21
0.6355446850393701
0
LINE
8
BLACK
6
CONTINUOUS
10
1.2289471653543307
20
0.6355446850393701
11
1.2293951181102363
21
0.6344632677165354
0
LINE
8
BLACK
6
CONTINUOUS
10
1.2293951181102363
20
0.6344632677165354
11
1.2294527559055117
21
0.6338779921259843
0
LINE
8
BLACK
6
CONTINUOUS
10
1.2294527559055117
20
0.6338779921259843
11
1.2294527559055117
21
0.6214779921259842
0
LINE
8
BLACK
6
CONTINUOUS
10
1.2294527559055117
20
0.6214779921259842
11
1.2293951181102363
21
0.6208927165354331
0
LINE
8
BLACK
6
CONTINUOUS
10
1.2293951181102363
20
0.6208927165354331
11
1.2289471653543307
21
0.6198112992125984
0
LINE
8
BLACK
6
CONTINUOUS
10
1.2289471653543307
20
0.6198112992125984
11
1.2281194488188976
21
0.6189835826771654
0
LINE
8
BLACK
6
CONTINUOUS
10
1.2281194488188976
20
0.6189835826771654
11
1.2270380314960629
21
0.6185356299212599
0
LINE
8
BLACK
6
CONTINUOUS
10
1.2270380314960629
20
0.6185356299212599
11
1.2258674803149605
21
0.6185356299212599
0
LINE
8
BLACK
6
CONTINUOUS
10
1.2258674803149605
20
0.6185356299212599
11
1.2247860629921259
21
0.6189835826771654
0
LINE
8
BLACK
6
CONTINUOUS
10
1.2247860629921259
20
0.6189835826771654
11
1.2240877165354331
21
0.6196819291338582
0
LINE
8
BLACK
6
CONTINUOUS
10
1.2240877165354331
20
0.6196819291338582
11
1.2240877165354331
21
0.5834717322834646
0
LINE
8
BLACK
6
CONTINUOUS
10
1.2240877165354331
20
0.5834717322834646
11
1.224044251968504
21
0.5830306299212599
0
LINE
8
BLACK
6
CONTINUOUS
10
1.224044251968504
20
0.5830306299212599
11
1.2247860629921259
21
0.5837724015748031
0
LINE
8
BLACK
6
CONTINUOUS
10
1.2247860629921259
20
0.5837724015748031
11
1.2258674803149605
21
0.5842203543307086
0
LINE
8
BLACK
6
CONTINUOUS
10
1.2258674803149605
20
0.5842203543307086
11
1.2270380314960629
21
0.5842203543307086
0
LINE
8
BLACK
6
CONTINUOUS
10
1.2270380314960629
20
0.5842203543307086
11
1.2281194488188976
21
0.5837724015748031
0
LINE
8
BLACK
6
CONTINUOUS
10
1.2281194488188976
20
0.5837724015748031
11
1.2289471653543307
21
0.58294468503937
0
LINE
8
BLACK
6
CONTINUOUS
10
1.2289471653543307
20
0.58294468503937
11
1.2293951181102363
21
0.5818632677165354
0
LINE
8
BLACK
6
CONTINUOUS
10
1.2293951181102363
20
0.5818632677165354
11
1.2294527559055117
21
0.5812779921259842
0
LINE
8
BLACK
6
CONTINUOUS
10
1.2294527559055117
20
0.5812779921259842
11
1.2294527559055117
21
0.5688779921259842
0
LINE
8
BLACK
6
CONTINUOUS
10
1.2294527559055117
20
0.5688779921259842
11
1.2293951181102363
21
0.568292716535433
0
LINE
8
BLACK
6
CONTINUOUS
10
1.2293951181102363
20
0.568292716535433
11
1.2289471653543307
21
0.5672112992125984
0
LINE
8
BLACK
6
CONTINUOUS
10
1.2289471653543307
20
0.5672112992125984
11
1.2281194488188976
21
0.5663835826771654
0
LINE
8
BLACK
6
CONTINUOUS
10
1.2281194488188976
20
0.5663835826771654
11
1.2270380314960629
21
0.5659356299212598
0
LINE
8
BLACK
6
CONTINUOUS
10
1.2270380314960629
20
0.5659356299212598
11
1.2258674803149605
21
0.5659356299212598
0
LINE
8
BLACK
6
CONTINUOUS
10
1.2258674803149605
20
0.5659356299212598
11
1.2247860629921259
21
0.5663835826771654
0
LINE
8
BLACK
6
CONTINUOUS
10
1.2247860629921259
20
0.5663835826771654
11
1.223958346456693
21
0.5672112992125984
0
LINE
8
BLACK
6
CONTINUOUS
10
1.223958346456693
20
0.5672112992125984
11
1.2235103937007874
21
0.568292716535433
0
LINE
8
BLACK
6
CONTINUOUS
10
1.2235103937007874
20
0.568292716535433
11
1.2234527559055117
21
0.5688779921259842
0
LINE
8
BLACK
6
CONTINUOUS
10
1.2234527559055117
20
0.5688779921259842
11
1.2234527559055117
21
0.5812779921259842
0
LINE
8
BLACK
6
CONTINUOUS
10
1.2234527559055117
20
0.5812779921259842
11
1.2234981889763779
21
0.5817394094488189
0
LINE
8
BLACK
6
CONTINUOUS
10
1.2234981889763779
20
0.5817394094488189
11
1.2227754330708662
21
0.5810166141732284
0
LINE
8
BLACK
6
CONTINUOUS
10
1.2227754330708662
20
0.5810166141732284
11
1.2217110236220472
21
0.5805757086614173
0
LINE
8
BLACK
6
CONTINUOUS
10
1.2217110236220472
20
0.5805757086614173
11
1.2205588976377952
21
0.5805757086614173
0
LINE
8
BLACK
6
CONTINUOUS
10
1.2205588976377952
20
0.5805757086614173
11
1.2194944881889764
21
0.5810166141732284
0
LINE
8
BLACK
6
CONTINUOUS
10
1.2194944881889764
20
0.5810166141732284
11
1.218679842519685
21
0.5818312598425197
0
LINE
8
BLACK
6
CONTINUOUS
10
1.218679842519685
20
0.5818312598425197
11
1.2182389370078739
21
0.5828956692913385
0
LINE
8
BLACK
6
CONTINUOUS
10
1.2182389370078739
20
0.5828956692913385
11
1.2181822047244095
21
0.5834717322834646
0
LINE
8
BLACK
6
CONTINUOUS
10
1.2181822047244095
20
0.5834717322834646
11
1.2181822047244095
21
0.6011414173228347
0
LINE
8
BLACK
6
CONTINUOUS
10
1.2181822047244095
20
0.6011414173228347
11
1.2080116141732282
21
0.6011414173228347
0
LINE
8
BLACK
6
CONTINUOUS
10
1.2080116141732282
20
0.6011414173228347
11
1.2074355511811024
21
0.6011981496062992
0
LINE
8
BLACK
6
CONTINUOUS
10
1.2074355511811024
20
0.6011981496062992
11
1.2063711417322835
21
0.6016390551181102
0
LINE
8
BLACK
6
CONTINUOUS
10
1.2063711417322835
20
0.6016390551181102
11
1.2055564960629921
21
0.6024537007874016
0
LINE
8
BLACK
6
CONTINUOUS
10
1.2055564960629921
20
0.6024537007874016
11
1.205115590551181
21
0.6035181102362205
0
LINE
8
BLACK
6
CONTINUOUS
10
1.205115590551181
20
0.6035181102362205
11
1.205115590551181
21
0.6046702362204724
0
LINE
8
BLACK
6
CONTINUOUS
10
1.205115590551181
20
0.6046702362204724
11
1.2055564960629921
21
0.6057346456692914
0
LINE
8
BLACK
6
CONTINUOUS
10
1.2055564960629921
20
0.6057346456692914
11
1.2063711417322835
21
0.6065492913385827
0
LINE
8
BLACK
6
CONTINUOUS
10
1.2063711417322835
20
0.6065492913385827
11
1.2074355511811024
21
0.6069901968503937
0
LINE
8
BLACK
6
CONTINUOUS
10
1.2074355511811024
20
0.6069901968503937
11
1.2080116141732282
21
0.6070469291338583
0
LINE
8
BLACK
6
CONTINUOUS
10
1.2080116141732282
20
0.6070469291338583
11
1.2181822047244095
21
0.6070469291338583
0
LINE
8
BLACK
6
CONTINUOUS
10
1.2181822047244095
20
0.6070469291338583
11
1.2181822047244095
21
0.6198890551181102
0
LINE
8
BLACK
6
CONTINUOUS
10
1.2181822047244095
20
0.6198890551181102
11
1.2023873228346456
21
0.6198890551181102
0
LINE
8
BLACK
6
CONTINUOUS
10
1.2023873228346456
20
0.6198890551181102
11
1.2018112598425197
21
0.6199457874015748
0
LINE
8
BLACK
6
CONTINUOUS
10
1.2018112598425197
20
0.6199457874015748
11
1.2007468503937007
21
0.6203866929133858
0
LINE
8
BLACK
6
CONTINUOUS
10
1.2007468503937007
20
0.6203866929133858
11
1.1999322047244094
21
0.6212013385826771
0
LINE
8
BLACK
6
CONTINUOUS
10
1.1999322047244094
20
0.6212013385826771
11
1.1994912992125983
21
0.622265748031496
0
LINE
8
BLACK
6
CONTINUOUS
10
1.1994912992125983
20
0.622265748031496
11
1.1994912992125983
21
0.623417874015748
0
LINE
8
BLACK
6
CONTINUOUS
10
1.1994912992125983
20
0.623417874015748
11
1.1999322047244094
21
0.6244822834645669
0
LINE
8
BLACK
6
CONTINUOUS
10
1.1999322047244094
20
0.6244822834645669
11
1.2007468503937007
21
0.6252969291338583
0
LINE
8
BLACK
6
CONTINUOUS
10
1.2007468503937007
20
0.6252969291338583
11
1.2018112598425197
21
0.6257378346456692
0
LINE
8
BLACK
6
CONTINUOUS
10
1.2018112598425197
20
0.6257378346456692
11
1.2023873228346456
21
0.6257945669291338
0
LINE
8
BLACK
6
CONTINUOUS
10
1.2023873228346456
20
0.6257945669291338
11
1.2211349606299213
21
0.6257945669291338
0
LINE
8
BLACK
6
CONTINUOUS
10
1.2211349606299213
20
0.6257945669291338
11
1.2217110236220472
21
0.6257378346456692
0
LINE
8
BLACK
6
CONTINUOUS
10
1.2217110236220472
20
0.6257378346456692
11
1.2227754330708662
21
0.6252969291338583
0
LINE
8
BLACK
6
CONTINUOUS
10
1.2227754330708662
20
0.6252969291338583
11
1.2234527559055117
21
0.6246196062992125
0
LINE
8
BLACK
6
CONTINUOUS
10
1.2234527559055117
20
0.6246196062992125
11
1.2234527559055117
21
0.6338779921259843
0
LINE
8
BLACK
6
CONTINUOUS
10
1.2234527559055117
20
0.6338779921259843
11
1.2235103937007874
21
0.6344632677165354
0
LINE
8
BLACK
6
CONTINUOUS
10
1.2235103937007874
20
0.6344632677165354
11
1.223958346456693
21
0.6355446850393701
0
LINE
8
BLACK
6
CONTINUOUS
10
1.223958346456693
20
0.6355446850393701
11
1.2247860629921259
21
0.6363724015748031
0
LINE
8
BLACK
6
CONTINUOUS
10
1.2247860629921259
20
0.6363724015748031
11
1.2258674803149605
21
0.6368203543307086
0
LINE
8
BLACK
6
CONTINUOUS
10
1.2258674803149605
20
0.6368203543307086
11
1.2270380314960629
21
0.6368203543307086
0
LINE
8
BLACK
6
CONTINUOUS
10
1.2270380314960629
20
0.6368203543307086
11
1.2281194488188976
21
0.6363724015748031
0
LINE
8
BLACK
6
CONTINUOUS
10
0.8330155905511811
20
0.5730092125984252
11
0.8342940157480315
21
0.5717307874015748
0
LINE
8
BLACK
6
CONTINUOUS
10
0.8342940157480315
20
0.5717307874015748
11
0.8342940157480315
21
0.5699228346456693
0
LINE
8
BLACK
6
CONTINUOUS
10
0.8342940157480315
20
0.5699228346456693
11
0.8330155905511811
21
0.5686444094488189
0
LINE
8
BLACK
6
CONTINUOUS
10
0.8330155905511811
20
0.5686444094488189
11
0.8321116141732283
21
0.5684646062992126
0
LINE
8
BLACK
6
CONTINUOUS
10
0.8321116141732283
20
0.5684646062992126
11
0.8229907480314961
21
0.5684646062992126
0
LINE
8
BLACK
6
CONTINUOUS
10
0.8229907480314961
20
0.5684646062992126
11
0.8220867716535433
21
0.5686444094488189
0
LINE
8
BLACK
6
CONTINUOUS
10
0.8220867716535433
20
0.5686444094488189
11
0.8208083464566929
21
0.5699228346456693
0
LINE
8
BLACK
6
CONTINUOUS
10
0.8208083464566929
20
0.5699228346456693
11
0.8208083464566929
21
0.5717307874015748
0
LINE
8
BLACK
6
CONTINUOUS
10
0.8208083464566929
20
0.5717307874015748
11
0.8220867716535433
21
0.5730092125984252
0
LINE
8
BLACK
6
CONTINUOUS
10
0.8220867716535433
20
0.5730092125984252
11
0.8229907480314961
21
0.5731890157480315
0
LINE
8
BLACK
6
CONTINUOUS
10
0.8229907480314961
20
0.5731890157480315
11
0.8321116141732283
21
0.5731890157480315
0
LINE
8
BLACK
6
CONTINUOUS
10
0.8321116141732283
20
0.5731890157480315
11
0.8330155905511811
21
0.5730092125984252
0
LINE
8
BLACK
6
CONTINUOUS
10
1.1805931889763779
20
0.6252969291338583
11
1.1814078346456693
21
0.6244822834645669
0
LINE
8
BLACK
6
CONTINUOUS
10
1.1814078346456693
20
0.6244822834645669
11
1.1818487401574802
21
0.623417874015748
0
LINE
8
BLACK
6
CONTINUOUS
10
1.1818487401574802
20
0.623417874015748
11
1.1819054724409448
21
0.622841811023622
0
LINE
8
BLACK
6
CONTINUOUS
10
1.1819054724409448
20
0.622841811023622
11
1.1819054724409448
21
0.6178293307086614
0
LINE
8
BLACK
6
CONTINUOUS
10
1.1819054724409448
20
0.6178293307086614
11
1.1844364173228346
21
0.6188417322834645
0
LINE
8
BLACK
6
CONTINUOUS
10
1.1844364173228346
20
0.6188417322834645
11
1.1844364173228346
21
0.622841811023622
0
LINE
8
BLACK
6
CONTINUOUS
10
1.1844364173228346
20
0.622841811023622
11
1.1844931496062991
21
0.623417874015748
0
LINE
8
BLACK
6
CONTINUOUS
10
1.1844931496062991
20
0.623417874015748
11
1.1849340551181102
21
0.6244822834645669
0
LINE
8
BLACK
6
CONTINUOUS
10
1.1849340551181102
20
0.6244822834645669
11
1.1857487007874015
21
0.6252969291338583
0
LINE
8
BLACK
6
CONTINUOUS
10
1.1857487007874015
20
0.6252969291338583
11
1.1868131102362205
21
0.6257378346456692
0
LINE
8
BLACK
6
CONTINUOUS
10
1.1868131102362205
20
0.6257378346456692
11
1.1879652362204725
21
0.6257378346456692
0
LINE
8
BLACK
6
CONTINUOUS
10
1.1879652362204725
20
0.6257378346456692
11
1.1890296456692913
21
0.6252969291338583
0
LINE
8
BLACK
6
CONTINUOUS
10
1.1890296456692913
20
0.6252969291338583
11
1.1898442913385827
21
0.6244822834645669
0
LINE
8
BLACK
6
CONTINUOUS
10
1.1898442913385827
20
0.6244822834645669
11
1.1902851968503936
21
0.623417874015748
0
LINE
8
BLACK
6
CONTINUOUS
10
1.1902851968503936
20
0.623417874015748
11
1.1903419291338582
21
0.622841811023622
0
LINE
8
BLACK
6
CONTINUOUS
10
1.1903419291338582
20
0.622841811023622
11
1.1903419291338582
21
0.6192988582677165
0
LINE
8
BLACK
6
CONTINUOUS
10
1.1903419291338582
20
0.6192988582677165
11
1.1908014566929133
21
0.6188279527559055
0
LINE
8
BLACK
6
CONTINUOUS
10
1.1908014566929133
20
0.6188279527559055
11
1.1912293700787402
21
0.6177582283464567
0
LINE
8
BLACK
6
CONTINUOUS
10
1.1912293700787402
20
0.6177582283464567
11
1.1912153149606299
21
0.6166061811023622
0
LINE
8
BLACK
6
CONTINUOUS
10
1.1912153149606299
20
0.6166061811023622
11
1.1907614960629922
21
0.6155472440944881
0
LINE
8
BLACK
6
CONTINUOUS
10
1.1907614960629922
20
0.6155472440944881
11
1.1903419291338582
21
0.6151377952755905
0
LINE
8
BLACK
6
CONTINUOUS
10
1.1903419291338582
20
0.6151377952755905
11
1.1903419291338582
21
0.5834717322834646
0
LINE
8
BLACK
6
CONTINUOUS
10
1.1903419291338582
20
0.5834717322834646
11
1.1902851968503936
21
0.5828956692913385
0
LINE
8
BLACK
6
CONTINUOUS
10
1.1902851968503936
20
0.5828956692913385
11
1.1898442913385827
21
0.5818312598425197
0
LINE
8
BLACK
6
CONTINUOUS
10
1.1898442913385827
20
0.5818312598425197
11
1.1890296456692913
21
0.5810166141732284
0
LINE
8
BLACK
6
CONTINUOUS
10
1.1890296456692913
20
0.5810166141732284
11
1.1879652362204725
21
0.5805757086614173
0
LINE
8
BLACK
6
CONTINUOUS
10
1.1879652362204725
20
0.5805757086614173
11
1.1873891732283464
21
0.5805189763779527
0
LINE
8
BLACK
6
CONTINUOUS
10
1.1873891732283464
20
0.5805189763779527
11
1.1686415354330708
21
0.5805189763779527
0
LINE
8
BLACK
6
CONTINUOUS
10
1.1686415354330708
20
0.5805189763779527
11
1.1680654724409449
21
0.5805757086614173
0
LINE
8
BLACK
6
CONTINUOUS
10
1.1680654724409449
20
0.5805757086614173
11
1.1670010629921259
21
0.5810166141732284
0
LINE
8
BLACK
6
CONTINUOUS
10
1.1670010629921259
20
0.5810166141732284
11
1.1661864173228347
21
0.5818312598425197
0
LINE
8
BLACK
6
CONTINUOUS
10
1.1661864173228347
20
0.5818312598425197
11
1.1657455118110236
21
0.5828956692913385
0
LINE
8
BLACK
6
CONTINUOUS
10
1.1657455118110236
20
0.5828956692913385
11
1.1657455118110236
21
0.5840477952755906
0
LINE
8
BLACK
6
CONTINUOUS
10
1.1657455118110236
20
0.5840477952755906
11
1.1661864173228347
21
0.5851122047244094
0
LINE
8
BLACK
6
CONTINUOUS
10
1.1661864173228347
20
0.5851122047244094
11
1.1670010629921259
21
0.5859268503937007
0
LINE
8
BLACK
6
CONTINUOUS
10
1.1670010629921259
20
0.5859268503937007
11
1.1680654724409449
21
0.5863677559055118
0
LINE
8
BLACK
6
CONTINUOUS
10
1.1680654724409449
20
0.5863677559055118
11
1.1686415354330708
21
0.5864244881889764
0
LINE
8
BLACK
6
CONTINUOUS
10
1.1686415354330708
20
0.5864244881889764
11
1.1844364173228346
21
0.5864244881889764
0
LINE
8
BLACK
6
CONTINUOUS
10
1.1844364173228346
20
0.5864244881889764
11
1.1844364173228346
21
0.6030636220472441
0
LINE
8
BLACK
6
CONTINUOUS
10
1.1844364173228346
20
0.6030636220472441
11
1.1835972047244094
21
0.6031835039370078
0
LINE
8
BLACK
6
CONTINUOUS
10
1.1835972047244094
20
0.6031835039370078
11
1.1826058267716535
21
0.6037704724409448
0
LINE
8
BLACK
6
CONTINUOUS
10
1.1826058267716535
20
0.6037704724409448
11
1.1822148031496063
21
0.6041972834645669
0
LINE
8
BLACK
6
CONTINUOUS
10
1.1822148031496063
20
0.6041972834645669
11
1.178952716535433
21
0.6085467322834646
0
LINE
8
BLACK
6
CONTINUOUS
10
1.178952716535433
20
0.6085467322834646
11
1.1756906299212597
21
0.6041972834645669
0
LINE
8
BLACK
6
CONTINUOUS
10
1.1756906299212597
20
0.6041972834645669
11
1.1752996062992125
21
0.6037704724409448
0
LINE
8
BLACK
6
CONTINUOUS
10
1.1752996062992125
20
0.6037704724409448
11
1.1743082283464568
21
0.6031835039370078
0
LINE
8
BLACK
6
CONTINUOUS
10
1.1743082283464568
20
0.6031835039370078
11
1.1731677165354331
21
0.6030205511811023
0
LINE
8
BLACK
6
CONTINUOUS
10
1.1731677165354331
20
0.6030205511811023
11
1.172051653543307
21
0.6033064960629921
0
LINE
8
BLACK
6
CONTINUOUS
10
1.172051653543307
20
0.6033064960629921
11
1.1711299606299213
21
0.6039977559055117
0
LINE
8
BLACK
6
CONTINUOUS
10
1.1711299606299213
20
0.6039977559055117
11
1.1705429921259842
21
0.6049891338582677
0
LINE
8
BLACK
6
CONTINUOUS
10
1.1705429921259842
20
0.6049891338582677
11
1.1703800393700787
21
0.6061296456692913
0
LINE
8
BLACK
6
CONTINUOUS
10
1.1703800393700787
20
0.6061296456692913
11
1.1706659842519684
21
0.6072457086614174
0
LINE
8
BLACK
6
CONTINUOUS
10
1.1706659842519684
20
0.6072457086614174
11
1.1709662204724409
21
0.6077405905511811
0
LINE
8
BLACK
6
CONTINUOUS
10
1.1709662204724409
20
0.6077405905511811
11
1.1742787795275591
21
0.6121573622047244
0
LINE
8
BLACK
6
CONTINUOUS
10
1.1742787795275591
20
0.6121573622047244
11
1.168482283464567
21
0.6144759448818897
0
LINE
8
BLACK
6
CONTINUOUS
10
1.168482283464567
20
0.6144759448818897
11
1.167968464566929
21
0.6147425590551181
0
LINE
8
BLACK
6
CONTINUOUS
10
1.167968464566929
20
0.6147425590551181
11
1.167143937007874
21
0.6155472440944881
0
LINE
8
BLACK
6
CONTINUOUS
10
1.167143937007874
20
0.6155472440944881
11
1.1666901181102363
21
0.6166061811023622
0
LINE
8
BLACK
6
CONTINUOUS
10
1.1666901181102363
20
0.6166061811023622
11
1.166676062992126
21
0.6177582283464567
0
LINE
8
BLACK
6
CONTINUOUS
10
1.166676062992126
20
0.6177582283464567
11
1.167103937007874
21
0.6188279527559055
0
LINE
8
BLACK
6
CONTINUOUS
10
1.167103937007874
20
0.6188279527559055
11
1.1679086220472441
21
0.6196524803149606
0
LINE
8
BLACK
6
CONTINUOUS
10
1.1679086220472441
20
0.6196524803149606
11
1.1689675590551181
21
0.6201062992125984
0
LINE
8
BLACK
6
CONTINUOUS
10
1.1689675590551181
20
0.6201062992125984
11
1.1701196062992125
21
0.6201203543307087
0
LINE
8
BLACK
6
CONTINUOUS
10
1.1701196062992125
20
0.6201203543307087
11
1.1706755118110237
21
0.619959094488189
0
LINE
8
BLACK
6
CONTINUOUS
10
1.1706755118110237
20
0.619959094488189
11
1.1759999606299212
21
0.6178293307086614
0
LINE
8
BLACK
6
CONTINUOUS
10
1.1759999606299212
20
0.6178293307086614
11
1.1759999606299212
21
0.622841811023622
0
LINE
8
BLACK
6
CONTINUOUS
10
1.1759999606299212
20
0.622841811023622
11
1.1760566929133858
21
0.623417874015748
0
LINE
8
BLACK
6
CONTINUOUS
10
1.1760566929133858
20
0.623417874015748
11
1.1764975984251969
21
0.6244822834645669
0
LINE
8
BLACK
6
CONTINUOUS
10
1.1764975984251969
20
0.6244822834645669
11
1.1773122440944881
21
0.6252969291338583
0
LINE
8
BLACK
6
CONTINUOUS
10
1.1773122440944881
20
0.6252969291338583
11
1.1783766535433071
21
0.6257378346456692
0
LINE
8
BLACK
6
CONTINUOUS
10
1.1783766535433071
20
0.6257378346456692
11
1.1795287795275591
21
0.6257378346456692
0
LINE
8
BLACK
6
CONTINUOUS
10
1.1795287795275591
20
0.6257378346456692
11
1.1805931889763779
21
0.6252969291338583
0
LINE
8
BLACK
6
CONTINUOUS
10
1.1836266141732283
20
0.6121573622047244
11
1.1844364173228346
21
0.6110776377952756
0
LINE
8
BLACK
6
CONTINUOUS
10
1.1844364173228346
20
0.6110776377952756
11
1.1844364173228346
21
0.6124812992125984
0
LINE
8
BLACK
6
CONTINUOUS
10
1.1844364173228346
20
0.6124812992125984
11
1.1836266141732283
21
0.6121573622047244
0
LINE
8
BLACK
6
CONTINUOUS
10
1.2938016141732283
20
0.5883871653543307
11
1.2950800393700788
21
0.5871087401574803
0
LINE
8
BLACK
6
CONTINUOUS
10
1.2950800393700788
20
0.5871087401574803
11
1.2950800393700788
21
0.5853007874015748
0
LINE
8
BLACK
6
CONTINUOUS
10
1.2950800393700788
20
0.5853007874015748
11
1.2938016141732283
21
0.5840223622047244
0
LINE
8
BLACK
6
CONTINUOUS
10
1.2938016141732283
20
0.5840223622047244
11
1.2928976377952757
21
0.5838425590551181
0
LINE
8
BLACK
6
CONTINUOUS
10
1.2928976377952757
20
0.5838425590551181
11
1.285007874015748
21
0.5838425590551181
0
LINE
8
BLACK
6
CONTINUOUS
10
1.285007874015748
20
0.5838425590551181
11
1.2841038976377952
21
0.5840223622047244
0
LINE
8
BLACK
6
CONTINUOUS
10
1.2841038976377952
20
0.5840223622047244
11
1.2828254724409449
21
0.5853007874015748
0
LINE
8
BLACK
6
CONTINUOUS
10
1.2828254724409449
20
0.5853007874015748
11
1.2828254724409449
21
0.5871087401574803
0
LINE
8
BLACK
6
CONTINUOUS
10
1.2828254724409449
20
0.5871087401574803
11
1.2841038976377952
21
0.5883871653543307
0
LINE
8
BLACK
6
CONTINUOUS
10
1.2841038976377952
20
0.5883871653543307
11
1.285007874015748
21
0.588566968503937
0
LINE
8
BLACK
6
CONTINUOUS
10
1.285007874015748
20
0.588566968503937
11
1.2928976377952757
21
0.588566968503937
0
LINE
8
BLACK
6
CONTINUOUS
10
1.2928976377952757
20
0.588566968503937
11
1.2938016141732283
21
0.5883871653543307
0
LINE
8
BLACK
6
CONTINUOUS
10
1.0684171653543306
20
0.5903871653543307
11
1.0696955905511811
21
0.5891087401574803
0
LINE
8
BLACK
6
CONTINUOUS
10
1.0696955905511811
20
0.5891087401574803
11
1.0696955905511811
21
0.5873007874015748
0
LINE
8
BLACK
6
CONTINUOUS
10
1.0696955905511811
20
0.5873007874015748
11
1.0684171653543306
21
0.5860223622047244
0
LINE
8
BLACK
6
CONTINUOUS
10
1.0684171653543306
20
0.5860223622047244
11
1.067513188976378
21
0.5858425590551181
0
LINE
8
BLACK
6
CONTINUOUS
10
1.067513188976378
20
0.5858425590551181
11
1.0583923228346457
21
0.5858425590551181
0
LINE
8
BLACK
6
CONTINUOUS
10
1.0583923228346457
20
0.5858425590551181
11
1.0574883464566929
21
0.5860223622047244
0
LINE
8
BLACK
6
CONTINUOUS
10
1.0574883464566929
20
0.5860223622047244
11
1.0562099212598426
21
0.5873007874015748
0
LINE
8
BLACK
6
CONTINUOUS
10
1.0562099212598426
20
0.5873007874015748
11
1.0562099212598426
21
0.5891087401574803
0
LINE
8
BLACK
6
CONTINUOUS
10
1.0562099212598426
20
0.5891087401574803
11
1.0574883464566929
21
0.5903871653543307
0
LINE
8
BLACK
6
CONTINUOUS
10
1.0574883464566929
20
0.5903871653543307
11
1.0583923228346457
21
0.590566968503937
0
LINE
8
BLACK
6
CONTINUOUS
10
1.0583923228346457
20
0.590566968503937
11
1.067513188976378
21
0.590566968503937
0
LINE
8
BLACK
6
CONTINUOUS
10
1.067513188976378
20
0.590566968503937
11
1.0684171653543306
21
0.5903871653543307
0
LINE
8
BLACK
6
CONTINUOUS
10
0.6792493700787401
20
0.6291715354330708
11
0.6800770866141732
21
0.6283438188976378
0
LINE
8
BLACK
6
CONTINUOUS
10
0.6800770866141732
20
0.6283438188976378
11
0.6805250393700787
21
0.6272624015748032
0
LINE
8
BLACK
6
CONTINUOUS
10
0.6805250393700787
20
0.6272624015748032
11
0.6805826771653544
21
0.626677125984252
0
LINE
8
BLACK
6
CONTINUOUS
10
0.6805826771653544
20
0.626677125984252
11
0.6805826771653544
21
0.6190609842519685
0
LINE
8
BLACK
6
CONTINUOUS
10
0.6805826771653544
20
0.6190609842519685
11
0.6906368503937008
21
0.6090077952755906
0
LINE
8
BLACK
6
CONTINUOUS
10
0.6906368503937008
20
0.6090077952755906
11
0.6982520078740158
21
0.6090077952755906
0
LINE
8
BLACK
6
CONTINUOUS
10
0.6982520078740158
20
0.6090077952755906
11
0.6988372834645669
21
0.608950157480315
0
LINE
8
BLACK
6
CONTINUOUS
10
0.6988372834645669
20
0.608950157480315
11
0.6999187007874016
21
0.6085022047244094
0
LINE
8
BLACK
6
CONTINUOUS
10
0.6999187007874016
20
0.6085022047244094
11
0.7007464173228346
21
0.6076744881889764
0
LINE
8
BLACK
6
CONTINUOUS
10
0.7007464173228346
20
0.6076744881889764
11
0.7011943700787402
21
0.6065930708661417
0
LINE
8
BLACK
6
CONTINUOUS
10
0.7011943700787402
20
0.6065930708661417
11
0.7011943700787402
21
0.6054225196850394
0
LINE
8
BLACK
6
CONTINUOUS
10
0.7011943700787402
20
0.6054225196850394
11
0.7007464173228346
21
0.6043411023622047
0
LINE
8
BLACK
6
CONTINUOUS
10
0.7007464173228346
20
0.6043411023622047
11
0.6999187007874016
21
0.6035133858267716
0
LINE
8
BLACK
6
CONTINUOUS
10
0.6999187007874016
20
0.6035133858267716
11
0.6988372834645669
21
0.6030654330708661
0
LINE
8
BLACK
6
CONTINUOUS
10
0.6988372834645669
20
0.6030654330708661
11
0.6982520078740158
21
0.6030077952755906
0
LINE
8
BLACK
6
CONTINUOUS
10
0.6982520078740158
20
0.6030077952755906
11
0.6893942913385827
21
0.6030077952755906
0
LINE
8
BLACK
6
CONTINUOUS
10
0.6893942913385827
20
0.6030077952755906
11
0.6888090157480314
21
0.6030654330708661
0
LINE
8
BLACK
6
CONTINUOUS
10
0.6888090157480314
20
0.6030654330708661
11
0.6881372047244094
21
0.6033437401574803
0
LINE
8
BLACK
6
CONTINUOUS
10
0.6881372047244094
20
0.6033437401574803
11
0.6877277165354331
21
0.6035133070866142
0
LINE
8
BLACK
6
CONTINUOUS
10
0.6877277165354331
20
0.6035133070866142
11
0.6877276377952756
21
0.6035133858267716
0
LINE
8
BLACK
6
CONTINUOUS
10
0.6877276377952756
20
0.6035133858267716
11
0.6877275984251968
21
0.6035133858267716
0
LINE
8
BLACK
6
CONTINUOUS
10
0.6877275984251968
20
0.6035133858267716
11
0.6877274803149606
21
0.6035135039370079
0
LINE
8
BLACK
6
CONTINUOUS
10
0.6877274803149606
20
0.6035135039370079
11
0.6872730708661418
21
0.6038863779527559
0
LINE
8
BLACK
6
CONTINUOUS
10
0.6872730708661418
20
0.6038863779527559
11
0.6754614566929134
21
0.6156968110236221
0
LINE
8
BLACK
6
CONTINUOUS
10
0.6754614566929134
20
0.6156968110236221
11
0.6750883464566929
21
0.6161513779527559
0
LINE
8
BLACK
6
CONTINUOUS
10
0.6750883464566929
20
0.6161513779527559
11
0.6746403543307087
21
0.6172327952755905
0
LINE
8
BLACK
6
CONTINUOUS
10
0.6746403543307087
20
0.6172327952755905
11
0.6746403149606299
21
0.617232874015748
0
LINE
8
BLACK
6
CONTINUOUS
10
0.6746403149606299
20
0.617232874015748
11
0.6746403149606299
21
0.6172329527559055
0
LINE
8
BLACK
6
CONTINUOUS
10
0.6746403149606299
20
0.6172329527559055
11
0.6745826771653544
21
0.6178182283464567
0
LINE
8
BLACK
6
CONTINUOUS
10
0.6745826771653544
20
0.6178182283464567
11
0.6745826771653544
21
0.626677125984252
0
LINE
8
BLACK
6
CONTINUOUS
10
0.6745826771653544
20
0.626677125984252
11
0.6746403149606299
21
0.6272624015748032
0
LINE
8
BLACK
6
CONTINUOUS
10
0.6746403149606299
20
0.6272624015748032
11
0.6750882677165354
21
0.6283438188976378
0
LINE
8
BLACK
6
CONTINUOUS
10
0.6750882677165354
20
0.6283438188976378
11
0.6759159842519685
21
0.6291715354330708
0
LINE
8
BLACK
6
CONTINUOUS
10
0.6759159842519685
20
0.6291715354330708
11
0.6769974015748031
21
0.6296194881889764
0
LINE
8
BLACK
6
CONTINUOUS
10
0.6769974015748031
20
0.6296194881889764
11
0.6781679527559055
21
0.6296194881889764
0
LINE
8
BLACK
6
CONTINUOUS
10
0.6781679527559055
20
0.6296194881889764
11
0.6792493700787401
21
0.6291715354330708
0
LINE
8
BLACK
6
CONTINUOUS
10
1.0079896062992126
20
0.6291715354330708
11
1.0088173228346455
21
0.6283438188976378
0
LINE
8
BLACK
6
CONTINUOUS
10
1.0088173228346455
20
0.6283438188976378
11
1.0092652755905511
21
0.6272624015748032
0
LINE
8
BLACK
6
CONTINUOUS
10
1.0092652755905511
20
0.6272624015748032
11
1.0093229133858268
21
0.626677125984252
0
LINE
8
BLACK
6
CONTINUOUS
10
1.0093229133858268
20
0.626677125984252
11
1.0093229133858268
21
0.6178182283464567
0
LINE
8
BLACK
6
CONTINUOUS
10
1.0093229133858268
20
0.6178182283464567
11
1.0092652755905511
21
0.6172329527559055
0
LINE
8
BLACK
6
CONTINUOUS
10
1.0092652755905511
20
0.6172329527559055
11
1.0092652362204724
21
0.617232874015748
0
LINE
8
BLACK
6
CONTINUOUS
10
1.0092652362204724
20
0.617232874015748
11
1.0092652362204724
21
0.6172327952755905
0
LINE
8
BLACK
6
CONTINUOUS
10
1.0092652362204724
20
0.6172327952755905
11
1.0088172440944883
21
0.6161513779527559
0
LINE
8
BLACK
6
CONTINUOUS
10
1.0088172440944883
20
0.6161513779527559
11
1.0084441338582677
21
0.6156968110236221
0
LINE
8
BLACK
6
CONTINUOUS
10
1.0084441338582677
20
0.6156968110236221
11
0.9966325196850393
21
0.6038863779527559
0
LINE
8
BLACK
6
CONTINUOUS
10
0.9966325196850393
20
0.6038863779527559
11
0.9961780708661417
21
0.6035135039370079
0
LINE
8
BLACK
6
CONTINUOUS
10
0.9961780708661417
20
0.6035135039370079
11
0.9961779921259842
21
0.6035133858267716
0
LINE
8
BLACK
6
CONTINUOUS
10
0.9961779921259842
20
0.6035133858267716
11
0.9961779133858267
21
0.6035133858267716
0
LINE
8
BLACK
6
CONTINUOUS
10
0.9961779133858267
20
0.6035133858267716
11
0.996177874015748
21
0.6035133070866142
0
LINE
8
BLACK
6
CONTINUOUS
10
0.996177874015748
20
0.6035133070866142
11
0.995838622047244
21
0.6033728346456693
0
LINE
8
BLACK
6
CONTINUOUS
10
0.995838622047244
20
0.6033728346456693
11
0.9950965748031496
21
0.6030654330708661
0
LINE
8
BLACK
6
CONTINUOUS
10
0.9950965748031496
20
0.6030654330708661
11
0.9945112992125984
21
0.6030077952755906
0
LINE
8
BLACK
6
CONTINUOUS
10
0.9945112992125984
20
0.6030077952755906
11
0.9856535826771653
21
0.6030077952755906
0
LINE
8
BLACK
6
CONTINUOUS
10
0.9856535826771653
20
0.6030077952755906
11
0.9850683070866142
21
0.6030654330708661
0
LINE
8
BLACK
6
CONTINUOUS
10
0.9850683070866142
20
0.6030654330708661
11
0.9839868897637795
21
0.6035133858267716
0
LINE
8
BLACK
6
CONTINUOUS
10
0.9839868897637795
20
0.6035133858267716
11
0.9831591732283465
21
0.6043411023622047
0
LINE
8
BLACK
6
CONTINUOUS
10
0.9831591732283465
20
0.6043411023622047
11
0.982711220472441
21
0.6054225196850394
0
LINE
8
BLACK
6
CONTINUOUS
10
0.982711220472441
20
0.6054225196850394
11
0.982711220472441
21
0.6065930708661417
0
LINE
8
BLACK
6
CONTINUOUS
10
0.982711220472441
20
0.6065930708661417
11
0.9831591732283465
21
0.6076744881889764
0
LINE
8
BLACK
6
CONTINUOUS
10
0.9831591732283465
20
0.6076744881889764
11
0.9839868897637795
21
0.6085022047244094
0
LINE
8
BLACK
6
CONTINUOUS
10
0.9839868897637795
20
0.6085022047244094
11
0.9850683070866142
21
0.608950157480315
0
LINE
8
BLACK
6
CONTINUOUS
10
0.9850683070866142
20
0.608950157480315
11
0.9856535826771653
21
0.6090077952755906
0
LINE
8
BLACK
6
CONTINUOUS
10
0.9856535826771653
20
0.6090077952755906
11
0.9932687401574803
21
0.6090077952755906
0
LINE
8
BLACK
6
CONTINUOUS
10
0.9932687401574803
20
0.6090077952755906
11
1.0033229133858268
21
0.6190609842519685
0
LINE
8
BLACK
6
CONTINUOUS
10
1.0033229133858268
20
0.6190609842519685
11
1.0033229133858268
21
0.626677125984252
0
LINE
8
BLACK
6
CONTINUOUS
10
1.0033229133858268
20
0.626677125984252
11
1.0033805511811023
21
0.6272624015748032
0
LINE
8
BLACK
6
CONTINUOUS
10
1.0033805511811023
20
0.6272624015748032
11
1.0038285039370078
21
0.6283438188976378
0
LINE
8
BLACK
6
CONTINUOUS
10
1.0038285039370078
20
0.6283438188976378
11
1.004656220472441
21
0.6291715354330708
0
LINE
8
BLACK
6
CONTINUOUS
10
1.004656220472441
20
0.6291715354330708
11
1.0057376377952756
21
0.6296194881889764
0
LINE
8
BLACK
6
CONTINUOUS
10
1.0057376377952756
20
0.6296194881889764
11
1.006908188976378
21
0.6296194881889764
0
LINE
8
BLACK
6
CONTINUOUS
10
1.006908188976378
20
0.6296194881889764
11
1.0079896062992126
21
0.6291715354330708
0
LINE
8
BLACK
6
CONTINUOUS
10
1.2981081102362204
20
0.6370899212598425
11
1.2982061023622047
21
0.6370493307086614
0
LINE
8
BLACK
6
CONTINUOUS
10
1.2982061023622047
20
0.6370493307086614
11
1.2983119291338583
21
0.637041811023622
0
LINE
8
BLACK
6
CONTINUOUS
10
1.2983119291338583
20
0.637041811023622
11
1.2988525590551181
21
0.6368349212598425
0
LINE
8
BLACK
6
CONTINUOUS
10
1.2988525590551181
20
0.6368349212598425
11
1.3026020866141732
21
0.634960157480315
0
LINE
8
BLACK
6
CONTINUOUS
10
1.3026020866141732
20
0.634960157480315
11
1.3028500787401573
21
0.634804094488189
0
LINE
8
BLACK
6
CONTINUOUS
10
1.3028500787401573
20
0.634804094488189
11
1.3029220472440945
21
0.6347742519685039
0
LINE
8
BLACK
6
CONTINUOUS
10
1.3029220472440945
20
0.6347742519685039
11
1.3030029921259842
21
0.6347077952755905
0
LINE
8
BLACK
6
CONTINUOUS
10
1.3030029921259842
20
0.6347077952755905
11
1.303091968503937
21
0.634651811023622
0
LINE
8
BLACK
6
CONTINUOUS
10
1.303091968503937
20
0.634651811023622
11
1.3031431102362205
21
0.6345928346456693
0
LINE
8
BLACK
6
CONTINUOUS
10
1.3031431102362205
20
0.6345928346456693
11
1.3033694881889764
21
0.6344070472440945
0
LINE
8
BLACK
6
CONTINUOUS
10
1.3033694881889764
20
0.6344070472440945
11
1.3050311023622048
21
0.6327454330708662
0
LINE
8
BLACK
6
CONTINUOUS
10
1.3050311023622048
20
0.6327454330708662
11
1.306692716535433
21
0.6344070472440945
0
LINE
8
BLACK
6
CONTINUOUS
10
1.306692716535433
20
0.6344070472440945
11
1.3069190551181102
21
0.6345928346456693
0
LINE
8
BLACK
6
CONTINUOUS
10
1.3069190551181102
20
0.6345928346456693
11
1.3069702362204725
21
0.634651811023622
0
LINE
8
BLACK
6
CONTINUOUS
10
1.3069702362204725
20
0.634651811023622
11
1.3070591732283465
21
0.6347077952755905
0
LINE
8
BLACK
6
CONTINUOUS
10
1.3070591732283465
20
0.6347077952755905
11
1.307140157480315
21
0.6347742519685039
0
LINE
8
BLACK
6
CONTINUOUS
10
1.307140157480315
20
0.6347742519685039
11
1.3072120866141732
21
0.634804094488189
0
LINE
8
BLACK
6
CONTINUOUS
10
1.3072120866141732
20
0.634804094488189
11
1.3074601181102361
21
0.634960157480315
0
LINE
8
BLACK
6
CONTINUOUS
10
1.3074601181102361
20
0.634960157480315
11
1.3112096456692912
21
0.6368349212598425
0
LINE
8
BLACK
6
CONTINUOUS
10
1.3112096456692912
20
0.6368349212598425
11
1.3117502362204725
21
0.637041811023622
0
LINE
8
BLACK
6
CONTINUOUS
10
1.3117502362204725
20
0.637041811023622
11
1.3118561023622046
21
0.6370493700787402
0
LINE
8
BLACK
6
CONTINUOUS
10
1.3118561023622046
20
0.6370493700787402
11
1.3119540944881889
21
0.6370899212598425
0
LINE
8
BLACK
6
CONTINUOUS
10
1.3119540944881889
20
0.6370899212598425
11
1.312530157480315
21
0.637146653543307
0
LINE
8
BLACK
6
CONTINUOUS
10
1.312530157480315
20
0.637146653543307
11
1.3200292125984252
21
0.637146653543307
0
LINE
8
BLACK
6
CONTINUOUS
10
1.3200292125984252
20
0.637146653543307
11
1.3206052755905511
21
0.6370899212598425
0
LINE
8
BLACK
6
CONTINUOUS
10
1.3206052755905511
20
0.6370899212598425
11
1.3207032677165353
21
0.6370493307086614
0
LINE
8
BLACK
6
CONTINUOUS
10
1.3207032677165353
20
0.6370493307086614
11
1.320809094488189
21
0.637041811023622
0
LINE
8
BLACK
6
CONTINUOUS
10
1.320809094488189
20
0.637041811023622
11
1.3213497244094488
21
0.6368349212598425
0
LINE
8
BLACK
6
CONTINUOUS
10
1.3213497244094488
20
0.6368349212598425
11
1.3250992519685039
21
0.634960157480315
0
LINE
8
BLACK
6
CONTINUOUS
10
1.3250992519685039
20
0.634960157480315
11
1.325347125984252
21
0.6348041338582677
0
LINE
8
BLACK
6
CONTINUOUS
10
1.325347125984252
20
0.6348041338582677
11
1.3254191732283465
21
0.6347742913385827
0
LINE
8
BLACK
6
CONTINUOUS
10
1.3254191732283465
20
0.6347742913385827
11
1.3255001968503937
21
0.6347077952755905
0
LINE
8
BLACK
6
CONTINUOUS
10
1.3255001968503937
20
0.6347077952755905
11
1.3255891338582677
21
0.634651811023622
0
LINE
8
BLACK
6
CONTINUOUS
10
1.3255891338582677
20
0.634651811023622
11
1.3256402755905512
21
0.6345928346456693
0
LINE
8
BLACK
6
CONTINUOUS
10
1.3256402755905512
20
0.6345928346456693
11
1.3258666141732283
21
0.6344070866141732
0
LINE
8
BLACK
6
CONTINUOUS
10
1.3258666141732283
20
0.6344070866141732
11
1.3277414173228346
21
0.6325323228346457
0
LINE
8
BLACK
6
CONTINUOUS
10
1.3277414173228346
20
0.6325323228346457
11
1.3279271653543308
21
0.6323059842519685
0
LINE
8
BLACK
6
CONTINUOUS
10
1.3279271653543308
20
0.6323059842519685
11
1.3279862204724409
21
0.6322547637795275
0
LINE
8
BLACK
6
CONTINUOUS
10
1.3279862204724409
20
0.6322547637795275
11
1.3280422047244094
21
0.6321658267716536
0
LINE
8
BLACK
6
CONTINUOUS
10
1.3280422047244094
20
0.6321658267716536
11
1.3281086614173228
21
0.632084842519685
0
LINE
8
BLACK
6
CONTINUOUS
10
1.3281086614173228
20
0.632084842519685
11
1.3281384645669292
21
0.6320129133858268
0
LINE
8
BLACK
6
CONTINUOUS
10
1.3281384645669292
20
0.6320129133858268
11
1.3282945669291337
21
0.6317648818897638
0
LINE
8
BLACK
6
CONTINUOUS
10
1.3282945669291337
20
0.6317648818897638
11
1.3301693307086613
21
0.6280153543307087
0
LINE
8
BLACK
6
CONTINUOUS
10
1.3301693307086613
20
0.6280153543307087
11
1.330376220472441
21
0.6274747637795276
0
LINE
8
BLACK
6
CONTINUOUS
10
1.330376220472441
20
0.6274747637795276
11
1.3303837401574803
21
0.6273688976377952
0
LINE
8
BLACK
6
CONTINUOUS
10
1.3303837401574803
20
0.6273688976377952
11
1.3304243307086614
21
0.627270905511811
0
LINE
8
BLACK
6
CONTINUOUS
10
1.3304243307086614
20
0.627270905511811
11
1.330481062992126
21
0.626694842519685
0
LINE
8
BLACK
6
CONTINUOUS
10
1.330481062992126
20
0.626694842519685
11
1.330481062992126
21
0.6191957874015748
0
LINE
8
BLACK
6
CONTINUOUS
10
1.330481062992126
20
0.6191957874015748
11
1.3304243307086614
21
0.6186197244094488
0
LINE
8
BLACK
6
CONTINUOUS
10
1.3304243307086614
20
0.6186197244094488
11
1.3303837401574803
21
0.6185217716535433
0
LINE
8
BLACK
6
CONTINUOUS
10
1.3303837401574803
20
0.6185217716535433
11
1.330376220472441
21
0.6184158661417323
0
LINE
8
BLACK
6
CONTINUOUS
10
1.330376220472441
20
0.6184158661417323
11
1.3301693307086613
21
0.6178752755905512
0
LINE
8
BLACK
6
CONTINUOUS
10
1.3301693307086613
20
0.6178752755905512
11
1.3282945669291337
21
0.614125748031496
0
LINE
8
BLACK
6
CONTINUOUS
10
1.3282945669291337
20
0.614125748031496
11
1.3281384645669292
21
0.6138777559055117
0
LINE
8
BLACK
6
CONTINUOUS
10
1.3281384645669292
20
0.6138777559055117
11
1.3281086614173228
21
0.6138057874015748
0
LINE
8
BLACK
6
CONTINUOUS
10
1.3281086614173228
20
0.6138057874015748
11
1.3280422047244094
21
0.6137248425196851
0
LINE
8
BLACK
6
CONTINUOUS
10
1.3280422047244094
20
0.6137248425196851
11
1.3279862204724409
21
0.6136358661417323
0
LINE
8
BLACK
6
CONTINUOUS
10
1.3279862204724409
20
0.6136358661417323
11
1.3279271653543308
21
0.61358468503937
0
LINE
8
BLACK
6
CONTINUOUS
10
1.3279271653543308
20
0.61358468503937
11
1.3277414173228346
21
0.6133583070866142
0
LINE
8
BLACK
6
CONTINUOUS
10
1.3277414173228346
20
0.6133583070866142
11
1.3258666141732283
21
0.6114835433070867
0
LINE
8
BLACK
6
CONTINUOUS
10
1.3258666141732283
20
0.6114835433070867
11
1.3256402755905512
21
0.6112978346456692
0
LINE
8
BLACK
6
CONTINUOUS
10
1.3256402755905512
20
0.6112978346456692
11
1.3255891338582677
21
0.6112388188976378
0
LINE
8
BLACK
6
CONTINUOUS
10
1.3255891338582677
20
0.6112388188976378
11
1.3255001968503937
21
0.611182874015748
0
LINE
8
BLACK
6
CONTINUOUS
10
1.3255001968503937
20
0.611182874015748
11
1.3254191732283465
21
0.6111163385826771
0
LINE
8
BLACK
6
CONTINUOUS
10
1.3254191732283465
20
0.6111163385826771
11
1.325347125984252
21
0.6110865354330709
0
LINE
8
BLACK
6
CONTINUOUS
10
1.325347125984252
20
0.6110865354330709
11
1.3250992519685039
21
0.6109304724409449
0
LINE
8
BLACK
6
CONTINUOUS
10
1.3250992519685039
20
0.6109304724409449
11
1.3213497244094488
21
0.6090557086614173
0
LINE
8
BLACK
6
CONTINUOUS
10
1.3213497244094488
20
0.6090557086614173
11
1.320809094488189
21
0.6088488188976378
0
LINE
8
BLACK
6
CONTINUOUS
10
1.320809094488189
20
0.6088488188976378
11
1.3207032677165353
21
0.6088413385826772
0
LINE
8
BLACK
6
CONTINUOUS
10
1.3207032677165353
20
0.6088413385826772
11
1.3206052755905511
21
0.6088007086614173
0
LINE
8
BLACK
6
CONTINUOUS
10
1.3206052755905511
20
0.6088007086614173
11
1.3200292125984252
21
0.6087439763779527
0
LINE
8
BLACK
6
CONTINUOUS
10
1.3200292125984252
20
0.6087439763779527
11
1.312530157480315
21
0.6087439763779527
0
LINE
8
BLACK
6
CONTINUOUS
10
1.312530157480315
20
0.6087439763779527
11
1.3119540944881889
21
0.6088007086614173
0
LINE
8
BLACK
6
CONTINUOUS
10
1.3119540944881889
20
0.6088007086614173
11
1.3118561023622046
21
0.6088412992125984
0
LINE
8
BLACK
6
CONTINUOUS
10
1.3118561023622046
20
0.6088412992125984
11
1.3117502362204725
21
0.6088488188976378
0
LINE
8
BLACK
6
CONTINUOUS
10
1.3117502362204725
20
0.6088488188976378
11
1.3112096456692912
21
0.6090557086614173
0
LINE
8
BLACK
6
CONTINUOUS
10
1.3112096456692912
20
0.6090557086614173
11
1.3074601181102361
21
0.6109304724409449
0
LINE
8
BLACK
6
CONTINUOUS
10
1.3074601181102361
20
0.6109304724409449
11
1.3072120866141732
21
0.6110865748031495
0
LINE
8
BLACK
6
CONTINUOUS
10
1.3072120866141732
20
0.6110865748031495
11
1.307140157480315
21
0.6111163779527559
0
LINE
8
BLACK
6
CONTINUOUS
10
1.307140157480315
20
0.6111163779527559
11
1.3070591732283465
21
0.611182874015748
0
LINE
8
BLACK
6
CONTINUOUS
10
1.3070591732283465
20
0.611182874015748
11
1.3069702362204725
21
0.6112388188976378
0
LINE
8
BLACK
6
CONTINUOUS
10
1.3069702362204725
20
0.6112388188976378
11
1.3069190551181102
21
0.6112978346456692
0
LINE
8
BLACK
6
CONTINUOUS
10
1.3069190551181102
20
0.6112978346456692
11
1.306692716535433
21
0.6114835826771653
0
LINE
8
BLACK
6
CONTINUOUS
10
1.306692716535433
20
0.6114835826771653
11
1.3050311023622048
21
0.6131451968503937
0
LINE
8
BLACK
6
CONTINUOUS
10
1.3050311023622048
20
0.6131451968503937
11
1.3033694881889764
21
0.6114835826771653
0
LINE
8
BLACK
6
CONTINUOUS
10
1.3033694881889764
20
0.6114835826771653
11
1.3031431102362205
21
0.6112978346456692
0
LINE
8
BLACK
6
CONTINUOUS
10
1.3031431102362205
20
0.6112978346456692
11
1.303091968503937
21
0.6112388188976378
0
LINE
8
BLACK
6
CONTINUOUS
10
1.303091968503937
20
0.6112388188976378
11
1.3030029921259842
21
0.611182874015748
0
LINE
8
BLACK
6
CONTINUOUS
10
1.3030029921259842
20
0.611182874015748
11
1.3029220472440945
21
0.6111163779527559
0
LINE
8
BLACK
6
CONTINUOUS
10
1.3029220472440945
20
0.6111163779527559
11
1.3028500787401573
21
0.6110865748031495
0
LINE
8
BLACK
6
CONTINUOUS
10
1.3028500787401573
20
0.6110865748031495
11
1.3026020866141732
21
0.6109304724409449
0
LINE
8
BLACK
6
CONTINUOUS
10
1.3026020866141732
20
0.6109304724409449
11
1.2988525590551181
21
0.6090557086614173
0
LINE
8
BLACK
6
CONTINUOUS
10
1.2988525590551181
20
0.6090557086614173
11
1.2983119291338583
21
0.6088488188976378
0
LINE
8
BLACK
6
CONTINUOUS
10
1.2983119291338583
20
0.6088488188976378
11
1.2982061023622047
21
0.6088413385826772
0
LINE
8
BLACK
6
CONTINUOUS
10
1.2982061023622047
20
0.6088413385826772
11
1.2981081102362204
21
0.6088007086614173
0
LINE
8
BLACK
6
CONTINUOUS
10
1.2981081102362204
20
0.6088007086614173
11
1.2975320472440945
21
0.6087439763779527
0
LINE
8
BLACK
6
CONTINUOUS
10
1.2975320472440945
20
0.6087439763779527
11
1.295657283464567
21
0.6087439763779527
0
LINE
8
BLACK
6
CONTINUOUS
10
1.295657283464567
20
0.6087439763779527
11
1.2950812204724409
21
0.6088007086614173
0
LINE
8
BLACK
6
CONTINUOUS
10
1.2950812204724409
20
0.6088007086614173
11
1.2949832283464566
21
0.6088412992125984
0
LINE
8
BLACK
6
CONTINUOUS
10
1.2949832283464566
20
0.6088412992125984
11
1.2948773622047243
21
0.6088488188976378
0
LINE
8
BLACK
6
CONTINUOUS
10
1.2948773622047243
20
0.6088488188976378
11
1.2943367716535432
21
0.6090557086614173
0
LINE
8
BLACK
6
CONTINUOUS
10
1.2943367716535432
20
0.6090557086614173
11
1.2905872440944881
21
0.6109304724409449
0
LINE
8
BLACK
6
CONTINUOUS
10
1.2905872440944881
20
0.6109304724409449
11
1.2903392125984252
21
0.6110865748031495
0
LINE
8
BLACK
6
CONTINUOUS
10
1.2903392125984252
20
0.6110865748031495
11
1.290267283464567
21
0.6111163779527559
0
LINE
8
BLACK
6
CONTINUOUS
10
1.290267283464567
20
0.6111163779527559
11
1.2901862992125983
21
0.611182874015748
0
LINE
8
BLACK
6
CONTINUOUS
10
1.2901862992125983
20
0.611182874015748
11
1.2900973622047245
21
0.6112388188976378
0
LINE
8
BLACK
6
CONTINUOUS
10
1.2900973622047245
20
0.6112388188976378
11
1.2900461811023622
21
0.6112978346456692
0
LINE
8
BLACK
6
CONTINUOUS
10
1.2900461811023622
20
0.6112978346456692
11
1.289819842519685
21
0.6114835826771653
0
LINE
8
BLACK
6
CONTINUOUS
10
1.289819842519685
20
0.6114835826771653
11
1.2891144094488189
21
0.6121890157480315
0
LINE
8
BLACK
6
CONTINUOUS
10
1.2891144094488189
20
0.6121890157480315
11
1.285007874015748
21
0.6121890157480315
0
LINE
8
BLACK
6
CONTINUOUS
10
1.285007874015748
20
0.6121890157480315
11
1.2841038976377952
21
0.6123688188976378
0
LINE
8
BLACK
6
CONTINUOUS
10
1.2841038976377952
20
0.6123688188976378
11
1.2828254724409449
21
0.6136472440944881
0
LINE
8
BLACK
6
CONTINUOUS
10
1.2828254724409449
20
0.6136472440944881
11
1.2828254724409449
21
0.6154551968503937
0
LINE
8
BLACK
6
CONTINUOUS
10
1.2828254724409449
20
0.6154551968503937
11
1.2841038976377952
21
0.6167336220472441
0
LINE
8
BLACK
6
CONTINUOUS
10
1.2841038976377952
20
0.6167336220472441
11
1.285007874015748
21
0.6169134251968503
0
LINE
8
BLACK
6
CONTINUOUS
10
1.285007874015748
20
0.6169134251968503
11
1.2859981102362203
21
0.6169134251968503
0
LINE
8
BLACK
6
CONTINUOUS
10
1.2859981102362203
20
0.6169134251968503
11
1.2855172047244094
21
0.6178752755905512
0
LINE
8
BLACK
6
CONTINUOUS
10
1.2855172047244094
20
0.6178752755905512
11
1.28531031496063
21
0.618415905511811
0
LINE
8
BLACK
6
CONTINUOUS
10
1.28531031496063
20
0.618415905511811
11
1.2853027952755904
21
0.6185217322834645
0
LINE
8
BLACK
6
CONTINUOUS
10
1.2853027952755904
20
0.6185217322834645
11
1.2852622047244093
21
0.6186197244094488
0
LINE
8
BLACK
6
CONTINUOUS
10
1.2852622047244093
20
0.6186197244094488
11
1.285205472440945
21
0.6191957874015748
0
LINE
8
BLACK
6
CONTINUOUS
10
1.285205472440945
20
0.6191957874015748
11
1.285205472440945
21
0.626694842519685
0
LINE
8
BLACK
6
CONTINUOUS
10
1.285205472440945
20
0.626694842519685
11
1.2852622047244093
21
0.627270905511811
0
LINE
8
BLACK
6
CONTINUOUS
10
1.2852622047244093
20
0.627270905511811
11
1.2853027952755904
21
0.627368937007874
0
LINE
8
BLACK
6
CONTINUOUS
10
1.2853027952755904
20
0.627368937007874
11
1.28531031496063
21
0.6274747244094488
0
LINE
8
BLACK
6
CONTINUOUS
10
1.28531031496063
20
0.6274747244094488
11
1.2855172047244094
21
0.6280153543307087
0
LINE
8
BLACK
6
CONTINUOUS
10
1.2855172047244094
20
0.6280153543307087
11
1.287391968503937
21
0.6317648818897638
0
LINE
8
BLACK
6
CONTINUOUS
10
1.287391968503937
20
0.6317648818897638
11
1.287548031496063
21
0.6320129133858268
0
LINE
8
BLACK
6
CONTINUOUS
10
1.287548031496063
20
0.6320129133858268
11
1.287577874015748
21
0.632084842519685
0
LINE
8
BLACK
6
CONTINUOUS
10
1.287577874015748
20
0.632084842519685
11
1.2876443307086614
21
0.6321658267716536
0
LINE
8
BLACK
6
CONTINUOUS
10
1.2876443307086614
20
0.6321658267716536
11
1.2877003149606299
21
0.6322547637795275
0
LINE
8
BLACK
6
CONTINUOUS
10
1.2877003149606299
20
0.6322547637795275
11
1.2877592913385827
21
0.6323059448818897
0
LINE
8
BLACK
6
CONTINUOUS
10
1.2877592913385827
20
0.6323059448818897
11
1.2879450787401574
21
0.6325322834645669
0
LINE
8
BLACK
6
CONTINUOUS
10
1.2879450787401574
20
0.6325322834645669
11
1.289819842519685
21
0.6344070472440945
0
LINE
8
BLACK
6
CONTINUOUS
10
1.289819842519685
20
0.6344070472440945
11
1.2900461811023622
21
0.6345928346456693
0
LINE
8
BLACK
6
CONTINUOUS
10
1.2900461811023622
20
0.6345928346456693
11
1.2900973622047245
21
0.634651811023622
0
LINE
8
BLACK
6
CONTINUOUS
10
1.2900973622047245
20
0.634651811023622
11
1.2901862992125983
21
0.6347077952755905
0
LINE
8
BLACK
6
CONTINUOUS
10
1.2901862992125983
20
0.6347077952755905
11
1.290267283464567
21
0.6347742519685039
0
LINE
8
BLACK
6
CONTINUOUS
10
1.290267283464567
20
0.6347742519685039
11
1.2903392125984252
21
0.634804094488189
0
LINE
8
BLACK
6
CONTINUOUS
10
1.2903392125984252
20
0.634804094488189
11
1.2905872440944881
21
0.634960157480315
0
LINE
8
BLACK
6
CONTINUOUS
10
1.2905872440944881
20
0.634960157480315
11
1.2943367716535432
21
0.6368349212598425
0
LINE
8
BLACK
6
CONTINUOUS
10
1.2943367716535432
20
0.6368349212598425
11
1.2948773622047243
21
0.637041811023622
0
LINE
8
BLACK
6
CONTINUOUS
10
1.2948773622047243
20
0.637041811023622
11
1.2949832283464566
21
0.6370493700787402
0
LINE
8
BLACK
6
CONTINUOUS
10
1.2949832283464566
20
0.6370493700787402
11
1.2950812204724409
21
0.6370899212598425
0
LINE
8
BLACK
6
CONTINUOUS
10
1.2950812204724409
20
0.6370899212598425
11
1.295657283464567
21
0.637146653543307
0
LINE
8
BLACK
6
CONTINUOUS
10
1.295657283464567
20
0.637146653543307
11
1.2975320472440945
21
0.637146653543307
0
LINE
8
BLACK
6
CONTINUOUS
10
1.2975320472440945
20
0.637146653543307
11
1.2981081102362204
21
0.6370899212598425
0
LINE
8
BLACK
6
CONTINUOUS
10
1.2936568503937007
20
0.6298924015748031
11
1.2924597244094489
21
0.6286952755905512
0
LINE
8
BLACK
6
CONTINUOUS
10
1.2924597244094489
20
0.6286952755905512
11
1.2911109842519686
21
0.6259977952755905
0
LINE
8
BLACK
6
CONTINUOUS
10
1.2911109842519686
20
0.6259977952755905
11
1.2911109842519686
21
0.6198928346456692
0
LINE
8
BLACK
6
CONTINUOUS
10
1.2911109842519686
20
0.6198928346456692
11
1.2924597244094489
21
0.6171953543307086
0
LINE
8
BLACK
6
CONTINUOUS
10
1.2924597244094489
20
0.6171953543307086
11
1.2927416535433072
21
0.6169134251968503
0
LINE
8
BLACK
6
CONTINUOUS
10
1.2927416535433072
20
0.6169134251968503
11
1.2928976377952757
21
0.6169134251968503
0
LINE
8
BLACK
6
CONTINUOUS
10
1.2928976377952757
20
0.6169134251968503
11
1.2938016141732283
21
0.6167336220472441
0
LINE
8
BLACK
6
CONTINUOUS
10
1.2938016141732283
20
0.6167336220472441
11
1.2950800393700788
21
0.6154551968503937
0
LINE
8
BLACK
6
CONTINUOUS
10
1.2950800393700788
20
0.6154551968503937
11
1.2950800393700788
21
0.615286653543307
0
LINE
8
BLACK
6
CONTINUOUS
10
1.2950800393700788
20
0.615286653543307
11
1.2963543307086614
21
0.6146494881889764
0
LINE
8
BLACK
6
CONTINUOUS
10
1.2963543307086614
20
0.6146494881889764
11
1.296835
21
0.6146494881889764
0
LINE
8
BLACK
6
CONTINUOUS
10
1.296835
20
0.6146494881889764
11
1.2995324803149606
21
0.6159982283464567
0
LINE
8
BLACK
6
CONTINUOUS
10
1.2995324803149606
20
0.6159982283464567
11
1.3007296062992126
21
0.6171953543307086
0
LINE
8
BLACK
6
CONTINUOUS
10
1.3007296062992126
20
0.6171953543307086
11
1.302078346456693
21
0.6198928346456692
0
LINE
8
BLACK
6
CONTINUOUS
10
1.302078346456693
20
0.6198928346456692
11
1.302078346456693
21
0.6259977952755905
0
LINE
8
BLACK
6
CONTINUOUS
10
1.302078346456693
20
0.6259977952755905
11
1.3007296062992126
21
0.6286952755905512
0
LINE
8
BLACK
6
CONTINUOUS
10
1.3007296062992126
20
0.6286952755905512
11
1.2995324803149606
21
0.6298924015748031
0
LINE
8
BLACK
6
CONTINUOUS
10
1.2995324803149606
20
0.6298924015748031
11
1.296835
21
0.6312411417322834
0
LINE
8
BLACK
6
CONTINUOUS
10
1.296835
20
0.6312411417322834
11
1.2963543307086614
21
0.6312411417322834
0
LINE
8
BLACK
6
CONTINUOUS
10
1.2963543307086614
20
0.6312411417322834
11
1.2936568503937007
21
0.6298924015748031
0
LINE
8
BLACK
6
CONTINUOUS
10
1.3105297244094487
20
0.6298924015748031
11
1.3093325984251969
21
0.6286952755905512
0
LINE
8
BLACK
6
CONTINUOUS
10
1.3093325984251969
20
0.6286952755905512
11
1.3079838582677166
21
0.6259977952755905
0
LINE
8
BLACK
6
CONTINUOUS
10
1.3079838582677166
20
0.6259977952755905
11
1.3079838582677166
21
0.6198928346456692
0
LINE
8
BLACK
6
CONTINUOUS
10
1.3079838582677166
20
0.6198928346456692
11
1.3093325984251969
21
0.6171953543307086
0
LINE
8
BLACK
6
CONTINUOUS
10
1.3093325984251969
20
0.6171953543307086
11
1.3105297244094487
21
0.6159982283464567
0
LINE
8
BLACK
6
CONTINUOUS
10
1.3105297244094487
20
0.6159982283464567
11
1.3132272047244093
21
0.6146494881889764
0
LINE
8
BLACK
6
CONTINUOUS
10
1.3132272047244093
20
0.6146494881889764
11
1.3193321653543306
21
0.6146494881889764
0
LINE
8
BLACK
6
CONTINUOUS
10
1.3193321653543306
20
0.6146494881889764
11
1.3220296456692913
21
0.6159982677165354
0
LINE
8
BLACK
6
CONTINUOUS
10
1.3220296456692913
20
0.6159982677165354
11
1.3232268110236221
21
0.6171953937007874
0
LINE
8
BLACK
6
CONTINUOUS
10
1.3232268110236221
20
0.6171953937007874
11
1.3245755511811024
21
0.6198928346456692
0
LINE
8
BLACK
6
CONTINUOUS
10
1.3245755511811024
20
0.6198928346456692
11
1.3245755511811024
21
0.6259977952755905
0
LINE
8
BLACK
6
CONTINUOUS
10
1.3245755511811024
20
0.6259977952755905
11
1.3232268110236221
21
0.6286952755905512
0
LINE
8
BLACK
6
CONTINUOUS
10
1.3232268110236221
20
0.6286952755905512
11
1.3220296456692913
21
0.6298924015748031
0
LINE
8
BLACK
6
CONTINUOUS
10
1.3220296456692913
20
0.6298924015748031
11
1.3193321653543306
21
0.6312411417322834
0
LINE
8
BLACK
6
CONTINUOUS
10
1.3193321653543306
20
0.6312411417322834
11
1.3132272047244093
21
0.6312411417322834
0
LINE
8
BLACK
6
CONTINUOUS
10
1.3132272047244093
20
0.6312411417322834
11
1.3105297244094487
21
0.6298924015748031
0
LINE
8
BLACK
6
CONTINUOUS
10
1.3556071653543307
20
0.6370899212598425
11
1.3557051574803149
21
0.6370493307086614
0
LINE
8
BLACK
6
CONTINUOUS
10
1.3557051574803149
20
0.6370493307086614
11
1.3558109842519686
21
0.637041811023622
0
LINE
8
BLACK
6
CONTINUOUS
10
1.3558109842519686
20
0.637041811023622
11
1.3563516141732284
21
0.6368349212598425
0
LINE
8
BLACK
6
CONTINUOUS
10
1.3563516141732284
20
0.6368349212598425
11
1.3601011417322835
21
0.634960157480315
0
LINE
8
BLACK
6
CONTINUOUS
10
1.3601011417322835
20
0.634960157480315
11
1.3603491338582676
21
0.634804094488189
0
LINE
8
BLACK
6
CONTINUOUS
10
1.3603491338582676
20
0.634804094488189
11
1.3604211023622046
21
0.6347742519685039
0
LINE
8
BLACK
6
CONTINUOUS
10
1.3604211023622046
20
0.6347742519685039
11
1.3605020472440945
21
0.6347077952755905
0
LINE
8
BLACK
6
CONTINUOUS
10
1.3605020472440945
20
0.6347077952755905
11
1.3605910236220473
21
0.634651811023622
0
LINE
8
BLACK
6
CONTINUOUS
10
1.3605910236220473
20
0.634651811023622
11
1.3606421653543306
21
0.6345928346456693
0
LINE
8
BLACK
6
CONTINUOUS
10
1.3606421653543306
20
0.6345928346456693
11
1.3608685433070866
21
0.6344070472440945
0
LINE
8
BLACK
6
CONTINUOUS
10
1.3608685433070866
20
0.6344070472440945
11
1.3627433070866142
21
0.6325322834645669
0
LINE
8
BLACK
6
CONTINUOUS
10
1.3627433070866142
20
0.6325322834645669
11
1.3629290551181101
21
0.6323059448818897
0
LINE
8
BLACK
6
CONTINUOUS
10
1.3629290551181101
20
0.6323059448818897
11
1.3629880708661417
21
0.6322547637795275
0
LINE
8
BLACK
6
CONTINUOUS
10
1.3629880708661417
20
0.6322547637795275
11
1.3630440157480315
21
0.6321658267716536
0
LINE
8
BLACK
6
CONTINUOUS
10
1.3630440157480315
20
0.6321658267716536
11
1.3631105118110236
21
0.632084842519685
0
LINE
8
BLACK
6
CONTINUOUS
10
1.3631105118110236
20
0.632084842519685
11
1.3631403149606298
21
0.6320129133858268
0
LINE
8
BLACK
6
CONTINUOUS
10
1.3631403149606298
20
0.6320129133858268
11
1.3632964173228346
21
0.6317648818897638
0
LINE
8
BLACK
6
CONTINUOUS
10
1.3632964173228346
20
0.6317648818897638
11
1.3651711811023621
21
0.6280153543307087
0
LINE
8
BLACK
6
CONTINUOUS
10
1.3651711811023621
20
0.6280153543307087
11
1.3653780708661416
21
0.6274747637795276
0
LINE
8
BLACK
6
CONTINUOUS
10
1.3653780708661416
20
0.6274747637795276
11
1.3653855905511811
21
0.6273688976377952
0
LINE
8
BLACK
6
CONTINUOUS
10
1.3653855905511811
20
0.6273688976377952
11
1.3654261811023622
21
0.627270905511811
0
LINE
8
BLACK
6
CONTINUOUS
10
1.3654261811023622
20
0.627270905511811
11
1.3654829133858268
21
0.626694842519685
0
LINE
8
BLACK
6
CONTINUOUS
10
1.3654829133858268
20
0.626694842519685
11
1.3654829133858268
21
0.6191957874015748
0
LINE
8
BLACK
6
CONTINUOUS
10
1.3654829133858268
20
0.6191957874015748
11
1.3654261811023622
21
0.6186197244094488
0
LINE
8
BLACK
6
CONTINUOUS
10
1.3654261811023622
20
0.6186197244094488
11
1.3653855905511811
21
0.6185217716535433
0
LINE
8
BLACK
6
CONTINUOUS
10
1.3653855905511811
20
0.6185217716535433
11
1.3653780708661416
21
0.6184158661417323
0
LINE
8
BLACK
6
CONTINUOUS
10
1.3653780708661416
20
0.6184158661417323
11
1.3651711811023621
21
0.6178752755905512
0
LINE
8
BLACK
6
CONTINUOUS
10
1.3651711811023621
20
0.6178752755905512
11
1.3640249212598425
21
0.6155827559055118
0
LINE
8
BLACK
6
CONTINUOUS
10
1.3640249212598425
20
0.6155827559055118
11
1.3669420866141733
21
0.6163120866141732
0
LINE
8
BLACK
6
CONTINUOUS
10
1.3669420866141733
20
0.6163120866141732
11
1.3718975590551181
21
0.6196157086614174
0
LINE
8
BLACK
6
CONTINUOUS
10
1.3718975590551181
20
0.6196157086614174
11
1.3732268110236221
21
0.6209449212598425
0
LINE
8
BLACK
6
CONTINUOUS
10
1.3732268110236221
20
0.6209449212598425
11
1.3745755511811024
21
0.6236423622047244
0
LINE
8
BLACK
6
CONTINUOUS
10
1.3745755511811024
20
0.6236423622047244
11
1.3745755511811024
21
0.6304443700787401
0
LINE
8
BLACK
6
CONTINUOUS
10
1.3745755511811024
20
0.6304443700787401
11
1.374632283464567
21
0.6310204330708661
0
LINE
8
BLACK
6
CONTINUOUS
10
1.374632283464567
20
0.6310204330708661
11
1.3750731889763779
21
0.632084842519685
0
LINE
8
BLACK
6
CONTINUOUS
10
1.3750731889763779
20
0.632084842519685
11
1.3758878346456693
21
0.6328994881889763
0
LINE
8
BLACK
6
CONTINUOUS
10
1.3758878346456693
20
0.6328994881889763
11
1.3769522440944881
21
0.6333403937007874
0
LINE
8
BLACK
6
CONTINUOUS
10
1.3769522440944881
20
0.6333403937007874
11
1.3781043700787401
21
0.6333403937007874
0
LINE
8
BLACK
6
CONTINUOUS
10
1.3781043700787401
20
0.6333403937007874
11
1.3791687795275591
21
0.6328994881889763
0
LINE
8
BLACK
6
CONTINUOUS
10
1.3791687795275591
20
0.6328994881889763
11
1.3799834251968504
21
0.632084842519685
0
LINE
8
BLACK
6
CONTINUOUS
10
1.3799834251968504
20
0.632084842519685
11
1.3804243307086614
21
0.6310204330708661
0
LINE
8
BLACK
6
CONTINUOUS
10
1.3804243307086614
20
0.6310204330708661
11
1.380481062992126
21
0.6304443700787401
0
LINE
8
BLACK
6
CONTINUOUS
10
1.380481062992126
20
0.6304443700787401
11
1.380481062992126
21
0.6229453149606299
0
LINE
8
BLACK
6
CONTINUOUS
10
1.380481062992126
20
0.6229453149606299
11
1.3804243307086614
21
0.6223692519685039
0
LINE
8
BLACK
6
CONTINUOUS
10
1.3804243307086614
20
0.6223692519685039
11
1.3803837401574803
21
0.6222712992125984
0
LINE
8
BLACK
6
CONTINUOUS
10
1.3803837401574803
20
0.6222712992125984
11
1.380376220472441
21
0.6221653937007874
0
LINE
8
BLACK
6
CONTINUOUS
10
1.380376220472441
20
0.6221653937007874
11
1.3801693307086613
21
0.6216248031496063
0
LINE
8
BLACK
6
CONTINUOUS
10
1.3801693307086613
20
0.6216248031496063
11
1.3782945669291338
21
0.6178752755905512
0
LINE
8
BLACK
6
CONTINUOUS
10
1.3782945669291338
20
0.6178752755905512
11
1.378138464566929
21
0.617627283464567
0
LINE
8
BLACK
6
CONTINUOUS
10
1.378138464566929
20
0.617627283464567
11
1.3781086614173228
21
0.6175553149606299
0
LINE
8
BLACK
6
CONTINUOUS
10
1.3781086614173228
20
0.6175553149606299
11
1.3780422047244094
21
0.6174743700787402
0
LINE
8
BLACK
6
CONTINUOUS
10
1.3780422047244094
20
0.6174743700787402
11
1.3779862204724409
21
0.6173853937007874
0
LINE
8
BLACK
6
CONTINUOUS
10
1.3779862204724409
20
0.6173853937007874
11
1.3779271653543306
21
0.6173342125984251
0
LINE
8
BLACK
6
CONTINUOUS
10
1.3779271653543306
20
0.6173342125984251
11
1.3777414173228346
21
0.6171078346456693
0
LINE
8
BLACK
6
CONTINUOUS
10
1.3777414173228346
20
0.6171078346456693
11
1.3758666141732283
21
0.6152330708661418
0
LINE
8
BLACK
6
CONTINUOUS
10
1.3758666141732283
20
0.6152330708661418
11
1.3758650393700786
21
0.615231811023622
0
LINE
8
BLACK
6
CONTINUOUS
10
1.3758650393700786
20
0.615231811023622
11
1.3758644881889763
21
0.6152309448818898
0
LINE
8
BLACK
6
CONTINUOUS
10
1.3758644881889763
20
0.6152309448818898
11
1.3756387007874016
21
0.6150460629921259
0
LINE
8
BLACK
6
CONTINUOUS
10
1.3756387007874016
20
0.6150460629921259
11
1.3754191732283465
21
0.6148658661417322
0
LINE
8
BLACK
6
CONTINUOUS
10
1.3754191732283465
20
0.6148658661417322
11
1.3754182283464567
21
0.6148655118110236
0
LINE
8
BLACK
6
CONTINUOUS
10
1.3754182283464567
20
0.6148655118110236
11
1.375416653543307
21
0.6148641732283464
0
LINE
8
BLACK
6
CONTINUOUS
10
1.375416653543307
20
0.6148641732283464
11
1.3697923622047243
21
0.6111146456692913
0
LINE
8
BLACK
6
CONTINUOUS
10
1.3697923622047243
20
0.6111146456692913
11
1.3694742913385827
21
0.6109451181102362
0
LINE
8
BLACK
6
CONTINUOUS
10
1.3694742913385827
20
0.6109451181102362
11
1.3694157086614174
21
0.6109016535433071
0
LINE
8
BLACK
6
CONTINUOUS
10
1.3694157086614174
20
0.6109016535433071
11
1.3693464173228347
21
0.6108769291338583
0
LINE
8
BLACK
6
CONTINUOUS
10
1.3693464173228347
20
0.6108769291338583
11
1.3692815748031495
21
0.6108423228346457
0
LINE
8
BLACK
6
CONTINUOUS
10
1.3692815748031495
20
0.6108423228346457
11
1.3692100393700788
21
0.6108281889763779
0
LINE
8
BLACK
6
CONTINUOUS
10
1.3692100393700788
20
0.6108281889763779
11
1.3688705905511811
21
0.6107068897637795
0
LINE
8
BLACK
6
CONTINUOUS
10
1.3688705905511811
20
0.6107068897637795
11
1.3613715354330709
21
0.608832125984252
0
LINE
8
BLACK
6
CONTINUOUS
10
1.3613715354330709
20
0.608832125984252
11
1.3612716535433071
21
0.6088173622047244
0
LINE
8
BLACK
6
CONTINUOUS
10
1.3612716535433071
20
0.6088173622047244
11
1.3612314566929133
21
0.6088007086614173
0
LINE
8
BLACK
6
CONTINUOUS
10
1.3612314566929133
20
0.6088007086614173
11
1.3610144094488188
21
0.6087793700787402
0
LINE
8
BLACK
6
CONTINUOUS
10
1.3610144094488188
20
0.6087793700787402
11
1.3607989370078739
21
0.6087474803149606
0
LINE
8
BLACK
6
CONTINUOUS
10
1.3607989370078739
20
0.6087474803149606
11
1.360755905511811
21
0.6087538976377953
0
LINE
8
BLACK
6
CONTINUOUS
10
1.360755905511811
20
0.6087538976377953
11
1.3606553937007875
21
0.6087439763779527
0
LINE
8
BLACK
6
CONTINUOUS
10
1.3606553937007875
20
0.6087439763779527
11
1.3456572834645668
21
0.6087439763779527
0
LINE
8
BLACK
6
CONTINUOUS
10
1.3456572834645668
20
0.6087439763779527
11
1.3450812204724409
21
0.6088007086614173
0
LINE
8
BLACK
6
CONTINUOUS
10
1.3450812204724409
20
0.6088007086614173
11
1.3449832283464567
21
0.6088412992125984
0
LINE
8
BLACK
6
CONTINUOUS
10
1.3449832283464567
20
0.6088412992125984
11
1.3448773622047243
21
0.6088488188976378
0
LINE
8
BLACK
6
CONTINUOUS
10
1.3448773622047243
20
0.6088488188976378
11
1.3443367716535433
21
0.6090557086614173
0
LINE
8
BLACK
6
CONTINUOUS
10
1.3443367716535433
20
0.6090557086614173
11
1.3405872440944882
21
0.6109304724409449
0
LINE
8
BLACK
6
CONTINUOUS
10
1.3405872440944882
20
0.6109304724409449
11
1.3403392125984253
21
0.6110865748031495
0
LINE
8
BLACK
6
CONTINUOUS
10
1.3403392125984253
20
0.6110865748031495
11
1.3402672834645668
21
0.6111163779527559
0
LINE
8
BLACK
6
CONTINUOUS
10
1.3402672834645668
20
0.6111163779527559
11
1.3401862992125984
21
0.611182874015748
0
LINE
8
BLACK
6
CONTINUOUS
10
1.3401862992125984
20
0.611182874015748
11
1.3400973622047243
21
0.6112388188976378
0
LINE
8
BLACK
6
CONTINUOUS
10
1.3400973622047243
20
0.6112388188976378
11
1.3400461811023621
21
0.6112978346456692
0
LINE
8
BLACK
6
CONTINUOUS
10
1.3400461811023621
20
0.6112978346456692
11
1.339819842519685
21
0.6114835826771653
0
LINE
8
BLACK
6
CONTINUOUS
10
1.339819842519685
20
0.6114835826771653
11
1.3379450787401574
21
0.6133583464566928
0
LINE
8
BLACK
6
CONTINUOUS
10
1.3379450787401574
20
0.6133583464566928
11
1.3377592913385827
21
0.6135847244094488
0
LINE
8
BLACK
6
CONTINUOUS
10
1.3377592913385827
20
0.6135847244094488
11
1.3377003149606299
21
0.6136358661417323
0
LINE
8
BLACK
6
CONTINUOUS
10
1.3377003149606299
20
0.6136358661417323
11
1.3376443307086614
21
0.6137248425196851
0
LINE
8
BLACK
6
CONTINUOUS
10
1.3376443307086614
20
0.6137248425196851
11
1.337577874015748
21
0.6138057874015748
0
LINE
8
BLACK
6
CONTINUOUS
10
1.337577874015748
20
0.6138057874015748
11
1.3375480314960631
21
0.6138777559055117
0
LINE
8
BLACK
6
CONTINUOUS
10
1.3375480314960631
20
0.6138777559055117
11
1.337391968503937
21
0.614125748031496
0
LINE
8
BLACK
6
CONTINUOUS
10
1.337391968503937
20
0.614125748031496
11
1.3355172047244095
21
0.6178752755905512
0
LINE
8
BLACK
6
CONTINUOUS
10
1.3355172047244095
20
0.6178752755905512
11
1.3353103149606298
21
0.618415905511811
0
LINE
8
BLACK
6
CONTINUOUS
10
1.3353103149606298
20
0.618415905511811
11
1.3353027952755905
21
0.6185217322834645
0
LINE
8
BLACK
6
CONTINUOUS
10
1.3353027952755905
20
0.6185217322834645
11
1.3352622047244094
21
0.6186197244094488
0
LINE
8
BLACK
6
CONTINUOUS
10
1.3352622047244094
20
0.6186197244094488
11
1.3352054724409448
21
0.6191957874015748
0
LINE
8
BLACK
6
CONTINUOUS
10
1.3352054724409448
20
0.6191957874015748
11
1.3352054724409448
21
0.626694842519685
0
LINE
8
BLACK
6
CONTINUOUS
10
1.3352054724409448
20
0.626694842519685
11
1.3352622047244094
21
0.627270905511811
0
LINE
8
BLACK
6
CONTINUOUS
10
1.3352622047244094
20
0.627270905511811
11
1.3353027952755905
21
0.627368937007874
0
LINE
8
BLACK
6
CONTINUOUS
10
1.3353027952755905
20
0.627368937007874
11
1.3353103149606298
21
0.6274747244094488
0
LINE
8
BLACK
6
CONTINUOUS
10
1.3353103149606298
20
0.6274747244094488
11
1.3355172047244095
21
0.6280153543307087
0
LINE
8
BLACK
6
CONTINUOUS
10
1.3355172047244095
20
0.6280153543307087
11
1.337391968503937
21
0.6317648818897638
0
LINE
8
BLACK
6
CONTINUOUS
10
1.337391968503937
20
0.6317648818897638
11
1.3375480314960631
21
0.6320129133858268
0
LINE
8
BLACK
6
CONTINUOUS
10
1.3375480314960631
20
0.6320129133858268
11
1.337577874015748
21
0.632084842519685
0
LINE
8
BLACK
6
CONTINUOUS
10
1.337577874015748
20
0.632084842519685
11
1.3376443307086614
21
0.6321658267716536
0
LINE
8
BLACK
6
CONTINUOUS
10
1.3376443307086614
20
0.6321658267716536
11
1.3377003149606299
21
0.6322547637795275
0
LINE
8
BLACK
6
CONTINUOUS
10
1.3377003149606299
20
0.6322547637795275
11
1.3377592913385827
21
0.6323059448818897
0
LINE
8
BLACK
6
CONTINUOUS
10
1.3377592913385827
20
0.6323059448818897
11
1.3379450787401574
21
0.6325322834645669
0
LINE
8
BLACK
6
CONTINUOUS
10
1.3379450787401574
20
0.6325322834645669
11
1.339819842519685
21
0.6344070472440945
0
LINE
8
BLACK
6
CONTINUOUS
10
1.339819842519685
20
0.6344070472440945
11
1.3400461811023621
21
0.6345928346456693
0
LINE
8
BLACK
6
CONTINUOUS
10
1.3400461811023621
20
0.6345928346456693
11
1.3400973622047243
21
0.634651811023622
0
LINE
8
BLACK
6
CONTINUOUS
10
1.3400973622047243
20
0.634651811023622
11
1.3401862992125984
21
0.6347077952755905
0
LINE
8
BLACK
6
CONTINUOUS
10
1.3401862992125984
20
0.6347077952755905
11
1.3402672834645668
21
0.6347742519685039
0
LINE
8
BLACK
6
CONTINUOUS
10
1.3402672834645668
20
0.6347742519685039
11
1.3403392125984253
21
0.634804094488189
0
LINE
8
BLACK
6
CONTINUOUS
10
1.3403392125984253
20
0.634804094488189
11
1.3405872440944882
21
0.634960157480315
0
LINE
8
BLACK
6
CONTINUOUS
10
1.3405872440944882
20
0.634960157480315
11
1.3443367716535433
21
0.6368349212598425
0
LINE
8
BLACK
6
CONTINUOUS
10
1.3443367716535433
20
0.6368349212598425
11
1.3448773622047243
21
0.637041811023622
0
LINE
8
BLACK
6
CONTINUOUS
10
1.3448773622047243
20
0.637041811023622
11
1.3449832283464567
21
0.6370493700787402
0
LINE
8
BLACK
6
CONTINUOUS
10
1.3449832283464567
20
0.6370493700787402
11
1.3450812204724409
21
0.6370899212598425
0
LINE
8
BLACK
6
CONTINUOUS
10
1.3450812204724409
20
0.6370899212598425
11
1.3456572834645668
21
0.637146653543307
0
LINE
8
BLACK
6
CONTINUOUS
10
1.3456572834645668
20
0.637146653543307
11
1.3550311023622046
21
0.637146653543307
0
LINE
8
BLACK
6
CONTINUOUS
10
1.3550311023622046
20
0.637146653543307
11
1.3556071653543307
21
0.6370899212598425
0
LINE
8
BLACK
6
CONTINUOUS
10
1.3436568503937008
20
0.6298924015748031
11
1.3424597244094487
21
0.6286952755905512
0
LINE
8
BLACK
6
CONTINUOUS
10
1.3424597244094487
20
0.6286952755905512
11
1.3411109842519684
21
0.6259977952755905
0
LINE
8
BLACK
6
CONTINUOUS
10
1.3411109842519684
20
0.6259977952755905
11
1.3411109842519684
21
0.6198928346456692
0
LINE
8
BLACK
6
CONTINUOUS
10
1.3411109842519684
20
0.6198928346456692
11
1.3424597244094487
21
0.6171953543307086
0
LINE
8
BLACK
6
CONTINUOUS
10
1.3424597244094487
20
0.6171953543307086
11
1.3436568503937008
21
0.6159982283464567
0
LINE
8
BLACK
6
CONTINUOUS
10
1.3436568503937008
20
0.6159982283464567
11
1.3463543307086614
21
0.6146494881889764
0
LINE
8
BLACK
6
CONTINUOUS
10
1.3463543307086614
20
0.6146494881889764
11
1.3543340551181102
21
0.6146494881889764
0
LINE
8
BLACK
6
CONTINUOUS
10
1.3543340551181102
20
0.6146494881889764
11
1.3570315354330709
21
0.6159982283464567
0
LINE
8
BLACK
6
CONTINUOUS
10
1.3570315354330709
20
0.6159982283464567
11
1.3582286614173229
21
0.6171953543307086
0
LINE
8
BLACK
6
CONTINUOUS
10
1.3582286614173229
20
0.6171953543307086
11
1.3595774015748032
21
0.6198928346456692
0
LINE
8
BLACK
6
CONTINUOUS
10
1.3595774015748032
20
0.6198928346456692
11
1.3595774015748032
21
0.6259977952755905
0
LINE
8
BLACK
6
CONTINUOUS
10
1.3595774015748032
20
0.6259977952755905
11
1.3582286614173229
21
0.6286952755905512
0
LINE
8
BLACK
6
CONTINUOUS
10
1.3582286614173229
20
0.6286952755905512
11
1.3570315354330709
21
0.6298924015748031
0
LINE
8
BLACK
6
CONTINUOUS
10
1.3570315354330709
20
0.6298924015748031
11
1.3543340551181102
21
0.6312411417322834
0
LINE
8
BLACK
6
CONTINUOUS
10
1.3543340551181102
20
0.6312411417322834
11
1.3463543307086614
21
0.6312411417322834
0
LINE
8
BLACK
6
CONTINUOUS
10
1.3463543307086614
20
0.6312411417322834
11
1.3436568503937008
21
0.6298924015748031
0
LINE
8
BLACK
6
CONTINUOUS
10
1.0684171653543306
20
0.618733622047244
11
1.0696955905511811
21
0.6174551968503937
0
LINE
8
BLACK
6
CONTINUOUS
10
1.0696955905511811
20
0.6174551968503937
11
1.0696955905511811
21
0.6156472440944881
0
LINE
8
BLACK
6
CONTINUOUS
10
1.0696955905511811
20
0.6156472440944881
11
1.0684171653543306
21
0.6143688188976378
0
LINE
8
BLACK
6
CONTINUOUS
10
1.0684171653543306
20
0.6143688188976378
11
1.067513188976378
21
0.6141890157480315
0
LINE
8
BLACK
6
CONTINUOUS
10
1.067513188976378
20
0.6141890157480315
11
1.0583923228346457
21
0.6141890157480315
0
LINE
8
BLACK
6
CONTINUOUS
10
1.0583923228346457
20
0.6141890157480315
11
1.0574883464566929
21
0.6143688188976378
0
LINE
8
BLACK
6
CONTINUOUS
10
1.0574883464566929
20
0.6143688188976378
11
1.0562099212598426
21
0.6156472440944881
0
LINE
8
BLACK
6
CONTINUOUS
10
1.0562099212598426
20
0.6156472440944881
11
1.0562099212598426
21
0.6174551968503937
0
LINE
8
BLACK
6
CONTINUOUS
10
1.0562099212598426
20
0.6174551968503937
11
1.0574883464566929
21
0.618733622047244
0
LINE
8
BLACK
6
CONTINUOUS
10
1.0574883464566929
20
0.618733622047244
11
1.0583923228346457
21
0.6189134251968503
0
LINE
8
BLACK
6
CONTINUOUS
10
1.0583923228346457
20
0.6189134251968503
11
1.067513188976378
21
0.6189134251968503
0
LINE
8
BLACK
6
CONTINUOUS
10
1.067513188976378
20
0.6189134251968503
11
1.0684171653543306
21
0.618733622047244
0
LINE
8
BLACK
6
CONTINUOUS
10
1.1331194488188976
20
0.6363724015748031
11
1.1339471653543307
21
0.6355446850393701
0
LINE
8
BLACK
6
CONTINUOUS
10
1.1339471653543307
20
0.6355446850393701
11
1.1343951181102363
21
0.6344632677165354
0
LINE
8
BLACK
6
CONTINUOUS
10
1.1343951181102363
20
0.6344632677165354
11
1.1344527559055118
21
0.6338779921259843
0
LINE
8
BLACK
6
CONTINUOUS
10
1.1344527559055118
20
0.6338779921259843
11
1.1344527559055118
21
0.6214779921259842
0
LINE
8
BLACK
6
CONTINUOUS
10
1.1344527559055118
20
0.6214779921259842
11
1.1343951181102363
21
0.6208927165354331
0
LINE
8
BLACK
6
CONTINUOUS
10
1.1343951181102363
20
0.6208927165354331
11
1.1339471653543307
21
0.6198112992125984
0
LINE
8
BLACK
6
CONTINUOUS
10
1.1339471653543307
20
0.6198112992125984
11
1.1331194488188976
21
0.6189835826771654
0
LINE
8
BLACK
6
CONTINUOUS
10
1.1331194488188976
20
0.6189835826771654
11
1.132038031496063
21
0.6185356299212599
0
LINE
8
BLACK
6
CONTINUOUS
10
1.132038031496063
20
0.6185356299212599
11
1.1308674803149605
21
0.6185356299212599
0
LINE
8
BLACK
6
CONTINUOUS
10
1.1308674803149605
20
0.6185356299212599
11
1.1297860629921259
21
0.6189835826771654
0
LINE
8
BLACK
6
CONTINUOUS
10
1.1297860629921259
20
0.6189835826771654
11
1.1289583464566928
21
0.6198112992125984
0
LINE
8
BLACK
6
CONTINUOUS
10
1.1289583464566928
20
0.6198112992125984
11
1.1285103937007874
21
0.6208927165354331
0
LINE
8
BLACK
6
CONTINUOUS
10
1.1285103937007874
20
0.6208927165354331
11
1.1284527559055118
21
0.6214779921259842
0
LINE
8
BLACK
6
CONTINUOUS
10
1.1284527559055118
20
0.6214779921259842
11
1.1284527559055118
21
0.6338779921259843
0
LINE
8
BLACK
6
CONTINUOUS
10
1.1284527559055118
20
0.6338779921259843
11
1.1285103937007874
21
0.6344632677165354
0
LINE
8
BLACK
6
CONTINUOUS
10
1.1285103937007874
20
0.6344632677165354
11
1.1289583464566928
21
0.6355446850393701
0
LINE
8
BLACK
6
CONTINUOUS
10
1.1289583464566928
20
0.6355446850393701
11
1.1297860629921259
21
0.6363724015748031
0
LINE
8
BLACK
6
CONTINUOUS
10
1.1297860629921259
20
0.6363724015748031
11
1.1308674803149605
21
0.6368203543307086
0
LINE
8
BLACK
6
CONTINUOUS
10
1.1308674803149605
20
0.6368203543307086
11
1.132038031496063
21
0.6368203543307086
0
LINE
8
BLACK
6
CONTINUOUS
10
1.132038031496063
20
0.6368203543307086
11
1.1331194488188976
21
0.6363724015748031
0
LINE
8
BLACK
6
CONTINUOUS
10
1.0269708661417323
20
0.672407125984252
11
1.0270688582677165
21
0.6723665354330709
0
LINE
8
BLACK
6
CONTINUOUS
10
1.0270688582677165
20
0.6723665354330709
11
1.0271746850393702
21
0.6723590157480315
0
LINE
8
BLACK
6
CONTINUOUS
10
1.0271746850393702
20
0.6723590157480315
11
1.02771531496063
21
0.672152125984252
0
LINE
8
BLACK
6
CONTINUOUS
10
1.02771531496063
20
0.672152125984252
11
1.0314648425196851
21
0.6702773622047244
0
LINE
8
BLACK
6
CONTINUOUS
10
1.0314648425196851
20
0.6702773622047244
11
1.0317128346456692
21
0.6701212992125984
0
LINE
8
BLACK
6
CONTINUOUS
10
1.0317128346456692
20
0.6701212992125984
11
1.0317848031496062
21
0.6700914566929134
0
LINE
8
BLACK
6
CONTINUOUS
10
1.0317848031496062
20
0.6700914566929134
11
1.0318657480314961
21
0.670025
0
LINE
8
BLACK
6
CONTINUOUS
10
1.0318657480314961
20
0.670025
11
1.0319547244094487
21
0.6699690157480315
0
LINE
8
BLACK
6
CONTINUOUS
10
1.0319547244094487
20
0.6699690157480315
11
1.0320058661417322
21
0.6699100393700788
0
LINE
8
BLACK
6
CONTINUOUS
10
1.0320058661417322
20
0.6699100393700788
11
1.0322322440944882
21
0.6697242519685039
0
LINE
8
BLACK
6
CONTINUOUS
10
1.0322322440944882
20
0.6697242519685039
11
1.0341070078740158
21
0.6678494881889764
0
LINE
8
BLACK
6
CONTINUOUS
10
1.0341070078740158
20
0.6678494881889764
11
1.0342927559055117
21
0.6676231496062992
0
LINE
8
BLACK
6
CONTINUOUS
10
1.0342927559055117
20
0.6676231496062992
11
1.0343517716535433
21
0.667571968503937
0
LINE
8
BLACK
6
CONTINUOUS
10
1.0343517716535433
20
0.667571968503937
11
1.0344077165354331
21
0.667483031496063
0
LINE
8
BLACK
6
CONTINUOUS
10
1.0344077165354331
20
0.667483031496063
11
1.0344742125984252
21
0.6674020472440945
0
LINE
8
BLACK
6
CONTINUOUS
10
1.0344742125984252
20
0.6674020472440945
11
1.0345040157480314
21
0.6673301181102362
0
LINE
8
BLACK
6
CONTINUOUS
10
1.0345040157480314
20
0.6673301181102362
11
1.0346601181102362
21
0.6670820866141732
0
LINE
8
BLACK
6
CONTINUOUS
10
1.0346601181102362
20
0.6670820866141732
11
1.0365348818897637
21
0.6633325590551181
0
LINE
8
BLACK
6
CONTINUOUS
10
1.0365348818897637
20
0.6633325590551181
11
1.0365509842519685
21
0.6632904724409449
0
LINE
8
BLACK
6
CONTINUOUS
10
1.0365509842519685
20
0.6632904724409449
11
1.0365637007874016
21
0.6632733070866141
0
LINE
8
BLACK
6
CONTINUOUS
10
1.0365637007874016
20
0.6632733070866141
11
1.0366500000000001
21
0.6630317322834646
0
LINE
8
BLACK
6
CONTINUOUS
10
1.0366500000000001
20
0.6630317322834646
11
1.0367417716535432
21
0.662791968503937
0
LINE
8
BLACK
6
CONTINUOUS
10
1.0367417716535432
20
0.662791968503937
11
1.0367432677165354
21
0.6627707086614173
0
LINE
8
BLACK
6
CONTINUOUS
10
1.0367432677165354
20
0.6627707086614173
11
1.0367584645669292
21
0.662728188976378
0
LINE
8
BLACK
6
CONTINUOUS
10
1.0367584645669292
20
0.662728188976378
11
1.0386332283464568
21
0.6552291338582678
0
LINE
8
BLACK
6
CONTINUOUS
10
1.0386332283464568
20
0.6552291338582678
11
1.0386479921259841
21
0.6551292913385827
0
LINE
8
BLACK
6
CONTINUOUS
10
1.0386479921259841
20
0.6551292913385827
11
1.0386646456692914
21
0.6550890551181102
0
LINE
8
BLACK
6
CONTINUOUS
10
1.0386646456692914
20
0.6550890551181102
11
1.0386859842519685
21
0.6548720472440944
0
LINE
8
BLACK
6
CONTINUOUS
10
1.0386859842519685
20
0.6548720472440944
11
1.0387178740157481
21
0.6546565354330709
0
LINE
8
BLACK
6
CONTINUOUS
10
1.0387178740157481
20
0.6546565354330709
11
1.0387114566929134
21
0.6546135433070867
0
LINE
8
BLACK
6
CONTINUOUS
10
1.0387114566929134
20
0.6546135433070867
11
1.038721377952756
21
0.6545129921259842
0
LINE
8
BLACK
6
CONTINUOUS
10
1.038721377952756
20
0.6545129921259842
11
1.038721377952756
21
0.6451391732283465
0
LINE
8
BLACK
6
CONTINUOUS
10
1.038721377952756
20
0.6451391732283465
11
1.0387114566929134
21
0.6450386614173228
0
LINE
8
BLACK
6
CONTINUOUS
10
1.0387114566929134
20
0.6450386614173228
11
1.0387178740157481
21
0.6449956299212598
0
LINE
8
BLACK
6
CONTINUOUS
10
1.0387178740157481
20
0.6449956299212598
11
1.0386859842519685
21
0.6447801574803149
0
LINE
8
BLACK
6
CONTINUOUS
10
1.0386859842519685
20
0.6447801574803149
11
1.0386646456692914
21
0.6445631102362205
0
LINE
8
BLACK
6
CONTINUOUS
10
1.0386646456692914
20
0.6445631102362205
11
1.0386479921259841
21
0.6445229133858268
0
LINE
8
BLACK
6
CONTINUOUS
10
1.0386479921259841
20
0.6445229133858268
11
1.0386332283464568
21
0.6444230314960629
0
LINE
8
BLACK
6
CONTINUOUS
10
1.0386332283464568
20
0.6444230314960629
11
1.0367584645669292
21
0.6369239763779527
0
LINE
8
BLACK
6
CONTINUOUS
10
1.0367584645669292
20
0.6369239763779527
11
1.0367432677165354
21
0.6368814960629922
0
LINE
8
BLACK
6
CONTINUOUS
10
1.0367432677165354
20
0.6368814960629922
11
1.0367417716535432
21
0.6368601968503936
0
LINE
8
BLACK
6
CONTINUOUS
10
1.0367417716535432
20
0.6368601968503936
11
1.0366500000000001
21
0.6366204724409449
0
LINE
8
BLACK
6
CONTINUOUS
10
1.0366500000000001
20
0.6366204724409449
11
1.0365637007874016
21
0.6363788582677166
0
LINE
8
BLACK
6
CONTINUOUS
10
1.0365637007874016
20
0.6363788582677166
11
1.0365509842519685
21
0.6363617322834646
0
LINE
8
BLACK
6
CONTINUOUS
10
1.0365509842519685
20
0.6363617322834646
11
1.0365348818897637
21
0.6363196062992126
0
LINE
8
BLACK
6
CONTINUOUS
10
1.0365348818897637
20
0.6363196062992126
11
1.0346601181102362
21
0.6325700787401575
0
LINE
8
BLACK
6
CONTINUOUS
10
1.0346601181102362
20
0.6325700787401575
11
1.0345040551181102
21
0.6323222047244095
0
LINE
8
BLACK
6
CONTINUOUS
10
1.0345040551181102
20
0.6323222047244095
11
1.034474251968504
21
0.632250157480315
0
LINE
8
BLACK
6
CONTINUOUS
10
1.034474251968504
20
0.632250157480315
11
1.0344077165354331
21
0.6321691338582677
0
LINE
8
BLACK
6
CONTINUOUS
10
1.0344077165354331
20
0.6321691338582677
11
1.0343517716535433
21
0.6320801968503937
0
LINE
8
BLACK
6
CONTINUOUS
10
1.0343517716535433
20
0.6320801968503937
11
1.0342927559055117
21
0.6320290551181103
0
LINE
8
BLACK
6
CONTINUOUS
10
1.0342927559055117
20
0.6320290551181103
11
1.0341070078740158
21
0.6318026771653543
0
LINE
8
BLACK
6
CONTINUOUS
10
1.0341070078740158
20
0.6318026771653543
11
1.032232283464567
21
0.6299279133858268
0
LINE
8
BLACK
6
CONTINUOUS
10
1.032232283464567
20
0.6299279133858268
11
1.0320059055118109
21
0.6297421653543307
0
LINE
8
BLACK
6
CONTINUOUS
10
1.0320059055118109
20
0.6297421653543307
11
1.0319547244094487
21
0.6296831102362205
0
LINE
8
BLACK
6
CONTINUOUS
10
1.0319547244094487
20
0.6296831102362205
11
1.0318657480314961
21
0.629627125984252
0
LINE
8
BLACK
6
CONTINUOUS
10
1.0318657480314961
20
0.629627125984252
11
1.0317848031496062
21
0.6295606692913386
0
LINE
8
BLACK
6
CONTINUOUS
10
1.0317848031496062
20
0.6295606692913386
11
1.0317128346456692
21
0.6295308661417323
0
LINE
8
BLACK
6
CONTINUOUS
10
1.0317128346456692
20
0.6295308661417323
11
1.0314648425196851
21
0.6293747637795275
0
LINE
8
BLACK
6
CONTINUOUS
10
1.0314648425196851
20
0.6293747637795275
11
1.02771531496063
21
0.6274999999999999
0
LINE
8
BLACK
6
CONTINUOUS
10
1.02771531496063
20
0.6274999999999999
11
1.0271746850393702
21
0.6272931102362205
0
LINE
8
BLACK
6
CONTINUOUS
10
1.0271746850393702
20
0.6272931102362205
11
1.0270688582677165
21
0.6272856299212598
0
LINE
8
BLACK
6
CONTINUOUS
10
1.0270688582677165
20
0.6272856299212598
11
1.0269708661417323
21
0.6272449999999999
0
LINE
8
BLACK
6
CONTINUOUS
10
1.0269708661417323
20
0.6272449999999999
11
1.0263948031496062
21
0.6271882677165355
0
LINE
8
BLACK
6
CONTINUOUS
10
1.0263948031496062
20
0.6271882677165355
11
1.0226452755905511
21
0.6271882677165355
0
LINE
8
BLACK
6
CONTINUOUS
10
1.0226452755905511
20
0.6271882677165355
11
1.0220692125984252
21
0.6272449999999999
0
LINE
8
BLACK
6
CONTINUOUS
10
1.0220692125984252
20
0.6272449999999999
11
1.0219712204724409
21
0.627285590551181
0
LINE
8
BLACK
6
CONTINUOUS
10
1.0219712204724409
20
0.627285590551181
11
1.0218653543307086
21
0.6272931102362205
0
LINE
8
BLACK
6
CONTINUOUS
10
1.0218653543307086
20
0.6272931102362205
11
1.0213247637795275
21
0.6274999999999999
0
LINE
8
BLACK
6
CONTINUOUS
10
1.0213247637795275
20
0.6274999999999999
11
1.0175752362204724
21
0.6293747637795275
0
LINE
8
BLACK
6
CONTINUOUS
10
1.0175752362204724
20
0.6293747637795275
11
1.0173272047244095
21
0.6295308661417323
0
LINE
8
BLACK
6
CONTINUOUS
10
1.0173272047244095
20
0.6295308661417323
11
1.0172552755905511
21
0.6295606692913386
0
LINE
8
BLACK
6
CONTINUOUS
10
1.0172552755905511
20
0.6295606692913386
11
1.0171742913385826
21
0.629627125984252
0
LINE
8
BLACK
6
CONTINUOUS
10
1.0171742913385826
20
0.629627125984252
11
1.0170853543307086
21
0.6296831102362205
0
LINE
8
BLACK
6
CONTINUOUS
10
1.0170853543307086
20
0.6296831102362205
11
1.0170341338582678
21
0.6297421653543307
0
LINE
8
BLACK
6
CONTINUOUS
10
1.0170341338582678
20
0.6297421653543307
11
1.0168077952755905
21
0.6299279133858268
0
LINE
8
BLACK
6
CONTINUOUS
10
1.0168077952755905
20
0.6299279133858268
11
1.014933031496063
21
0.6318027165354331
0
LINE
8
BLACK
6
CONTINUOUS
10
1.014933031496063
20
0.6318027165354331
11
1.014747283464567
21
0.6320290551181103
0
LINE
8
BLACK
6
CONTINUOUS
10
1.014747283464567
20
0.6320290551181103
11
1.0146883070866142
21
0.6320801968503937
0
LINE
8
BLACK
6
CONTINUOUS
10
1.0146883070866142
20
0.6320801968503937
11
1.0146323228346457
21
0.6321691338582677
0
LINE
8
BLACK
6
CONTINUOUS
10
1.0146323228346457
20
0.6321691338582677
11
1.0145658267716535
21
0.632250157480315
0
LINE
8
BLACK
6
CONTINUOUS
10
1.0145658267716535
20
0.632250157480315
11
1.0145359842519686
21
0.6323222047244095
0
LINE
8
BLACK
6
CONTINUOUS
10
1.0145359842519686
20
0.6323222047244095
11
1.0143799606299213
21
0.6325700787401575
0
LINE
8
BLACK
6
CONTINUOUS
10
1.0143799606299213
20
0.6325700787401575
11
1.0125051968503938
21
0.6363196062992126
0
LINE
8
BLACK
6
CONTINUOUS
10
1.0125051968503938
20
0.6363196062992126
11
1.0124890551181103
21
0.6363617322834646
0
LINE
8
BLACK
6
CONTINUOUS
10
1.0124890551181103
20
0.6363617322834646
11
1.0124763779527559
21
0.6363788582677166
0
LINE
8
BLACK
6
CONTINUOUS
10
1.0124763779527559
20
0.6363788582677166
11
1.0123899212598424
21
0.6366208267716535
0
LINE
8
BLACK
6
CONTINUOUS
10
1.0123899212598424
20
0.6366208267716535
11
1.0122983070866141
21
0.6368602362204724
0
LINE
8
BLACK
6
CONTINUOUS
10
1.0122983070866141
20
0.6368602362204724
11
1.0122967716535434
21
0.6368814960629922
0
LINE
8
BLACK
6
CONTINUOUS
10
1.0122967716535434
20
0.6368814960629922
11
1.0122816141732283
21
0.6369239763779527
0
LINE
8
BLACK
6
CONTINUOUS
10
1.0122816141732283
20
0.6369239763779527
11
1.0104068503937007
21
0.6444230314960629
0
LINE
8
BLACK
6
CONTINUOUS
10
1.0104068503937007
20
0.6444230314960629
11
1.0103920472440944
21
0.6445229133858268
0
LINE
8
BLACK
6
CONTINUOUS
10
1.0103920472440944
20
0.6445229133858268
11
1.0103754330708661
21
0.6445631102362205
0
LINE
8
BLACK
6
CONTINUOUS
10
1.0103754330708661
20
0.6445631102362205
11
1.0103540551181103
21
0.6447801574803149
0
LINE
8
BLACK
6
CONTINUOUS
10
1.0103540551181103
20
0.6447801574803149
11
1.0103222047244094
21
0.6449956299212598
0
LINE
8
BLACK
6
CONTINUOUS
10
1.0103222047244094
20
0.6449956299212598
11
1.0103285826771653
21
0.6450386614173228
0
LINE
8
BLACK
6
CONTINUOUS
10
1.0103285826771653
20
0.6450386614173228
11
1.0103187007874015
21
0.6451391732283465
0
LINE
8
BLACK
6
CONTINUOUS
10
1.0103187007874015
20
0.6451391732283465
11
1.0103187007874015
21
0.6545129921259842
0
LINE
8
BLACK
6
CONTINUOUS
10
1.0103187007874015
20
0.6545129921259842
11
1.0103285826771653
21
0.6546135433070867
0
LINE
8
BLACK
6
CONTINUOUS
10
1.0103285826771653
20
0.6546135433070867
11
1.0103222047244094
21
0.6546565354330709
0
LINE
8
BLACK
6
CONTINUOUS
10
1.0103222047244094
20
0.6546565354330709
11
1.0103540551181103
21
0.6548720472440944
0
LINE
8
BLACK
6
CONTINUOUS
10
1.0103540551181103
20
0.6548720472440944
11
1.0103754330708661
21
0.6550890551181102
0
LINE
8
BLACK
6
CONTINUOUS
10
1.0103754330708661
20
0.6550890551181102
11
1.0103920472440944
21
0.6551292913385827
0
LINE
8
BLACK
6
CONTINUOUS
10
1.0103920472440944
20
0.6551292913385827
11
1.0104068503937007
21
0.6552291338582678
0
LINE
8
BLACK
6
CONTINUOUS
10
1.0104068503937007
20
0.6552291338582678
11
1.0122816141732283
21
0.662728188976378
0
LINE
8
BLACK
6
CONTINUOUS
10
1.0122816141732283
20
0.662728188976378
11
1.0122967716535434
21
0.6627707086614173
0
LINE
8
BLACK
6
CONTINUOUS
10
1.0122967716535434
20
0.6627707086614173
11
1.0122983070866141
21
0.6627919291338582
0
LINE
8
BLACK
6
CONTINUOUS
10
1.0122983070866141
20
0.6627919291338582
11
1.0123899212598424
21
0.6630313779527559
0
LINE
8
BLACK
6
CONTINUOUS
10
1.0123899212598424
20
0.6630313779527559
11
1.0124763779527559
21
0.6632733070866141
0
LINE
8
BLACK
6
CONTINUOUS
10
1.0124763779527559
20
0.6632733070866141
11
1.0124890551181103
21
0.6632904724409449
0
LINE
8
BLACK
6
CONTINUOUS
10
1.0124890551181103
20
0.6632904724409449
11
1.0125051968503938
21
0.6633325590551181
0
LINE
8
BLACK
6
CONTINUOUS
10
1.0125051968503938
20
0.6633325590551181
11
1.0143799606299213
21
0.6670820866141732
0
LINE
8
BLACK
6
CONTINUOUS
10
1.0143799606299213
20
0.6670820866141732
11
1.0145360236220473
21
0.6673301181102362
0
LINE
8
BLACK
6
CONTINUOUS
10
1.0145360236220473
20
0.6673301181102362
11
1.0145658661417323
21
0.6674020472440945
0
LINE
8
BLACK
6
CONTINUOUS
10
1.0145658661417323
20
0.6674020472440945
11
1.0146323228346457
21
0.667483031496063
0
LINE
8
BLACK
6
CONTINUOUS
10
1.0146323228346457
20
0.667483031496063
11
1.0146883070866142
21
0.667571968503937
0
LINE
8
BLACK
6
CONTINUOUS
10
1.0146883070866142
20
0.667571968503937
11
1.014747283464567
21
0.6676231496062992
0
LINE
8
BLACK
6
CONTINUOUS
10
1.014747283464567
20
0.6676231496062992
11
1.0149330708661417
21
0.6678494881889764
0
LINE
8
BLACK
6
CONTINUOUS
10
1.0149330708661417
20
0.6678494881889764
11
1.0168078346456693
21
0.6697242519685039
0
LINE
8
BLACK
6
CONTINUOUS
10
1.0168078346456693
20
0.6697242519685039
11
1.0170341732283463
21
0.6699100393700788
0
LINE
8
BLACK
6
CONTINUOUS
10
1.0170341732283463
20
0.6699100393700788
11
1.0170853543307086
21
0.6699690157480315
0
LINE
8
BLACK
6
CONTINUOUS
10
1.0170853543307086
20
0.6699690157480315
11
1.0171742913385826
21
0.670025
0
LINE
8
BLACK
6
CONTINUOUS
10
1.0171742913385826
20
0.670025
11
1.0172552755905511
21
0.6700914566929134
0
LINE
8
BLACK
6
CONTINUOUS
10
1.0172552755905511
20
0.6700914566929134
11
1.0173272047244095
21
0.6701212992125984
0
LINE
8
BLACK
6
CONTINUOUS
10
1.0173272047244095
20
0.6701212992125984
11
1.0175752362204724
21
0.6702773622047244
0
LINE
8
BLACK
6
CONTINUOUS
10
1.0175752362204724
20
0.6702773622047244
11
1.0213247637795275
21
0.672152125984252
0
LINE
8
BLACK
6
CONTINUOUS
10
1.0213247637795275
20
0.672152125984252
11
1.0218653543307086
21
0.6723590157480315
0
LINE
8
BLACK
6
CONTINUOUS
10
1.0218653543307086
20
0.6723590157480315
11
1.0219712204724409
21
0.6723665748031495
0
LINE
8
BLACK
6
CONTINUOUS
10
1.0219712204724409
20
0.6723665748031495
11
1.0220692125984252
21
0.672407125984252
0
LINE
8
BLACK
6
CONTINUOUS
10
1.0220692125984252
20
0.672407125984252
11
1.0226452755905511
21
0.6724638582677165
0
LINE
8
BLACK
6
CONTINUOUS
10
1.0226452755905511
20
0.6724638582677165
11
1.0263948031496062
21
0.6724638582677165
0
LINE
8
BLACK
6
CONTINUOUS
10
1.0263948031496062
20
0.6724638582677165
11
1.0269708661417323
21
0.672407125984252
0
LINE
8
BLACK
6
CONTINUOUS
10
1.020644842519685
20
0.6652096062992126
11
1.019447716535433
21
0.6640124803149606
0
LINE
8
BLACK
6
CONTINUOUS
10
1.019447716535433
20
0.6640124803149606
11
1.0179322047244095
21
0.6609814960629921
0
LINE
8
BLACK
6
CONTINUOUS
10
1.0179322047244095
20
0.6609814960629921
11
1.0162242125984251
21
0.6541494488188976
0
LINE
8
BLACK
6
CONTINUOUS
10
1.0162242125984251
20
0.6541494488188976
11
1.0162242125984251
21
0.645502716535433
0
LINE
8
BLACK
6
CONTINUOUS
10
1.0162242125984251
20
0.645502716535433
11
1.0179322047244095
21
0.6386706692913385
0
LINE
8
BLACK
6
CONTINUOUS
10
1.0179322047244095
20
0.6386706692913385
11
1.019447716535433
21
0.6356396850393701
0
LINE
8
BLACK
6
CONTINUOUS
10
1.019447716535433
20
0.6356396850393701
11
1.020644842519685
21
0.6344425196850394
0
LINE
8
BLACK
6
CONTINUOUS
10
1.020644842519685
20
0.6344425196850394
11
1.0233423228346457
21
0.6330937795275591
0
LINE
8
BLACK
6
CONTINUOUS
10
1.0233423228346457
20
0.6330937795275591
11
1.0256977559055118
21
0.6330937795275591
0
LINE
8
BLACK
6
CONTINUOUS
10
1.0256977559055118
20
0.6330937795275591
11
1.0283951968503937
21
0.6344425196850394
0
LINE
8
BLACK
6
CONTINUOUS
10
1.0283951968503937
20
0.6344425196850394
11
1.0295923228346457
21
0.6356396850393701
0
LINE
8
BLACK
6
CONTINUOUS
10
1.0295923228346457
20
0.6356396850393701
11
1.0311078346456692
21
0.6386706692913385
0
LINE
8
BLACK
6
CONTINUOUS
10
1.0311078346456692
20
0.6386706692913385
11
1.0328158661417322
21
0.645502716535433
0
LINE
8
BLACK
6
CONTINUOUS
10
1.0328158661417322
20
0.645502716535433
11
1.0328158661417322
21
0.6541494488188976
0
LINE
8
BLACK
6
CONTINUOUS
10
1.0328158661417322
20
0.6541494488188976
11
1.0311078346456692
21
0.6609814960629921
0
LINE
8
BLACK
6
CONTINUOUS
10
1.0311078346456692
20
0.6609814960629921
11
1.0295923622047243
21
0.6640124803149606
0
LINE
8
BLACK
6
CONTINUOUS
10
1.0295923622047243
20
0.6640124803149606
11
1.0283952362204725
21
0.6652096062992126
0
LINE
8
BLACK
6
CONTINUOUS
10
1.0283952362204725
20
0.6652096062992126
11
1.0256977559055118
21
0.6665583464566929
0
LINE
8
BLACK
6
CONTINUOUS
10
1.0256977559055118
20
0.6665583464566929
11
1.0233423228346457
21
0.6665583464566929
0
LINE
8
BLACK
6
CONTINUOUS
10
1.0233423228346457
20
0.6665583464566929
11
1.020644842519685
21
0.6652096062992126
0
LINE
8
BLACK
6
CONTINUOUS
10
1.0682157086614172
20
0.672407125984252
11
1.0683137007874015
21
0.6723665354330709
0
LINE
8
BLACK
6
CONTINUOUS
10
1.0683137007874015
20
0.6723665354330709
11
1.0684195275590551
21
0.6723590157480315
0
LINE
8
BLACK
6
CONTINUOUS
10
1.0684195275590551
20
0.6723590157480315
11
1.0689601574803149
21
0.672152125984252
0
LINE
8
BLACK
6
CONTINUOUS
10
1.0689601574803149
20
0.672152125984252
11
1.07270968503937
21
0.6702773622047244
0
LINE
8
BLACK
6
CONTINUOUS
10
1.07270968503937
20
0.6702773622047244
11
1.0729576771653544
21
0.6701212992125984
0
LINE
8
BLACK
6
CONTINUOUS
10
1.0729576771653544
20
0.6701212992125984
11
1.0730296456692914
21
0.6700914566929134
0
LINE
8
BLACK
6
CONTINUOUS
10
1.0730296456692914
20
0.6700914566929134
11
1.0731105905511811
21
0.670025
0
LINE
8
BLACK
6
CONTINUOUS
10
1.0731105905511811
20
0.670025
11
1.0731995669291339
21
0.6699690157480315
0
LINE
8
BLACK
6
CONTINUOUS
10
1.0731995669291339
20
0.6699690157480315
11
1.0732507086614174
21
0.6699100393700788
0
LINE
8
BLACK
6
CONTINUOUS
10
1.0732507086614174
20
0.6699100393700788
11
1.0734770866141732
21
0.6697242519685039
0
LINE
8
BLACK
6
CONTINUOUS
10
1.0734770866141732
20
0.6697242519685039
11
1.0753518503937007
21
0.6678494881889764
0
LINE
8
BLACK
6
CONTINUOUS
10
1.0753518503937007
20
0.6678494881889764
11
1.0757190551181102
21
0.6674020472440945
0
LINE
8
BLACK
6
CONTINUOUS
10
1.0757190551181102
20
0.6674020472440945
11
1.0761599606299213
21
0.6663376377952756
0
LINE
8
BLACK
6
CONTINUOUS
10
1.0761599606299213
20
0.6663376377952756
11
1.0761599606299213
21
0.6651855511811023
0
LINE
8
BLACK
6
CONTINUOUS
10
1.0761599606299213
20
0.6651855511811023
11
1.0757190551181102
21
0.6641211417322834
0
LINE
8
BLACK
6
CONTINUOUS
10
1.0757190551181102
20
0.6641211417322834
11
1.0749043700787402
21
0.6633064566929133
0
LINE
8
BLACK
6
CONTINUOUS
10
1.0749043700787402
20
0.6633064566929133
11
1.0738399606299212
21
0.6628655511811024
0
LINE
8
BLACK
6
CONTINUOUS
10
1.0738399606299212
20
0.6628655511811024
11
1.0726878740157479
21
0.6628655511811024
0
LINE
8
BLACK
6
CONTINUOUS
10
1.0726878740157479
20
0.6628655511811024
11
1.0716234645669291
21
0.6633064566929133
0
LINE
8
BLACK
6
CONTINUOUS
10
1.0716234645669291
20
0.6633064566929133
11
1.0711760236220471
21
0.6636736614173229
0
LINE
8
BLACK
6
CONTINUOUS
10
1.0711760236220471
20
0.6636736614173229
11
1.0696400787401574
21
0.6652096062992126
0
LINE
8
BLACK
6
CONTINUOUS
10
1.0696400787401574
20
0.6652096062992126
11
1.0669425984251968
21
0.6665583464566929
0
LINE
8
BLACK
6
CONTINUOUS
10
1.0669425984251968
20
0.6665583464566929
11
1.058962874015748
21
0.6665583464566929
0
LINE
8
BLACK
6
CONTINUOUS
10
1.058962874015748
20
0.6665583464566929
11
1.0562653937007873
21
0.6652096062992126
0
LINE
8
BLACK
6
CONTINUOUS
10
1.0562653937007873
20
0.6652096062992126
11
1.0550682677165355
21
0.6640124803149606
0
LINE
8
BLACK
6
CONTINUOUS
10
1.0550682677165355
20
0.6640124803149606
11
1.0537195275590552
21
0.661315
0
LINE
8
BLACK
6
CONTINUOUS
10
1.0537195275590552
20
0.661315
11
1.0537195275590552
21
0.6587416929133858
0
LINE
8
BLACK
6
CONTINUOUS
10
1.0537195275590552
20
0.6587416929133858
11
1.0552223228346456
21
0.6542332677165354
0
LINE
8
BLACK
6
CONTINUOUS
10
1.0552223228346456
20
0.6542332677165354
11
1.0772266141732283
21
0.632228937007874
0
LINE
8
BLACK
6
CONTINUOUS
10
1.0772266141732283
20
0.632228937007874
11
1.0775938582677165
21
0.6317814960629922
0
LINE
8
BLACK
6
CONTINUOUS
10
1.0775938582677165
20
0.6317814960629922
11
1.0780347244094488
21
0.6307170472440945
0
LINE
8
BLACK
6
CONTINUOUS
10
1.0780347244094488
20
0.6307170472440945
11
1.0780347244094488
21
0.6295649606299213
0
LINE
8
BLACK
6
CONTINUOUS
10
1.0780347244094488
20
0.6295649606299213
11
1.0775938188976377
21
0.6285005511811024
0
LINE
8
BLACK
6
CONTINUOUS
10
1.0775938188976377
20
0.6285005511811024
11
1.0767791732283465
21
0.6276858661417323
0
LINE
8
BLACK
6
CONTINUOUS
10
1.0767791732283465
20
0.6276858661417323
11
1.0760264960629922
21
0.6273741338582677
0
LINE
8
BLACK
6
CONTINUOUS
10
1.0760264960629922
20
0.6273741338582677
11
1.0757147637795275
21
0.6272449999999999
0
LINE
8
BLACK
6
CONTINUOUS
10
1.0757147637795275
20
0.6272449999999999
11
1.0751387007874016
21
0.6271882677165355
0
LINE
8
BLACK
6
CONTINUOUS
10
1.0751387007874016
20
0.6271882677165355
11
1.0507667716535434
21
0.6271882677165355
0
LINE
8
BLACK
6
CONTINUOUS
10
1.0507667716535434
20
0.6271882677165355
11
1.0501907086614173
21
0.6272449999999999
0
LINE
8
BLACK
6
CONTINUOUS
10
1.0501907086614173
20
0.6272449999999999
11
1.0491262992125985
21
0.627685905511811
0
LINE
8
BLACK
6
CONTINUOUS
10
1.0491262992125985
20
0.627685905511811
11
1.048311653543307
21
0.6285005511811024
0
LINE
8
BLACK
6
CONTINUOUS
10
1.048311653543307
20
0.6285005511811024
11
1.0478707480314959
21
0.6295649606299213
0
LINE
8
BLACK
6
CONTINUOUS
10
1.0478707480314959
20
0.6295649606299213
11
1.0478707480314959
21
0.6307170866141733
0
LINE
8
BLACK
6
CONTINUOUS
10
1.0478707480314959
20
0.6307170866141733
11
1.048311653543307
21
0.6317814960629922
0
LINE
8
BLACK
6
CONTINUOUS
10
1.048311653543307
20
0.6317814960629922
11
1.0491262992125985
21
0.6325961417322834
0
LINE
8
BLACK
6
CONTINUOUS
10
1.0491262992125985
20
0.6325961417322834
11
1.0501907086614173
21
0.6330370472440945
0
LINE
8
BLACK
6
CONTINUOUS
10
1.0501907086614173
20
0.6330370472440945
11
1.0507667716535434
21
0.6330937795275591
0
LINE
8
BLACK
6
CONTINUOUS
10
1.0507667716535434
20
0.6330937795275591
11
1.0680101181102362
21
0.6330937795275591
0
LINE
8
BLACK
6
CONTINUOUS
10
1.0680101181102362
20
0.6330937795275591
11
1.050553622047244
21
0.6505503149606299
0
LINE
8
BLACK
6
CONTINUOUS
10
1.050553622047244
20
0.6505503149606299
11
1.0501864173228346
21
0.6509977559055118
0
LINE
8
BLACK
6
CONTINUOUS
10
1.0501864173228346
20
0.6509977559055118
11
1.0501457874015747
21
0.6510958267716536
0
LINE
8
BLACK
6
CONTINUOUS
10
1.0501457874015747
20
0.6510958267716536
11
1.0500762992125985
21
0.6511759448818898
0
LINE
8
BLACK
6
CONTINUOUS
10
1.0500762992125985
20
0.6511759448818898
11
1.0498403149606299
21
0.6517044881889764
0
LINE
8
BLACK
6
CONTINUOUS
10
1.0498403149606299
20
0.6517044881889764
11
1.0479655511811024
21
0.6573287795275591
0
LINE
8
BLACK
6
CONTINUOUS
10
1.0479655511811024
20
0.6573287795275591
11
1.0479005905511811
21
0.6576143700787401
0
LINE
8
BLACK
6
CONTINUOUS
10
1.0479005905511811
20
0.6576143700787401
11
1.0478707480314959
21
0.6576864566929134
0
LINE
8
BLACK
6
CONTINUOUS
10
1.0478707480314959
20
0.6576864566929134
11
1.0478604330708661
21
0.6577909842519685
0
LINE
8
BLACK
6
CONTINUOUS
10
1.0478604330708661
20
0.6577909842519685
11
1.0478372047244093
21
0.6578932283464567
0
LINE
8
BLACK
6
CONTINUOUS
10
1.0478372047244093
20
0.6578932283464567
11
1.0478427165354331
21
0.6579709842519685
0
LINE
8
BLACK
6
CONTINUOUS
10
1.0478427165354331
20
0.6579709842519685
11
1.0478140157480316
21
0.6582625196850393
0
LINE
8
BLACK
6
CONTINUOUS
10
1.0478140157480316
20
0.6582625196850393
11
1.0478140157480316
21
0.6620120472440945
0
LINE
8
BLACK
6
CONTINUOUS
10
1.0478140157480316
20
0.6620120472440945
11
1.0478707480314959
21
0.6625881102362204
0
LINE
8
BLACK
6
CONTINUOUS
10
1.0478707480314959
20
0.6625881102362204
11
1.047911338582677
21
0.6626861417322835
0
LINE
8
BLACK
6
CONTINUOUS
10
1.047911338582677
20
0.6626861417322835
11
1.0479188582677166
21
0.6627919291338582
0
LINE
8
BLACK
6
CONTINUOUS
10
1.0479188582677166
20
0.6627919291338582
11
1.0481257480314961
21
0.6633325590551181
0
LINE
8
BLACK
6
CONTINUOUS
10
1.0481257480314961
20
0.6633325590551181
11
1.0500005118110236
21
0.6670820866141732
0
LINE
8
BLACK
6
CONTINUOUS
10
1.0500005118110236
20
0.6670820866141732
11
1.0501565748031496
21
0.6673301181102362
0
LINE
8
BLACK
6
CONTINUOUS
10
1.0501565748031496
20
0.6673301181102362
11
1.0501864173228346
21
0.6674020472440945
0
LINE
8
BLACK
6
CONTINUOUS
10
1.0501864173228346
20
0.6674020472440945
11
1.050252874015748
21
0.667483031496063
0
LINE
8
BLACK
6
CONTINUOUS
10
1.050252874015748
20
0.667483031496063
11
1.0503088582677165
21
0.667571968503937
0
LINE
8
BLACK
6
CONTINUOUS
10
1.0503088582677165
20
0.667571968503937
11
1.0503678346456693
21
0.6676231496062992
0
LINE
8
BLACK
6
CONTINUOUS
10
1.0503678346456693
20
0.6676231496062992
11
1.050553622047244
21
0.6678494881889764
0
LINE
8
BLACK
6
CONTINUOUS
10
1.050553622047244
20
0.6678494881889764
11
1.0524283858267716
21
0.6697242519685039
0
LINE
8
BLACK
6
CONTINUOUS
10
1.0524283858267716
20
0.6697242519685039
11
1.0526547244094488
21
0.6699100393700788
0
LINE
8
BLACK
6
CONTINUOUS
10
1.0526547244094488
20
0.6699100393700788
11
1.0527059055118111
21
0.6699690157480315
0
LINE
8
BLACK
6
CONTINUOUS
10
1.0527059055118111
20
0.6699690157480315
11
1.0527948425196849
21
0.670025
0
LINE
8
BLACK
6
CONTINUOUS
10
1.0527948425196849
20
0.670025
11
1.0528758267716536
21
0.6700914566929134
0
LINE
8
BLACK
6
CONTINUOUS
10
1.0528758267716536
20
0.6700914566929134
11
1.0529477559055118
21
0.6701212992125984
0
LINE
8
BLACK
6
CONTINUOUS
10
1.0529477559055118
20
0.6701212992125984
11
1.0531957874015747
21
0.6702773622047244
0
LINE
8
BLACK
6
CONTINUOUS
10
1.0531957874015747
20
0.6702773622047244
11
1.0569453149606298
21
0.672152125984252
0
LINE
8
BLACK
6
CONTINUOUS
10
1.0569453149606298
20
0.672152125984252
11
1.0574859055118111
21
0.6723590157480315
0
LINE
8
BLACK
6
CONTINUOUS
10
1.0574859055118111
20
0.6723590157480315
11
1.0575917716535432
21
0.6723665748031495
0
LINE
8
BLACK
6
CONTINUOUS
10
1.0575917716535432
20
0.6723665748031495
11
1.0576897637795275
21
0.672407125984252
0
LINE
8
BLACK
6
CONTINUOUS
10
1.0576897637795275
20
0.672407125984252
11
1.0582658267716536
21
0.6724638582677165
0
LINE
8
BLACK
6
CONTINUOUS
10
1.0582658267716536
20
0.6724638582677165
11
1.0676396456692914
21
0.6724638582677165
0
LINE
8
BLACK
6
CONTINUOUS
10
1.0676396456692914
20
0.6724638582677165
11
1.0682157086614172
21
0.672407125984252
0
LINE
8
BLACK
6
CONTINUOUS
10
1.0998022047244094
20
0.6724351574803149
11
1.0998799606299212
21
0.6724406692913386
0
LINE
8
BLACK
6
CONTINUOUS
10
1.0998799606299212
20
0.6724406692913386
11
1.0999822047244094
21
0.6724174409448819
0
LINE
8
BLACK
6
CONTINUOUS
10
1.0999822047244094
20
0.6724174409448819
11
1.1000867322834647
21
0.672407125984252
0
LINE
8
BLACK
6
CONTINUOUS
10
1.1000867322834647
20
0.672407125984252
11
1.1001588188976377
21
0.6723772834645669
0
LINE
8
BLACK
6
CONTINUOUS
10
1.1001588188976377
20
0.6723772834645669
11
1.1004444094488188
21
0.6723123228346457
0
LINE
8
BLACK
6
CONTINUOUS
10
1.1004444094488188
20
0.6723123228346457
11
1.1060687007874015
21
0.6704375590551181
0
LINE
8
BLACK
6
CONTINUOUS
10
1.1060687007874015
20
0.6704375590551181
11
1.1065972440944882
21
0.6702015748031496
0
LINE
8
BLACK
6
CONTINUOUS
10
1.1065972440944882
20
0.6702015748031496
11
1.1066773622047243
21
0.6701320866141732
0
LINE
8
BLACK
6
CONTINUOUS
10
1.1066773622047243
20
0.6701320866141732
11
1.1067754330708661
21
0.6700914566929134
0
LINE
8
BLACK
6
CONTINUOUS
10
1.1067754330708661
20
0.6700914566929134
11
1.1072228740157479
21
0.6697242519685039
0
LINE
8
BLACK
6
CONTINUOUS
10
1.1072228740157479
20
0.6697242519685039
11
1.110972401574803
21
0.6659747244094488
0
LINE
8
BLACK
6
CONTINUOUS
10
1.110972401574803
20
0.6659747244094488
11
1.1111582283464567
21
0.6657483464566929
0
LINE
8
BLACK
6
CONTINUOUS
10
1.1111582283464567
20
0.6657483464566929
11
1.1112171653543308
21
0.6656972047244094
0
LINE
8
BLACK
6
CONTINUOUS
10
1.1112171653543308
20
0.6656972047244094
11
1.111273031496063
21
0.6656084645669291
0
LINE
8
BLACK
6
CONTINUOUS
10
1.111273031496063
20
0.6656084645669291
11
1.1113396456692912
21
0.6655272834645669
0
LINE
8
BLACK
6
CONTINUOUS
10
1.1113396456692912
20
0.6655272834645669
11
1.1113694881889764
21
0.6654551574803149
0
LINE
8
BLACK
6
CONTINUOUS
10
1.1113694881889764
20
0.6654551574803149
11
1.1115255118110237
21
0.6652073228346457
0
LINE
8
BLACK
6
CONTINUOUS
10
1.1115255118110237
20
0.6652073228346457
11
1.1134002755905512
21
0.6614577952755906
0
LINE
8
BLACK
6
CONTINUOUS
10
1.1134002755905512
20
0.6614577952755906
11
1.1134163779527559
21
0.6614157086614173
0
LINE
8
BLACK
6
CONTINUOUS
10
1.1134163779527559
20
0.6614157086614173
11
1.1134290944881891
21
0.6613985433070866
0
LINE
8
BLACK
6
CONTINUOUS
10
1.1134290944881891
20
0.6613985433070866
11
1.1135153937007873
21
0.661156968503937
0
LINE
8
BLACK
6
CONTINUOUS
10
1.1135153937007873
20
0.661156968503937
11
1.1136071653543307
21
0.6609172047244094
0
LINE
8
BLACK
6
CONTINUOUS
10
1.1136071653543307
20
0.6609172047244094
11
1.1136086614173228
21
0.6608959448818897
0
LINE
8
BLACK
6
CONTINUOUS
10
1.1136086614173228
20
0.6608959448818897
11
1.1136238582677165
21
0.6608534251968504
0
LINE
8
BLACK
6
CONTINUOUS
10
1.1136238582677165
20
0.6608534251968504
11
1.115498622047244
21
0.6533543700787401
0
LINE
8
BLACK
6
CONTINUOUS
10
1.115498622047244
20
0.6533543700787401
11
1.1155133858267716
21
0.6532545275590551
0
LINE
8
BLACK
6
CONTINUOUS
10
1.1155133858267716
20
0.6532545275590551
11
1.1155300393700787
21
0.6532142913385827
0
LINE
8
BLACK
6
CONTINUOUS
10
1.1155300393700787
20
0.6532142913385827
11
1.1155513779527559
21
0.6529972834645669
0
LINE
8
BLACK
6
CONTINUOUS
10
1.1155513779527559
20
0.6529972834645669
11
1.1155832677165354
21
0.6527817716535433
0
LINE
8
BLACK
6
CONTINUOUS
10
1.1155832677165354
20
0.6527817716535433
11
1.1155768503937007
21
0.652738779527559
0
LINE
8
BLACK
6
CONTINUOUS
10
1.1155768503937007
20
0.652738779527559
11
1.1155867716535433
21
0.6526382283464567
0
LINE
8
BLACK
6
CONTINUOUS
10
1.1155867716535433
20
0.6526382283464567
11
1.1155867716535433
21
0.647013937007874
0
LINE
8
BLACK
6
CONTINUOUS
10
1.1155867716535433
20
0.647013937007874
11
1.1155768503937007
21
0.6469134251968504
0
LINE
8
BLACK
6
CONTINUOUS
10
1.1155768503937007
20
0.6469134251968504
11
1.1155832677165354
21
0.6468703937007874
0
LINE
8
BLACK
6
CONTINUOUS
10
1.1155832677165354
20
0.6468703937007874
11
1.1155513779527559
21
0.6466549212598425
0
LINE
8
BLACK
6
CONTINUOUS
10
1.1155513779527559
20
0.6466549212598425
11
1.1155300393700787
21
0.646437874015748
0
LINE
8
BLACK
6
CONTINUOUS
10
1.1155300393700787
20
0.646437874015748
11
1.1155133858267716
21
0.6463976771653543
0
LINE
8
BLACK
6
CONTINUOUS
10
1.1155133858267716
20
0.6463976771653543
11
1.115498622047244
21
0.6462977952755905
0
LINE
8
BLACK
6
CONTINUOUS
10
1.115498622047244
20
0.6462977952755905
11
1.1136238582677165
21
0.6387987401574803
0
LINE
8
BLACK
6
CONTINUOUS
10
1.1136238582677165
20
0.6387987401574803
11
1.1136086614173228
21
0.6387562598425197
0
LINE
8
BLACK
6
CONTINUOUS
10
1.1136086614173228
20
0.6387562598425197
11
1.1136071653543307
21
0.6387349606299213
0
LINE
8
BLACK
6
CONTINUOUS
10
1.1136071653543307
20
0.6387349606299213
11
1.1135153937007873
21
0.6384952362204724
0
LINE
8
BLACK
6
CONTINUOUS
10
1.1135153937007873
20
0.6384952362204724
11
1.1134290944881891
21
0.6382536220472441
0
LINE
8
BLACK
6
CONTINUOUS
10
1.1134290944881891
20
0.6382536220472441
11
1.1134163779527559
21
0.6382364960629922
0
LINE
8
BLACK
6
CONTINUOUS
10
1.1134163779527559
20
0.6382364960629922
11
1.1134002755905512
21
0.6381943700787401
0
LINE
8
BLACK
6
CONTINUOUS
10
1.1134002755905512
20
0.6381943700787401
11
1.1115255118110237
21
0.634444842519685
0
LINE
8
BLACK
6
CONTINUOUS
10
1.1115255118110237
20
0.634444842519685
11
1.1113694488188977
21
0.634196968503937
0
LINE
8
BLACK
6
CONTINUOUS
10
1.1113694488188977
20
0.634196968503937
11
1.1113396456692912
21
0.6341249212598425
0
LINE
8
BLACK
6
CONTINUOUS
10
1.1113396456692912
20
0.6341249212598425
11
1.1112731102362206
21
0.6340438976377952
0
LINE
8
BLACK
6
CONTINUOUS
10
1.1112731102362206
20
0.6340438976377952
11
1.1112171653543308
21
0.6339549606299213
0
LINE
8
BLACK
6
CONTINUOUS
10
1.1112171653543308
20
0.6339549606299213
11
1.1111581496062992
21
0.6339038188976378
0
LINE
8
BLACK
6
CONTINUOUS
10
1.1111581496062992
20
0.6339038188976378
11
1.1109724409448818
21
0.6336774803149606
0
LINE
8
BLACK
6
CONTINUOUS
10
1.1109724409448818
20
0.6336774803149606
11
1.1072228740157479
21
0.629927874015748
0
LINE
8
BLACK
6
CONTINUOUS
10
1.1072228740157479
20
0.629927874015748
11
1.1067754330708661
21
0.6295606692913386
0
LINE
8
BLACK
6
CONTINUOUS
10
1.1067754330708661
20
0.6295606692913386
11
1.1066773622047243
21
0.6295200787401575
0
LINE
8
BLACK
6
CONTINUOUS
10
1.1066773622047243
20
0.6295200787401575
11
1.1065972440944882
21
0.6294505511811024
0
LINE
8
BLACK
6
CONTINUOUS
10
1.1065972440944882
20
0.6294505511811024
11
1.1060687007874015
21
0.6292145669291338
0
LINE
8
BLACK
6
CONTINUOUS
10
1.1060687007874015
20
0.6292145669291338
11
1.1004444094488188
21
0.6273398031496062
0
LINE
8
BLACK
6
CONTINUOUS
10
1.1004444094488188
20
0.6273398031496062
11
1.1001588188976377
21
0.6272748818897638
0
LINE
8
BLACK
6
CONTINUOUS
10
1.1001588188976377
20
0.6272748818897638
11
1.1000867322834647
21
0.6272449999999999
0
LINE
8
BLACK
6
CONTINUOUS
10
1.1000867322834647
20
0.6272449999999999
11
1.0999822047244094
21
0.6272347244094488
0
LINE
8
BLACK
6
CONTINUOUS
10
1.0999822047244094
20
0.6272347244094488
11
1.0998799606299212
21
0.6272114566929133
0
LINE
8
BLACK
6
CONTINUOUS
10
1.0998799606299212
20
0.6272114566929133
11
1.0998022047244094
21
0.6272170078740157
0
LINE
8
BLACK
6
CONTINUOUS
10
1.0998022047244094
20
0.6272170078740157
11
1.0995106692913386
21
0.6271882677165355
0
LINE
8
BLACK
6
CONTINUOUS
10
1.0995106692913386
20
0.6271882677165355
11
1.0957611417322835
21
0.6271882677165355
0
LINE
8
BLACK
6
CONTINUOUS
10
1.0957611417322835
20
0.6271882677165355
11
1.0954695275590551
21
0.6272170078740157
0
LINE
8
BLACK
6
CONTINUOUS
10
1.0954695275590551
20
0.6272170078740157
11
1.095391811023622
21
0.6272114566929133
0
LINE
8
BLACK
6
CONTINUOUS
10
1.095391811023622
20
0.6272114566929133
11
1.0952895275590551
21
0.6272347244094488
0
LINE
8
BLACK
6
CONTINUOUS
10
1.0952895275590551
20
0.6272347244094488
11
1.0951850787401574
21
0.6272449999999999
0
LINE
8
BLACK
6
CONTINUOUS
10
1.0951850787401574
20
0.6272449999999999
11
1.0951129921259841
21
0.6272748818897638
0
LINE
8
BLACK
6
CONTINUOUS
10
1.0951129921259841
20
0.6272748818897638
11
1.0948273622047244
21
0.6273398031496062
0
LINE
8
BLACK
6
CONTINUOUS
10
1.0948273622047244
20
0.6273398031496062
11
1.0892031102362205
21
0.6292145669291338
0
LINE
8
BLACK
6
CONTINUOUS
10
1.0892031102362205
20
0.6292145669291338
11
1.088674527559055
21
0.6294505511811024
0
LINE
8
BLACK
6
CONTINUOUS
10
1.088674527559055
20
0.6294505511811024
11
1.0885943307086614
21
0.6295201181102362
0
LINE
8
BLACK
6
CONTINUOUS
10
1.0885943307086614
20
0.6295201181102362
11
1.0884963779527559
21
0.6295606692913386
0
LINE
8
BLACK
6
CONTINUOUS
10
1.0884963779527559
20
0.6295606692913386
11
1.0880488976377953
21
0.6299279133858268
0
LINE
8
BLACK
6
CONTINUOUS
10
1.0880488976377953
20
0.6299279133858268
11
1.0861741338582678
21
0.6318027165354331
0
LINE
8
BLACK
6
CONTINUOUS
10
1.0861741338582678
20
0.6318027165354331
11
1.0858069291338583
21
0.632250157480315
0
LINE
8
BLACK
6
CONTINUOUS
10
1.0858069291338583
20
0.632250157480315
11
1.085366062992126
21
0.6333145669291338
0
LINE
8
BLACK
6
CONTINUOUS
10
1.085366062992126
20
0.6333145669291338
11
1.085366062992126
21
0.6344666535433071
0
LINE
8
BLACK
6
CONTINUOUS
10
1.085366062992126
20
0.6344666535433071
11
1.0858069685039369
21
0.6355310629921259
0
LINE
8
BLACK
6
CONTINUOUS
10
1.0858069685039369
20
0.6355310629921259
11
1.0866216535433071
21
0.636345748031496
0
LINE
8
BLACK
6
CONTINUOUS
10
1.0866216535433071
20
0.636345748031496
11
1.0876860629921259
21
0.6367866141732283
0
LINE
8
BLACK
6
CONTINUOUS
10
1.0876860629921259
20
0.6367866141732283
11
1.0888381496062991
21
0.6367866141732283
0
LINE
8
BLACK
6
CONTINUOUS
10
1.0888381496062991
20
0.6367866141732283
11
1.0899025590551181
21
0.6363457086614173
0
LINE
8
BLACK
6
CONTINUOUS
10
1.0899025590551181
20
0.6363457086614173
11
1.0903500393700787
21
0.6359784645669291
0
LINE
8
BLACK
6
CONTINUOUS
10
1.0903500393700787
20
0.6359784645669291
11
1.0917318897637796
21
0.6345965748031496
0
LINE
8
BLACK
6
CONTINUOUS
10
1.0917318897637796
20
0.6345965748031496
11
1.0962402755905511
21
0.6330937795275591
0
LINE
8
BLACK
6
CONTINUOUS
10
1.0962402755905511
20
0.6330937795275591
11
1.0990315354330709
21
0.6330937795275591
0
LINE
8
BLACK
6
CONTINUOUS
10
1.0990315354330709
20
0.6330937795275591
11
1.1035399212598425
21
0.6345966141732283
0
LINE
8
BLACK
6
CONTINUOUS
10
1.1035399212598425
20
0.6345966141732283
11
1.106457716535433
21
0.6375144488188976
0
LINE
8
BLACK
6
CONTINUOUS
10
1.106457716535433
20
0.6375144488188976
11
1.1079732283464567
21
0.6405454330708661
0
LINE
8
BLACK
6
CONTINUOUS
10
1.1079732283464567
20
0.6405454330708661
11
1.1096812598425196
21
0.6473774803149606
0
LINE
8
BLACK
6
CONTINUOUS
10
1.1096812598425196
20
0.6473774803149606
11
1.1096812598425196
21
0.65227468503937
0
LINE
8
BLACK
6
CONTINUOUS
10
1.1096812598425196
20
0.65227468503937
11
1.1079732283464567
21
0.6591067322834645
0
LINE
8
BLACK
6
CONTINUOUS
10
1.1079732283464567
20
0.6591067322834645
11
1.1064577559055118
21
0.6621377165354331
0
LINE
8
BLACK
6
CONTINUOUS
10
1.1064577559055118
20
0.6621377165354331
11
1.1035399212598425
21
0.6650555511811024
0
LINE
8
BLACK
6
CONTINUOUS
10
1.1035399212598425
20
0.6650555511811024
11
1.0990315354330709
21
0.6665583464566929
0
LINE
8
BLACK
6
CONTINUOUS
10
1.0990315354330709
20
0.6665583464566929
11
1.0962402755905511
21
0.6665583464566929
0
LINE
8
BLACK
6
CONTINUOUS
10
1.0962402755905511
20
0.6665583464566929
11
1.0917318897637796
21
0.6650555511811024
0
LINE
8
BLACK
6
CONTINUOUS
10
1.0917318897637796
20
0.6650555511811024
11
1.0903499999999999
21
0.6636736614173229
0
LINE
8
BLACK
6
CONTINUOUS
10
1.0903499999999999
20
0.6636736614173229
11
1.0899025590551181
21
0.6633064566929133
0
LINE
8
BLACK
6
CONTINUOUS
10
1.0899025590551181
20
0.6633064566929133
11
1.0888381102362203
21
0.6628655511811024
0
LINE
8
BLACK
6
CONTINUOUS
10
1.0888381102362203
20
0.6628655511811024
11
1.0876860629921259
21
0.6628655511811024
0
LINE
8
BLACK
6
CONTINUOUS
10
1.0876860629921259
20
0.6628655511811024
11
1.0866216141732283
21
0.6633064566929133
0
LINE
8
BLACK
6
CONTINUOUS
10
1.0866216141732283
20
0.6633064566929133
11
1.0858069685039369
21
0.6641211023622047
0
LINE
8
BLACK
6
CONTINUOUS
10
1.0858069685039369
20
0.6641211023622047
11
1.085366062992126
21
0.6651855511811023
0
LINE
8
BLACK
6
CONTINUOUS
10
1.085366062992126
20
0.6651855511811023
11
1.085366062992126
21
0.6663375984251968
0
LINE
8
BLACK
6
CONTINUOUS
10
1.085366062992126
20
0.6663375984251968
11
1.0858069685039369
21
0.6674020472440945
0
LINE
8
BLACK
6
CONTINUOUS
10
1.0858069685039369
20
0.6674020472440945
11
1.0861741732283465
21
0.6678494881889764
0
LINE
8
BLACK
6
CONTINUOUS
10
1.0861741732283465
20
0.6678494881889764
11
1.0880489370078741
21
0.6697242519685039
0
LINE
8
BLACK
6
CONTINUOUS
10
1.0880489370078741
20
0.6697242519685039
11
1.0884963779527559
21
0.6700914566929134
0
LINE
8
BLACK
6
CONTINUOUS
10
1.0884963779527559
20
0.6700914566929134
11
1.0885943307086614
21
0.6701320472440945
0
LINE
8
BLACK
6
CONTINUOUS
10
1.0885943307086614
20
0.6701320472440945
11
1.088674527559055
21
0.6702015748031496
0
LINE
8
BLACK
6
CONTINUOUS
10
1.088674527559055
20
0.6702015748031496
11
1.0892031102362205
21
0.6704375590551181
0
LINE
8
BLACK
6
CONTINUOUS
10
1.0892031102362205
20
0.6704375590551181
11
1.0948273622047244
21
0.6723123228346457
0
LINE
8
BLACK
6
CONTINUOUS
10
1.0948273622047244
20
0.6723123228346457
11
1.0951129921259841
21
0.6723772834645669
0
LINE
8
BLACK
6
CONTINUOUS
10
1.0951129921259841
20
0.6723772834645669
11
1.0951850787401574
21
0.672407125984252
0
LINE
8
BLACK
6
CONTINUOUS
10
1.0951850787401574
20
0.672407125984252
11
1.0952895275590551
21
0.6724174409448819
0
LINE
8
BLACK
6
CONTINUOUS
10
1.0952895275590551
20
0.6724174409448819
11
1.095391811023622
21
0.6724406692913386
0
LINE
8
BLACK
6
CONTINUOUS
10
1.095391811023622
20
0.6724406692913386
11
1.0954695275590551
21
0.6724351574803149
0
LINE
8
BLACK
6
CONTINUOUS
10
1.0954695275590551
20
0.6724351574803149
11
1.0957611417322835
21
0.6724638582677165
0
LINE
8
BLACK
6
CONTINUOUS
10
1.0957611417322835
20
0.6724638582677165
11
1.0995106692913386
21
0.6724638582677165
0
LINE
8
BLACK
6
CONTINUOUS
10
1.0995106692913386
20
0.6724638582677165
11
1.0998022047244094
21
0.6724351574803149
0
LINE
8
BLACK
6
CONTINUOUS
10
1.3001866929133858
20
0.674537125984252
11
1.3012172047244095
21
0.6740218503937008
0
LINE
8
BLACK
6
CONTINUOUS
10
1.3012172047244095
20
0.6740218503937008
11
1.3019720472440945
21
0.6731514960629921
0
LINE
8
BLACK
6
CONTINUOUS
10
1.3019720472440945
20
0.6731514960629921
11
1.3023363779527559
21
0.6720585039370078
0
LINE
8
BLACK
6
CONTINUOUS
10
1.3023363779527559
20
0.6720585039370078
11
1.3022547244094489
21
0.6709092913385827
0
LINE
8
BLACK
6
CONTINUOUS
10
1.3022547244094489
20
0.6709092913385827
11
1.3020478346456692
21
0.6703687007874015
0
LINE
8
BLACK
6
CONTINUOUS
10
1.3020478346456692
20
0.6703687007874015
11
1.3008437401574804
21
0.6679605905511811
0
LINE
8
BLACK
6
CONTINUOUS
10
1.3008437401574804
20
0.6679605905511811
11
1.3019619291338582
21
0.6668424015748031
0
LINE
8
BLACK
6
CONTINUOUS
10
1.3019619291338582
20
0.6668424015748031
11
1.3021417322834645
21
0.6659384251968504
0
LINE
8
BLACK
6
CONTINUOUS
10
1.3021417322834645
20
0.6659384251968504
11
1.3021417322834645
21
0.6633933858267717
0
LINE
8
BLACK
6
CONTINUOUS
10
1.3021417322834645
20
0.6633933858267717
11
1.3245755511811024
21
0.6633933858267717
0
LINE
8
BLACK
6
CONTINUOUS
10
1.3245755511811024
20
0.6633933858267717
11
1.3245755511811024
21
0.6716892125984252
0
LINE
8
BLACK
6
CONTINUOUS
10
1.3245755511811024
20
0.6716892125984252
11
1.324632283464567
21
0.6722652755905512
0
LINE
8
BLACK
6
CONTINUOUS
10
1.324632283464567
20
0.6722652755905512
11
1.3250731889763778
21
0.6733296850393701
0
LINE
8
BLACK
6
CONTINUOUS
10
1.3250731889763778
20
0.6733296850393701
11
1.3258878346456693
21
0.6741443307086614
0
LINE
8
BLACK
6
CONTINUOUS
10
1.3258878346456693
20
0.6741443307086614
11
1.3269522440944881
21
0.6745852362204724
0
LINE
8
BLACK
6
CONTINUOUS
10
1.3269522440944881
20
0.6745852362204724
11
1.32810437007874
21
0.6745852362204724
0
LINE
8
BLACK
6
CONTINUOUS
10
1.32810437007874
20
0.6745852362204724
11
1.3291687795275591
21
0.6741443307086614
0
LINE
8
BLACK
6
CONTINUOUS
10
1.3291687795275591
20
0.6741443307086614
11
1.3299834251968503
21
0.6733296850393701
0
LINE
8
BLACK
6
CONTINUOUS
10
1.3299834251968503
20
0.6733296850393701
11
1.3304243307086614
21
0.6722652755905512
0
LINE
8
BLACK
6
CONTINUOUS
10
1.3304243307086614
20
0.6722652755905512
11
1.330481062992126
21
0.6716892125984252
0
LINE
8
BLACK
6
CONTINUOUS
10
1.330481062992126
20
0.6716892125984252
11
1.330481062992126
21
0.6659742519685039
0
LINE
8
BLACK
6
CONTINUOUS
10
1.330481062992126
20
0.6659742519685039
11
1.330488188976378
21
0.6659384251968504
0
LINE
8
BLACK
6
CONTINUOUS
10
1.330488188976378
20
0.6659384251968504
11
1.330488188976378
21
0.6568175590551181
0
LINE
8
BLACK
6
CONTINUOUS
10
1.330488188976378
20
0.6568175590551181
11
1.330481062992126
21
0.6567817716535433
0
LINE
8
BLACK
6
CONTINUOUS
10
1.330481062992126
20
0.6567817716535433
11
1.330481062992126
21
0.6491920472440945
0
LINE
8
BLACK
6
CONTINUOUS
10
1.330481062992126
20
0.6491920472440945
11
1.3304243307086614
21
0.6486159842519685
0
LINE
8
BLACK
6
CONTINUOUS
10
1.3304243307086614
20
0.6486159842519685
11
1.3299834251968503
21
0.6475515748031496
0
LINE
8
BLACK
6
CONTINUOUS
10
1.3299834251968503
20
0.6475515748031496
11
1.3291687795275591
21
0.6467369291338583
0
LINE
8
BLACK
6
CONTINUOUS
10
1.3291687795275591
20
0.6467369291338583
11
1.32810437007874
21
0.6462960236220472
0
LINE
8
BLACK
6
CONTINUOUS
10
1.32810437007874
20
0.6462960236220472
11
1.3269522440944881
21
0.6462960236220472
0
LINE
8
BLACK
6
CONTINUOUS
10
1.3269522440944881
20
0.6462960236220472
11
1.3258878346456693
21
0.6467369291338583
0
LINE
8
BLACK
6
CONTINUOUS
10
1.3258878346456693
20
0.6467369291338583
11
1.3250731889763778
21
0.6475515748031496
0
LINE
8
BLACK
6
CONTINUOUS
10
1.3250731889763778
20
0.6475515748031496
11
1.324632283464567
21
0.6486159842519685
0
LINE
8
BLACK
6
CONTINUOUS
10
1.324632283464567
20
0.6486159842519685
11
1.3245755511811024
21
0.6491920472440945
0
LINE
8
BLACK
6
CONTINUOUS
10
1.3245755511811024
20
0.6491920472440945
11
1.3245755511811024
21
0.657487874015748
0
LINE
8
BLACK
6
CONTINUOUS
10
1.3245755511811024
20
0.657487874015748
11
1.3021417322834645
21
0.657487874015748
0
LINE
8
BLACK
6
CONTINUOUS
10
1.3021417322834645
20
0.657487874015748
11
1.3021417322834645
21
0.6568175590551181
0
LINE
8
BLACK
6
CONTINUOUS
10
1.3021417322834645
20
0.6568175590551181
11
1.3019619291338582
21
0.6559135826771654
0
LINE
8
BLACK
6
CONTINUOUS
10
1.3019619291338582
20
0.6559135826771654
11
1.3006835039370079
21
0.654635157480315
0
LINE
8
BLACK
6
CONTINUOUS
10
1.3006835039370079
20
0.654635157480315
11
1.2988755511811023
21
0.654635157480315
0
LINE
8
BLACK
6
CONTINUOUS
10
1.2988755511811023
20
0.654635157480315
11
1.297597125984252
21
0.6559135826771654
0
LINE
8
BLACK
6
CONTINUOUS
10
1.297597125984252
20
0.6559135826771654
11
1.2974173228346457
21
0.6568175590551181
0
LINE
8
BLACK
6
CONTINUOUS
10
1.2974173228346457
20
0.6568175590551181
11
1.2974173228346457
21
0.657487874015748
0
LINE
8
BLACK
6
CONTINUOUS
10
1.2974173228346457
20
0.657487874015748
11
1.2881582283464568
21
0.657487874015748
0
LINE
8
BLACK
6
CONTINUOUS
10
1.2881582283464568
20
0.657487874015748
11
1.2881561417322835
21
0.6574881102362204
0
LINE
8
BLACK
6
CONTINUOUS
10
1.2881561417322835
20
0.6574881102362204
11
1.2881551181102362
21
0.657487874015748
0
LINE
8
BLACK
6
CONTINUOUS
10
1.2881551181102362
20
0.657487874015748
11
1.2881520866141731
21
0.6574885039370079
0
LINE
8
BLACK
6
CONTINUOUS
10
1.2881520866141731
20
0.6574885039370079
11
1.2875821653543307
21
0.6575446062992126
0
LINE
8
BLACK
6
CONTINUOUS
10
1.2875821653543307
20
0.6575446062992126
11
1.2873120472440944
21
0.6576564960629921
0
LINE
8
BLACK
6
CONTINUOUS
10
1.2873120472440944
20
0.6576564960629921
11
1.2870254330708661
21
0.6577138188976378
0
LINE
8
BLACK
6
CONTINUOUS
10
1.2870254330708661
20
0.6577138188976378
11
1.2867850393700788
21
0.6578748031496063
0
LINE
8
BLACK
6
CONTINUOUS
10
1.2867850393700788
20
0.6578748031496063
11
1.2865177559055119
21
0.6579855118110236
0
LINE
8
BLACK
6
CONTINUOUS
10
1.2865177559055119
20
0.6579855118110236
11
1.2863110236220472
21
0.6581922440944882
0
LINE
8
BLACK
6
CONTINUOUS
10
1.2863110236220472
20
0.6581922440944882
11
1.2860681496062991
21
0.6583548818897638
0
LINE
8
BLACK
6
CONTINUOUS
10
1.2860681496062991
20
0.6583548818897638
11
1.2859076377952756
21
0.6585956299212599
0
LINE
8
BLACK
6
CONTINUOUS
10
1.2859076377952756
20
0.6585956299212599
11
1.2857031102362204
21
0.658800157480315
0
LINE
8
BLACK
6
CONTINUOUS
10
1.2857031102362204
20
0.658800157480315
11
1.2855912204724409
21
0.6590702755905512
0
LINE
8
BLACK
6
CONTINUOUS
10
1.2855912204724409
20
0.6590702755905512
11
1.2854290551181102
21
0.6593135039370078
0
LINE
8
BLACK
6
CONTINUOUS
10
1.2854290551181102
20
0.6593135039370078
11
1.2853729133858267
21
0.6595973228346457
0
LINE
8
BLACK
6
CONTINUOUS
10
1.2853729133858267
20
0.6595973228346457
11
1.2852622047244093
21
0.6598645669291339
0
LINE
8
BLACK
6
CONTINUOUS
10
1.2852622047244093
20
0.6598645669291339
11
1.2852622047244093
21
0.660156968503937
0
LINE
8
BLACK
6
CONTINUOUS
10
1.2852622047244093
20
0.660156968503937
11
1.285205472440945
21
0.6604437401574803
0
LINE
8
BLACK
6
CONTINUOUS
10
1.285205472440945
20
0.6604437401574803
11
1.2852622047244093
21
0.6607274015748031
0
LINE
8
BLACK
6
CONTINUOUS
10
1.2852622047244093
20
0.6607274015748031
11
1.2852622047244093
21
0.6610166929133858
0
LINE
8
BLACK
6
CONTINUOUS
10
1.2852622047244093
20
0.6610166929133858
11
1.2853740551181103
21
0.6612868110236221
0
LINE
8
BLACK
6
CONTINUOUS
10
1.2853740551181103
20
0.6612868110236221
11
1.2854314173228347
21
0.6615734251968504
0
LINE
8
BLACK
6
CONTINUOUS
10
1.2854314173228347
20
0.6615734251968504
11
1.2855923622047243
21
0.6618138188976378
0
LINE
8
BLACK
6
CONTINUOUS
10
1.2855923622047243
20
0.6618138188976378
11
1.2857031102362204
21
0.6620811023622047
0
LINE
8
BLACK
6
CONTINUOUS
10
1.2857031102362204
20
0.6620811023622047
11
1.2859098031496063
21
0.6622878346456693
0
LINE
8
BLACK
6
CONTINUOUS
10
1.2859098031496063
20
0.6622878346456693
11
1.2860724803149606
21
0.6625307086614173
0
LINE
8
BLACK
6
CONTINUOUS
10
1.2860724803149606
20
0.6625307086614173
11
1.2865157086614174
21
0.6628937401574803
0
LINE
8
BLACK
6
CONTINUOUS
10
1.2865157086614174
20
0.6628937401574803
11
1.2865177559055119
21
0.6628957480314961
0
LINE
8
BLACK
6
CONTINUOUS
10
1.2865177559055119
20
0.6628957480314961
11
1.286518622047244
21
0.6628961417322834
0
LINE
8
BLACK
6
CONTINUOUS
10
1.286518622047244
20
0.6628961417322834
11
1.2865203149606299
21
0.6628974803149607
0
LINE
8
BLACK
6
CONTINUOUS
10
1.2865203149606299
20
0.6628974803149607
11
1.2919013385826772
21
0.666484842519685
0
LINE
8
BLACK
6
CONTINUOUS
10
1.2919013385826772
20
0.666484842519685
11
1.29510531496063
21
0.669688779527559
0
LINE
8
BLACK
6
CONTINUOUS
10
1.29510531496063
20
0.669688779527559
11
1.2967657874015748
21
0.6730097244094488
0
LINE
8
BLACK
6
CONTINUOUS
10
1.2967657874015748
20
0.6730097244094488
11
1.2970741338582676
21
0.6734996062992126
0
LINE
8
BLACK
6
CONTINUOUS
10
1.2970741338582676
20
0.6734996062992126
11
1.2979445275590551
21
0.6742544488188976
0
LINE
8
BLACK
6
CONTINUOUS
10
1.2979445275590551
20
0.6742544488188976
11
1.2990374803149607
21
0.674618779527559
0
LINE
8
BLACK
6
CONTINUOUS
10
1.2990374803149607
20
0.674618779527559
11
1.3001866929133858
21
0.674537125984252
0
LINE
8
BLACK
6
CONTINUOUS
10
1.2971615748031495
20
0.6633933858267717
11
1.2974173228346457
21
0.6633933858267717
0
LINE
8
BLACK
6
CONTINUOUS
10
1.2974173228346457
20
0.6633933858267717
11
1.2974173228346457
21
0.6636491338582677
0
LINE
8
BLACK
6
CONTINUOUS
10
1.2974173228346457
20
0.6636491338582677
11
1.2971615748031495
21
0.6633933858267717
0
LINE
8
BLACK
6
CONTINUOUS
10
1.3501866929133859
20
0.674537125984252
11
1.3512172047244093
21
0.6740218503937008
0
LINE
8
BLACK
6
CONTINUOUS
10
1.3512172047244093
20
0.6740218503937008
11
1.3519720472440944
21
0.6731514960629921
0
LINE
8
BLACK
6
CONTINUOUS
10
1.3519720472440944
20
0.6731514960629921
11
1.352336377952756
21
0.6720585039370078
0
LINE
8
BLACK
6
CONTINUOUS
10
1.352336377952756
20
0.6720585039370078
11
1.3522547244094487
21
0.6709092913385827
0
LINE
8
BLACK
6
CONTINUOUS
10
1.3522547244094487
20
0.6709092913385827
11
1.3520478346456692
21
0.6703687007874015
0
LINE
8
BLACK
6
CONTINUOUS
10
1.3520478346456692
20
0.6703687007874015
11
1.3501730708661417
21
0.6666191732283464
0
LINE
8
BLACK
6
CONTINUOUS
10
1.3501730708661417
20
0.6666191732283464
11
1.3500170472440944
21
0.6663713779527559
0
LINE
8
BLACK
6
CONTINUOUS
10
1.3500170472440944
20
0.6663713779527559
11
1.3499872047244095
21
0.6662992125984252
0
LINE
8
BLACK
6
CONTINUOUS
10
1.3499872047244095
20
0.6662992125984252
11
1.3499205905511811
21
0.6662180708661417
0
LINE
8
BLACK
6
CONTINUOUS
10
1.3499205905511811
20
0.6662180708661417
11
1.3498647244094488
21
0.6661292913385827
0
LINE
8
BLACK
6
CONTINUOUS
10
1.3498647244094488
20
0.6661292913385827
11
1.3498057874015748
21
0.6660781889763779
0
LINE
8
BLACK
6
CONTINUOUS
10
1.3498057874015748
20
0.6660781889763779
11
1.3496199606299213
21
0.6658517716535433
0
LINE
8
BLACK
6
CONTINUOUS
10
1.3496199606299213
20
0.6658517716535433
11
1.3471615748031496
21
0.6633933858267717
0
LINE
8
BLACK
6
CONTINUOUS
10
1.3471615748031496
20
0.6633933858267717
11
1.3745755511811024
21
0.6633933858267717
0
LINE
8
BLACK
6
CONTINUOUS
10
1.3745755511811024
20
0.6633933858267717
11
1.3745755511811024
21
0.6716892125984252
0
LINE
8
BLACK
6
CONTINUOUS
10
1.3745755511811024
20
0.6716892125984252
11
1.374632283464567
21
0.6722652755905512
0
LINE
8
BLACK
6
CONTINUOUS
10
1.374632283464567
20
0.6722652755905512
11
1.3750731889763779
21
0.6733296850393701
0
LINE
8
BLACK
6
CONTINUOUS
10
1.3750731889763779
20
0.6733296850393701
11
1.3758878346456693
21
0.6741443307086614
0
LINE
8
BLACK
6
CONTINUOUS
10
1.3758878346456693
20
0.6741443307086614
11
1.3769522440944881
21
0.6745852362204724
0
LINE
8
BLACK
6
CONTINUOUS
10
1.3769522440944881
20
0.6745852362204724
11
1.3781043700787401
21
0.6745852362204724
0
LINE
8
BLACK
6
CONTINUOUS
10
1.3781043700787401
20
0.6745852362204724
11
1.3791687795275591
21
0.6741443307086614
0
LINE
8
BLACK
6
CONTINUOUS
10
1.3791687795275591
20
0.6741443307086614
11
1.3799834251968504
21
0.6733296850393701
0
LINE
8
BLACK
6
CONTINUOUS
10
1.3799834251968504
20
0.6733296850393701
11
1.3804243307086614
21
0.6722652755905512
0
LINE
8
BLACK
6
CONTINUOUS
10
1.3804243307086614
20
0.6722652755905512
11
1.380481062992126
21
0.6716892125984252
0
LINE
8
BLACK
6
CONTINUOUS
10
1.380481062992126
20
0.6716892125984252
11
1.380481062992126
21
0.6491920472440945
0
LINE
8
BLACK
6
CONTINUOUS
10
1.380481062992126
20
0.6491920472440945
11
1.3804243307086614
21
0.6486159842519685
0
LINE
8
BLACK
6
CONTINUOUS
10
1.3804243307086614
20
0.6486159842519685
11
1.3799834251968504
21
0.6475515748031496
0
LINE
8
BLACK
6
CONTINUOUS
10
1.3799834251968504
20
0.6475515748031496
11
1.3791687795275591
21
0.6467369291338583
0
LINE
8
BLACK
6
CONTINUOUS
10
1.3791687795275591
20
0.6467369291338583
11
1.3781043700787401
21
0.6462960236220472
0
LINE
8
BLACK
6
CONTINUOUS
10
1.3781043700787401
20
0.6462960236220472
11
1.3769522440944881
21
0.6462960236220472
0
LINE
8
BLACK
6
CONTINUOUS
10
1.3769522440944881
20
0.6462960236220472
11
1.3758878346456693
21
0.6467369291338583
0
LINE
8
BLACK
6
CONTINUOUS
10
1.3758878346456693
20
0.6467369291338583
11
1.3750731889763779
21
0.6475515748031496
0
LINE
8
BLACK
6
CONTINUOUS
10
1.3750731889763779
20
0.6475515748031496
11
1.374632283464567
21
0.6486159842519685
0
LINE
8
BLACK
6
CONTINUOUS
10
1.374632283464567
20
0.6486159842519685
11
1.3745755511811024
21
0.6491920472440945
0
LINE
8
BLACK
6
CONTINUOUS
10
1.3745755511811024
20
0.6491920472440945
11
1.3745755511811024
21
0.657487874015748
0
LINE
8
BLACK
6
CONTINUOUS
10
1.3745755511811024
20
0.657487874015748
11
1.3381582283464566
21
0.657487874015748
0
LINE
8
BLACK
6
CONTINUOUS
10
1.3381582283464566
20
0.657487874015748
11
1.3381561417322834
21
0.6574881102362204
0
LINE
8
BLACK
6
CONTINUOUS
10
1.3381561417322834
20
0.6574881102362204
11
1.3381551181102362
21
0.657487874015748
0
LINE
8
BLACK
6
CONTINUOUS
10
1.3381551181102362
20
0.657487874015748
11
1.3381520866141732
21
0.6574885039370079
0
LINE
8
BLACK
6
CONTINUOUS
10
1.3381520866141732
20
0.6574885039370079
11
1.3375821653543307
21
0.6575446062992126
0
LINE
8
BLACK
6
CONTINUOUS
10
1.3375821653543307
20
0.6575446062992126
11
1.3373120472440945
21
0.6576564960629921
0
LINE
8
BLACK
6
CONTINUOUS
10
1.3373120472440945
20
0.6576564960629921
11
1.3370254330708662
21
0.6577138188976378
0
LINE
8
BLACK
6
CONTINUOUS
10
1.3370254330708662
20
0.6577138188976378
11
1.3367850393700786
21
0.6578748031496063
0
LINE
8
BLACK
6
CONTINUOUS
10
1.3367850393700786
20
0.6578748031496063
11
1.3365177559055117
21
0.6579855118110236
0
LINE
8
BLACK
6
CONTINUOUS
10
1.3365177559055117
20
0.6579855118110236
11
1.3363110236220472
21
0.6581922440944882
0
LINE
8
BLACK
6
CONTINUOUS
10
1.3363110236220472
20
0.6581922440944882
11
1.3360681496062992
21
0.6583548818897638
0
LINE
8
BLACK
6
CONTINUOUS
10
1.3360681496062992
20
0.6583548818897638
11
1.3359076377952757
21
0.6585956299212599
0
LINE
8
BLACK
6
CONTINUOUS
10
1.3359076377952757
20
0.6585956299212599
11
1.3357031102362205
21
0.658800157480315
0
LINE
8
BLACK
6
CONTINUOUS
10
1.3357031102362205
20
0.658800157480315
11
1.3355912204724409
21
0.6590702755905512
0
LINE
8
BLACK
6
CONTINUOUS
10
1.3355912204724409
20
0.6590702755905512
11
1.3354290551181103
21
0.6593135039370078
0
LINE
8
BLACK
6
CONTINUOUS
10
1.3354290551181103
20
0.6593135039370078
11
1.3353729133858268
21
0.6595973228346457
0
LINE
8
BLACK
6
CONTINUOUS
10
1.3353729133858268
20
0.6595973228346457
11
1.3352622047244094
21
0.6598645669291339
0
LINE
8
BLACK
6
CONTINUOUS
10
1.3352622047244094
20
0.6598645669291339
11
1.3352622047244094
21
0.660156968503937
0
LINE
8
BLACK
6
CONTINUOUS
10
1.3352622047244094
20
0.660156968503937
11
1.3352054724409448
21
0.6604437401574803
0
LINE
8
BLACK
6
CONTINUOUS
10
1.3352054724409448
20
0.6604437401574803
11
1.3352622047244094
21
0.6607274015748031
0
LINE
8
BLACK
6
CONTINUOUS
10
1.3352622047244094
20
0.6607274015748031
11
1.3352622047244094
21
0.6610166929133858
0
LINE
8
BLACK
6
CONTINUOUS
10
1.3352622047244094
20
0.6610166929133858
11
1.3353740551181101
21
0.6612868110236221
0
LINE
8
BLACK
6
CONTINUOUS
10
1.3353740551181101
20
0.6612868110236221
11
1.3354314173228345
21
0.6615734251968504
0
LINE
8
BLACK
6
CONTINUOUS
10
1.3354314173228345
20
0.6615734251968504
11
1.3355923622047243
21
0.6618138188976378
0
LINE
8
BLACK
6
CONTINUOUS
10
1.3355923622047243
20
0.6618138188976378
11
1.3357031102362205
21
0.6620811023622047
0
LINE
8
BLACK
6
CONTINUOUS
10
1.3357031102362205
20
0.6620811023622047
11
1.3359098031496062
21
0.6622878346456693
0
LINE
8
BLACK
6
CONTINUOUS
10
1.3359098031496062
20
0.6622878346456693
11
1.3360724803149606
21
0.6625307086614173
0
LINE
8
BLACK
6
CONTINUOUS
10
1.3360724803149606
20
0.6625307086614173
11
1.3365157086614172
21
0.6628937401574803
0
LINE
8
BLACK
6
CONTINUOUS
10
1.3365157086614172
20
0.6628937401574803
11
1.3365177559055117
21
0.6628957480314961
0
LINE
8
BLACK
6
CONTINUOUS
10
1.3365177559055117
20
0.6628957480314961
11
1.336518622047244
21
0.6628961417322834
0
LINE
8
BLACK
6
CONTINUOUS
10
1.336518622047244
20
0.6628961417322834
11
1.33652031496063
21
0.6628974803149607
0
LINE
8
BLACK
6
CONTINUOUS
10
1.33652031496063
20
0.6628974803149607
11
1.3419013385826772
21
0.666484842519685
0
LINE
8
BLACK
6
CONTINUOUS
10
1.3419013385826772
20
0.666484842519685
11
1.3451053149606298
21
0.669688779527559
0
LINE
8
BLACK
6
CONTINUOUS
10
1.3451053149606298
20
0.669688779527559
11
1.3467657874015748
21
0.6730097244094488
0
LINE
8
BLACK
6
CONTINUOUS
10
1.3467657874015748
20
0.6730097244094488
11
1.3470741338582677
21
0.6734996062992126
0
LINE
8
BLACK
6
CONTINUOUS
10
1.3470741338582677
20
0.6734996062992126
11
1.3479445275590551
21
0.6742544488188976
0
LINE
8
BLACK
6
CONTINUOUS
10
1.3479445275590551
20
0.6742544488188976
11
1.3490374803149605
21
0.674618779527559
0
LINE
8
BLACK
6
CONTINUOUS
10
1.3490374803149605
20
0.674618779527559
11
1.3501866929133859
21
0.674537125984252
0
LINE
8
BLACK
6
CONTINUOUS
10
1.2519619291338582
20
0.6668424015748031
11
1.2521417322834645
21
0.6659384251968504
0
LINE
8
BLACK
6
CONTINUOUS
10
1.2521417322834645
20
0.6659384251968504
11
1.2521417322834645
21
0.6568175590551181
0
LINE
8
BLACK
6
CONTINUOUS
10
1.2521417322834645
20
0.6568175590551181
11
1.2519619291338582
21
0.6559135826771654
0
LINE
8
BLACK
6
CONTINUOUS
10
1.2519619291338582
20
0.6559135826771654
11
1.2506835039370079
21
0.654635157480315
0
LINE
8
BLACK
6
CONTINUOUS
10
1.2506835039370079
20
0.654635157480315
11
1.2488755511811023
21
0.654635157480315
0
LINE
8
BLACK
6
CONTINUOUS
10
1.2488755511811023
20
0.654635157480315
11
1.247597125984252
21
0.6559135826771654
0
LINE
8
BLACK
6
CONTINUOUS
10
1.247597125984252
20
0.6559135826771654
11
1.2474173228346457
21
0.6568175590551181
0
LINE
8
BLACK
6
CONTINUOUS
10
1.2474173228346457
20
0.6568175590551181
11
1.2474173228346457
21
0.6659384251968504
0
LINE
8
BLACK
6
CONTINUOUS
10
1.2474173228346457
20
0.6659384251968504
11
1.247597125984252
21
0.6668424015748031
0
LINE
8
BLACK
6
CONTINUOUS
10
1.247597125984252
20
0.6668424015748031
11
1.2488755511811023
21
0.6681208267716535
0
LINE
8
BLACK
6
CONTINUOUS
10
1.2488755511811023
20
0.6681208267716535
11
1.2506835039370079
21
0.6681208267716535
0
LINE
8
BLACK
6
CONTINUOUS
10
1.2506835039370079
20
0.6681208267716535
11
1.2519619291338582
21
0.6668424015748031
0
LINE
8
BLACK
6
CONTINUOUS
10
1.2803083858267716
20
0.6668424015748031
11
1.280488188976378
21
0.6659384251968504
0
LINE
8
BLACK
6
CONTINUOUS
10
1.280488188976378
20
0.6659384251968504
11
1.280488188976378
21
0.6568175590551181
0
LINE
8
BLACK
6
CONTINUOUS
10
1.280488188976378
20
0.6568175590551181
11
1.2803083858267716
21
0.6559135826771654
0
LINE
8
BLACK
6
CONTINUOUS
10
1.2803083858267716
20
0.6559135826771654
11
1.2790299606299211
21
0.654635157480315
0
LINE
8
BLACK
6
CONTINUOUS
10
1.2790299606299211
20
0.654635157480315
11
1.2772220078740157
21
0.654635157480315
0
LINE
8
BLACK
6
CONTINUOUS
10
1.2772220078740157
20
0.654635157480315
11
1.2759435826771652
21
0.6559135826771654
0
LINE
8
BLACK
6
CONTINUOUS
10
1.2759435826771652
20
0.6559135826771654
11
1.2757637795275589
21
0.6568175590551181
0
LINE
8
BLACK
6
CONTINUOUS
10
1.2757637795275589
20
0.6568175590551181
11
1.2757637795275589
21
0.6659384251968504
0
LINE
8
BLACK
6
CONTINUOUS
10
1.2757637795275589
20
0.6659384251968504
11
1.2759435826771652
21
0.6668424015748031
0
LINE
8
BLACK
6
CONTINUOUS
10
1.2759435826771652
20
0.6668424015748031
11
1.2772220078740157
21
0.6681208267716535
0
LINE
8
BLACK
6
CONTINUOUS
10
1.2772220078740157
20
0.6681208267716535
11
1.2790299606299211
21
0.6681208267716535
0
LINE
8
BLACK
6
CONTINUOUS
10
1.2790299606299211
20
0.6681208267716535
11
1.2803083858267716
21
0.6668424015748031
0
LINE
8
BLACK
6
CONTINUOUS
10
1.310755905511811
20
0.7140021653543307
11
1.3107989370078741
21
0.7140085433070866
0
LINE
8
BLACK
6
CONTINUOUS
10
1.3107989370078741
20
0.7140085433070866
11
1.311014409448819
21
0.7139766929133858
0
LINE
8
BLACK
6
CONTINUOUS
10
1.311014409448819
20
0.7139766929133858
11
1.3112314566929133
21
0.7139553149606299
0
LINE
8
BLACK
6
CONTINUOUS
10
1.3112314566929133
20
0.7139553149606299
11
1.3112716535433071
21
0.7139387007874015
0
LINE
8
BLACK
6
CONTINUOUS
10
1.3112716535433071
20
0.7139387007874015
11
1.3113715354330708
21
0.7139238976377953
0
LINE
8
BLACK
6
CONTINUOUS
10
1.3113715354330708
20
0.7139238976377953
11
1.3188705905511811
21
0.7120491338582677
0
LINE
8
BLACK
6
CONTINUOUS
10
1.3188705905511811
20
0.7120491338582677
11
1.3189130708661416
21
0.7120339763779527
0
LINE
8
BLACK
6
CONTINUOUS
10
1.3189130708661416
20
0.7120339763779527
11
1.3189343307086614
21
0.7120324409448818
0
LINE
8
BLACK
6
CONTINUOUS
10
1.3189343307086614
20
0.7120324409448818
11
1.3191737401574803
21
0.7119408267716535
0
LINE
8
BLACK
6
CONTINUOUS
10
1.3191737401574803
20
0.7119408267716535
11
1.3194157086614173
21
0.7118543700787402
0
LINE
8
BLACK
6
CONTINUOUS
10
1.3194157086614173
20
0.7118543700787402
11
1.3194328346456692
21
0.7118416929133858
0
LINE
8
BLACK
6
CONTINUOUS
10
1.3194328346456692
20
0.7118416929133858
11
1.3194749606299212
21
0.7118255511811024
0
LINE
8
BLACK
6
CONTINUOUS
10
1.3194749606299212
20
0.7118255511811024
11
1.3232244881889763
21
0.7099507874015748
0
LINE
8
BLACK
6
CONTINUOUS
10
1.3232244881889763
20
0.7099507874015748
11
1.3234723622047244
21
0.7097947637795275
0
LINE
8
BLACK
6
CONTINUOUS
10
1.3234723622047244
20
0.7097947637795275
11
1.3235444094488189
21
0.7097649212598425
0
LINE
8
BLACK
6
CONTINUOUS
10
1.3235444094488189
20
0.7097649212598425
11
1.3236254330708661
21
0.7096984251968503
0
LINE
8
BLACK
6
CONTINUOUS
10
1.3236254330708661
20
0.7096984251968503
11
1.3237143700787402
21
0.7096424409448818
0
LINE
8
BLACK
6
CONTINUOUS
10
1.3237143700787402
20
0.7096424409448818
11
1.3237655118110236
21
0.7095834645669291
0
LINE
8
BLACK
6
CONTINUOUS
10
1.3237655118110236
20
0.7095834645669291
11
1.3239918897637795
21
0.7093976771653543
0
LINE
8
BLACK
6
CONTINUOUS
10
1.3239918897637795
20
0.7093976771653543
11
1.3277414566929133
21
0.7056481496062992
0
LINE
8
BLACK
6
CONTINUOUS
10
1.3277414566929133
20
0.7056481496062992
11
1.3281087007874015
21
0.7052007086614173
0
LINE
8
BLACK
6
CONTINUOUS
10
1.3281087007874015
20
0.7052007086614173
11
1.3281492913385826
21
0.7051026771653544
0
LINE
8
BLACK
6
CONTINUOUS
10
1.3281492913385826
20
0.7051026771653544
11
1.3282187795275591
21
0.7050225590551181
0
LINE
8
BLACK
6
CONTINUOUS
10
1.3282187795275591
20
0.7050225590551181
11
1.3284547637795274
21
0.7044939763779527
0
LINE
8
BLACK
6
CONTINUOUS
10
1.3284547637795274
20
0.7044939763779527
11
1.330329527559055
21
0.6988697244094488
0
LINE
8
BLACK
6
CONTINUOUS
10
1.330329527559055
20
0.6988697244094488
11
1.3303944488188977
21
0.6985840944881889
0
LINE
8
BLACK
6
CONTINUOUS
10
1.3303944488188977
20
0.6985840944881889
11
1.3304243307086614
21
0.6985120078740157
0
LINE
8
BLACK
6
CONTINUOUS
10
1.3304243307086614
20
0.6985120078740157
11
1.3304346062992125
21
0.6984075590551181
0
LINE
8
BLACK
6
CONTINUOUS
10
1.3304346062992125
20
0.6984075590551181
11
1.330457874015748
21
0.6983052755905511
0
LINE
8
BLACK
6
CONTINUOUS
10
1.330457874015748
20
0.6983052755905511
11
1.3304523228346457
21
0.6982275590551181
0
LINE
8
BLACK
6
CONTINUOUS
10
1.3304523228346457
20
0.6982275590551181
11
1.330481062992126
21
0.6979359448818897
0
LINE
8
BLACK
6
CONTINUOUS
10
1.330481062992126
20
0.6979359448818897
11
1.330481062992126
21
0.6941864173228346
0
LINE
8
BLACK
6
CONTINUOUS
10
1.330481062992126
20
0.6941864173228346
11
1.3304523228346457
21
0.693894842519685
0
LINE
8
BLACK
6
CONTINUOUS
10
1.3304523228346457
20
0.693894842519685
11
1.330457874015748
21
0.6938170866141732
0
LINE
8
BLACK
6
CONTINUOUS
10
1.330457874015748
20
0.6938170866141732
11
1.3304346062992125
21
0.6937148425196851
0
LINE
8
BLACK
6
CONTINUOUS
10
1.3304346062992125
20
0.6937148425196851
11
1.3304243307086614
21
0.6936103543307086
0
LINE
8
BLACK
6
CONTINUOUS
10
1.3304243307086614
20
0.6936103543307086
11
1.3303944488188977
21
0.6935383070866141
0
LINE
8
BLACK
6
CONTINUOUS
10
1.3303944488188977
20
0.6935383070866141
11
1.330329527559055
21
0.6932526377952756
0
LINE
8
BLACK
6
CONTINUOUS
10
1.330329527559055
20
0.6932526377952756
11
1.3284547637795274
21
0.6876283858267717
0
LINE
8
BLACK
6
CONTINUOUS
10
1.3284547637795274
20
0.6876283858267717
11
1.3282187795275591
21
0.6870998031496063
0
LINE
8
BLACK
6
CONTINUOUS
10
1.3282187795275591
20
0.6870998031496063
11
1.3281492125984251
21
0.6870196456692913
0
LINE
8
BLACK
6
CONTINUOUS
10
1.3281492125984251
20
0.6870196456692913
11
1.3281086614173228
21
0.686921653543307
0
LINE
8
BLACK
6
CONTINUOUS
10
1.3281086614173228
20
0.686921653543307
11
1.3277414173228346
21
0.6864741732283465
0
LINE
8
BLACK
6
CONTINUOUS
10
1.3277414173228346
20
0.6864741732283465
11
1.3258666141732283
21
0.6845994094488189
0
LINE
8
BLACK
6
CONTINUOUS
10
1.3258666141732283
20
0.6845994094488189
11
1.3254191732283465
21
0.6842322047244095
0
LINE
8
BLACK
6
CONTINUOUS
10
1.3254191732283465
20
0.6842322047244095
11
1.3243547637795274
21
0.6837913385826772
0
LINE
8
BLACK
6
CONTINUOUS
10
1.3243547637795274
20
0.6837913385826772
11
1.3232026771653542
21
0.6837913385826772
0
LINE
8
BLACK
6
CONTINUOUS
10
1.3232026771653542
20
0.6837913385826772
11
1.3221382677165354
21
0.6842322440944881
0
LINE
8
BLACK
6
CONTINUOUS
10
1.3221382677165354
20
0.6842322440944881
11
1.3213235826771654
21
0.6850469291338582
0
LINE
8
BLACK
6
CONTINUOUS
10
1.3213235826771654
20
0.6850469291338582
11
1.3208827165354331
21
0.6861113385826771
0
LINE
8
BLACK
6
CONTINUOUS
10
1.3208827165354331
20
0.6861113385826771
11
1.3208827165354331
21
0.6872634251968504
0
LINE
8
BLACK
6
CONTINUOUS
10
1.3208827165354331
20
0.6872634251968504
11
1.321323622047244
21
0.6883278346456693
0
LINE
8
BLACK
6
CONTINUOUS
10
1.321323622047244
20
0.6883278346456693
11
1.3216908661417321
21
0.6887753149606299
0
LINE
8
BLACK
6
CONTINUOUS
10
1.3216908661417321
20
0.6887753149606299
11
1.3230727559055118
21
0.6901572047244094
0
LINE
8
BLACK
6
CONTINUOUS
10
1.3230727559055118
20
0.6901572047244094
11
1.3245755511811024
21
0.6946655511811023
0
LINE
8
BLACK
6
CONTINUOUS
10
1.3245755511811024
20
0.6946655511811023
11
1.3245755511811024
21
0.697456811023622
0
LINE
8
BLACK
6
CONTINUOUS
10
1.3245755511811024
20
0.697456811023622
11
1.3230727559055118
21
0.7019651968503937
0
LINE
8
BLACK
6
CONTINUOUS
10
1.3230727559055118
20
0.7019651968503937
11
1.3201548818897637
21
0.704883031496063
0
LINE
8
BLACK
6
CONTINUOUS
10
1.3201548818897637
20
0.704883031496063
11
1.3171238976377952
21
0.7063985433070866
0
LINE
8
BLACK
6
CONTINUOUS
10
1.3171238976377952
20
0.7063985433070866
11
1.3102918503937007
21
0.7081065354330709
0
LINE
8
BLACK
6
CONTINUOUS
10
1.3102918503937007
20
0.7081065354330709
11
1.3053946456692913
21
0.7081065354330709
0
LINE
8
BLACK
6
CONTINUOUS
10
1.3053946456692913
20
0.7081065354330709
11
1.2985625984251967
21
0.7063985433070866
0
LINE
8
BLACK
6
CONTINUOUS
10
1.2985625984251967
20
0.7063985433070866
11
1.2955316141732283
21
0.704883031496063
0
LINE
8
BLACK
6
CONTINUOUS
10
1.2955316141732283
20
0.704883031496063
11
1.292613779527559
21
0.7019652362204725
0
LINE
8
BLACK
6
CONTINUOUS
10
1.292613779527559
20
0.7019652362204725
11
1.2911109842519686
21
0.697456811023622
0
LINE
8
BLACK
6
CONTINUOUS
10
1.2911109842519686
20
0.697456811023622
11
1.2911109842519686
21
0.694665590551181
0
LINE
8
BLACK
6
CONTINUOUS
10
1.2911109842519686
20
0.694665590551181
11
1.292613779527559
21
0.6901571653543307
0
LINE
8
BLACK
6
CONTINUOUS
10
1.292613779527559
20
0.6901571653543307
11
1.2939956692913386
21
0.6887752755905512
0
LINE
8
BLACK
6
CONTINUOUS
10
1.2939956692913386
20
0.6887752755905512
11
1.294362874015748
21
0.6883278346456693
0
LINE
8
BLACK
6
CONTINUOUS
10
1.294362874015748
20
0.6883278346456693
11
1.2948037795275591
21
0.6872634251968504
0
LINE
8
BLACK
6
CONTINUOUS
10
1.2948037795275591
20
0.6872634251968504
11
1.2948037795275591
21
0.6861113385826771
0
LINE
8
BLACK
6
CONTINUOUS
10
1.2948037795275591
20
0.6861113385826771
11
1.294362874015748
21
0.6850469291338582
0
LINE
8
BLACK
6
CONTINUOUS
10
1.294362874015748
20
0.6850469291338582
11
1.293548188976378
21
0.6842322440944881
0
LINE
8
BLACK
6
CONTINUOUS
10
1.293548188976378
20
0.6842322440944881
11
1.292483779527559
21
0.6837913385826772
0
LINE
8
BLACK
6
CONTINUOUS
10
1.292483779527559
20
0.6837913385826772
11
1.2913316929133858
21
0.6837913385826772
0
LINE
8
BLACK
6
CONTINUOUS
10
1.2913316929133858
20
0.6837913385826772
11
1.290267283464567
21
0.6842322440944881
0
LINE
8
BLACK
6
CONTINUOUS
10
1.290267283464567
20
0.6842322440944881
11
1.289819842519685
21
0.6845994488188977
0
LINE
8
BLACK
6
CONTINUOUS
10
1.289819842519685
20
0.6845994488188977
11
1.2879450787401574
21
0.6864742125984252
0
LINE
8
BLACK
6
CONTINUOUS
10
1.2879450787401574
20
0.6864742125984252
11
1.287577874015748
21
0.686921653543307
0
LINE
8
BLACK
6
CONTINUOUS
10
1.287577874015748
20
0.686921653543307
11
1.2875372440944881
21
0.6870197244094488
0
LINE
8
BLACK
6
CONTINUOUS
10
1.2875372440944881
20
0.6870197244094488
11
1.2874677559055119
21
0.687099842519685
0
LINE
8
BLACK
6
CONTINUOUS
10
1.2874677559055119
20
0.687099842519685
11
1.2872317716535433
21
0.6876283858267717
0
LINE
8
BLACK
6
CONTINUOUS
10
1.2872317716535433
20
0.6876283858267717
11
1.2853570078740157
21
0.6932526771653543
0
LINE
8
BLACK
6
CONTINUOUS
10
1.2853570078740157
20
0.6932526771653543
11
1.2852920472440945
21
0.6935382677165354
0
LINE
8
BLACK
6
CONTINUOUS
10
1.2852920472440945
20
0.6935382677165354
11
1.2852622047244093
21
0.6936103543307086
0
LINE
8
BLACK
6
CONTINUOUS
10
1.2852622047244093
20
0.6936103543307086
11
1.2852518897637795
21
0.6937148818897637
0
LINE
8
BLACK
6
CONTINUOUS
10
1.2852518897637795
20
0.6937148818897637
11
1.2852286614173227
21
0.6938171259842519
0
LINE
8
BLACK
6
CONTINUOUS
10
1.2852286614173227
20
0.6938171259842519
11
1.2852341732283463
21
0.6938948818897638
0
LINE
8
BLACK
6
CONTINUOUS
10
1.2852341732283463
20
0.6938948818897638
11
1.285205472440945
21
0.6941864173228346
0
LINE
8
BLACK
6
CONTINUOUS
10
1.285205472440945
20
0.6941864173228346
11
1.285205472440945
21
0.6979359448818897
0
LINE
8
BLACK
6
CONTINUOUS
10
1.285205472440945
20
0.6979359448818897
11
1.2852341732283463
21
0.6982275196850394
0
LINE
8
BLACK
6
CONTINUOUS
10
1.2852341732283463
20
0.6982275196850394
11
1.2852286614173227
21
0.6983052362204725
0
LINE
8
BLACK
6
CONTINUOUS
10
1.2852286614173227
20
0.6983052362204725
11
1.2852518897637795
21
0.6984075196850393
0
LINE
8
BLACK
6
CONTINUOUS
10
1.2852518897637795
20
0.6984075196850393
11
1.2852622047244093
21
0.6985120078740157
0
LINE
8
BLACK
6
CONTINUOUS
10
1.2852622047244093
20
0.6985120078740157
11
1.2852920472440945
21
0.6985841338582677
0
LINE
8
BLACK
6
CONTINUOUS
10
1.2852920472440945
20
0.6985841338582677
11
1.2853570078740157
21
0.6988696850393701
0
LINE
8
BLACK
6
CONTINUOUS
10
1.2853570078740157
20
0.6988696850393701
11
1.2872317716535433
21
0.7044939763779527
0
LINE
8
BLACK
6
CONTINUOUS
10
1.2872317716535433
20
0.7044939763779527
11
1.2874677559055119
21
0.7050225196850394
0
LINE
8
BLACK
6
CONTINUOUS
10
1.2874677559055119
20
0.7050225196850394
11
1.2875372440944881
21
0.7051026771653544
0
LINE
8
BLACK
6
CONTINUOUS
10
1.2875372440944881
20
0.7051026771653544
11
1.287577874015748
21
0.7052007086614173
0
LINE
8
BLACK
6
CONTINUOUS
10
1.287577874015748
20
0.7052007086614173
11
1.2879450787401574
21
0.7056481496062992
0
LINE
8
BLACK
6
CONTINUOUS
10
1.2879450787401574
20
0.7056481496062992
11
1.2916946062992125
21
0.7093976771653543
0
LINE
8
BLACK
6
CONTINUOUS
10
1.2916946062992125
20
0.7093976771653543
11
1.2919209842519686
21
0.7095835433070866
0
LINE
8
BLACK
6
CONTINUOUS
10
1.2919209842519686
20
0.7095835433070866
11
1.291972125984252
21
0.7096424409448818
0
LINE
8
BLACK
6
CONTINUOUS
10
1.291972125984252
20
0.7096424409448818
11
1.2920608661417323
21
0.7096983464566929
0
LINE
8
BLACK
6
CONTINUOUS
10
1.2920608661417323
20
0.7096983464566929
11
1.2921420472440945
21
0.7097649212598425
0
LINE
8
BLACK
6
CONTINUOUS
10
1.2921420472440945
20
0.7097649212598425
11
1.2922141732283465
21
0.7097948031496063
0
LINE
8
BLACK
6
CONTINUOUS
10
1.2922141732283465
20
0.7097948031496063
11
1.2924620078740157
21
0.7099507874015748
0
LINE
8
BLACK
6
CONTINUOUS
10
1.2924620078740157
20
0.7099507874015748
11
1.2962115354330708
21
0.7118255511811024
0
LINE
8
BLACK
6
CONTINUOUS
10
1.2962115354330708
20
0.7118255511811024
11
1.296253622047244
21
0.7118416929133858
0
LINE
8
BLACK
6
CONTINUOUS
10
1.296253622047244
20
0.7118416929133858
11
1.2962707874015749
21
0.7118543700787402
0
LINE
8
BLACK
6
CONTINUOUS
10
1.2962707874015749
20
0.7118543700787402
11
1.2965123622047243
21
0.7119407086614173
0
LINE
8
BLACK
6
CONTINUOUS
10
1.2965123622047243
20
0.7119407086614173
11
1.296752125984252
21
0.7120324409448818
0
LINE
8
BLACK
6
CONTINUOUS
10
1.296752125984252
20
0.7120324409448818
11
1.2967733858267716
21
0.7120339763779527
0
LINE
8
BLACK
6
CONTINUOUS
10
1.2967733858267716
20
0.7120339763779527
11
1.2968159055118109
21
0.7120491338582677
0
LINE
8
BLACK
6
CONTINUOUS
10
1.2968159055118109
20
0.7120491338582677
11
1.3043149606299211
21
0.7139238976377953
0
LINE
8
BLACK
6
CONTINUOUS
10
1.3043149606299211
20
0.7139238976377953
11
1.3044148031496063
21
0.7139387007874015
0
LINE
8
BLACK
6
CONTINUOUS
10
1.3044148031496063
20
0.7139387007874015
11
1.3044550393700787
21
0.7139553149606299
0
LINE
8
BLACK
6
CONTINUOUS
10
1.3044550393700787
20
0.7139553149606299
11
1.3046720472440945
21
0.7139766929133858
0
LINE
8
BLACK
6
CONTINUOUS
10
1.3046720472440945
20
0.7139766929133858
11
1.3048875590551181
21
0.7140085433070866
0
LINE
8
BLACK
6
CONTINUOUS
10
1.3048875590551181
20
0.7140085433070866
11
1.3049305511811022
21
0.7140021653543307
0
LINE
8
BLACK
6
CONTINUOUS
10
1.3049305511811022
20
0.7140021653543307
11
1.3050311023622048
21
0.7140120472440945
0
LINE
8
BLACK
6
CONTINUOUS
10
1.3050311023622048
20
0.7140120472440945
11
1.3106553937007874
21
0.7140120472440945
0
LINE
8
BLACK
6
CONTINUOUS
10
1.3106553937007874
20
0.7140120472440945
11
1.310755905511811
21
0.7140021653543307
0
LINE
8
BLACK
6
CONTINUOUS
10
1.360755905511811
20
0.7140021653543307
11
1.3607989370078739
21
0.7140085433070866
0
LINE
8
BLACK
6
CONTINUOUS
10
1.3607989370078739
20
0.7140085433070866
11
1.3610144094488188
21
0.7139766929133858
0
LINE
8
BLACK
6
CONTINUOUS
10
1.3610144094488188
20
0.7139766929133858
11
1.3612314566929133
21
0.7139553149606299
0
LINE
8
BLACK
6
CONTINUOUS
10
1.3612314566929133
20
0.7139553149606299
11
1.3612716535433071
21
0.7139387007874015
0
LINE
8
BLACK
6
CONTINUOUS
10
1.3612716535433071
20
0.7139387007874015
11
1.3613715354330709
21
0.7139238976377953
0
LINE
8
BLACK
6
CONTINUOUS
10
1.3613715354330709
20
0.7139238976377953
11
1.3688705905511811
21
0.7120491338582677
0
LINE
8
BLACK
6
CONTINUOUS
10
1.3688705905511811
20
0.7120491338582677
11
1.3689130708661417
21
0.7120339763779527
0
LINE
8
BLACK
6
CONTINUOUS
10
1.3689130708661417
20
0.7120339763779527
11
1.3689343307086614
21
0.7120324409448818
0
LINE
8
BLACK
6
CONTINUOUS
10
1.3689343307086614
20
0.7120324409448818
11
1.3691737401574804
21
0.7119408267716535
0
LINE
8
BLACK
6
CONTINUOUS
10
1.3691737401574804
20
0.7119408267716535
11
1.3694157086614174
21
0.7118543700787402
0
LINE
8
BLACK
6
CONTINUOUS
10
1.3694157086614174
20
0.7118543700787402
11
1.3694328346456692
21
0.7118416929133858
0
LINE
8
BLACK
6
CONTINUOUS
10
1.3694328346456692
20
0.7118416929133858
11
1.3694749606299212
21
0.7118255511811024
0
LINE
8
BLACK
6
CONTINUOUS
10
1.3694749606299212
20
0.7118255511811024
11
1.3732244881889764
21
0.7099507874015748
0
LINE
8
BLACK
6
CONTINUOUS
10
1.3732244881889764
20
0.7099507874015748
11
1.3734723622047245
21
0.7097947637795275
0
LINE
8
BLACK
6
CONTINUOUS
10
1.3734723622047245
20
0.7097947637795275
11
1.3735444094488189
21
0.7097649212598425
0
LINE
8
BLACK
6
CONTINUOUS
10
1.3735444094488189
20
0.7097649212598425
11
1.3736254330708662
21
0.7096984251968503
0
LINE
8
BLACK
6
CONTINUOUS
10
1.3736254330708662
20
0.7096984251968503
11
1.3737143700787402
21
0.7096424409448818
0
LINE
8
BLACK
6
CONTINUOUS
10
1.3737143700787402
20
0.7096424409448818
11
1.3737655118110237
21
0.7095834645669291
0
LINE
8
BLACK
6
CONTINUOUS
10
1.3737655118110237
20
0.7095834645669291
11
1.3739918897637795
21
0.7093976771653543
0
LINE
8
BLACK
6
CONTINUOUS
10
1.3739918897637795
20
0.7093976771653543
11
1.3777414566929134
21
0.7056481496062992
0
LINE
8
BLACK
6
CONTINUOUS
10
1.3777414566929134
20
0.7056481496062992
11
1.3781087007874016
21
0.7052007086614173
0
LINE
8
BLACK
6
CONTINUOUS
10
1.3781087007874016
20
0.7052007086614173
11
1.3781492913385827
21
0.7051026771653544
0
LINE
8
BLACK
6
CONTINUOUS
10
1.3781492913385827
20
0.7051026771653544
11
1.3782187795275591
21
0.7050225590551181
0
LINE
8
BLACK
6
CONTINUOUS
10
1.3782187795275591
20
0.7050225590551181
11
1.3784547637795275
21
0.7044939763779527
0
LINE
8
BLACK
6
CONTINUOUS
10
1.3784547637795275
20
0.7044939763779527
11
1.380329527559055
21
0.6988697244094488
0
LINE
8
BLACK
6
CONTINUOUS
10
1.380329527559055
20
0.6988697244094488
11
1.3803944488188975
21
0.6985840944881889
0
LINE
8
BLACK
6
CONTINUOUS
10
1.3803944488188975
20
0.6985840944881889
11
1.3804243307086614
21
0.6985120078740157
0
LINE
8
BLACK
6
CONTINUOUS
10
1.3804243307086614
20
0.6985120078740157
11
1.3804346062992126
21
0.6984075590551181
0
LINE
8
BLACK
6
CONTINUOUS
10
1.3804346062992126
20
0.6984075590551181
11
1.380457874015748
21
0.6983052755905511
0
LINE
8
BLACK
6
CONTINUOUS
10
1.380457874015748
20
0.6983052755905511
11
1.3804523228346457
21
0.6982275590551181
0
LINE
8
BLACK
6
CONTINUOUS
10
1.3804523228346457
20
0.6982275590551181
11
1.380481062992126
21
0.6979359448818897
0
LINE
8
BLACK
6
CONTINUOUS
10
1.380481062992126
20
0.6979359448818897
11
1.380481062992126
21
0.6941864173228346
0
LINE
8
BLACK
6
CONTINUOUS
10
1.380481062992126
20
0.6941864173228346
11
1.3804523228346457
21
0.693894842519685
0
LINE
8
BLACK
6
CONTINUOUS
10
1.3804523228346457
20
0.693894842519685
11
1.380457874015748
21
0.6938170866141732
0
LINE
8
BLACK
6
CONTINUOUS
10
1.380457874015748
20
0.6938170866141732
11
1.3804346062992126
21
0.6937148425196851
0
LINE
8
BLACK
6
CONTINUOUS
10
1.3804346062992126
20
0.6937148425196851
11
1.3804243307086614
21
0.6936103543307086
0
LINE
8
BLACK
6
CONTINUOUS
10
1.3804243307086614
20
0.6936103543307086
11
1.3803944488188975
21
0.6935383070866141
0
LINE
8
BLACK
6
CONTINUOUS
10
1.3803944488188975
20
0.6935383070866141
11
1.380329527559055
21
0.6932526377952756
0
LINE
8
BLACK
6
CONTINUOUS
10
1.380329527559055
20
0.6932526377952756
11
1.3784547637795275
21
0.6876283858267717
0
LINE
8
BLACK
6
CONTINUOUS
10
1.3784547637795275
20
0.6876283858267717
11
1.3782187795275591
21
0.6870998031496063
0
LINE
8
BLACK
6
CONTINUOUS
10
1.3782187795275591
20
0.6870998031496063
11
1.3781492125984252
21
0.6870196456692913
0
LINE
8
BLACK
6
CONTINUOUS
10
1.3781492125984252
20
0.6870196456692913
11
1.3781086614173228
21
0.686921653543307
0
LINE
8
BLACK
6
CONTINUOUS
10
1.3781086614173228
20
0.686921653543307
11
1.3777414173228346
21
0.6864741732283465
0
LINE
8
BLACK
6
CONTINUOUS
10
1.3777414173228346
20
0.6864741732283465
11
1.3758666141732283
21
0.6845994094488189
0
LINE
8
BLACK
6
CONTINUOUS
10
1.3758666141732283
20
0.6845994094488189
11
1.3754191732283465
21
0.6842322047244095
0
LINE
8
BLACK
6
CONTINUOUS
10
1.3754191732283465
20
0.6842322047244095
11
1.3743547637795275
21
0.6837913385826772
0
LINE
8
BLACK
6
CONTINUOUS
10
1.3743547637795275
20
0.6837913385826772
11
1.3732026771653543
21
0.6837913385826772
0
LINE
8
BLACK
6
CONTINUOUS
10
1.3732026771653543
20
0.6837913385826772
11
1.3721382677165355
21
0.6842322440944881
0
LINE
8
BLACK
6
CONTINUOUS
10
1.3721382677165355
20
0.6842322440944881
11
1.3713235826771653
21
0.6850469291338582
0
LINE
8
BLACK
6
CONTINUOUS
10
1.3713235826771653
20
0.6850469291338582
11
1.3708827165354331
21
0.6861113385826771
0
LINE
8
BLACK
6
CONTINUOUS
10
1.3708827165354331
20
0.6861113385826771
11
1.3708827165354331
21
0.6872634251968504
0
LINE
8
BLACK
6
CONTINUOUS
10
1.3708827165354331
20
0.6872634251968504
11
1.371323622047244
21
0.6883278346456693
0
LINE
8
BLACK
6
CONTINUOUS
10
1.371323622047244
20
0.6883278346456693
11
1.3716908661417322
21
0.6887753149606299
0
LINE
8
BLACK
6
CONTINUOUS
10
1.3716908661417322
20
0.6887753149606299
11
1.3730727559055118
21
0.6901572047244094
0
LINE
8
BLACK
6
CONTINUOUS
10
1.3730727559055118
20
0.6901572047244094
11
1.3745755511811024
21
0.6946655511811023
0
LINE
8
BLACK
6
CONTINUOUS
10
1.3745755511811024
20
0.6946655511811023
11
1.3745755511811024
21
0.697456811023622
0
LINE
8
BLACK
6
CONTINUOUS
10
1.3745755511811024
20
0.697456811023622
11
1.3730727559055118
21
0.7019651968503937
0
LINE
8
BLACK
6
CONTINUOUS
10
1.3730727559055118
20
0.7019651968503937
11
1.3701548818897638
21
0.704883031496063
0
LINE
8
BLACK
6
CONTINUOUS
10
1.3701548818897638
20
0.704883031496063
11
1.3671238976377953
21
0.7063985433070866
0
LINE
8
BLACK
6
CONTINUOUS
10
1.3671238976377953
20
0.7063985433070866
11
1.3602918503937007
21
0.7081065354330709
0
LINE
8
BLACK
6
CONTINUOUS
10
1.3602918503937007
20
0.7081065354330709
11
1.3553946456692914
21
0.7081065354330709
0
LINE
8
BLACK
6
CONTINUOUS
10
1.3553946456692914
20
0.7081065354330709
11
1.3485625984251968
21
0.7063985433070866
0
LINE
8
BLACK
6
CONTINUOUS
10
1.3485625984251968
20
0.7063985433070866
11
1.3455316141732283
21
0.704883031496063
0
LINE
8
BLACK
6
CONTINUOUS
10
1.3455316141732283
20
0.704883031496063
11
1.342613779527559
21
0.7019652362204725
0
LINE
8
BLACK
6
CONTINUOUS
10
1.342613779527559
20
0.7019652362204725
11
1.3411109842519684
21
0.697456811023622
0
LINE
8
BLACK
6
CONTINUOUS
10
1.3411109842519684
20
0.697456811023622
11
1.3411109842519684
21
0.694665590551181
0
LINE
8
BLACK
6
CONTINUOUS
10
1.3411109842519684
20
0.694665590551181
11
1.342613779527559
21
0.6901571653543307
0
LINE
8
BLACK
6
CONTINUOUS
10
1.342613779527559
20
0.6901571653543307
11
1.3439956692913386
21
0.6887752755905512
0
LINE
8
BLACK
6
CONTINUOUS
10
1.3439956692913386
20
0.6887752755905512
11
1.3443628740157481
21
0.6883278346456693
0
LINE
8
BLACK
6
CONTINUOUS
10
1.3443628740157481
20
0.6883278346456693
11
1.3448037795275589
21
0.6872634251968504
0
LINE
8
BLACK
6
CONTINUOUS
10
1.3448037795275589
20
0.6872634251968504
11
1.3448037795275589
21
0.6861113385826771
0
LINE
8
BLACK
6
CONTINUOUS
10
1.3448037795275589
20
0.6861113385826771
11
1.3443628740157481
21
0.6850469291338582
0
LINE
8
BLACK
6
CONTINUOUS
10
1.3443628740157481
20
0.6850469291338582
11
1.3435481889763778
21
0.6842322440944881
0
LINE
8
BLACK
6
CONTINUOUS
10
1.3435481889763778
20
0.6842322440944881
11
1.342483779527559
21
0.6837913385826772
0
LINE
8
BLACK
6
CONTINUOUS
10
1.342483779527559
20
0.6837913385826772
11
1.3413316929133858
21
0.6837913385826772
0
LINE
8
BLACK
6
CONTINUOUS
10
1.3413316929133858
20
0.6837913385826772
11
1.3402672834645668
21
0.6842322440944881
0
LINE
8
BLACK
6
CONTINUOUS
10
1.3402672834645668
20
0.6842322440944881
11
1.339819842519685
21
0.6845994488188977
0
LINE
8
BLACK
6
CONTINUOUS
10
1.339819842519685
20
0.6845994488188977
11
1.3379450787401574
21
0.6864742125984252
0
LINE
8
BLACK
6
CONTINUOUS
10
1.3379450787401574
20
0.6864742125984252
11
1.337577874015748
21
0.686921653543307
0
LINE
8
BLACK
6
CONTINUOUS
10
1.337577874015748
20
0.686921653543307
11
1.3375372440944882
21
0.6870197244094488
0
LINE
8
BLACK
6
CONTINUOUS
10
1.3375372440944882
20
0.6870197244094488
11
1.3374677559055117
21
0.687099842519685
0
LINE
8
BLACK
6
CONTINUOUS
10
1.3374677559055117
20
0.687099842519685
11
1.3372317716535433
21
0.6876283858267717
0
LINE
8
BLACK
6
CONTINUOUS
10
1.3372317716535433
20
0.6876283858267717
11
1.3353570078740158
21
0.6932526771653543
0
LINE
8
BLACK
6
CONTINUOUS
10
1.3353570078740158
20
0.6932526771653543
11
1.3352920472440946
21
0.6935382677165354
0
LINE
8
BLACK
6
CONTINUOUS
10
1.3352920472440946
20
0.6935382677165354
11
1.3352622047244094
21
0.6936103543307086
0
LINE
8
BLACK
6
CONTINUOUS
10
1.3352622047244094
20
0.6936103543307086
11
1.3352518897637795
21
0.6937148818897637
0
LINE
8
BLACK
6
CONTINUOUS
10
1.3352518897637795
20
0.6937148818897637
11
1.3352286614173228
21
0.6938171259842519
0
LINE
8
BLACK
6
CONTINUOUS
10
1.3352286614173228
20
0.6938171259842519
11
1.3352341732283464
21
0.6938948818897638
0
LINE
8
BLACK
6
CONTINUOUS
10
1.3352341732283464
20
0.6938948818897638
11
1.3352054724409448
21
0.6941864173228346
0
LINE
8
BLACK
6
CONTINUOUS
10
1.3352054724409448
20
0.6941864173228346
11
1.3352054724409448
21
0.6979359448818897
0
LINE
8
BLACK
6
CONTINUOUS
10
1.3352054724409448
20
0.6979359448818897
11
1.3352341732283464
21
0.6982275196850394
0
LINE
8
BLACK
6
CONTINUOUS
10
1.3352341732283464
20
0.6982275196850394
11
1.3352286614173228
21
0.6983052362204725
0
LINE
8
BLACK
6
CONTINUOUS
10
1.3352286614173228
20
0.6983052362204725
11
1.3352518897637795
21
0.6984075196850393
0
LINE
8
BLACK
6
CONTINUOUS
10
1.3352518897637795
20
0.6984075196850393
11
1.3352622047244094
21
0.6985120078740157
0
LINE
8
BLACK
6
CONTINUOUS
10
1.3352622047244094
20
0.6985120078740157
11
1.3352920472440946
21
0.6985841338582677
0
LINE
8
BLACK
6
CONTINUOUS
10
1.3352920472440946
20
0.6985841338582677
11
1.3353570078740158
21
0.6988696850393701
0
LINE
8
BLACK
6
CONTINUOUS
10
1.3353570078740158
20
0.6988696850393701
11
1.3372317716535433
21
0.7044939763779527
0
LINE
8
BLACK
6
CONTINUOUS
10
1.3372317716535433
20
0.7044939763779527
11
1.3374677559055117
21
0.7050225196850394
0
LINE
8
BLACK
6
CONTINUOUS
10
1.3374677559055117
20
0.7050225196850394
11
1.3375372440944882
21
0.7051026771653544
0
LINE
8
BLACK
6
CONTINUOUS
10
1.3375372440944882
20
0.7051026771653544
11
1.337577874015748
21
0.7052007086614173
0
LINE
8
BLACK
6
CONTINUOUS
10
1.337577874015748
20
0.7052007086614173
11
1.3379450787401574
21
0.7056481496062992
0
LINE
8
BLACK
6
CONTINUOUS
10
1.3379450787401574
20
0.7056481496062992
11
1.3416946062992126
21
0.7093976771653543
0
LINE
8
BLACK
6
CONTINUOUS
10
1.3416946062992126
20
0.7093976771653543
11
1.3419209842519684
21
0.7095835433070866
0
LINE
8
BLACK
6
CONTINUOUS
10
1.3419209842519684
20
0.7095835433070866
11
1.3419721259842519
21
0.7096424409448818
0
LINE
8
BLACK
6
CONTINUOUS
10
1.3419721259842519
20
0.7096424409448818
11
1.3420608661417321
21
0.7096983464566929
0
LINE
8
BLACK
6
CONTINUOUS
10
1.3420608661417321
20
0.7096983464566929
11
1.3421420472440944
21
0.7097649212598425
0
LINE
8
BLACK
6
CONTINUOUS
10
1.3421420472440944
20
0.7097649212598425
11
1.3422141732283464
21
0.7097948031496063
0
LINE
8
BLACK
6
CONTINUOUS
10
1.3422141732283464
20
0.7097948031496063
11
1.3424620078740157
21
0.7099507874015748
0
LINE
8
BLACK
6
CONTINUOUS
10
1.3424620078740157
20
0.7099507874015748
11
1.3462115354330708
21
0.7118255511811024
0
LINE
8
BLACK
6
CONTINUOUS
10
1.3462115354330708
20
0.7118255511811024
11
1.3462536220472441
21
0.7118416929133858
0
LINE
8
BLACK
6
CONTINUOUS
10
1.3462536220472441
20
0.7118416929133858
11
1.3462707874015747
21
0.7118543700787402
0
LINE
8
BLACK
6
CONTINUOUS
10
1.3462707874015747
20
0.7118543700787402
11
1.3465123622047244
21
0.7119407086614173
0
LINE
8
BLACK
6
CONTINUOUS
10
1.3465123622047244
20
0.7119407086614173
11
1.3467521259842519
21
0.7120324409448818
0
LINE
8
BLACK
6
CONTINUOUS
10
1.3467521259842519
20
0.7120324409448818
11
1.3467733858267716
21
0.7120339763779527
0
LINE
8
BLACK
6
CONTINUOUS
10
1.3467733858267716
20
0.7120339763779527
11
1.346815905511811
21
0.7120491338582677
0
LINE
8
BLACK
6
CONTINUOUS
10
1.346815905511811
20
0.7120491338582677
11
1.3543149606299212
21
0.7139238976377953
0
LINE
8
BLACK
6
CONTINUOUS
10
1.3543149606299212
20
0.7139238976377953
11
1.3544148031496062
21
0.7139387007874015
0
LINE
8
BLACK
6
CONTINUOUS
10
1.3544148031496062
20
0.7139387007874015
11
1.3544550393700787
21
0.7139553149606299
0
LINE
8
BLACK
6
CONTINUOUS
10
1.3544550393700787
20
0.7139553149606299
11
1.3546720472440945
21
0.7139766929133858
0
LINE
8
BLACK
6
CONTINUOUS
10
1.3546720472440945
20
0.7139766929133858
11
1.3548875590551182
21
0.7140085433070866
0
LINE
8
BLACK
6
CONTINUOUS
10
1.3548875590551182
20
0.7140085433070866
11
1.3549305511811023
21
0.7140021653543307
0
LINE
8
BLACK
6
CONTINUOUS
10
1.3549305511811023
20
0.7140021653543307
11
1.3550311023622046
21
0.7140120472440945
0
LINE
8
BLACK
6
CONTINUOUS
10
1.3550311023622046
20
0.7140120472440945
11
1.3606553937007875
21
0.7140120472440945
0
LINE
8
BLACK
6
CONTINUOUS
10
1.3606553937007875
20
0.7140120472440945
11
1.360755905511811
21
0.7140021653543307
0
LINE
8
BLACK
6
CONTINUOUS
10
0.6124171653543307
20
0.7113871653543307
11
0.6136955905511811
21
0.7101087401574803
0
LINE
8
BLACK
6
CONTINUOUS
10
0.6136955905511811
20
0.7101087401574803
11
0.6136955905511811
21
0.7083007874015748
0
LINE
8
BLACK
6
CONTINUOUS
10
0.6136955905511811
20
0.7083007874015748
11
0.6124171653543307
21
0.7070223622047244
0
LINE
8
BLACK
6
CONTINUOUS
10
0.6124171653543307
20
0.7070223622047244
11
0.611513188976378
21
0.7068425590551181
0
LINE
8
BLACK
6
CONTINUOUS
10
0.611513188976378
20
0.7068425590551181
11
0.6023923228346456
21
0.7068425590551181
0
LINE
8
BLACK
6
CONTINUOUS
10
0.6023923228346456
20
0.7068425590551181
11
0.6014883464566929
21
0.7070223622047244
0
LINE
8
BLACK
6
CONTINUOUS
10
0.6014883464566929
20
0.7070223622047244
11
0.6002099212598425
21
0.7083007874015748
0
LINE
8
BLACK
6
CONTINUOUS
10
0.6002099212598425
20
0.7083007874015748
11
0.6002099212598425
21
0.7101087401574803
0
LINE
8
BLACK
6
CONTINUOUS
10
0.6002099212598425
20
0.7101087401574803
11
0.6014883464566929
21
0.7113871653543307
0
LINE
8
BLACK
6
CONTINUOUS
10
0.6014883464566929
20
0.7113871653543307
11
0.6023923228346456
21
0.711566968503937
0
LINE
8
BLACK
6
CONTINUOUS
10
0.6023923228346456
20
0.711566968503937
11
0.611513188976378
21
0.711566968503937
0
LINE
8
BLACK
6
CONTINUOUS
10
0.611513188976378
20
0.711566968503937
11
0.6124171653543307
21
0.7113871653543307
0
LINE
8
BLACK
6
CONTINUOUS
10
1.2075833070866142
20
0.73348468503937
11
1.2075833070866142
21
0.7316767322834645
0
LINE
8
BLACK
6
CONTINUOUS
10
1.2075833070866142
20
0.7316767322834645
11
1.207071220472441
21
0.7309103543307086
0
LINE
8
BLACK
6
CONTINUOUS
10
1.207071220472441
20
0.7309103543307086
11
1.200621811023622
21
0.7244609842519685
0
LINE
8
BLACK
6
CONTINUOUS
10
1.200621811023622
20
0.7244609842519685
11
1.1998554724409449
21
0.7239488976377952
0
LINE
8
BLACK
6
CONTINUOUS
10
1.1998554724409449
20
0.7239488976377952
11
1.1980475196850393
21
0.7239488976377952
0
LINE
8
BLACK
6
CONTINUOUS
10
1.1980475196850393
20
0.7239488976377952
11
1.196769094488189
21
0.7252273228346456
0
LINE
8
BLACK
6
CONTINUOUS
10
1.196769094488189
20
0.7252273228346456
11
1.196769094488189
21
0.7270352755905511
0
LINE
8
BLACK
6
CONTINUOUS
10
1.196769094488189
20
0.7270352755905511
11
1.1972811811023623
21
0.7278016141732283
0
LINE
8
BLACK
6
CONTINUOUS
10
1.1972811811023623
20
0.7278016141732283
11
1.2037305511811023
21
0.7342510236220472
0
LINE
8
BLACK
6
CONTINUOUS
10
1.2037305511811023
20
0.7342510236220472
11
1.2044969291338583
21
0.7347631102362204
0
LINE
8
BLACK
6
CONTINUOUS
10
1.2044969291338583
20
0.7347631102362204
11
1.2063048818897637
21
0.7347631102362204
0
LINE
8
BLACK
6
CONTINUOUS
10
1.2063048818897637
20
0.7347631102362204
11
1.2075833070866142
21
0.73348468503937
0
LINE
8
BLACK
6
CONTINUOUS
10
1.1245635826771654
20
0.7691966141732284
11
1.1247122047244094
21
0.7691966141732284
0
LINE
8
BLACK
6
CONTINUOUS
10
1.1247122047244094
20
0.7691966141732284
11
1.1251107874015749
21
0.7690315354330709
0
LINE
8
BLACK
6
CONTINUOUS
10
1.1251107874015749
20
0.7690315354330709
11
1.1255242125984253
21
0.7689067716535433
0
LINE
8
BLACK
6
CONTINUOUS
10
1.1255242125984253
20
0.7689067716535433
11
1.1257089370078739
21
0.7687837795275591
0
LINE
8
BLACK
6
CONTINUOUS
10
1.1257089370078739
20
0.7687837795275591
11
1.1257766141732284
21
0.7687557086614173
0
LINE
8
BLACK
6
CONTINUOUS
10
1.1257766141732284
20
0.7687557086614173
11
1.1258275984251969
21
0.7687047244094488
0
LINE
8
BLACK
6
CONTINUOUS
10
1.1258275984251969
20
0.7687047244094488
11
1.1260059842519685
21
0.7685859055118111
0
LINE
8
BLACK
6
CONTINUOUS
10
1.1260059842519685
20
0.7685859055118111
11
1.1405882283464566
21
0.7566549606299212
0
LINE
8
BLACK
6
CONTINUOUS
10
1.1405882283464566
20
0.7566549606299212
11
1.1409981496062991
21
0.7562462598425197
0
LINE
8
BLACK
6
CONTINUOUS
10
1.1409981496062991
20
0.7562462598425197
11
1.1410684251968504
21
0.7561152362204724
0
LINE
8
BLACK
6
CONTINUOUS
10
1.1410684251968504
20
0.7561152362204724
11
1.1411735433070866
21
0.7560101181102362
0
LINE
8
BLACK
6
CONTINUOUS
10
1.1411735433070866
20
0.7560101181102362
11
1.1413387007874016
21
0.7556113779527559
0
LINE
8
BLACK
6
CONTINUOUS
10
1.1413387007874016
20
0.7556113779527559
11
1.1415427559055118
21
0.7552309842519684
0
LINE
8
BLACK
6
CONTINUOUS
10
1.1415427559055118
20
0.7552309842519684
11
1.1415575196850394
21
0.7550831102362204
0
LINE
8
BLACK
6
CONTINUOUS
10
1.1415575196850394
20
0.7550831102362204
11
1.1416144488188975
21
0.7549457086614173
0
LINE
8
BLACK
6
CONTINUOUS
10
1.1416144488188975
20
0.7549457086614173
11
1.1416144488188975
21
0.7545138976377953
0
LINE
8
BLACK
6
CONTINUOUS
10
1.1416144488188975
20
0.7545138976377953
11
1.1416573622047244
21
0.7540846456692913
0
LINE
8
BLACK
6
CONTINUOUS
10
1.1416573622047244
20
0.7540846456692913
11
1.1416144488188975
21
0.7539424015748031
0
LINE
8
BLACK
6
CONTINUOUS
10
1.1416144488188975
20
0.7539424015748031
11
1.1416144488188975
21
0.7537935826771653
0
LINE
8
BLACK
6
CONTINUOUS
10
1.1416144488188975
20
0.7537935826771653
11
1.1414492125984252
21
0.7533947244094488
0
LINE
8
BLACK
6
CONTINUOUS
10
1.1414492125984252
20
0.7533947244094488
11
1.1413246062992126
21
0.7529816141732283
0
LINE
8
BLACK
6
CONTINUOUS
10
1.1413246062992126
20
0.7529816141732283
11
1.141230433070866
21
0.7528665354330708
0
LINE
8
BLACK
6
CONTINUOUS
10
1.141230433070866
20
0.7528665354330708
11
1.1411735433070866
21
0.7527291732283464
0
LINE
8
BLACK
6
CONTINUOUS
10
1.1411735433070866
20
0.7527291732283464
11
1.1408683858267716
21
0.7524240551181102
0
LINE
8
BLACK
6
CONTINUOUS
10
1.1408683858267716
20
0.7524240551181102
11
1.1405950393700788
21
0.7520899212598425
0
LINE
8
BLACK
6
CONTINUOUS
10
1.1405950393700788
20
0.7520899212598425
11
1.1404639763779527
21
0.7520196456692914
0
LINE
8
BLACK
6
CONTINUOUS
10
1.1404639763779527
20
0.7520196456692914
11
1.1403588976377952
21
0.7519145275590551
0
LINE
8
BLACK
6
CONTINUOUS
10
1.1403588976377952
20
0.7519145275590551
11
1.1399601181102361
21
0.7517493700787401
0
LINE
8
BLACK
6
CONTINUOUS
10
1.1399601181102361
20
0.7517493700787401
11
1.1395797637795275
21
0.7515453149606299
0
LINE
8
BLACK
6
CONTINUOUS
10
1.1395797637795275
20
0.7515453149606299
11
1.1394318503937007
21
0.7515305511811023
0
LINE
8
BLACK
6
CONTINUOUS
10
1.1394318503937007
20
0.7515305511811023
11
1.1392944881889764
21
0.7514736220472441
0
LINE
8
BLACK
6
CONTINUOUS
10
1.1392944881889764
20
0.7514736220472441
11
1.1387184251968503
21
0.7514168897637795
0
LINE
8
BLACK
6
CONTINUOUS
10
1.1387184251968503
20
0.7514168897637795
11
1.1365462598425196
21
0.7514168897637795
0
LINE
8
BLACK
6
CONTINUOUS
10
1.1365462598425196
20
0.7514168897637795
11
1.1336851968503936
21
0.7504632283464566
0
LINE
8
BLACK
6
CONTINUOUS
10
1.1336851968503936
20
0.7504632283464566
11
1.1280426377952755
21
0.7448206692913386
0
LINE
8
BLACK
6
CONTINUOUS
10
1.1280426377952755
20
0.7448206692913386
11
1.127088937007874
21
0.7419595669291339
0
LINE
8
BLACK
6
CONTINUOUS
10
1.127088937007874
20
0.7419595669291339
11
1.127088937007874
21
0.7402665354330709
0
LINE
8
BLACK
6
CONTINUOUS
10
1.127088937007874
20
0.7402665354330709
11
1.1280426377952755
21
0.7374054330708661
0
LINE
8
BLACK
6
CONTINUOUS
10
1.1280426377952755
20
0.7374054330708661
11
1.1336851574803148
21
0.7317629133858268
0
LINE
8
BLACK
6
CONTINUOUS
10
1.1336851574803148
20
0.7317629133858268
11
1.1365462598425196
21
0.7308092125984251
0
LINE
8
BLACK
6
CONTINUOUS
10
1.1365462598425196
20
0.7308092125984251
11
1.1382393307086613
21
0.7308092125984251
0
LINE
8
BLACK
6
CONTINUOUS
10
1.1382393307086613
20
0.7308092125984251
11
1.1411003543307086
21
0.731762874015748
0
LINE
8
BLACK
6
CONTINUOUS
10
1.1411003543307086
20
0.731762874015748
11
1.1467429133858267
21
0.7374054330708661
0
LINE
8
BLACK
6
CONTINUOUS
10
1.1467429133858267
20
0.7374054330708661
11
1.1476966141732283
21
0.7402665354330709
0
LINE
8
BLACK
6
CONTINUOUS
10
1.1476966141732283
20
0.7402665354330709
11
1.1476966141732283
21
0.7424387007874016
0
LINE
8
BLACK
6
CONTINUOUS
10
1.1476966141732283
20
0.7424387007874016
11
1.1477533464566929
21
0.7430147637795276
0
LINE
8
BLACK
6
CONTINUOUS
10
1.1477533464566929
20
0.7430147637795276
11
1.148194251968504
21
0.7440791732283465
0
LINE
8
BLACK
6
CONTINUOUS
10
1.148194251968504
20
0.7440791732283465
11
1.1490088976377952
21
0.7448938188976377
0
LINE
8
BLACK
6
CONTINUOUS
10
1.1490088976377952
20
0.7448938188976377
11
1.150073307086614
21
0.7453347244094488
0
LINE
8
BLACK
6
CONTINUOUS
10
1.150073307086614
20
0.7453347244094488
11
1.1512254330708662
21
0.7453347244094488
0
LINE
8
BLACK
6
CONTINUOUS
10
1.1512254330708662
20
0.7453347244094488
11
1.152289842519685
21
0.7448938188976377
0
LINE
8
BLACK
6
CONTINUOUS
10
1.152289842519685
20
0.7448938188976377
11
1.1531044881889763
21
0.7440791732283465
0
LINE
8
BLACK
6
CONTINUOUS
10
1.1531044881889763
20
0.7440791732283465
11
1.1535453937007873
21
0.7430147637795276
0
LINE
8
BLACK
6
CONTINUOUS
10
1.1535453937007873
20
0.7430147637795276
11
1.1535601181102362
21
0.7428652755905512
0
LINE
8
BLACK
6
CONTINUOUS
10
1.1535601181102362
20
0.7428652755905512
11
1.1546767322834646
21
0.7433277559055118
0
LINE
8
BLACK
6
CONTINUOUS
10
1.1546767322834646
20
0.7433277559055118
11
1.1577490157480315
21
0.7433277559055118
0
LINE
8
BLACK
6
CONTINUOUS
10
1.1577490157480315
20
0.7433277559055118
11
1.1605874409448818
21
0.7421520472440944
0
LINE
8
BLACK
6
CONTINUOUS
10
1.1605874409448818
20
0.7421520472440944
11
1.1627598818897638
21
0.7399796062992126
0
LINE
8
BLACK
6
CONTINUOUS
10
1.1627598818897638
20
0.7399796062992126
11
1.163935590551181
21
0.7371411811023622
0
LINE
8
BLACK
6
CONTINUOUS
10
1.163935590551181
20
0.7371411811023622
11
1.163935590551181
21
0.7340688976377953
0
LINE
8
BLACK
6
CONTINUOUS
10
1.163935590551181
20
0.7340688976377953
11
1.1627598818897638
21
0.7312304724409449
0
LINE
8
BLACK
6
CONTINUOUS
10
1.1627598818897638
20
0.7312304724409449
11
1.1605874409448818
21
0.729058031496063
0
LINE
8
BLACK
6
CONTINUOUS
10
1.1605874409448818
20
0.729058031496063
11
1.1577490157480315
21
0.7278823228346456
0
LINE
8
BLACK
6
CONTINUOUS
10
1.1577490157480315
20
0.7278823228346456
11
1.1546767322834646
21
0.7278823228346456
0
LINE
8
BLACK
6
CONTINUOUS
10
1.1546767322834646
20
0.7278823228346456
11
1.1518383070866141
21
0.729058031496063
0
LINE
8
BLACK
6
CONTINUOUS
10
1.1518383070866141
20
0.729058031496063
11
1.1496658661417323
21
0.7312304724409449
0
LINE
8
BLACK
6
CONTINUOUS
10
1.1496658661417323
20
0.7312304724409449
11
1.1494472834645668
21
0.7317581889763779
0
LINE
8
BLACK
6
CONTINUOUS
10
1.1494472834645668
20
0.7317581889763779
11
1.144783346456693
21
0.7270941732283465
0
LINE
8
BLACK
6
CONTINUOUS
10
1.144783346456693
20
0.7270941732283465
11
1.144335905511811
21
0.726726968503937
0
LINE
8
BLACK
6
CONTINUOUS
10
1.144335905511811
20
0.726726968503937
11
1.1442378346456692
21
0.7266863779527559
0
LINE
8
BLACK
6
CONTINUOUS
10
1.1442378346456692
20
0.7266863779527559
11
1.1441577165354331
21
0.7266168503937007
0
LINE
8
BLACK
6
CONTINUOUS
10
1.1441577165354331
20
0.7266168503937007
11
1.1436291732283463
21
0.7263808661417323
0
LINE
8
BLACK
6
CONTINUOUS
10
1.1436291732283463
20
0.7263808661417323
11
1.139652125984252
21
0.7250552362204724
0
LINE
8
BLACK
6
CONTINUOUS
10
1.139652125984252
20
0.7250552362204724
11
1.1393666141732284
21
0.7249903149606299
0
LINE
8
BLACK
6
CONTINUOUS
10
1.1393666141732284
20
0.7249903149606299
11
1.1392944881889764
21
0.7249604330708661
0
LINE
8
BLACK
6
CONTINUOUS
10
1.1392944881889764
20
0.7249604330708661
11
1.1391899212598424
21
0.724950157480315
0
LINE
8
BLACK
6
CONTINUOUS
10
1.1391899212598424
20
0.724950157480315
11
1.1390877165354329
21
0.7249268897637795
0
LINE
8
BLACK
6
CONTINUOUS
10
1.1390877165354329
20
0.7249268897637795
11
1.1390099606299213
21
0.7249324409448819
0
LINE
8
BLACK
6
CONTINUOUS
10
1.1390099606299213
20
0.7249324409448819
11
1.1387184251968503
21
0.7249037007874015
0
LINE
8
BLACK
6
CONTINUOUS
10
1.1387184251968503
20
0.7249037007874015
11
1.1360671259842519
21
0.7249037007874015
0
LINE
8
BLACK
6
CONTINUOUS
10
1.1360671259842519
20
0.7249037007874015
11
1.1357755511811023
21
0.7249324409448819
0
LINE
8
BLACK
6
CONTINUOUS
10
1.1357755511811023
20
0.7249324409448819
11
1.1356978346456692
21
0.7249268897637795
0
LINE
8
BLACK
6
CONTINUOUS
10
1.1356978346456692
20
0.7249268897637795
11
1.1355955511811024
21
0.724950157480315
0
LINE
8
BLACK
6
CONTINUOUS
10
1.1355955511811024
20
0.724950157480315
11
1.135491062992126
21
0.7249604330708661
0
LINE
8
BLACK
6
CONTINUOUS
10
1.135491062992126
20
0.7249604330708661
11
1.135418937007874
21
0.7249903149606299
0
LINE
8
BLACK
6
CONTINUOUS
10
1.135418937007874
20
0.7249903149606299
11
1.1351333858267716
21
0.7250552362204724
0
LINE
8
BLACK
6
CONTINUOUS
10
1.1351333858267716
20
0.7250552362204724
11
1.1311564173228346
21
0.7263808661417323
0
LINE
8
BLACK
6
CONTINUOUS
10
1.1311564173228346
20
0.7263808661417323
11
1.130627874015748
21
0.7266168503937007
0
LINE
8
BLACK
6
CONTINUOUS
10
1.130627874015748
20
0.7266168503937007
11
1.1305477559055117
21
0.7266863385826772
0
LINE
8
BLACK
6
CONTINUOUS
10
1.1305477559055117
20
0.7266863385826772
11
1.1304497244094487
21
0.7267269291338583
0
LINE
8
BLACK
6
CONTINUOUS
10
1.1304497244094487
20
0.7267269291338583
11
1.1300022440944881
21
0.7270941732283465
0
LINE
8
BLACK
6
CONTINUOUS
10
1.1300022440944881
20
0.7270941732283465
11
1.1233739370078739
21
0.7337224803149606
0
LINE
8
BLACK
6
CONTINUOUS
10
1.1233739370078739
20
0.7337224803149606
11
1.1230067322834645
21
0.7341699212598425
0
LINE
8
BLACK
6
CONTINUOUS
10
1.1230067322834645
20
0.7341699212598425
11
1.1229661023622046
21
0.7342679921259843
0
LINE
8
BLACK
6
CONTINUOUS
10
1.1229661023622046
20
0.7342679921259843
11
1.1228966141732284
21
0.7343481102362205
0
LINE
8
BLACK
6
CONTINUOUS
10
1.1228966141732284
20
0.7343481102362205
11
1.1226606299212598
21
0.7348766535433071
0
LINE
8
BLACK
6
CONTINUOUS
10
1.1226606299212598
20
0.7348766535433071
11
1.1213349606299212
21
0.738853622047244
0
LINE
8
BLACK
6
CONTINUOUS
10
1.1213349606299212
20
0.738853622047244
11
1.12127
21
0.7391392125984252
0
LINE
8
BLACK
6
CONTINUOUS
10
1.12127
20
0.7391392125984252
11
1.121240157480315
21
0.7392112992125984
0
LINE
8
BLACK
6
CONTINUOUS
10
1.121240157480315
20
0.7392112992125984
11
1.1212298425196849
21
0.7393158267716535
0
LINE
8
BLACK
6
CONTINUOUS
10
1.1212298425196849
20
0.7393158267716535
11
1.1212066141732284
21
0.7394180708661418
0
LINE
8
BLACK
6
CONTINUOUS
10
1.1212066141732284
20
0.7394180708661418
11
1.121212125984252
21
0.7394958267716535
0
LINE
8
BLACK
6
CONTINUOUS
10
1.121212125984252
20
0.7394958267716535
11
1.1211834251968504
21
0.7397873622047244
0
LINE
8
BLACK
6
CONTINUOUS
10
1.1211834251968504
20
0.7397873622047244
11
1.1211834251968504
21
0.7424387007874016
0
LINE
8
BLACK
6
CONTINUOUS
10
1.1211834251968504
20
0.7424387007874016
11
1.121212125984252
21
0.7427302755905512
0
LINE
8
BLACK
6
CONTINUOUS
10
1.121212125984252
20
0.7427302755905512
11
1.1212066141732284
21
0.7428079921259843
0
LINE
8
BLACK
6
CONTINUOUS
10
1.1212066141732284
20
0.7428079921259843
11
1.1212298425196849
21
0.7429102755905511
0
LINE
8
BLACK
6
CONTINUOUS
10
1.1212298425196849
20
0.7429102755905511
11
1.121240157480315
21
0.7430147637795276
0
LINE
8
BLACK
6
CONTINUOUS
10
1.121240157480315
20
0.7430147637795276
11
1.12127
21
0.7430868897637795
0
LINE
8
BLACK
6
CONTINUOUS
10
1.12127
20
0.7430868897637795
11
1.1213349606299212
21
0.7433724409448819
0
LINE
8
BLACK
6
CONTINUOUS
10
1.1213349606299212
20
0.7433724409448819
11
1.1226606299212598
21
0.7473494094488189
0
LINE
8
BLACK
6
CONTINUOUS
10
1.1226606299212598
20
0.7473494094488189
11
1.1228966141732284
21
0.7478779527559055
0
LINE
8
BLACK
6
CONTINUOUS
10
1.1228966141732284
20
0.7478779527559055
11
1.1229661023622046
21
0.7479581102362205
0
LINE
8
BLACK
6
CONTINUOUS
10
1.1229661023622046
20
0.7479581102362205
11
1.1230067322834645
21
0.7480561417322834
0
LINE
8
BLACK
6
CONTINUOUS
10
1.1230067322834645
20
0.7480561417322834
11
1.1233739370078739
21
0.7485035826771653
0
LINE
8
BLACK
6
CONTINUOUS
10
1.1233739370078739
20
0.7485035826771653
11
1.1300022440944881
21
0.7551318897637795
0
LINE
8
BLACK
6
CONTINUOUS
10
1.1300022440944881
20
0.7551318897637795
11
1.1304497244094487
21
0.7554991338582677
0
LINE
8
BLACK
6
CONTINUOUS
10
1.1304497244094487
20
0.7554991338582677
11
1.1305476771653542
21
0.7555397244094488
0
LINE
8
BLACK
6
CONTINUOUS
10
1.1305476771653542
20
0.7555397244094488
11
1.1306278346456693
21
0.7556092125984252
0
LINE
8
BLACK
6
CONTINUOUS
10
1.1306278346456693
20
0.7556092125984252
11
1.1311564173228346
21
0.7558451968503936
0
LINE
8
BLACK
6
CONTINUOUS
10
1.1311564173228346
20
0.7558451968503936
11
1.1319348818897637
21
0.7561047244094488
0
LINE
8
BLACK
6
CONTINUOUS
10
1.1319348818897637
20
0.7561047244094488
11
1.1243345275590551
21
0.7623231496062992
0
LINE
8
BLACK
6
CONTINUOUS
10
1.1243345275590551
20
0.7623231496062992
11
1.1129675196850393
21
0.7509560629921259
0
LINE
8
BLACK
6
CONTINUOUS
10
1.1129675196850393
20
0.7509560629921259
11
1.1125200787401575
21
0.7505888582677165
0
LINE
8
BLACK
6
CONTINUOUS
10
1.1125200787401575
20
0.7505888582677165
11
1.1114556692913387
21
0.7501479527559055
0
LINE
8
BLACK
6
CONTINUOUS
10
1.1114556692913387
20
0.7501479527559055
11
1.1103035826771652
21
0.7501479527559055
0
LINE
8
BLACK
6
CONTINUOUS
10
1.1103035826771652
20
0.7501479527559055
11
1.1092391338582677
21
0.7505888188976377
0
LINE
8
BLACK
6
CONTINUOUS
10
1.1092391338582677
20
0.7505888188976377
11
1.1084244881889764
21
0.7514035039370078
0
LINE
8
BLACK
6
CONTINUOUS
10
1.1084244881889764
20
0.7514035039370078
11
1.1079835826771653
21
0.7524679133858267
0
LINE
8
BLACK
6
CONTINUOUS
10
1.1079835826771653
20
0.7524679133858267
11
1.1079835826771653
21
0.75362
0
LINE
8
BLACK
6
CONTINUOUS
10
1.1079835826771653
20
0.75362
11
1.1084244488188977
21
0.7546844488188976
0
LINE
8
BLACK
6
CONTINUOUS
10
1.1084244488188977
20
0.7546844488188976
11
1.1087916929133859
21
0.7551318897637795
0
LINE
8
BLACK
6
CONTINUOUS
10
1.1087916929133859
20
0.7551318897637795
11
1.1220482677165353
21
0.7683885039370079
0
LINE
8
BLACK
6
CONTINUOUS
10
1.1220482677165353
20
0.7683885039370079
11
1.1222137007874016
21
0.7685243307086614
0
LINE
8
BLACK
6
CONTINUOUS
10
1.1222137007874016
20
0.7685243307086614
11
1.1222595669291338
21
0.76858031496063
0
LINE
8
BLACK
6
CONTINUOUS
10
1.1222595669291338
20
0.76858031496063
11
1.1223242913385827
21
0.7686150787401574
0
LINE
8
BLACK
6
CONTINUOUS
10
1.1223242913385827
20
0.7686150787401574
11
1.1224957086614173
21
0.7687557086614173
0
LINE
8
BLACK
6
CONTINUOUS
10
1.1224957086614173
20
0.7687557086614173
11
1.1228944488188977
21
0.768920905511811
0
LINE
8
BLACK
6
CONTINUOUS
10
1.1228944488188977
20
0.768920905511811
11
1.123274842519685
21
0.7691249212598426
0
LINE
8
BLACK
6
CONTINUOUS
10
1.123274842519685
20
0.7691249212598426
11
1.1234227165354331
21
0.7691397244094488
0
LINE
8
BLACK
6
CONTINUOUS
10
1.1234227165354331
20
0.7691397244094488
11
1.1235601181102362
21
0.7691966141732284
0
LINE
8
BLACK
6
CONTINUOUS
10
1.1235601181102362
20
0.7691966141732284
11
1.1239917322834645
21
0.7691966141732284
0
LINE
8
BLACK
6
CONTINUOUS
10
1.1239917322834645
20
0.7691966141732284
11
1.1244212204724409
21
0.7692395669291339
0
LINE
8
BLACK
6
CONTINUOUS
10
1.1244212204724409
20
0.7692395669291339
11
1.1245635826771654
21
0.7691966141732284
0
LINE
8
BLACK
6
CONTINUOUS
10
1.0508010629921261
20
0.8083618503937008
11
1.1203981889763779
21
0.7387647244094488
0
LINE
8
BLACK
6
CONTINUOUS
10
1.1203981889763779
20
0.7387647244094488
11
1.1209401181102363
21
0.7379536614173228
0
LINE
8
BLACK
6
CONTINUOUS
10
1.1209401181102363
20
0.7379536614173228
11
1.1209401181102363
21
0.7360402755905512
0
LINE
8
BLACK
6
CONTINUOUS
10
1.1209401181102363
20
0.7360402755905512
11
1.119587125984252
21
0.7346872834645669
0
LINE
8
BLACK
6
CONTINUOUS
10
1.119587125984252
20
0.7346872834645669
11
1.1176737401574803
21
0.7346872834645669
0
LINE
8
BLACK
6
CONTINUOUS
10
1.1176737401574803
20
0.7346872834645669
11
1.1168626771653543
21
0.7352292125984252
0
LINE
8
BLACK
6
CONTINUOUS
10
1.1168626771653543
20
0.7352292125984252
11
1.0472655511811024
21
0.8048263385826772
0
LINE
8
BLACK
6
CONTINUOUS
10
1.0472655511811024
20
0.8048263385826772
11
1.046723622047244
21
0.8056374015748031
0
LINE
8
BLACK
6
CONTINUOUS
10
1.046723622047244
20
0.8056374015748031
11
1.046723622047244
21
0.8075507874015748
0
LINE
8
BLACK
6
CONTINUOUS
10
1.046723622047244
20
0.8075507874015748
11
1.0480766141732283
21
0.808903779527559
0
LINE
8
BLACK
6
CONTINUOUS
10
1.0480766141732283
20
0.808903779527559
11
1.04999
21
0.808903779527559
0
LINE
8
BLACK
6
CONTINUOUS
10
1.04999
20
0.808903779527559
11
1.0508010629921261
21
0.8083618503937008
0
LINE
8
BLACK
6
CONTINUOUS
10
0.6124171653543307
20
0.7397336220472441
11
0.6136955905511811
21
0.7384551968503937
0
LINE
8
BLACK
6
CONTINUOUS
10
0.6136955905511811
20
0.7384551968503937
11
0.6136955905511811
21
0.7366472440944881
0
LINE
8
BLACK
6
CONTINUOUS
10
0.6136955905511811
20
0.7366472440944881
11
0.6124171653543307
21
0.7353688188976378
0
LINE
8
BLACK
6
CONTINUOUS
10
0.6124171653543307
20
0.7353688188976378
11
0.611513188976378
21
0.7351890157480315
0
LINE
8
BLACK
6
CONTINUOUS
10
0.611513188976378
20
0.7351890157480315
11
0.6023923228346456
21
0.7351890157480315
0
LINE
8
BLACK
6
CONTINUOUS
10
0.6023923228346456
20
0.7351890157480315
11
0.6014883464566929
21
0.7353688188976378
0
LINE
8
BLACK
6
CONTINUOUS
10
0.6014883464566929
20
0.7353688188976378
11
0.6002099212598425
21
0.7366472440944881
0
LINE
8
BLACK
6
CONTINUOUS
10
0.6002099212598425
20
0.7366472440944881
11
0.6002099212598425
21
0.7384551968503937
0
LINE
8
BLACK
6
CONTINUOUS
10
0.6002099212598425
20
0.7384551968503937
11
0.6014883464566929
21
0.7397336220472441
0
LINE
8
BLACK
6
CONTINUOUS
10
0.6014883464566929
20
0.7397336220472441
11
0.6023923228346456
21
0.7399134251968503
0
LINE
8
BLACK
6
CONTINUOUS
10
0.6023923228346456
20
0.7399134251968503
11
0.611513188976378
21
0.7399134251968503
0
LINE
8
BLACK
6
CONTINUOUS
10
0.611513188976378
20
0.7399134251968503
11
0.6124171653543307
21
0.7397336220472441
0
LINE
8
BLACK
6
CONTINUOUS
10
1.1767251181102363
20
0.7576852755905512
11
1.1767251181102363
21
0.7574592913385827
0
LINE
8
BLACK
6
CONTINUOUS
10
1.1767251181102363
20
0.7574592913385827
11
1.1766611023622047
21
0.7573634645669292
0
LINE
8
BLACK
6
CONTINUOUS
10
1.1766611023622047
20
0.7573634645669292
11
1.1688070866141731
21
0.7495094881889763
0
LINE
8
BLACK
6
CONTINUOUS
10
1.1688070866141731
20
0.7495094881889763
11
1.177751062992126
21
0.7489132283464567
0
LINE
8
BLACK
6
CONTINUOUS
10
1.177751062992126
20
0.7489132283464567
11
1.1778321653543307
21
0.7488914173228346
0
LINE
8
BLACK
6
CONTINUOUS
10
1.1778321653543307
20
0.7488914173228346
11
1.177844409448819
21
0.7488914173228346
0
LINE
8
BLACK
6
CONTINUOUS
10
1.177844409448819
20
0.7488914173228346
11
1.1778488976377952
21
0.7488869291338582
0
LINE
8
BLACK
6
CONTINUOUS
10
1.1778488976377952
20
0.7488869291338582
11
1.1778623228346456
21
0.7488833070866141
0
LINE
8
BLACK
6
CONTINUOUS
10
1.1778623228346456
20
0.7488833070866141
11
1.1779307874015748
21
0.7488050787401574
0
LINE
8
BLACK
6
CONTINUOUS
10
1.1779307874015748
20
0.7488050787401574
11
1.1780042125984251
21
0.7487316535433071
0
LINE
8
BLACK
6
CONTINUOUS
10
1.1780042125984251
20
0.7487316535433071
11
1.1780042125984251
21
0.7487211811023622
0
LINE
8
BLACK
6
CONTINUOUS
10
1.1780042125984251
20
0.7487211811023622
11
1.1780111417322834
21
0.7487132283464567
0
LINE
8
BLACK
6
CONTINUOUS
10
1.1780111417322834
20
0.7487132283464567
11
1.1780044094488189
21
0.7486128740157481
0
LINE
8
BLACK
6
CONTINUOUS
10
1.1780044094488189
20
0.7486128740157481
11
1.1836865748031495
21
0.7542949999999999
0
LINE
8
BLACK
6
CONTINUOUS
10
1.1836865748031495
20
0.7542949999999999
11
1.1844529527559056
21
0.7548070866141732
0
LINE
8
BLACK
6
CONTINUOUS
10
1.1844529527559056
20
0.7548070866141732
11
1.186260905511811
21
0.7548070866141732
0
LINE
8
BLACK
6
CONTINUOUS
10
1.186260905511811
20
0.7548070866141732
11
1.1875393307086615
21
0.7535286614173228
0
LINE
8
BLACK
6
CONTINUOUS
10
1.1875393307086615
20
0.7535286614173228
11
1.1875393307086615
21
0.7517207086614173
0
LINE
8
BLACK
6
CONTINUOUS
10
1.1875393307086615
20
0.7517207086614173
11
1.1870272440944882
21
0.7509543307086614
0
LINE
8
BLACK
6
CONTINUOUS
10
1.1870272440944882
20
0.7509543307086614
11
1.1805778346456692
21
0.7445049606299212
0
LINE
8
BLACK
6
CONTINUOUS
10
1.1805778346456692
20
0.7445049606299212
11
1.1798114960629922
21
0.743992874015748
0
LINE
8
BLACK
6
CONTINUOUS
10
1.1798114960629922
20
0.743992874015748
11
1.1780035433070866
21
0.743992874015748
0
LINE
8
BLACK
6
CONTINUOUS
10
1.1780035433070866
20
0.743992874015748
11
1.1767251181102363
21
0.7452712992125984
0
LINE
8
BLACK
6
CONTINUOUS
10
1.1767251181102363
20
0.7452712992125984
11
1.1767251181102363
21
0.7470792519685039
0
LINE
8
BLACK
6
CONTINUOUS
10
1.1767251181102363
20
0.7470792519685039
11
1.176957716535433
21
0.7474273622047244
0
LINE
8
BLACK
6
CONTINUOUS
10
1.176957716535433
20
0.7474273622047244
11
1.1760708661417323
21
0.7465405118110237
0
LINE
8
BLACK
6
CONTINUOUS
10
1.1760708661417323
20
0.7465405118110237
11
1.1754685039370079
21
0.7447334251968504
0
LINE
8
BLACK
6
CONTINUOUS
10
1.1754685039370079
20
0.7447334251968504
11
1.1754685039370079
21
0.7435501968503937
0
LINE
8
BLACK
6
CONTINUOUS
10
1.1754685039370079
20
0.7435501968503937
11
1.1760708661417323
21
0.7417430708661417
0
LINE
8
BLACK
6
CONTINUOUS
10
1.1760708661417323
20
0.7417430708661417
11
1.1791699606299213
21
0.7386439763779528
0
LINE
8
BLACK
6
CONTINUOUS
10
1.1791699606299213
20
0.7386439763779528
11
1.1809770866141731
21
0.7380415748031496
0
LINE
8
BLACK
6
CONTINUOUS
10
1.1809770866141731
20
0.7380415748031496
11
1.1821603543307087
21
0.7380415748031496
0
LINE
8
BLACK
6
CONTINUOUS
10
1.1821603543307087
20
0.7380415748031496
11
1.1839674015748032
21
0.7386439763779528
0
LINE
8
BLACK
6
CONTINUOUS
10
1.1839674015748032
20
0.7386439763779528
11
1.1877060629921259
21
0.7423826377952756
0
LINE
8
BLACK
6
CONTINUOUS
10
1.1877060629921259
20
0.7423826377952756
11
1.1883084645669291
21
0.7441897244094487
0
LINE
8
BLACK
6
CONTINUOUS
10
1.1883084645669291
20
0.7441897244094487
11
1.1883084645669291
21
0.7454208661417323
0
LINE
8
BLACK
6
CONTINUOUS
10
1.1883084645669291
20
0.7454208661417323
11
1.1883309448818897
21
0.7455338582677166
0
LINE
8
BLACK
6
CONTINUOUS
10
1.1883309448818897
20
0.7455338582677166
11
1.1884907480314961
21
0.7456936614173229
0
LINE
8
BLACK
6
CONTINUOUS
10
1.1884907480314961
20
0.7456936614173229
11
1.1887167322834646
21
0.7456936614173229
0
LINE
8
BLACK
6
CONTINUOUS
10
1.1887167322834646
20
0.7456936614173229
11
1.1888765354330708
21
0.7455338582677166
0
LINE
8
BLACK
6
CONTINUOUS
10
1.1888765354330708
20
0.7455338582677166
11
1.1888990157480315
21
0.7454208661417323
0
LINE
8
BLACK
6
CONTINUOUS
10
1.1888990157480315
20
0.7454208661417323
11
1.1888990157480315
21
0.7441417716535433
0
LINE
8
BLACK
6
CONTINUOUS
10
1.1888990157480315
20
0.7441417716535433
11
1.1888897637795275
21
0.7440953543307086
0
LINE
8
BLACK
6
CONTINUOUS
10
1.1888897637795275
20
0.7440953543307086
11
1.1888838582677166
21
0.7440483858267717
0
LINE
8
BLACK
6
CONTINUOUS
10
1.1888838582677166
20
0.7440483858267717
11
1.1882442913385827
21
0.7421297637795276
0
LINE
8
BLACK
6
CONTINUOUS
10
1.1882442913385827
20
0.7421297637795276
11
1.1882369685039369
21
0.7421169291338583
0
LINE
8
BLACK
6
CONTINUOUS
10
1.1882369685039369
20
0.7421169291338583
11
1.1882369685039369
21
0.7421101574803149
0
LINE
8
BLACK
6
CONTINUOUS
10
1.1882369685039369
20
0.7421101574803149
11
1.1882107480314961
21
0.7420709842519685
0
LINE
8
BLACK
6
CONTINUOUS
10
1.1882107480314961
20
0.7420709842519685
11
1.1881872440944881
21
0.7420296850393701
0
LINE
8
BLACK
6
CONTINUOUS
10
1.1881872440944881
20
0.7420296850393701
11
1.1881811417322834
21
0.7420266535433071
0
LINE
8
BLACK
6
CONTINUOUS
10
1.1881811417322834
20
0.7420266535433071
11
1.1881729527559055
21
0.7420143700787402
0
LINE
8
BLACK
6
CONTINUOUS
10
1.1881729527559055
20
0.7420143700787402
11
1.1843356692913385
21
0.7381770866141733
0
LINE
8
BLACK
6
CONTINUOUS
10
1.1843356692913385
20
0.7381770866141733
11
1.1843233858267717
21
0.7381688976377953
0
LINE
8
BLACK
6
CONTINUOUS
10
1.1843233858267717
20
0.7381688976377953
11
1.1843203543307086
21
0.7381627952755906
0
LINE
8
BLACK
6
CONTINUOUS
10
1.1843203543307086
20
0.7381627952755906
11
1.1842790551181102
21
0.7381392913385827
0
LINE
8
BLACK
6
CONTINUOUS
10
1.1842790551181102
20
0.7381392913385827
11
1.1842398818897637
21
0.7381130708661418
0
LINE
8
BLACK
6
CONTINUOUS
10
1.1842398818897637
20
0.7381130708661418
11
1.1842331102362205
21
0.7381130708661418
0
LINE
8
BLACK
6
CONTINUOUS
10
1.1842331102362205
20
0.7381130708661418
11
1.1842202755905511
21
0.7381057480314961
0
LINE
8
BLACK
6
CONTINUOUS
10
1.1842202755905511
20
0.7381057480314961
11
1.1823016535433071
21
0.7374661811023622
0
LINE
8
BLACK
6
CONTINUOUS
10
1.1823016535433071
20
0.7374661811023622
11
1.18225468503937
21
0.7374602755905512
0
LINE
8
BLACK
6
CONTINUOUS
10
1.18225468503937
20
0.7374602755905512
11
1.1822082677165353
21
0.7374510236220472
0
LINE
8
BLACK
6
CONTINUOUS
10
1.1822082677165353
20
0.7374510236220472
11
1.1809291732283465
21
0.7374510236220472
0
LINE
8
BLACK
6
CONTINUOUS
10
1.1809291732283465
20
0.7374510236220472
11
1.180882716535433
21
0.7374602755905512
0
LINE
8
BLACK
6
CONTINUOUS
10
1.180882716535433
20
0.7374602755905512
11
1.1808357874015747
21
0.7374661811023622
0
LINE
8
BLACK
6
CONTINUOUS
10
1.1808357874015747
20
0.7374661811023622
11
1.1789171259842519
21
0.7381057480314961
0
LINE
8
BLACK
6
CONTINUOUS
10
1.1789171259842519
20
0.7381057480314961
11
1.1789042913385825
21
0.7381130708661418
0
LINE
8
BLACK
6
CONTINUOUS
10
1.1789042913385825
20
0.7381130708661418
11
1.1788975196850393
21
0.7381130708661418
0
LINE
8
BLACK
6
CONTINUOUS
10
1.1788975196850393
20
0.7381130708661418
11
1.1788583070866141
21
0.7381392913385827
0
LINE
8
BLACK
6
CONTINUOUS
10
1.1788583070866141
20
0.7381392913385827
11
1.1788170472440944
21
0.7381627952755906
0
LINE
8
BLACK
6
CONTINUOUS
10
1.1788170472440944
20
0.7381627952755906
11
1.1788139763779528
21
0.7381688976377953
0
LINE
8
BLACK
6
CONTINUOUS
10
1.1788139763779528
20
0.7381688976377953
11
1.1788017322834645
21
0.7381770866141733
0
LINE
8
BLACK
6
CONTINUOUS
10
1.1788017322834645
20
0.7381770866141733
11
1.1756040157480314
21
0.7413748031496062
0
LINE
8
BLACK
6
CONTINUOUS
10
1.1756040157480314
20
0.7413748031496062
11
1.1755957874015748
21
0.7413870866141732
0
LINE
8
BLACK
6
CONTINUOUS
10
1.1755957874015748
20
0.7413870866141732
11
1.1755897244094489
21
0.7413901181102363
0
LINE
8
BLACK
6
CONTINUOUS
10
1.1755897244094489
20
0.7413901181102363
11
1.1755661811023621
21
0.7414314173228346
0
LINE
8
BLACK
6
CONTINUOUS
10
1.1755661811023621
20
0.7414314173228346
11
1.17554
21
0.741470590551181
0
LINE
8
BLACK
6
CONTINUOUS
10
1.17554
20
0.741470590551181
11
1.17554
21
0.7414773622047244
0
LINE
8
BLACK
6
CONTINUOUS
10
1.17554
20
0.7414773622047244
11
1.1755326771653543
21
0.7414901968503936
0
LINE
8
BLACK
6
CONTINUOUS
10
1.1755326771653543
20
0.7414901968503936
11
1.1748931102362203
21
0.7434088582677165
0
LINE
8
BLACK
6
CONTINUOUS
10
1.1748931102362203
20
0.7434088582677165
11
1.1748871653543307
21
0.7434557874015748
0
LINE
8
BLACK
6
CONTINUOUS
10
1.1748871653543307
20
0.7434557874015748
11
1.1748779527559055
21
0.7435022440944882
0
LINE
8
BLACK
6
CONTINUOUS
10
1.1748779527559055
20
0.7435022440944882
11
1.1748779527559055
21
0.7447813385826771
0
LINE
8
BLACK
6
CONTINUOUS
10
1.1748779527559055
20
0.7447813385826771
11
1.1748871653543307
21
0.7448277952755905
0
LINE
8
BLACK
6
CONTINUOUS
10
1.1748871653543307
20
0.7448277952755905
11
1.1748931102362203
21
0.7448747244094488
0
LINE
8
BLACK
6
CONTINUOUS
10
1.1748931102362203
20
0.7448747244094488
11
1.1755326771653543
21
0.7467933464566929
0
LINE
8
BLACK
6
CONTINUOUS
10
1.1755326771653543
20
0.7467933464566929
11
1.17554
21
0.7468062204724409
0
LINE
8
BLACK
6
CONTINUOUS
10
1.17554
20
0.7468062204724409
11
1.17554
21
0.7468129527559055
0
LINE
8
BLACK
6
CONTINUOUS
10
1.17554
20
0.7468129527559055
11
1.1755661811023621
21
0.7468521653543307
0
LINE
8
BLACK
6
CONTINUOUS
10
1.1755661811023621
20
0.7468521653543307
11
1.1755897244094489
21
0.7468934251968504
0
LINE
8
BLACK
6
CONTINUOUS
10
1.1755897244094489
20
0.7468934251968504
11
1.1755957874015748
21
0.7468964960629921
0
LINE
8
BLACK
6
CONTINUOUS
10
1.1755957874015748
20
0.7468964960629921
11
1.1756040157480314
21
0.7469087401574803
0
LINE
8
BLACK
6
CONTINUOUS
10
1.1756040157480314
20
0.7469087401574803
11
1.1770624803149605
21
0.7483673228346457
0
LINE
8
BLACK
6
CONTINUOUS
10
1.1770624803149605
20
0.7483673228346457
11
1.1681185826771654
21
0.7489635433070866
0
LINE
8
BLACK
6
CONTINUOUS
10
1.1681185826771654
20
0.7489635433070866
11
1.1680374803149607
21
0.7489853543307087
0
LINE
8
BLACK
6
CONTINUOUS
10
1.1680374803149607
20
0.7489853543307087
11
1.1680252362204724
21
0.7489853543307087
0
LINE
8
BLACK
6
CONTINUOUS
10
1.1680252362204724
20
0.7489853543307087
11
1.1680207086614174
21
0.7489898818897638
0
LINE
8
BLACK
6
CONTINUOUS
10
1.1680207086614174
20
0.7489898818897638
11
1.1680073228346457
21
0.7489934645669292
0
LINE
8
BLACK
6
CONTINUOUS
10
1.1680073228346457
20
0.7489934645669292
11
1.1679387007874016
21
0.7490718897637795
0
LINE
8
BLACK
6
CONTINUOUS
10
1.1679387007874016
20
0.7490718897637795
11
1.1678654330708662
21
0.749145157480315
0
LINE
8
BLACK
6
CONTINUOUS
10
1.1678654330708662
20
0.749145157480315
11
1.1678654330708662
21
0.7491556299212598
0
LINE
8
BLACK
6
CONTINUOUS
10
1.1678654330708662
20
0.7491556299212598
11
1.1678585039370077
21
0.7491635433070866
0
LINE
8
BLACK
6
CONTINUOUS
10
1.1678585039370077
20
0.7491635433070866
11
1.1678654330708662
21
0.7492674803149606
0
LINE
8
BLACK
6
CONTINUOUS
10
1.1678654330708662
20
0.7492674803149606
11
1.1678654330708662
21
0.7493711417322835
0
LINE
8
BLACK
6
CONTINUOUS
10
1.1678654330708662
20
0.7493711417322835
11
1.1678731102362205
21
0.7493826377952756
0
LINE
8
BLACK
6
CONTINUOUS
10
1.1678731102362205
20
0.7493826377952756
11
1.1678735433070866
21
0.7493890551181103
0
LINE
8
BLACK
6
CONTINUOUS
10
1.1678735433070866
20
0.7493890551181103
11
1.1678828346456693
21
0.7493972047244094
0
LINE
8
BLACK
6
CONTINUOUS
10
1.1678828346456693
20
0.7493972047244094
11
1.1679294488188976
21
0.7494669291338583
0
LINE
8
BLACK
6
CONTINUOUS
10
1.1679294488188976
20
0.7494669291338583
11
1.1762435039370078
21
0.757781062992126
0
LINE
8
BLACK
6
CONTINUOUS
10
1.1762435039370078
20
0.757781062992126
11
1.1763392913385826
21
0.7578450787401575
0
LINE
8
BLACK
6
CONTINUOUS
10
1.1763392913385826
20
0.7578450787401575
11
1.1765653149606299
21
0.7578450787401575
0
LINE
8
BLACK
6
CONTINUOUS
10
1.1765653149606299
20
0.7578450787401575
11
1.1767251181102363
21
0.7576852755905512
0
LINE
8
BLACK
6
CONTINUOUS
10
1.1552024409448818
20
0.7943841338582677
11
1.1562668503937008
21
0.7939432283464567
0
LINE
8
BLACK
6
CONTINUOUS
10
1.1562668503937008
20
0.7939432283464567
11
1.157081496062992
21
0.7931285826771654
0
LINE
8
BLACK
6
CONTINUOUS
10
1.157081496062992
20
0.7931285826771654
11
1.1575224015748031
21
0.7920641732283464
0
LINE
8
BLACK
6
CONTINUOUS
10
1.1575224015748031
20
0.7920641732283464
11
1.1575224015748031
21
0.7909120472440945
0
LINE
8
BLACK
6
CONTINUOUS
10
1.1575224015748031
20
0.7909120472440945
11
1.157081496062992
21
0.7898476377952756
0
LINE
8
BLACK
6
CONTINUOUS
10
1.157081496062992
20
0.7898476377952756
11
1.1562668503937008
21
0.7890329921259842
0
LINE
8
BLACK
6
CONTINUOUS
10
1.1562668503937008
20
0.7890329921259842
11
1.1552024409448818
21
0.7885920866141732
0
LINE
8
BLACK
6
CONTINUOUS
10
1.1552024409448818
20
0.7885920866141732
11
1.1546263779527559
21
0.7885353543307086
0
LINE
8
BLACK
6
CONTINUOUS
10
1.1546263779527559
20
0.7885353543307086
11
1.1524541732283464
21
0.7885353543307086
0
LINE
8
BLACK
6
CONTINUOUS
10
1.1524541732283464
20
0.7885353543307086
11
1.1495931102362205
21
0.7875816929133858
0
LINE
8
BLACK
6
CONTINUOUS
10
1.1495931102362205
20
0.7875816929133858
11
1.1439505511811023
21
0.7819391338582677
0
LINE
8
BLACK
6
CONTINUOUS
10
1.1439505511811023
20
0.7819391338582677
11
1.1429968503937007
21
0.779078031496063
0
LINE
8
BLACK
6
CONTINUOUS
10
1.1429968503937007
20
0.779078031496063
11
1.1429968503937007
21
0.777385
0
LINE
8
BLACK
6
CONTINUOUS
10
1.1429968503937007
20
0.777385
11
1.1439505118110236
21
0.774523937007874
0
LINE
8
BLACK
6
CONTINUOUS
10
1.1439505118110236
20
0.774523937007874
11
1.145770157480315
21
0.7727043307086614
0
LINE
8
BLACK
6
CONTINUOUS
10
1.145770157480315
20
0.7727043307086614
11
1.1500207874015749
21
0.7705789763779527
0
LINE
8
BLACK
6
CONTINUOUS
10
1.1500207874015749
20
0.7705789763779527
11
1.1811395669291338
21
0.7705789763779527
0
LINE
8
BLACK
6
CONTINUOUS
10
1.1811395669291338
20
0.7705789763779527
11
1.1817156299212599
21
0.7705222440944882
0
LINE
8
BLACK
6
CONTINUOUS
10
1.1817156299212599
20
0.7705222440944882
11
1.1827800393700787
21
0.7700813385826771
0
LINE
8
BLACK
6
CONTINUOUS
10
1.1827800393700787
20
0.7700813385826771
11
1.1835946850393702
21
0.7692666929133858
0
LINE
8
BLACK
6
CONTINUOUS
10
1.1835946850393702
20
0.7692666929133858
11
1.1839584645669292
21
0.7683885039370079
0
LINE
8
BLACK
6
CONTINUOUS
10
1.1839584645669292
20
0.7683885039370079
11
1.184035590551181
21
0.7682022440944881
0
LINE
8
BLACK
6
CONTINUOUS
10
1.184035590551181
20
0.7682022440944881
11
1.184035590551181
21
0.7670501574803149
0
LINE
8
BLACK
6
CONTINUOUS
10
1.184035590551181
20
0.7670501574803149
11
1.1835946850393702
21
0.765985748031496
0
LINE
8
BLACK
6
CONTINUOUS
10
1.1835946850393702
20
0.765985748031496
11
1.1832274803149605
21
0.7655383070866142
0
LINE
8
BLACK
6
CONTINUOUS
10
1.1832274803149605
20
0.7655383070866142
11
1.1659938976377953
21
0.7483047637795276
0
LINE
8
BLACK
6
CONTINUOUS
10
1.1659938976377953
20
0.7483047637795276
11
1.1655464566929135
21
0.7479375196850393
0
LINE
8
BLACK
6
CONTINUOUS
10
1.1655464566929135
20
0.7479375196850393
11
1.1644820078740157
21
0.7474966535433071
0
LINE
8
BLACK
6
CONTINUOUS
10
1.1644820078740157
20
0.7474966535433071
11
1.1633299212598425
21
0.7474966535433071
0
LINE
8
BLACK
6
CONTINUOUS
10
1.1633299212598425
20
0.7474966535433071
11
1.1622655118110237
21
0.7479375590551181
0
LINE
8
BLACK
6
CONTINUOUS
10
1.1622655118110237
20
0.7479375590551181
11
1.1614508267716535
21
0.7487522047244094
0
LINE
8
BLACK
6
CONTINUOUS
10
1.1614508267716535
20
0.7487522047244094
11
1.1610099606299211
21
0.7498166535433071
0
LINE
8
BLACK
6
CONTINUOUS
10
1.1610099606299211
20
0.7498166535433071
11
1.1610099606299211
21
0.7509687401574803
0
LINE
8
BLACK
6
CONTINUOUS
10
1.1610099606299211
20
0.7509687401574803
11
1.1614508661417322
21
0.7520331496062992
0
LINE
8
BLACK
6
CONTINUOUS
10
1.1614508661417322
20
0.7520331496062992
11
1.1618180708661416
21
0.7524805905511811
0
LINE
8
BLACK
6
CONTINUOUS
10
1.1618180708661416
20
0.7524805905511811
11
1.1740109842519684
21
0.7646734645669291
0
LINE
8
BLACK
6
CONTINUOUS
10
1.1740109842519684
20
0.7646734645669291
11
1.1493237401574803
21
0.7646734645669291
0
LINE
8
BLACK
6
CONTINUOUS
10
1.1493237401574803
20
0.7646734645669291
11
1.1487476771653542
21
0.7647301968503937
0
LINE
8
BLACK
6
CONTINUOUS
10
1.1487476771653542
20
0.7647301968503937
11
1.1486496456692914
21
0.7647708267716535
0
LINE
8
BLACK
6
CONTINUOUS
10
1.1486496456692914
20
0.7647708267716535
11
1.1485438582677165
21
0.7647783070866142
0
LINE
8
BLACK
6
CONTINUOUS
10
1.1485438582677165
20
0.7647783070866142
11
1.1480032283464567
21
0.7649851968503937
0
LINE
8
BLACK
6
CONTINUOUS
10
1.1480032283464567
20
0.7649851968503937
11
1.1427005905511811
21
0.7676365354330709
0
LINE
8
BLACK
6
CONTINUOUS
10
1.1427005905511811
20
0.7676365354330709
11
1.1424527559055118
21
0.7677925590551181
0
LINE
8
BLACK
6
CONTINUOUS
10
1.1424527559055118
20
0.7677925590551181
11
1.1423806692913385
21
0.7678224015748031
0
LINE
8
BLACK
6
CONTINUOUS
10
1.1423806692913385
20
0.7678224015748031
11
1.1422994488188976
21
0.767889094488189
0
LINE
8
BLACK
6
CONTINUOUS
10
1.1422994488188976
20
0.767889094488189
11
1.1422107086614173
21
0.7679449212598425
0
LINE
8
BLACK
6
CONTINUOUS
10
1.1422107086614173
20
0.7679449212598425
11
1.1421596456692913
21
0.7680038188976378
0
LINE
8
BLACK
6
CONTINUOUS
10
1.1421596456692913
20
0.7680038188976378
11
1.141933188976378
21
0.7681896456692914
0
LINE
8
BLACK
6
CONTINUOUS
10
1.141933188976378
20
0.7681896456692914
11
1.1392818503937008
21
0.7708409448818897
0
LINE
8
BLACK
6
CONTINUOUS
10
1.1392818503937008
20
0.7708409448818897
11
1.1389146456692913
21
0.7712883858267716
0
LINE
8
BLACK
6
CONTINUOUS
10
1.1389146456692913
20
0.7712883858267716
11
1.1388740157480315
21
0.7713864566929134
0
LINE
8
BLACK
6
CONTINUOUS
10
1.1388740157480315
20
0.7713864566929134
11
1.138804527559055
21
0.7714665748031496
0
LINE
8
BLACK
6
CONTINUOUS
10
1.138804527559055
20
0.7714665748031496
11
1.1385685433070867
21
0.7719951181102362
0
LINE
8
BLACK
6
CONTINUOUS
10
1.1385685433070867
20
0.7719951181102362
11
1.1372428740157481
21
0.7759721259842519
0
LINE
8
BLACK
6
CONTINUOUS
10
1.1372428740157481
20
0.7759721259842519
11
1.1371779133858269
21
0.7762577165354331
0
LINE
8
BLACK
6
CONTINUOUS
10
1.1371779133858269
20
0.7762577165354331
11
1.1371480708661417
21
0.7763298031496063
0
LINE
8
BLACK
6
CONTINUOUS
10
1.1371480708661417
20
0.7763298031496063
11
1.1371377559055118
21
0.7764343307086614
0
LINE
8
BLACK
6
CONTINUOUS
10
1.1371377559055118
20
0.7764343307086614
11
1.1371145275590551
21
0.7765365748031496
0
LINE
8
BLACK
6
CONTINUOUS
10
1.1371145275590551
20
0.7765365748031496
11
1.1371200393700787
21
0.7766143307086614
0
LINE
8
BLACK
6
CONTINUOUS
10
1.1371200393700787
20
0.7766143307086614
11
1.1370913385826771
21
0.7769058661417323
0
LINE
8
BLACK
6
CONTINUOUS
10
1.1370913385826771
20
0.7769058661417323
11
1.1370913385826771
21
0.7795571653543307
0
LINE
8
BLACK
6
CONTINUOUS
10
1.1370913385826771
20
0.7795571653543307
11
1.1371200393700787
21
0.7798487401574803
0
LINE
8
BLACK
6
CONTINUOUS
10
1.1371200393700787
20
0.7798487401574803
11
1.1371145275590551
21
0.7799264566929134
0
LINE
8
BLACK
6
CONTINUOUS
10
1.1371145275590551
20
0.7799264566929134
11
1.1371377559055118
21
0.7800287401574802
0
LINE
8
BLACK
6
CONTINUOUS
10
1.1371377559055118
20
0.7800287401574802
11
1.1371480708661417
21
0.7801332283464567
0
LINE
8
BLACK
6
CONTINUOUS
10
1.1371480708661417
20
0.7801332283464567
11
1.1371779133858269
21
0.7802053543307086
0
LINE
8
BLACK
6
CONTINUOUS
10
1.1371779133858269
20
0.7802053543307086
11
1.1372428740157481
21
0.780490905511811
0
LINE
8
BLACK
6
CONTINUOUS
10
1.1372428740157481
20
0.780490905511811
11
1.1385685433070867
21
0.784467874015748
0
LINE
8
BLACK
6
CONTINUOUS
10
1.1385685433070867
20
0.784467874015748
11
1.138804527559055
21
0.7849964173228346
0
LINE
8
BLACK
6
CONTINUOUS
10
1.138804527559055
20
0.7849964173228346
11
1.1388740157480315
21
0.7850765748031496
0
LINE
8
BLACK
6
CONTINUOUS
10
1.1388740157480315
20
0.7850765748031496
11
1.1389146456692913
21
0.7851746062992125
0
LINE
8
BLACK
6
CONTINUOUS
10
1.1389146456692913
20
0.7851746062992125
11
1.1392818503937008
21
0.7856220472440945
0
LINE
8
BLACK
6
CONTINUOUS
10
1.1392818503937008
20
0.7856220472440945
11
1.145910157480315
21
0.7922503543307087
0
LINE
8
BLACK
6
CONTINUOUS
10
1.145910157480315
20
0.7922503543307087
11
1.1463576377952756
21
0.7926175984251969
0
LINE
8
BLACK
6
CONTINUOUS
10
1.1463576377952756
20
0.7926175984251969
11
1.1464555905511811
21
0.792658188976378
0
LINE
8
BLACK
6
CONTINUOUS
10
1.1464555905511811
20
0.792658188976378
11
1.1465357480314959
21
0.7927276771653543
0
LINE
8
BLACK
6
CONTINUOUS
10
1.1465357480314959
20
0.7927276771653543
11
1.1470643307086614
21
0.7929636614173228
0
LINE
8
BLACK
6
CONTINUOUS
10
1.1470643307086614
20
0.7929636614173228
11
1.1510412598425197
21
0.7942893307086614
0
LINE
8
BLACK
6
CONTINUOUS
10
1.1510412598425197
20
0.7942893307086614
11
1.1513268897637794
21
0.7943542913385827
0
LINE
8
BLACK
6
CONTINUOUS
10
1.1513268897637794
20
0.7943542913385827
11
1.1513989763779526
21
0.7943841338582677
0
LINE
8
BLACK
6
CONTINUOUS
10
1.1513989763779526
20
0.7943841338582677
11
1.1515034251968503
21
0.7943944488188976
0
LINE
8
BLACK
6
CONTINUOUS
10
1.1515034251968503
20
0.7943944488188976
11
1.1516057086614173
21
0.7944176771653543
0
LINE
8
BLACK
6
CONTINUOUS
10
1.1516057086614173
20
0.7944176771653543
11
1.1516834251968504
21
0.7944121653543307
0
LINE
8
BLACK
6
CONTINUOUS
10
1.1516834251968504
20
0.7944121653543307
11
1.1519750393700787
21
0.7944408661417323
0
LINE
8
BLACK
6
CONTINUOUS
10
1.1519750393700787
20
0.7944408661417323
11
1.1546263779527559
21
0.7944408661417323
0
LINE
8
BLACK
6
CONTINUOUS
10
1.1546263779527559
20
0.7944408661417323
11
1.1552024409448818
21
0.7943841338582677
0
LINE
8
BLACK
6
CONTINUOUS
10
0.5728456299212599
20
0.8368008267716536
11
0.572943622047244
21
0.8367602362204725
0
LINE
8
BLACK
6
CONTINUOUS
10
0.572943622047244
20
0.8367602362204725
11
0.5730494488188976
21
0.836752716535433
0
LINE
8
BLACK
6
CONTINUOUS
10
0.5730494488188976
20
0.836752716535433
11
0.5735900787401574
21
0.8365458267716536
0
LINE
8
BLACK
6
CONTINUOUS
10
0.5735900787401574
20
0.8365458267716536
11
0.5773396062992125
21
0.834671062992126
0
LINE
8
BLACK
6
CONTINUOUS
10
0.5773396062992125
20
0.834671062992126
11
0.5775875984251968
21
0.834515
0
LINE
8
BLACK
6
CONTINUOUS
10
0.5775875984251968
20
0.834515
11
0.5776595669291339
21
0.8344851574803149
0
LINE
8
BLACK
6
CONTINUOUS
10
0.5776595669291339
20
0.8344851574803149
11
0.5777405118110236
21
0.8344187007874015
0
LINE
8
BLACK
6
CONTINUOUS
10
0.5777405118110236
20
0.8344187007874015
11
0.5778294881889764
21
0.834362716535433
0
LINE
8
BLACK
6
CONTINUOUS
10
0.5778294881889764
20
0.834362716535433
11
0.5778806299212599
21
0.8343037401574803
0
LINE
8
BLACK
6
CONTINUOUS
10
0.5778806299212599
20
0.8343037401574803
11
0.5781070078740157
21
0.8341179527559055
0
LINE
8
BLACK
6
CONTINUOUS
10
0.5781070078740157
20
0.8341179527559055
11
0.5799817716535433
21
0.8322431889763779
0
LINE
8
BLACK
6
CONTINUOUS
10
0.5799817716535433
20
0.8322431889763779
11
0.5801675196850393
21
0.8320168503937008
0
LINE
8
BLACK
6
CONTINUOUS
10
0.5801675196850393
20
0.8320168503937008
11
0.5802265354330709
21
0.8319656692913385
0
LINE
8
BLACK
6
CONTINUOUS
10
0.5802265354330709
20
0.8319656692913385
11
0.5802824803149607
21
0.8318767322834646
0
LINE
8
BLACK
6
CONTINUOUS
10
0.5802824803149607
20
0.8318767322834646
11
0.5803489763779528
21
0.831795748031496
0
LINE
8
BLACK
6
CONTINUOUS
10
0.5803489763779528
20
0.831795748031496
11
0.580378779527559
21
0.8317238188976378
0
LINE
8
BLACK
6
CONTINUOUS
10
0.580378779527559
20
0.8317238188976378
11
0.5805348818897638
21
0.8314757874015748
0
LINE
8
BLACK
6
CONTINUOUS
10
0.5805348818897638
20
0.8314757874015748
11
0.5824096456692913
21
0.8277262598425197
0
LINE
8
BLACK
6
CONTINUOUS
10
0.5824096456692913
20
0.8277262598425197
11
0.5826165354330709
21
0.8271856692913385
0
LINE
8
BLACK
6
CONTINUOUS
10
0.5826165354330709
20
0.8271856692913385
11
0.5826240551181102
21
0.8270798031496063
0
LINE
8
BLACK
6
CONTINUOUS
10
0.5826240551181102
20
0.8270798031496063
11
0.5826646456692913
21
0.826981811023622
0
LINE
8
BLACK
6
CONTINUOUS
10
0.5826646456692913
20
0.826981811023622
11
0.5827213779527559
21
0.826405748031496
0
LINE
8
BLACK
6
CONTINUOUS
10
0.5827213779527559
20
0.826405748031496
11
0.5827213779527559
21
0.8245309842519685
0
LINE
8
BLACK
6
CONTINUOUS
10
0.5827213779527559
20
0.8245309842519685
11
0.5826646456692913
21
0.8239549212598425
0
LINE
8
BLACK
6
CONTINUOUS
10
0.5826646456692913
20
0.8239549212598425
11
0.5826240551181102
21
0.823856968503937
0
LINE
8
BLACK
6
CONTINUOUS
10
0.5826240551181102
20
0.823856968503937
11
0.5826165354330709
21
0.823751062992126
0
LINE
8
BLACK
6
CONTINUOUS
10
0.5826165354330709
20
0.823751062992126
11
0.5824096456692913
21
0.8232104724409449
0
LINE
8
BLACK
6
CONTINUOUS
10
0.5824096456692913
20
0.8232104724409449
11
0.5805348818897638
21
0.8194609448818897
0
LINE
8
BLACK
6
CONTINUOUS
10
0.5805348818897638
20
0.8194609448818897
11
0.580378779527559
21
0.8192129527559054
0
LINE
8
BLACK
6
CONTINUOUS
10
0.580378779527559
20
0.8192129527559054
11
0.5803489763779528
21
0.8191409842519685
0
LINE
8
BLACK
6
CONTINUOUS
10
0.5803489763779528
20
0.8191409842519685
11
0.5802824803149607
21
0.8190600393700788
0
LINE
8
BLACK
6
CONTINUOUS
10
0.5802824803149607
20
0.8190600393700788
11
0.5802265354330709
21
0.818971062992126
0
LINE
8
BLACK
6
CONTINUOUS
10
0.5802265354330709
20
0.818971062992126
11
0.5801675196850393
21
0.8189199212598425
0
LINE
8
BLACK
6
CONTINUOUS
10
0.5801675196850393
20
0.8189199212598425
11
0.5799817716535433
21
0.8186935433070865
0
LINE
8
BLACK
6
CONTINUOUS
10
0.5799817716535433
20
0.8186935433070865
11
0.578320157480315
21
0.8170319291338582
0
LINE
8
BLACK
6
CONTINUOUS
10
0.578320157480315
20
0.8170319291338582
11
0.5799817716535433
21
0.8153703149606299
0
LINE
8
BLACK
6
CONTINUOUS
10
0.5799817716535433
20
0.8153703149606299
11
0.5801675196850393
21
0.8151439763779528
0
LINE
8
BLACK
6
CONTINUOUS
10
0.5801675196850393
20
0.8151439763779528
11
0.5802265354330709
21
0.8150927952755905
0
LINE
8
BLACK
6
CONTINUOUS
10
0.5802265354330709
20
0.8150927952755905
11
0.5802824803149607
21
0.8150038582677165
0
LINE
8
BLACK
6
CONTINUOUS
10
0.5802824803149607
20
0.8150038582677165
11
0.5803489763779528
21
0.814922874015748
0
LINE
8
BLACK
6
CONTINUOUS
10
0.5803489763779528
20
0.814922874015748
11
0.580378779527559
21
0.8148509448818897
0
LINE
8
BLACK
6
CONTINUOUS
10
0.580378779527559
20
0.8148509448818897
11
0.5805348818897638
21
0.8146029133858268
0
LINE
8
BLACK
6
CONTINUOUS
10
0.5805348818897638
20
0.8146029133858268
11
0.5824096456692913
21
0.8108533858267717
0
LINE
8
BLACK
6
CONTINUOUS
10
0.5824096456692913
20
0.8108533858267717
11
0.5826165354330709
21
0.8103127952755905
0
LINE
8
BLACK
6
CONTINUOUS
10
0.5826165354330709
20
0.8103127952755905
11
0.5826240551181102
21
0.8102069291338583
0
LINE
8
BLACK
6
CONTINUOUS
10
0.5826240551181102
20
0.8102069291338583
11
0.5826646456692913
21
0.810108937007874
0
LINE
8
BLACK
6
CONTINUOUS
10
0.5826646456692913
20
0.810108937007874
11
0.5827213779527559
21
0.809532874015748
0
LINE
8
BLACK
6
CONTINUOUS
10
0.5827213779527559
20
0.809532874015748
11
0.5827213779527559
21
0.8020338188976378
0
LINE
8
BLACK
6
CONTINUOUS
10
0.5827213779527559
20
0.8020338188976378
11
0.5826646456692913
21
0.8014577559055118
0
LINE
8
BLACK
6
CONTINUOUS
10
0.5826646456692913
20
0.8014577559055118
11
0.5826240551181102
21
0.8013598031496063
0
LINE
8
BLACK
6
CONTINUOUS
10
0.5826240551181102
20
0.8013598031496063
11
0.5826165354330709
21
0.8012538976377953
0
LINE
8
BLACK
6
CONTINUOUS
10
0.5826165354330709
20
0.8012538976377953
11
0.5824096456692913
21
0.8007133070866141
0
LINE
8
BLACK
6
CONTINUOUS
10
0.5824096456692913
20
0.8007133070866141
11
0.5805348818897638
21
0.796963779527559
0
LINE
8
BLACK
6
CONTINUOUS
10
0.5805348818897638
20
0.796963779527559
11
0.5803788188976378
21
0.796715905511811
0
LINE
8
BLACK
6
CONTINUOUS
10
0.5803788188976378
20
0.796715905511811
11
0.5803490157480314
21
0.7966438582677166
0
LINE
8
BLACK
6
CONTINUOUS
10
0.5803490157480314
20
0.7966438582677166
11
0.5802824803149607
21
0.7965628346456692
0
LINE
8
BLACK
6
CONTINUOUS
10
0.5802824803149607
20
0.7965628346456692
11
0.5802265354330709
21
0.7964738976377953
0
LINE
8
BLACK
6
CONTINUOUS
10
0.5802265354330709
20
0.7964738976377953
11
0.5801675196850393
21
0.7964227559055118
0
LINE
8
BLACK
6
CONTINUOUS
10
0.5801675196850393
20
0.7964227559055118
11
0.5799817716535433
21
0.7961963779527559
0
LINE
8
BLACK
6
CONTINUOUS
10
0.5799817716535433
20
0.7961963779527559
11
0.5781070472440945
21
0.7943216141732283
0
LINE
8
BLACK
6
CONTINUOUS
10
0.5781070472440945
20
0.7943216141732283
11
0.5778806692913385
21
0.7941358661417323
0
LINE
8
BLACK
6
CONTINUOUS
10
0.5778806692913385
20
0.7941358661417323
11
0.5778294881889764
21
0.794076811023622
0
LINE
8
BLACK
6
CONTINUOUS
10
0.5778294881889764
20
0.794076811023622
11
0.5777405118110236
21
0.7940208267716535
0
LINE
8
BLACK
6
CONTINUOUS
10
0.5777405118110236
20
0.7940208267716535
11
0.5776595669291339
21
0.7939543700787401
0
LINE
8
BLACK
6
CONTINUOUS
10
0.5776595669291339
20
0.7939543700787401
11
0.5775875984251968
21
0.7939245669291338
0
LINE
8
BLACK
6
CONTINUOUS
10
0.5775875984251968
20
0.7939245669291338
11
0.5773396062992125
21
0.7937684645669291
0
LINE
8
BLACK
6
CONTINUOUS
10
0.5773396062992125
20
0.7937684645669291
11
0.5735900787401574
21
0.7918937007874015
0
LINE
8
BLACK
6
CONTINUOUS
10
0.5735900787401574
20
0.7918937007874015
11
0.5730494488188976
21
0.791686811023622
0
LINE
8
BLACK
6
CONTINUOUS
10
0.5730494488188976
20
0.791686811023622
11
0.572943622047244
21
0.7916793307086614
0
LINE
8
BLACK
6
CONTINUOUS
10
0.572943622047244
20
0.7916793307086614
11
0.5728456299212599
21
0.7916387007874015
0
LINE
8
BLACK
6
CONTINUOUS
10
0.5728456299212599
20
0.7916387007874015
11
0.5722695669291339
21
0.791581968503937
0
LINE
8
BLACK
6
CONTINUOUS
10
0.5722695669291339
20
0.791581968503937
11
0.5713549212598426
21
0.791581968503937
0
LINE
8
BLACK
6
CONTINUOUS
10
0.5713549212598426
20
0.791581968503937
11
0.5745642125984252
21
0.7867679921259843
0
LINE
8
BLACK
6
CONTINUOUS
10
0.5745642125984252
20
0.7867679921259843
11
0.5777681889763779
21
0.7835640157480315
0
LINE
8
BLACK
6
CONTINUOUS
10
0.5777681889763779
20
0.7835640157480315
11
0.5810891338582677
21
0.7819035433070866
0
LINE
8
BLACK
6
CONTINUOUS
10
0.5810891338582677
20
0.7819035433070866
11
0.5815790157480315
21
0.7815951968503937
0
LINE
8
BLACK
6
CONTINUOUS
10
0.5815790157480315
20
0.7815951968503937
11
0.5823338582677166
21
0.7807248031496062
0
LINE
8
BLACK
6
CONTINUOUS
10
0.5823338582677166
20
0.7807248031496062
11
0.5826981889763779
21
0.7796318503937008
0
LINE
8
BLACK
6
CONTINUOUS
10
0.5826981889763779
20
0.7796318503937008
11
0.5826165354330709
21
0.7784826377952756
0
LINE
8
BLACK
6
CONTINUOUS
10
0.5826165354330709
20
0.7784826377952756
11
0.5821012598425197
21
0.777452125984252
0
LINE
8
BLACK
6
CONTINUOUS
10
0.5821012598425197
20
0.777452125984252
11
0.581230905511811
21
0.7766972834645669
0
LINE
8
BLACK
6
CONTINUOUS
10
0.581230905511811
20
0.7766972834645669
11
0.5801379133858268
21
0.7763329527559055
0
LINE
8
BLACK
6
CONTINUOUS
10
0.5801379133858268
20
0.7763329527559055
11
0.5789887007874016
21
0.7764146062992126
0
LINE
8
BLACK
6
CONTINUOUS
10
0.5789887007874016
20
0.7764146062992126
11
0.5784481102362204
21
0.7766214960629921
0
LINE
8
BLACK
6
CONTINUOUS
10
0.5784481102362204
20
0.7766214960629921
11
0.5746985826771653
21
0.7784962598425197
0
LINE
8
BLACK
6
CONTINUOUS
10
0.5746985826771653
20
0.7784962598425197
11
0.5744507480314961
21
0.7786522834645669
0
LINE
8
BLACK
6
CONTINUOUS
10
0.5744507480314961
20
0.7786522834645669
11
0.5743786220472441
21
0.7786821259842519
0
LINE
8
BLACK
6
CONTINUOUS
10
0.5743786220472441
20
0.7786821259842519
11
0.5742974409448819
21
0.7787487401574803
0
LINE
8
BLACK
6
CONTINUOUS
10
0.5742974409448819
20
0.7787487401574803
11
0.5742087007874016
21
0.7788046062992126
0
LINE
8
BLACK
6
CONTINUOUS
10
0.5742087007874016
20
0.7788046062992126
11
0.5741575590551181
21
0.7788635433070866
0
LINE
8
BLACK
6
CONTINUOUS
10
0.5741575590551181
20
0.7788635433070866
11
0.5739311811023622
21
0.7790493700787401
0
LINE
8
BLACK
6
CONTINUOUS
10
0.5739311811023622
20
0.7790493700787401
11
0.5714727952755906
21
0.7815077559055118
0
LINE
8
BLACK
6
CONTINUOUS
10
0.5714727952755906
20
0.7815077559055118
11
0.5714727952755906
21
0.7540937795275591
0
LINE
8
BLACK
6
CONTINUOUS
10
0.5714727952755906
20
0.7540937795275591
11
0.5797686220472441
21
0.7540937795275591
0
LINE
8
BLACK
6
CONTINUOUS
10
0.5797686220472441
20
0.7540937795275591
11
0.5803446850393701
21
0.7540370472440945
0
LINE
8
BLACK
6
CONTINUOUS
10
0.5803446850393701
20
0.7540370472440945
11
0.581409094488189
21
0.7535961417322834
0
LINE
8
BLACK
6
CONTINUOUS
10
0.581409094488189
20
0.7535961417322834
11
0.5822237401574804
21
0.7527814960629922
0
LINE
8
BLACK
6
CONTINUOUS
10
0.5822237401574804
20
0.7527814960629922
11
0.5826646456692913
21
0.7517170866141732
0
LINE
8
BLACK
6
CONTINUOUS
10
0.5826646456692913
20
0.7517170866141732
11
0.5826646456692913
21
0.7505649606299213
0
LINE
8
BLACK
6
CONTINUOUS
10
0.5826646456692913
20
0.7505649606299213
11
0.5822237401574804
21
0.7495005511811024
0
LINE
8
BLACK
6
CONTINUOUS
10
0.5822237401574804
20
0.7495005511811024
11
0.581409094488189
21
0.748685905511811
0
LINE
8
BLACK
6
CONTINUOUS
10
0.581409094488189
20
0.748685905511811
11
0.5803446850393701
21
0.7482449999999999
0
LINE
8
BLACK
6
CONTINUOUS
10
0.5803446850393701
20
0.7482449999999999
11
0.5797686220472441
21
0.7481882677165355
0
LINE
8
BLACK
6
CONTINUOUS
10
0.5797686220472441
20
0.7481882677165355
11
0.5572714566929133
21
0.7481882677165355
0
LINE
8
BLACK
6
CONTINUOUS
10
0.5572714566929133
20
0.7481882677165355
11
0.5566953937007874
21
0.7482449999999999
0
LINE
8
BLACK
6
CONTINUOUS
10
0.5566953937007874
20
0.7482449999999999
11
0.5556309842519684
21
0.748685905511811
0
LINE
8
BLACK
6
CONTINUOUS
10
0.5556309842519684
20
0.748685905511811
11
0.5548163385826772
21
0.7495005511811024
0
LINE
8
BLACK
6
CONTINUOUS
10
0.5548163385826772
20
0.7495005511811024
11
0.5543754330708661
21
0.7505649606299213
0
LINE
8
BLACK
6
CONTINUOUS
10
0.5543754330708661
20
0.7505649606299213
11
0.5543754330708661
21
0.7517170866141732
0
LINE
8
BLACK
6
CONTINUOUS
10
0.5543754330708661
20
0.7517170866141732
11
0.5548163385826772
21
0.7527814960629922
0
LINE
8
BLACK
6
CONTINUOUS
10
0.5548163385826772
20
0.7527814960629922
11
0.5556309842519684
21
0.7535961417322834
0
LINE
8
BLACK
6
CONTINUOUS
10
0.5556309842519684
20
0.7535961417322834
11
0.5566953937007874
21
0.7540370472440945
0
LINE
8
BLACK
6
CONTINUOUS
10
0.5566953937007874
20
0.7540370472440945
11
0.5572714566929133
21
0.7540937795275591
0
LINE
8
BLACK
6
CONTINUOUS
10
0.5572714566929133
20
0.7540937795275591
11
0.5655672834645669
21
0.7540937795275591
0
LINE
8
BLACK
6
CONTINUOUS
10
0.5655672834645669
20
0.7540937795275591
11
0.5655672834645669
21
0.7905111023622047
0
LINE
8
BLACK
6
CONTINUOUS
10
0.5655672834645669
20
0.7905111023622047
11
0.5655674803149606
21
0.7905131889763779
0
LINE
8
BLACK
6
CONTINUOUS
10
0.5655674803149606
20
0.7905131889763779
11
0.5655672834645669
21
0.7905142125984251
0
LINE
8
BLACK
6
CONTINUOUS
10
0.5655672834645669
20
0.7905142125984251
11
0.565567874015748
21
0.7905172440944882
0
LINE
8
BLACK
6
CONTINUOUS
10
0.565567874015748
20
0.7905172440944882
11
0.5656240157480315
21
0.7910871653543307
0
LINE
8
BLACK
6
CONTINUOUS
10
0.5656240157480315
20
0.7910871653543307
11
0.5657358661417323
21
0.7913572834645669
0
LINE
8
BLACK
6
CONTINUOUS
10
0.5657358661417323
20
0.7913572834645669
11
0.5657808267716535
21
0.791581968503937
0
LINE
8
BLACK
6
CONTINUOUS
10
0.5657808267716535
20
0.791581968503937
11
0.5647705118110236
21
0.791581968503937
0
LINE
8
BLACK
6
CONTINUOUS
10
0.5647705118110236
20
0.791581968503937
11
0.5641944488188976
21
0.7916387007874015
0
LINE
8
BLACK
6
CONTINUOUS
10
0.5641944488188976
20
0.7916387007874015
11
0.5640964566929134
21
0.7916792913385826
0
LINE
8
BLACK
6
CONTINUOUS
10
0.5640964566929134
20
0.7916792913385826
11
0.5639905905511811
21
0.791686811023622
0
LINE
8
BLACK
6
CONTINUOUS
10
0.5639905905511811
20
0.791686811023622
11
0.56345
21
0.7918937007874015
0
LINE
8
BLACK
6
CONTINUOUS
10
0.56345
20
0.7918937007874015
11
0.5597004724409449
21
0.7937684645669291
0
LINE
8
BLACK
6
CONTINUOUS
10
0.5597004724409449
20
0.7937684645669291
11
0.5594524409448819
21
0.7939245669291338
0
LINE
8
BLACK
6
CONTINUOUS
10
0.5594524409448819
20
0.7939245669291338
11
0.5593805118110237
21
0.7939543700787401
0
LINE
8
BLACK
6
CONTINUOUS
10
0.5593805118110237
20
0.7939543700787401
11
0.5592995275590551
21
0.7940208267716535
0
LINE
8
BLACK
6
CONTINUOUS
10
0.5592995275590551
20
0.7940208267716535
11
0.5592105905511811
21
0.794076811023622
0
LINE
8
BLACK
6
CONTINUOUS
10
0.5592105905511811
20
0.794076811023622
11
0.5591593700787402
21
0.7941358661417323
0
LINE
8
BLACK
6
CONTINUOUS
10
0.5591593700787402
20
0.7941358661417323
11
0.558933031496063
21
0.7943216141732283
0
LINE
8
BLACK
6
CONTINUOUS
10
0.558933031496063
20
0.7943216141732283
11
0.5570582677165354
21
0.7961964173228346
0
LINE
8
BLACK
6
CONTINUOUS
10
0.5570582677165354
20
0.7961964173228346
11
0.5568725196850394
21
0.7964227559055118
0
LINE
8
BLACK
6
CONTINUOUS
10
0.5568725196850394
20
0.7964227559055118
11
0.5568135433070867
21
0.7964738976377953
0
LINE
8
BLACK
6
CONTINUOUS
10
0.5568135433070867
20
0.7964738976377953
11
0.5567575590551181
21
0.7965628346456692
0
LINE
8
BLACK
6
CONTINUOUS
10
0.5567575590551181
20
0.7965628346456692
11
0.556691062992126
21
0.7966438582677166
0
LINE
8
BLACK
6
CONTINUOUS
10
0.556691062992126
20
0.7966438582677166
11
0.5566612204724409
21
0.796715905511811
0
LINE
8
BLACK
6
CONTINUOUS
10
0.5566612204724409
20
0.796715905511811
11
0.5565051968503937
21
0.796963779527559
0
LINE
8
BLACK
6
CONTINUOUS
10
0.5565051968503937
20
0.796963779527559
11
0.5546304330708661
21
0.8007133070866141
0
LINE
8
BLACK
6
CONTINUOUS
10
0.5546304330708661
20
0.8007133070866141
11
0.5544235433070867
21
0.801253937007874
0
LINE
8
BLACK
6
CONTINUOUS
10
0.5544235433070867
20
0.801253937007874
11
0.5544160236220472
21
0.8013597637795276
0
LINE
8
BLACK
6
CONTINUOUS
10
0.5544160236220472
20
0.8013597637795276
11
0.5543754330708661
21
0.8014577559055118
0
LINE
8
BLACK
6
CONTINUOUS
10
0.5543754330708661
20
0.8014577559055118
11
0.5543187007874015
21
0.8020338188976378
0
LINE
8
BLACK
6
CONTINUOUS
10
0.5543187007874015
20
0.8020338188976378
11
0.5543187007874015
21
0.809532874015748
0
LINE
8
BLACK
6
CONTINUOUS
10
0.5543187007874015
20
0.809532874015748
11
0.5543754330708661
21
0.810108937007874
0
LINE
8
BLACK
6
CONTINUOUS
10
0.5543754330708661
20
0.810108937007874
11
0.5544160236220472
21
0.810206968503937
0
LINE
8
BLACK
6
CONTINUOUS
10
0.5544160236220472
20
0.810206968503937
11
0.5544235433070867
21
0.8103127559055118
0
LINE
8
BLACK
6
CONTINUOUS
10
0.5544235433070867
20
0.8103127559055118
11
0.5546304330708661
21
0.8108533858267717
0
LINE
8
BLACK
6
CONTINUOUS
10
0.5546304330708661
20
0.8108533858267717
11
0.5565051968503937
21
0.8146029133858268
0
LINE
8
BLACK
6
CONTINUOUS
10
0.5565051968503937
20
0.8146029133858268
11
0.5566612598425197
21
0.8148509448818897
0
LINE
8
BLACK
6
CONTINUOUS
10
0.5566612598425197
20
0.8148509448818897
11
0.5566911023622048
21
0.814922874015748
0
LINE
8
BLACK
6
CONTINUOUS
10
0.5566911023622048
20
0.814922874015748
11
0.5567575590551181
21
0.8150038582677165
0
LINE
8
BLACK
6
CONTINUOUS
10
0.5567575590551181
20
0.8150038582677165
11
0.5568135433070867
21
0.8150927952755905
0
LINE
8
BLACK
6
CONTINUOUS
10
0.5568135433070867
20
0.8150927952755905
11
0.5568725196850394
21
0.8151439763779528
0
LINE
8
BLACK
6
CONTINUOUS
10
0.5568725196850394
20
0.8151439763779528
11
0.5570583070866142
21
0.8153703149606299
0
LINE
8
BLACK
6
CONTINUOUS
10
0.5570583070866142
20
0.8153703149606299
11
0.5587199212598425
21
0.8170319291338582
0
LINE
8
BLACK
6
CONTINUOUS
10
0.5587199212598425
20
0.8170319291338582
11
0.5570583070866142
21
0.8186935433070865
0
LINE
8
BLACK
6
CONTINUOUS
10
0.5570583070866142
20
0.8186935433070865
11
0.5568725196850394
21
0.8189199212598425
0
LINE
8
BLACK
6
CONTINUOUS
10
0.5568725196850394
20
0.8189199212598425
11
0.5568135433070867
21
0.818971062992126
0
LINE
8
BLACK
6
CONTINUOUS
10
0.5568135433070867
20
0.818971062992126
11
0.5567575590551181
21
0.8190600393700788
0
LINE
8
BLACK
6
CONTINUOUS
10
0.5567575590551181
20
0.8190600393700788
11
0.5566911023622048
21
0.8191409842519685
0
LINE
8
BLACK
6
CONTINUOUS
10
0.5566911023622048
20
0.8191409842519685
11
0.5566612598425197
21
0.8192129527559054
0
LINE
8
BLACK
6
CONTINUOUS
10
0.5566612598425197
20
0.8192129527559054
11
0.5565051968503937
21
0.8194609448818897
0
LINE
8
BLACK
6
CONTINUOUS
10
0.5565051968503937
20
0.8194609448818897
11
0.5546304330708661
21
0.8232104724409449
0
LINE
8
BLACK
6
CONTINUOUS
10
0.5546304330708661
20
0.8232104724409449
11
0.5544235433070867
21
0.8237511023622047
0
LINE
8
BLACK
6
CONTINUOUS
10
0.5544235433070867
20
0.8237511023622047
11
0.5544160236220472
21
0.8238569291338582
0
LINE
8
BLACK
6
CONTINUOUS
10
0.5544160236220472
20
0.8238569291338582
11
0.5543754330708661
21
0.8239549212598425
0
LINE
8
BLACK
6
CONTINUOUS
10
0.5543754330708661
20
0.8239549212598425
11
0.5543187007874015
21
0.8245309842519685
0
LINE
8
BLACK
6
CONTINUOUS
10
0.5543187007874015
20
0.8245309842519685
11
0.5543187007874015
21
0.826405748031496
0
LINE
8
BLACK
6
CONTINUOUS
10
0.5543187007874015
20
0.826405748031496
11
0.5543754330708661
21
0.826981811023622
0
LINE
8
BLACK
6
CONTINUOUS
10
0.5543754330708661
20
0.826981811023622
11
0.5544160236220472
21
0.827079842519685
0
LINE
8
BLACK
6
CONTINUOUS
10
0.5544160236220472
20
0.827079842519685
11
0.5544235433070867
21
0.8271856299212598
0
LINE
8
BLACK
6
CONTINUOUS
10
0.5544235433070867
20
0.8271856299212598
11
0.5546304330708661
21
0.8277262598425197
0
LINE
8
BLACK
6
CONTINUOUS
10
0.5546304330708661
20
0.8277262598425197
11
0.5565051968503937
21
0.8314757874015748
0
LINE
8
BLACK
6
CONTINUOUS
10
0.5565051968503937
20
0.8314757874015748
11
0.5566612598425197
21
0.8317238188976378
0
LINE
8
BLACK
6
CONTINUOUS
10
0.5566612598425197
20
0.8317238188976378
11
0.5566911023622048
21
0.831795748031496
0
LINE
8
BLACK
6
CONTINUOUS
10
0.5566911023622048
20
0.831795748031496
11
0.5567575590551181
21
0.8318767322834646
0
LINE
8
BLACK
6
CONTINUOUS
10
0.5567575590551181
20
0.8318767322834646
11
0.5568135433070867
21
0.8319656692913385
0
LINE
8
BLACK
6
CONTINUOUS
10
0.5568135433070867
20
0.8319656692913385
11
0.5568725196850394
21
0.8320168503937008
0
LINE
8
BLACK
6
CONTINUOUS
10
0.5568725196850394
20
0.8320168503937008
11
0.5570583070866142
21
0.8322431889763779
0
LINE
8
BLACK
6
CONTINUOUS
10
0.5570583070866142
20
0.8322431889763779
11
0.5589330708661417
21
0.8341179527559055
0
LINE
8
BLACK
6
CONTINUOUS
10
0.5589330708661417
20
0.8341179527559055
11
0.5591594094488189
21
0.8343037401574803
0
LINE
8
BLACK
6
CONTINUOUS
10
0.5591594094488189
20
0.8343037401574803
11
0.5592105905511811
21
0.834362716535433
0
LINE
8
BLACK
6
CONTINUOUS
10
0.5592105905511811
20
0.834362716535433
11
0.5592995275590551
21
0.8344187007874015
0
LINE
8
BLACK
6
CONTINUOUS
10
0.5592995275590551
20
0.8344187007874015
11
0.5593805118110237
21
0.8344851574803149
0
LINE
8
BLACK
6
CONTINUOUS
10
0.5593805118110237
20
0.8344851574803149
11
0.5594524409448819
21
0.834515
0
LINE
8
BLACK
6
CONTINUOUS
10
0.5594524409448819
20
0.834515
11
0.5597004724409449
21
0.834671062992126
0
LINE
8
BLACK
6
CONTINUOUS
10
0.5597004724409449
20
0.834671062992126
11
0.56345
21
0.8365458267716536
0
LINE
8
BLACK
6
CONTINUOUS
10
0.56345
20
0.8365458267716536
11
0.5639905905511811
21
0.836752716535433
0
LINE
8
BLACK
6
CONTINUOUS
10
0.5639905905511811
20
0.836752716535433
11
0.5640964566929134
21
0.8367602755905512
0
LINE
8
BLACK
6
CONTINUOUS
10
0.5640964566929134
20
0.8367602755905512
11
0.5641944488188976
21
0.8368008267716536
0
LINE
8
BLACK
6
CONTINUOUS
10
0.5641944488188976
20
0.8368008267716536
11
0.5647705118110236
21
0.836857559055118
0
LINE
8
BLACK
6
CONTINUOUS
10
0.5647705118110236
20
0.836857559055118
11
0.5722695669291339
21
0.836857559055118
0
LINE
8
BLACK
6
CONTINUOUS
10
0.5722695669291339
20
0.836857559055118
11
0.5728456299212599
21
0.8368008267716536
0
LINE
8
BLACK
6
CONTINUOUS
10
0.5627700787401575
20
0.8127304330708661
11
0.5615729527559055
21
0.8115333070866142
0
LINE
8
BLACK
6
CONTINUOUS
10
0.5615729527559055
20
0.8115333070866142
11
0.5602242125984251
21
0.8088358267716536
0
LINE
8
BLACK
6
CONTINUOUS
10
0.5602242125984251
20
0.8088358267716536
11
0.5602242125984251
21
0.8027308661417323
0
LINE
8
BLACK
6
CONTINUOUS
10
0.5602242125984251
20
0.8027308661417323
11
0.5615729527559055
21
0.8000333858267716
0
LINE
8
BLACK
6
CONTINUOUS
10
0.5615729527559055
20
0.8000333858267716
11
0.5627700787401575
21
0.798836220472441
0
LINE
8
BLACK
6
CONTINUOUS
10
0.5627700787401575
20
0.798836220472441
11
0.5654675590551181
21
0.7974874803149606
0
LINE
8
BLACK
6
CONTINUOUS
10
0.5654675590551181
20
0.7974874803149606
11
0.5715725196850393
21
0.7974874803149606
0
LINE
8
BLACK
6
CONTINUOUS
10
0.5715725196850393
20
0.7974874803149606
11
0.5742699606299212
21
0.798836220472441
0
LINE
8
BLACK
6
CONTINUOUS
10
0.5742699606299212
20
0.798836220472441
11
0.5754670866141732
21
0.8000333858267716
0
LINE
8
BLACK
6
CONTINUOUS
10
0.5754670866141732
20
0.8000333858267716
11
0.5768158661417323
21
0.8027308661417323
0
LINE
8
BLACK
6
CONTINUOUS
10
0.5768158661417323
20
0.8027308661417323
11
0.5768158661417323
21
0.8088358267716536
0
LINE
8
BLACK
6
CONTINUOUS
10
0.5768158661417323
20
0.8088358267716536
11
0.575467125984252
21
0.8115333070866142
0
LINE
8
BLACK
6
CONTINUOUS
10
0.575467125984252
20
0.8115333070866142
11
0.5742699999999999
21
0.8127304330708661
0
LINE
8
BLACK
6
CONTINUOUS
10
0.5742699999999999
20
0.8127304330708661
11
0.5715725196850393
21
0.8140791732283464
0
LINE
8
BLACK
6
CONTINUOUS
10
0.5715725196850393
20
0.8140791732283464
11
0.5654675590551181
21
0.8140791732283464
0
LINE
8
BLACK
6
CONTINUOUS
10
0.5654675590551181
20
0.8140791732283464
11
0.5627700787401575
21
0.8127304330708661
0
LINE
8
BLACK
6
CONTINUOUS
10
0.5627700787401575
20
0.8296033070866141
11
0.5615729527559055
21
0.8284061811023622
0
LINE
8
BLACK
6
CONTINUOUS
10
0.5615729527559055
20
0.8284061811023622
11
0.5602242125984251
21
0.8257087007874016
0
LINE
8
BLACK
6
CONTINUOUS
10
0.5602242125984251
20
0.8257087007874016
11
0.5602242125984251
21
0.8252280314960629
0
LINE
8
BLACK
6
CONTINUOUS
10
0.5602242125984251
20
0.8252280314960629
11
0.5615729527559055
21
0.8225305511811023
0
LINE
8
BLACK
6
CONTINUOUS
10
0.5615729527559055
20
0.8225305511811023
11
0.5627700787401575
21
0.8213334251968504
0
LINE
8
BLACK
6
CONTINUOUS
10
0.5627700787401575
20
0.8213334251968504
11
0.5654675590551181
21
0.8199846850393701
0
LINE
8
BLACK
6
CONTINUOUS
10
0.5654675590551181
20
0.8199846850393701
11
0.5715725196850393
21
0.8199846850393701
0
LINE
8
BLACK
6
CONTINUOUS
10
0.5715725196850393
20
0.8199846850393701
11
0.5742699999999999
21
0.8213334251968504
0
LINE
8
BLACK
6
CONTINUOUS
10
0.5742699999999999
20
0.8213334251968504
11
0.575467125984252
21
0.8225305511811023
0
LINE
8
BLACK
6
CONTINUOUS
10
0.575467125984252
20
0.8225305511811023
11
0.5768158661417323
21
0.8252280314960629
0
LINE
8
BLACK
6
CONTINUOUS
10
0.5768158661417323
20
0.8252280314960629
11
0.5768158661417323
21
0.8257087007874016
0
LINE
8
BLACK
6
CONTINUOUS
10
0.5768158661417323
20
0.8257087007874016
11
0.575467125984252
21
0.8284061811023622
0
LINE
8
BLACK
6
CONTINUOUS
10
0.575467125984252
20
0.8284061811023622
11
0.5742699999999999
21
0.8296033070866141
0
LINE
8
BLACK
6
CONTINUOUS
10
0.5742699999999999
20
0.8296033070866141
11
0.5715725196850393
21
0.8309520472440944
0
LINE
8
BLACK
6
CONTINUOUS
10
0.5715725196850393
20
0.8309520472440944
11
0.5654675590551181
21
0.8309520472440944
0
LINE
8
BLACK
6
CONTINUOUS
10
0.5654675590551181
20
0.8309520472440944
11
0.5627700787401575
21
0.8296033070866141
0
LINE
8
BLACK
6
CONTINUOUS
10
0.6063021259842519
20
0.8368008267716536
11
0.6065914173228346
21
0.8368008267716536
0
LINE
8
BLACK
6
CONTINUOUS
10
0.6065914173228346
20
0.8368008267716536
11
0.6068614960629921
21
0.8366889763779527
0
LINE
8
BLACK
6
CONTINUOUS
10
0.6068614960629921
20
0.8366889763779527
11
0.6071481496062991
21
0.8366316141732283
0
LINE
8
BLACK
6
CONTINUOUS
10
0.6071481496062991
20
0.8366316141732283
11
0.6073885039370078
21
0.8364706692913385
0
LINE
8
BLACK
6
CONTINUOUS
10
0.6073885039370078
20
0.8364706692913385
11
0.6076558267716535
21
0.8363599212598425
0
LINE
8
BLACK
6
CONTINUOUS
10
0.6076558267716535
20
0.8363599212598425
11
0.6078625196850393
21
0.8361532283464567
0
LINE
8
BLACK
6
CONTINUOUS
10
0.6078625196850393
20
0.8361532283464567
11
0.6081054330708662
21
0.8359905511811023
0
LINE
8
BLACK
6
CONTINUOUS
10
0.6081054330708662
20
0.8359905511811023
11
0.6084684251968504
21
0.8355473228346456
0
LINE
8
BLACK
6
CONTINUOUS
10
0.6084684251968504
20
0.8355473228346456
11
0.6084704724409449
21
0.8355452755905511
0
LINE
8
BLACK
6
CONTINUOUS
10
0.6084704724409449
20
0.8355452755905511
11
0.6084708267716535
21
0.8355444094488189
0
LINE
8
BLACK
6
CONTINUOUS
10
0.6084708267716535
20
0.8355444094488189
11
0.6084722047244094
21
0.8355427165354331
0
LINE
8
BLACK
6
CONTINUOUS
10
0.6084722047244094
20
0.8355427165354331
11
0.6120595275590551
21
0.8301616929133858
0
LINE
8
BLACK
6
CONTINUOUS
10
0.6120595275590551
20
0.8301616929133858
11
0.6152635039370079
21
0.826957716535433
0
LINE
8
BLACK
6
CONTINUOUS
10
0.6152635039370079
20
0.826957716535433
11
0.6185844488188976
21
0.8252972440944881
0
LINE
8
BLACK
6
CONTINUOUS
10
0.6185844488188976
20
0.8252972440944881
11
0.6190743307086614
21
0.8249888976377953
0
LINE
8
BLACK
6
CONTINUOUS
10
0.6190743307086614
20
0.8249888976377953
11
0.6198291732283464
21
0.8241185039370078
0
LINE
8
BLACK
6
CONTINUOUS
10
0.6198291732283464
20
0.8241185039370078
11
0.6201935039370079
21
0.8230255511811023
0
LINE
8
BLACK
6
CONTINUOUS
10
0.6201935039370079
20
0.8230255511811023
11
0.6201118503937008
21
0.8218763385826772
0
LINE
8
BLACK
6
CONTINUOUS
10
0.6201118503937008
20
0.8218763385826772
11
0.6195965748031496
21
0.8208458267716535
0
LINE
8
BLACK
6
CONTINUOUS
10
0.6195965748031496
20
0.8208458267716535
11
0.618726220472441
21
0.8200909842519685
0
LINE
8
BLACK
6
CONTINUOUS
10
0.618726220472441
20
0.8200909842519685
11
0.6176332283464567
21
0.8197266535433071
0
LINE
8
BLACK
6
CONTINUOUS
10
0.6176332283464567
20
0.8197266535433071
11
0.6164840157480315
21
0.8198083070866141
0
LINE
8
BLACK
6
CONTINUOUS
10
0.6164840157480315
20
0.8198083070866141
11
0.6159434251968504
21
0.8200151968503937
0
LINE
8
BLACK
6
CONTINUOUS
10
0.6159434251968504
20
0.8200151968503937
11
0.6121938976377953
21
0.8218899606299213
0
LINE
8
BLACK
6
CONTINUOUS
10
0.6121938976377953
20
0.8218899606299213
11
0.6119460629921259
21
0.8220459842519685
0
LINE
8
BLACK
6
CONTINUOUS
10
0.6119460629921259
20
0.8220459842519685
11
0.611873937007874
21
0.8220758267716535
0
LINE
8
BLACK
6
CONTINUOUS
10
0.611873937007874
20
0.8220758267716535
11
0.6117927559055117
21
0.8221424409448819
0
LINE
8
BLACK
6
CONTINUOUS
10
0.6117927559055117
20
0.8221424409448819
11
0.6117040157480315
21
0.8221983070866141
0
LINE
8
BLACK
6
CONTINUOUS
10
0.6117040157480315
20
0.8221983070866141
11
0.611652874015748
21
0.8222572440944882
0
LINE
8
BLACK
6
CONTINUOUS
10
0.611652874015748
20
0.8222572440944882
11
0.6114264960629922
21
0.8224430708661418
0
LINE
8
BLACK
6
CONTINUOUS
10
0.6114264960629922
20
0.8224430708661418
11
0.6089681102362204
21
0.8249014566929134
0
LINE
8
BLACK
6
CONTINUOUS
10
0.6089681102362204
20
0.8249014566929134
11
0.6089681102362204
21
0.7974874803149606
0
LINE
8
BLACK
6
CONTINUOUS
10
0.6089681102362204
20
0.7974874803149606
11
0.617263937007874
21
0.7974874803149606
0
LINE
8
BLACK
6
CONTINUOUS
10
0.617263937007874
20
0.7974874803149606
11
0.6178399999999999
21
0.7974307480314961
0
LINE
8
BLACK
6
CONTINUOUS
10
0.6178399999999999
20
0.7974307480314961
11
0.6189044094488189
21
0.7969898425196851
0
LINE
8
BLACK
6
CONTINUOUS
10
0.6189044094488189
20
0.7969898425196851
11
0.6197190551181102
21
0.7961751968503937
0
LINE
8
BLACK
6
CONTINUOUS
10
0.6197190551181102
20
0.7961751968503937
11
0.6201599606299213
21
0.7951107874015748
0
LINE
8
BLACK
6
CONTINUOUS
10
0.6201599606299213
20
0.7951107874015748
11
0.6201599606299213
21
0.7939586614173229
0
LINE
8
BLACK
6
CONTINUOUS
10
0.6201599606299213
20
0.7939586614173229
11
0.6197190551181102
21
0.7928942519685039
0
LINE
8
BLACK
6
CONTINUOUS
10
0.6197190551181102
20
0.7928942519685039
11
0.6189044094488189
21
0.7920796062992126
0
LINE
8
BLACK
6
CONTINUOUS
10
0.6189044094488189
20
0.7920796062992126
11
0.6178399999999999
21
0.7916387007874015
0
LINE
8
BLACK
6
CONTINUOUS
10
0.6178399999999999
20
0.7916387007874015
11
0.617263937007874
21
0.791581968503937
0
LINE
8
BLACK
6
CONTINUOUS
10
0.617263937007874
20
0.791581968503937
11
0.6161004724409449
21
0.791581968503937
0
LINE
8
BLACK
6
CONTINUOUS
10
0.6161004724409449
20
0.791581968503937
11
0.6167096850393701
21
0.7912773622047244
0
LINE
8
BLACK
6
CONTINUOUS
10
0.6167096850393701
20
0.7912773622047244
11
0.6169576771653543
21
0.7911212992125984
0
LINE
8
BLACK
6
CONTINUOUS
10
0.6169576771653543
20
0.7911212992125984
11
0.6170296456692913
21
0.7910914566929134
0
LINE
8
BLACK
6
CONTINUOUS
10
0.6170296456692913
20
0.7910914566929134
11
0.6171105905511811
21
0.791025
0
LINE
8
BLACK
6
CONTINUOUS
10
0.6171105905511811
20
0.791025
11
0.6171995669291338
21
0.7909690157480315
0
LINE
8
BLACK
6
CONTINUOUS
10
0.6171995669291338
20
0.7909690157480315
11
0.6172507086614173
21
0.7909100393700788
0
LINE
8
BLACK
6
CONTINUOUS
10
0.6172507086614173
20
0.7909100393700788
11
0.6174770866141732
21
0.7907242519685039
0
LINE
8
BLACK
6
CONTINUOUS
10
0.6174770866141732
20
0.7907242519685039
11
0.6193518503937008
21
0.7888494881889764
0
LINE
8
BLACK
6
CONTINUOUS
10
0.6193518503937008
20
0.7888494881889764
11
0.6197190551181102
21
0.7884020472440945
0
LINE
8
BLACK
6
CONTINUOUS
10
0.6197190551181102
20
0.7884020472440945
11
0.6201599606299213
21
0.7873376377952755
0
LINE
8
BLACK
6
CONTINUOUS
10
0.6201599606299213
20
0.7873376377952755
11
0.6201599606299213
21
0.7861855511811023
0
LINE
8
BLACK
6
CONTINUOUS
10
0.6201599606299213
20
0.7861855511811023
11
0.6197190551181102
21
0.7851211417322834
0
LINE
8
BLACK
6
CONTINUOUS
10
0.6197190551181102
20
0.7851211417322834
11
0.6189043700787401
21
0.7843064566929133
0
LINE
8
BLACK
6
CONTINUOUS
10
0.6189043700787401
20
0.7843064566929133
11
0.6178399606299212
21
0.7838655511811023
0
LINE
8
BLACK
6
CONTINUOUS
10
0.6178399606299212
20
0.7838655511811023
11
0.616687874015748
21
0.7838655511811023
0
LINE
8
BLACK
6
CONTINUOUS
10
0.616687874015748
20
0.7838655511811023
11
0.6156234645669291
21
0.7843064566929133
0
LINE
8
BLACK
6
CONTINUOUS
10
0.6156234645669291
20
0.7843064566929133
11
0.6151760236220473
21
0.7846736614173229
0
LINE
8
BLACK
6
CONTINUOUS
10
0.6151760236220473
20
0.7846736614173229
11
0.6136400787401575
21
0.7862096062992125
0
LINE
8
BLACK
6
CONTINUOUS
10
0.6136400787401575
20
0.7862096062992125
11
0.6109425984251968
21
0.7875583464566929
0
LINE
8
BLACK
6
CONTINUOUS
10
0.6109425984251968
20
0.7875583464566929
11
0.602962874015748
21
0.7875583464566929
0
LINE
8
BLACK
6
CONTINUOUS
10
0.602962874015748
20
0.7875583464566929
11
0.6002653937007874
21
0.7862096062992125
0
LINE
8
BLACK
6
CONTINUOUS
10
0.6002653937007874
20
0.7862096062992125
11
0.5990682677165354
21
0.7850124803149606
0
LINE
8
BLACK
6
CONTINUOUS
10
0.5990682677165354
20
0.7850124803149606
11
0.5977195275590551
21
0.782315
0
LINE
8
BLACK
6
CONTINUOUS
10
0.5977195275590551
20
0.782315
11
0.5977195275590551
21
0.7797416929133858
0
LINE
8
BLACK
6
CONTINUOUS
10
0.5977195275590551
20
0.7797416929133858
11
0.5992223228346456
21
0.7752332677165354
0
LINE
8
BLACK
6
CONTINUOUS
10
0.5992223228346456
20
0.7752332677165354
11
0.6212266141732283
21
0.753228937007874
0
LINE
8
BLACK
6
CONTINUOUS
10
0.6212266141732283
20
0.753228937007874
11
0.6215938582677165
21
0.7527814960629922
0
LINE
8
BLACK
6
CONTINUOUS
10
0.6215938582677165
20
0.7527814960629922
11
0.6220347244094488
21
0.7517170472440945
0
LINE
8
BLACK
6
CONTINUOUS
10
0.6220347244094488
20
0.7517170472440945
11
0.6220347244094488
21
0.7505649606299213
0
LINE
8
BLACK
6
CONTINUOUS
10
0.6220347244094488
20
0.7505649606299213
11
0.6215938188976378
21
0.7495005511811024
0
LINE
8
BLACK
6
CONTINUOUS
10
0.6215938188976378
20
0.7495005511811024
11
0.6207791732283464
21
0.7486858661417323
0
LINE
8
BLACK
6
CONTINUOUS
10
0.6207791732283464
20
0.7486858661417323
11
0.6200264960629921
21
0.7483741338582677
0
LINE
8
BLACK
6
CONTINUOUS
10
0.6200264960629921
20
0.7483741338582677
11
0.6197147637795275
21
0.7482449999999999
0
LINE
8
BLACK
6
CONTINUOUS
10
0.6197147637795275
20
0.7482449999999999
11
0.6191387007874015
21
0.7481882677165355
0
LINE
8
BLACK
6
CONTINUOUS
10
0.6191387007874015
20
0.7481882677165355
11
0.5947667716535433
21
0.7481882677165355
0
LINE
8
BLACK
6
CONTINUOUS
10
0.5947667716535433
20
0.7481882677165355
11
0.5941907086614173
21
0.7482449999999999
0
LINE
8
BLACK
6
CONTINUOUS
10
0.5941907086614173
20
0.7482449999999999
11
0.5931262992125984
21
0.748685905511811
0
LINE
8
BLACK
6
CONTINUOUS
10
0.5931262992125984
20
0.748685905511811
11
0.5923116535433071
21
0.7495005511811024
0
LINE
8
BLACK
6
CONTINUOUS
10
0.5923116535433071
20
0.7495005511811024
11
0.5918707480314961
21
0.7505649606299213
0
LINE
8
BLACK
6
CONTINUOUS
10
0.5918707480314961
20
0.7505649606299213
11
0.5918707480314961
21
0.7517170866141732
0
LINE
8
BLACK
6
CONTINUOUS
10
0.5918707480314961
20
0.7517170866141732
11
0.5923116535433071
21
0.7527814960629922
0
LINE
8
BLACK
6
CONTINUOUS
10
0.5923116535433071
20
0.7527814960629922
11
0.5931262992125984
21
0.7535961417322834
0
LINE
8
BLACK
6
CONTINUOUS
10
0.5931262992125984
20
0.7535961417322834
11
0.5941907086614173
21
0.7540370472440945
0
LINE
8
BLACK
6
CONTINUOUS
10
0.5941907086614173
20
0.7540370472440945
11
0.5947667716535433
21
0.7540937795275591
0
LINE
8
BLACK
6
CONTINUOUS
10
0.5947667716535433
20
0.7540937795275591
11
0.6120101181102362
21
0.7540937795275591
0
LINE
8
BLACK
6
CONTINUOUS
10
0.6120101181102362
20
0.7540937795275591
11
0.594553622047244
21
0.7715503149606299
0
LINE
8
BLACK
6
CONTINUOUS
10
0.594553622047244
20
0.7715503149606299
11
0.5941864173228346
21
0.7719977559055118
0
LINE
8
BLACK
6
CONTINUOUS
10
0.5941864173228346
20
0.7719977559055118
11
0.5941457874015748
21
0.7720958267716536
0
LINE
8
BLACK
6
CONTINUOUS
10
0.5941457874015748
20
0.7720958267716536
11
0.5940762992125984
21
0.7721759448818898
0
LINE
8
BLACK
6
CONTINUOUS
10
0.5940762992125984
20
0.7721759448818898
11
0.5938403149606299
21
0.7727044881889764
0
LINE
8
BLACK
6
CONTINUOUS
10
0.5938403149606299
20
0.7727044881889764
11
0.5919655511811024
21
0.7783287795275591
0
LINE
8
BLACK
6
CONTINUOUS
10
0.5919655511811024
20
0.7783287795275591
11
0.591900590551181
21
0.7786143700787401
0
LINE
8
BLACK
6
CONTINUOUS
10
0.591900590551181
20
0.7786143700787401
11
0.5918707480314961
21
0.7786864566929134
0
LINE
8
BLACK
6
CONTINUOUS
10
0.5918707480314961
20
0.7786864566929134
11
0.5918604330708661
21
0.7787909842519685
0
LINE
8
BLACK
6
CONTINUOUS
10
0.5918604330708661
20
0.7787909842519685
11
0.5918372047244095
21
0.7788932283464567
0
LINE
8
BLACK
6
CONTINUOUS
10
0.5918372047244095
20
0.7788932283464567
11
0.5918427165354331
21
0.7789709842519685
0
LINE
8
BLACK
6
CONTINUOUS
10
0.5918427165354331
20
0.7789709842519685
11
0.5918140157480315
21
0.7792625196850393
0
LINE
8
BLACK
6
CONTINUOUS
10
0.5918140157480315
20
0.7792625196850393
11
0.5918140157480315
21
0.7830120472440945
0
LINE
8
BLACK
6
CONTINUOUS
10
0.5918140157480315
20
0.7830120472440945
11
0.5918707480314961
21
0.7835881102362204
0
LINE
8
BLACK
6
CONTINUOUS
10
0.5918707480314961
20
0.7835881102362204
11
0.5919113385826772
21
0.7836861417322835
0
LINE
8
BLACK
6
CONTINUOUS
10
0.5919113385826772
20
0.7836861417322835
11
0.5919188582677165
21
0.7837919291338582
0
LINE
8
BLACK
6
CONTINUOUS
10
0.5919188582677165
20
0.7837919291338582
11
0.5921257480314961
21
0.7843325590551181
0
LINE
8
BLACK
6
CONTINUOUS
10
0.5921257480314961
20
0.7843325590551181
11
0.5940005118110236
21
0.7880820866141732
0
LINE
8
BLACK
6
CONTINUOUS
10
0.5940005118110236
20
0.7880820866141732
11
0.5941565748031495
21
0.7883301181102362
0
LINE
8
BLACK
6
CONTINUOUS
10
0.5941565748031495
20
0.7883301181102362
11
0.5941864173228346
21
0.7884020472440945
0
LINE
8
BLACK
6
CONTINUOUS
10
0.5941864173228346
20
0.7884020472440945
11
0.594252874015748
21
0.788483031496063
0
LINE
8
BLACK
6
CONTINUOUS
10
0.594252874015748
20
0.788483031496063
11
0.5943088582677165
21
0.788571968503937
0
LINE
8
BLACK
6
CONTINUOUS
10
0.5943088582677165
20
0.788571968503937
11
0.5943678346456692
21
0.7886231496062992
0
LINE
8
BLACK
6
CONTINUOUS
10
0.5943678346456692
20
0.7886231496062992
11
0.594553622047244
21
0.7888494881889764
0
LINE
8
BLACK
6
CONTINUOUS
10
0.594553622047244
20
0.7888494881889764
11
0.5964283858267716
21
0.7907242519685039
0
LINE
8
BLACK
6
CONTINUOUS
10
0.5964283858267716
20
0.7907242519685039
11
0.5966547244094488
21
0.7909100393700788
0
LINE
8
BLACK
6
CONTINUOUS
10
0.5966547244094488
20
0.7909100393700788
11
0.596705905511811
21
0.7909690157480315
0
LINE
8
BLACK
6
CONTINUOUS
10
0.596705905511811
20
0.7909690157480315
11
0.5967948425196851
21
0.791025
0
LINE
8
BLACK
6
CONTINUOUS
10
0.5967948425196851
20
0.791025
11
0.5968758267716535
21
0.7910914566929134
0
LINE
8
BLACK
6
CONTINUOUS
10
0.5968758267716535
20
0.7910914566929134
11
0.5969477559055117
21
0.7911212992125984
0
LINE
8
BLACK
6
CONTINUOUS
10
0.5969477559055117
20
0.7911212992125984
11
0.5971957874015748
21
0.7912773622047244
0
LINE
8
BLACK
6
CONTINUOUS
10
0.5971957874015748
20
0.7912773622047244
11
0.597805
21
0.791581968503937
0
LINE
8
BLACK
6
CONTINUOUS
10
0.597805
20
0.791581968503937
11
0.5947667716535433
21
0.791581968503937
0
LINE
8
BLACK
6
CONTINUOUS
10
0.5947667716535433
20
0.791581968503937
11
0.5941907086614173
21
0.7916387007874015
0
LINE
8
BLACK
6
CONTINUOUS
10
0.5941907086614173
20
0.7916387007874015
11
0.5931262992125984
21
0.7920796062992126
0
LINE
8
BLACK
6
CONTINUOUS
10
0.5931262992125984
20
0.7920796062992126
11
0.5923116535433071
21
0.7928942519685039
0
LINE
8
BLACK
6
CONTINUOUS
10
0.5923116535433071
20
0.7928942519685039
11
0.5918707480314961
21
0.7939586614173229
0
LINE
8
BLACK
6
CONTINUOUS
10
0.5918707480314961
20
0.7939586614173229
11
0.5918707480314961
21
0.7951107874015748
0
LINE
8
BLACK
6
CONTINUOUS
10
0.5918707480314961
20
0.7951107874015748
11
0.5923116535433071
21
0.7961751968503937
0
LINE
8
BLACK
6
CONTINUOUS
10
0.5923116535433071
20
0.7961751968503937
11
0.5931262992125984
21
0.7969898425196851
0
LINE
8
BLACK
6
CONTINUOUS
10
0.5931262992125984
20
0.7969898425196851
11
0.5941907086614173
21
0.7974307480314961
0
LINE
8
BLACK
6
CONTINUOUS
10
0.5941907086614173
20
0.7974307480314961
11
0.5947667716535433
21
0.7974874803149606
0
LINE
8
BLACK
6
CONTINUOUS
10
0.5947667716535433
20
0.7974874803149606
11
0.6030625984251968
21
0.7974874803149606
0
LINE
8
BLACK
6
CONTINUOUS
10
0.6030625984251968
20
0.7974874803149606
11
0.6030625984251968
21
0.8339048031496062
0
LINE
8
BLACK
6
CONTINUOUS
10
0.6030625984251968
20
0.8339048031496062
11
0.6030627952755906
21
0.8339068897637795
0
LINE
8
BLACK
6
CONTINUOUS
10
0.6030627952755906
20
0.8339068897637795
11
0.6030625984251968
21
0.8339079133858267
0
LINE
8
BLACK
6
CONTINUOUS
10
0.6030625984251968
20
0.8339079133858267
11
0.6030631889763779
21
0.8339109448818898
0
LINE
8
BLACK
6
CONTINUOUS
10
0.6030631889763779
20
0.8339109448818898
11
0.6031193307086614
21
0.8344808661417322
0
LINE
8
BLACK
6
CONTINUOUS
10
0.6031193307086614
20
0.8344808661417322
11
0.6032311811023622
21
0.8347509842519685
0
LINE
8
BLACK
6
CONTINUOUS
10
0.6032311811023622
20
0.8347509842519685
11
0.6032885433070866
21
0.8350375984251969
0
LINE
8
BLACK
6
CONTINUOUS
10
0.6032885433070866
20
0.8350375984251969
11
0.6034494881889764
21
0.8352779921259842
0
LINE
8
BLACK
6
CONTINUOUS
10
0.6034494881889764
20
0.8352779921259842
11
0.6035602362204724
21
0.8355452755905511
0
LINE
8
BLACK
6
CONTINUOUS
10
0.6035602362204724
20
0.8355452755905511
11
0.6037669291338582
21
0.8357520078740157
0
LINE
8
BLACK
6
CONTINUOUS
10
0.6037669291338582
20
0.8357520078740157
11
0.6039296062992126
21
0.8359948818897638
0
LINE
8
BLACK
6
CONTINUOUS
10
0.6039296062992126
20
0.8359948818897638
11
0.6041703149606299
21
0.8361553937007874
0
LINE
8
BLACK
6
CONTINUOUS
10
0.6041703149606299
20
0.8361553937007874
11
0.6043748818897637
21
0.8363599212598425
0
LINE
8
BLACK
6
CONTINUOUS
10
0.6043748818897637
20
0.8363599212598425
11
0.6046449606299212
21
0.836471811023622
0
LINE
8
BLACK
6
CONTINUOUS
10
0.6046449606299212
20
0.836471811023622
11
0.6048882283464567
21
0.8366339763779528
0
LINE
8
BLACK
6
CONTINUOUS
10
0.6048882283464567
20
0.8366339763779528
11
0.6051720078740157
21
0.8366901181102362
0
LINE
8
BLACK
6
CONTINUOUS
10
0.6051720078740157
20
0.8366901181102362
11
0.6054392913385827
21
0.8368008267716536
0
LINE
8
BLACK
6
CONTINUOUS
10
0.6054392913385827
20
0.8368008267716536
11
0.6057316929133858
21
0.8368008267716536
0
LINE
8
BLACK
6
CONTINUOUS
10
0.6057316929133858
20
0.8368008267716536
11
0.6060184645669291
21
0.836857559055118
0
LINE
8
BLACK
6
CONTINUOUS
10
0.6060184645669291
20
0.836857559055118
11
0.6063021259842519
21
0.8368008267716536
0
LINE
8
BLACK
6
CONTINUOUS
10
0.6438022047244094
20
0.7934351574803149
11
0.6438799606299213
21
0.7934406692913386
0
LINE
8
BLACK
6
CONTINUOUS
10
0.6438799606299213
20
0.7934406692913386
11
0.6439822047244095
21
0.7934174409448819
0
LINE
8
BLACK
6
CONTINUOUS
10
0.6439822047244095
20
0.7934174409448819
11
0.6440867322834646
21
0.793407125984252
0
LINE
8
BLACK
6
CONTINUOUS
10
0.6440867322834646
20
0.793407125984252
11
0.6441588188976378
21
0.7933772834645669
0
LINE
8
BLACK
6
CONTINUOUS
10
0.6441588188976378
20
0.7933772834645669
11
0.6444444094488189
21
0.7933123228346457
0
LINE
8
BLACK
6
CONTINUOUS
10
0.6444444094488189
20
0.7933123228346457
11
0.6500687007874015
21
0.7914375590551181
0
LINE
8
BLACK
6
CONTINUOUS
10
0.6500687007874015
20
0.7914375590551181
11
0.6505972440944882
21
0.7912015748031496
0
LINE
8
BLACK
6
CONTINUOUS
10
0.6505972440944882
20
0.7912015748031496
11
0.6506773622047244
21
0.7911320866141732
0
LINE
8
BLACK
6
CONTINUOUS
10
0.6506773622047244
20
0.7911320866141732
11
0.6507754330708662
21
0.7910914566929134
0
LINE
8
BLACK
6
CONTINUOUS
10
0.6507754330708662
20
0.7910914566929134
11
0.651222874015748
21
0.7907242519685039
0
LINE
8
BLACK
6
CONTINUOUS
10
0.651222874015748
20
0.7907242519685039
11
0.6549724015748032
21
0.7869747244094488
0
LINE
8
BLACK
6
CONTINUOUS
10
0.6549724015748032
20
0.7869747244094488
11
0.6551582283464567
21
0.7867483464566929
0
LINE
8
BLACK
6
CONTINUOUS
10
0.6551582283464567
20
0.7867483464566929
11
0.6552171653543307
21
0.7866972047244094
0
LINE
8
BLACK
6
CONTINUOUS
10
0.6552171653543307
20
0.7866972047244094
11
0.655273031496063
21
0.7866084645669291
0
LINE
8
BLACK
6
CONTINUOUS
10
0.655273031496063
20
0.7866084645669291
11
0.6553396456692914
21
0.7865272834645669
0
LINE
8
BLACK
6
CONTINUOUS
10
0.6553396456692914
20
0.7865272834645669
11
0.6553694881889763
21
0.7864551574803149
0
LINE
8
BLACK
6
CONTINUOUS
10
0.6553694881889763
20
0.7864551574803149
11
0.6555255118110236
21
0.7862073228346457
0
LINE
8
BLACK
6
CONTINUOUS
10
0.6555255118110236
20
0.7862073228346457
11
0.6574002755905511
21
0.7824577952755906
0
LINE
8
BLACK
6
CONTINUOUS
10
0.6574002755905511
20
0.7824577952755906
11
0.6574163779527559
21
0.7824157086614173
0
LINE
8
BLACK
6
CONTINUOUS
10
0.6574163779527559
20
0.7824157086614173
11
0.657429094488189
21
0.7823985433070866
0
LINE
8
BLACK
6
CONTINUOUS
10
0.657429094488189
20
0.7823985433070866
11
0.657515157480315
21
0.7821576377952756
0
LINE
8
BLACK
6
CONTINUOUS
10
0.657515157480315
20
0.7821576377952756
11
0.6576071653543307
21
0.7819172047244094
0
LINE
8
BLACK
6
CONTINUOUS
10
0.6576071653543307
20
0.7819172047244094
11
0.6576086614173228
21
0.7818959448818897
0
LINE
8
BLACK
6
CONTINUOUS
10
0.6576086614173228
20
0.7818959448818897
11
0.6576238582677165
21
0.7818534251968504
0
LINE
8
BLACK
6
CONTINUOUS
10
0.6576238582677165
20
0.7818534251968504
11
0.6594986220472441
21
0.7743543700787402
0
LINE
8
BLACK
6
CONTINUOUS
10
0.6594986220472441
20
0.7743543700787402
11
0.6595133858267717
21
0.7742545275590551
0
LINE
8
BLACK
6
CONTINUOUS
10
0.6595133858267717
20
0.7742545275590551
11
0.6595300393700787
21
0.7742142913385827
0
LINE
8
BLACK
6
CONTINUOUS
10
0.6595300393700787
20
0.7742142913385827
11
0.6595513779527559
21
0.7739972834645669
0
LINE
8
BLACK
6
CONTINUOUS
10
0.6595513779527559
20
0.7739972834645669
11
0.6595832677165354
21
0.7737817716535433
0
LINE
8
BLACK
6
CONTINUOUS
10
0.6595832677165354
20
0.7737817716535433
11
0.6595768503937007
21
0.773738779527559
0
LINE
8
BLACK
6
CONTINUOUS
10
0.6595768503937007
20
0.773738779527559
11
0.6595867716535433
21
0.7736382283464567
0
LINE
8
BLACK
6
CONTINUOUS
10
0.6595867716535433
20
0.7736382283464567
11
0.6595867716535433
21
0.768013937007874
0
LINE
8
BLACK
6
CONTINUOUS
10
0.6595867716535433
20
0.768013937007874
11
0.6595768503937007
21
0.7679134251968504
0
LINE
8
BLACK
6
CONTINUOUS
10
0.6595768503937007
20
0.7679134251968504
11
0.6595832677165354
21
0.7678703937007874
0
LINE
8
BLACK
6
CONTINUOUS
10
0.6595832677165354
20
0.7678703937007874
11
0.6595513779527559
21
0.7676549212598425
0
LINE
8
BLACK
6
CONTINUOUS
10
0.6595513779527559
20
0.7676549212598425
11
0.6595300393700787
21
0.767437874015748
0
LINE
8
BLACK
6
CONTINUOUS
10
0.6595300393700787
20
0.767437874015748
11
0.6595133858267717
21
0.7673976771653543
0
LINE
8
BLACK
6
CONTINUOUS
10
0.6595133858267717
20
0.7673976771653543
11
0.6594986220472441
21
0.7672977952755905
0
LINE
8
BLACK
6
CONTINUOUS
10
0.6594986220472441
20
0.7672977952755905
11
0.6576238582677165
21
0.7597987401574803
0
LINE
8
BLACK
6
CONTINUOUS
10
0.6576238582677165
20
0.7597987401574803
11
0.6576086614173228
21
0.7597562598425197
0
LINE
8
BLACK
6
CONTINUOUS
10
0.6576086614173228
20
0.7597562598425197
11
0.6576071653543307
21
0.7597349606299213
0
LINE
8
BLACK
6
CONTINUOUS
10
0.6576071653543307
20
0.7597349606299213
11
0.6575153937007874
21
0.7594952362204724
0
LINE
8
BLACK
6
CONTINUOUS
10
0.6575153937007874
20
0.7594952362204724
11
0.657429094488189
21
0.7592536220472441
0
LINE
8
BLACK
6
CONTINUOUS
10
0.657429094488189
20
0.7592536220472441
11
0.6574163779527559
21
0.7592364960629921
0
LINE
8
BLACK
6
CONTINUOUS
10
0.6574163779527559
20
0.7592364960629921
11
0.6574002755905511
21
0.7591943700787401
0
LINE
8
BLACK
6
CONTINUOUS
10
0.6574002755905511
20
0.7591943700787401
11
0.6555255118110236
21
0.755444842519685
0
LINE
8
BLACK
6
CONTINUOUS
10
0.6555255118110236
20
0.755444842519685
11
0.6553694488188976
21
0.755196968503937
0
LINE
8
BLACK
6
CONTINUOUS
10
0.6553694488188976
20
0.755196968503937
11
0.6553396456692914
21
0.7551249212598425
0
LINE
8
BLACK
6
CONTINUOUS
10
0.6553396456692914
20
0.7551249212598425
11
0.6552731102362205
21
0.7550438976377952
0
LINE
8
BLACK
6
CONTINUOUS
10
0.6552731102362205
20
0.7550438976377952
11
0.6552171653543307
21
0.7549549606299213
0
LINE
8
BLACK
6
CONTINUOUS
10
0.6552171653543307
20
0.7549549606299213
11
0.6551581496062991
21
0.7549038188976378
0
LINE
8
BLACK
6
CONTINUOUS
10
0.6551581496062991
20
0.7549038188976378
11
0.6549724409448818
21
0.7546774803149606
0
LINE
8
BLACK
6
CONTINUOUS
10
0.6549724409448818
20
0.7546774803149606
11
0.651222874015748
21
0.750927874015748
0
LINE
8
BLACK
6
CONTINUOUS
10
0.651222874015748
20
0.750927874015748
11
0.6507754330708662
21
0.7505606692913386
0
LINE
8
BLACK
6
CONTINUOUS
10
0.6507754330708662
20
0.7505606692913386
11
0.6506773622047244
21
0.7505200787401575
0
LINE
8
BLACK
6
CONTINUOUS
10
0.6506773622047244
20
0.7505200787401575
11
0.6505972440944882
21
0.7504505511811024
0
LINE
8
BLACK
6
CONTINUOUS
10
0.6505972440944882
20
0.7504505511811024
11
0.6500687007874015
21
0.7502145669291338
0
LINE
8
BLACK
6
CONTINUOUS
10
0.6500687007874015
20
0.7502145669291338
11
0.6444444094488189
21
0.7483398031496062
0
LINE
8
BLACK
6
CONTINUOUS
10
0.6444444094488189
20
0.7483398031496062
11
0.6441588188976378
21
0.7482748818897638
0
LINE
8
BLACK
6
CONTINUOUS
10
0.6441588188976378
20
0.7482748818897638
11
0.6440867322834646
21
0.7482449999999999
0
LINE
8
BLACK
6
CONTINUOUS
10
0.6440867322834646
20
0.7482449999999999
11
0.6439822047244095
21
0.7482347244094488
0
LINE
8
BLACK
6
CONTINUOUS
10
0.6439822047244095
20
0.7482347244094488
11
0.6438799606299213
21
0.7482114566929133
0
LINE
8
BLACK
6
CONTINUOUS
10
0.6438799606299213
20
0.7482114566929133
11
0.6438022047244094
21
0.7482170078740157
0
LINE
8
BLACK
6
CONTINUOUS
10
0.6438022047244094
20
0.7482170078740157
11
0.6435106692913386
21
0.7481882677165355
0
LINE
8
BLACK
6
CONTINUOUS
10
0.6435106692913386
20
0.7481882677165355
11
0.6397611417322835
21
0.7481882677165355
0
LINE
8
BLACK
6
CONTINUOUS
10
0.6397611417322835
20
0.7481882677165355
11
0.6394695275590551
21
0.7482170078740157
0
LINE
8
BLACK
6
CONTINUOUS
10
0.6394695275590551
20
0.7482170078740157
11
0.6393918110236221
21
0.7482114566929133
0
LINE
8
BLACK
6
CONTINUOUS
10
0.6393918110236221
20
0.7482114566929133
11
0.6392895275590551
21
0.7482347244094488
0
LINE
8
BLACK
6
CONTINUOUS
10
0.6392895275590551
20
0.7482347244094488
11
0.6391850787401575
21
0.7482449999999999
0
LINE
8
BLACK
6
CONTINUOUS
10
0.6391850787401575
20
0.7482449999999999
11
0.6391129921259843
21
0.7482748818897638
0
LINE
8
BLACK
6
CONTINUOUS
10
0.6391129921259843
20
0.7482748818897638
11
0.6388273622047244
21
0.7483398031496062
0
LINE
8
BLACK
6
CONTINUOUS
10
0.6388273622047244
20
0.7483398031496062
11
0.6332031102362204
21
0.7502145669291338
0
LINE
8
BLACK
6
CONTINUOUS
10
0.6332031102362204
20
0.7502145669291338
11
0.6326745275590551
21
0.7504505511811024
0
LINE
8
BLACK
6
CONTINUOUS
10
0.6326745275590551
20
0.7504505511811024
11
0.6325943307086614
21
0.7505201181102362
0
LINE
8
BLACK
6
CONTINUOUS
10
0.6325943307086614
20
0.7505201181102362
11
0.6324963779527559
21
0.7505606692913386
0
LINE
8
BLACK
6
CONTINUOUS
10
0.6324963779527559
20
0.7505606692913386
11
0.6320488976377953
21
0.7509279133858268
0
LINE
8
BLACK
6
CONTINUOUS
10
0.6320488976377953
20
0.7509279133858268
11
0.6301741338582677
21
0.7528027165354331
0
LINE
8
BLACK
6
CONTINUOUS
10
0.6301741338582677
20
0.7528027165354331
11
0.6298069291338583
21
0.753250157480315
0
LINE
8
BLACK
6
CONTINUOUS
10
0.6298069291338583
20
0.753250157480315
11
0.6293660629921259
21
0.7543145669291338
0
LINE
8
BLACK
6
CONTINUOUS
10
0.6293660629921259
20
0.7543145669291338
11
0.6293660629921259
21
0.7554666535433071
0
LINE
8
BLACK
6
CONTINUOUS
10
0.6293660629921259
20
0.7554666535433071
11
0.629806968503937
21
0.7565310629921259
0
LINE
8
BLACK
6
CONTINUOUS
10
0.629806968503937
20
0.7565310629921259
11
0.6306216535433071
21
0.757345748031496
0
LINE
8
BLACK
6
CONTINUOUS
10
0.6306216535433071
20
0.757345748031496
11
0.6316860629921259
21
0.7577866141732283
0
LINE
8
BLACK
6
CONTINUOUS
10
0.6316860629921259
20
0.7577866141732283
11
0.6328381496062992
21
0.7577866141732283
0
LINE
8
BLACK
6
CONTINUOUS
10
0.6328381496062992
20
0.7577866141732283
11
0.6339025590551181
21
0.7573457086614173
0
LINE
8
BLACK
6
CONTINUOUS
10
0.6339025590551181
20
0.7573457086614173
11
0.6343500393700787
21
0.7569784645669291
0
LINE
8
BLACK
6
CONTINUOUS
10
0.6343500393700787
20
0.7569784645669291
11
0.6357318897637795
21
0.7555965748031496
0
LINE
8
BLACK
6
CONTINUOUS
10
0.6357318897637795
20
0.7555965748031496
11
0.6402402755905512
21
0.7540937795275591
0
LINE
8
BLACK
6
CONTINUOUS
10
0.6402402755905512
20
0.7540937795275591
11
0.6430315354330709
21
0.7540937795275591
0
LINE
8
BLACK
6
CONTINUOUS
10
0.6430315354330709
20
0.7540937795275591
11
0.6475399212598425
21
0.7555966141732283
0
LINE
8
BLACK
6
CONTINUOUS
10
0.6475399212598425
20
0.7555966141732283
11
0.6504577165354331
21
0.7585144488188976
0
LINE
8
BLACK
6
CONTINUOUS
10
0.6504577165354331
20
0.7585144488188976
11
0.6519732283464567
21
0.7615454330708661
0
LINE
8
BLACK
6
CONTINUOUS
10
0.6519732283464567
20
0.7615454330708661
11
0.6536812598425197
21
0.7683774803149606
0
LINE
8
BLACK
6
CONTINUOUS
10
0.6536812598425197
20
0.7683774803149606
11
0.6536812598425197
21
0.77327468503937
0
LINE
8
BLACK
6
CONTINUOUS
10
0.6536812598425197
20
0.77327468503937
11
0.6519732283464567
21
0.7801067322834645
0
LINE
8
BLACK
6
CONTINUOUS
10
0.6519732283464567
20
0.7801067322834645
11
0.6504577559055118
21
0.7831377165354331
0
LINE
8
BLACK
6
CONTINUOUS
10
0.6504577559055118
20
0.7831377165354331
11
0.6475399212598425
21
0.7860555511811024
0
LINE
8
BLACK
6
CONTINUOUS
10
0.6475399212598425
20
0.7860555511811024
11
0.6430315354330709
21
0.7875583464566929
0
LINE
8
BLACK
6
CONTINUOUS
10
0.6430315354330709
20
0.7875583464566929
11
0.6402402755905512
21
0.7875583464566929
0
LINE
8
BLACK
6
CONTINUOUS
10
0.6402402755905512
20
0.7875583464566929
11
0.6357318897637795
21
0.7860555511811024
0
LINE
8
BLACK
6
CONTINUOUS
10
0.6357318897637795
20
0.7860555511811024
11
0.63435
21
0.7846736614173229
0
LINE
8
BLACK
6
CONTINUOUS
10
0.63435
20
0.7846736614173229
11
0.6339025590551181
21
0.7843064566929133
0
LINE
8
BLACK
6
CONTINUOUS
10
0.6339025590551181
20
0.7843064566929133
11
0.6328381102362205
21
0.7838655511811023
0
LINE
8
BLACK
6
CONTINUOUS
10
0.6328381102362205
20
0.7838655511811023
11
0.6316860629921259
21
0.7838655511811023
0
LINE
8
BLACK
6
CONTINUOUS
10
0.6316860629921259
20
0.7838655511811023
11
0.6306216141732284
21
0.7843064566929133
0
LINE
8
BLACK
6
CONTINUOUS
10
0.6306216141732284
20
0.7843064566929133
11
0.629806968503937
21
0.7851211023622047
0
LINE
8
BLACK
6
CONTINUOUS
10
0.629806968503937
20
0.7851211023622047
11
0.6293660629921259
21
0.7861855511811023
0
LINE
8
BLACK
6
CONTINUOUS
10
0.6293660629921259
20
0.7861855511811023
11
0.6293660629921259
21
0.7873375984251968
0
LINE
8
BLACK
6
CONTINUOUS
10
0.6293660629921259
20
0.7873375984251968
11
0.629806968503937
21
0.7884020472440945
0
LINE
8
BLACK
6
CONTINUOUS
10
0.629806968503937
20
0.7884020472440945
11
0.6301741732283465
21
0.7888494881889764
0
LINE
8
BLACK
6
CONTINUOUS
10
0.6301741732283465
20
0.7888494881889764
11
0.632048937007874
21
0.7907242519685039
0
LINE
8
BLACK
6
CONTINUOUS
10
0.632048937007874
20
0.7907242519685039
11
0.6324963779527559
21
0.7910914566929134
0
LINE
8
BLACK
6
CONTINUOUS
10
0.6324963779527559
20
0.7910914566929134
11
0.6325943307086614
21
0.7911320472440945
0
LINE
8
BLACK
6
CONTINUOUS
10
0.6325943307086614
20
0.7911320472440945
11
0.6326745275590551
21
0.7912015748031496
0
LINE
8
BLACK
6
CONTINUOUS
10
0.6326745275590551
20
0.7912015748031496
11
0.6332031102362204
21
0.7914375590551181
0
LINE
8
BLACK
6
CONTINUOUS
10
0.6332031102362204
20
0.7914375590551181
11
0.6388273622047244
21
0.7933123228346457
0
LINE
8
BLACK
6
CONTINUOUS
10
0.6388273622047244
20
0.7933123228346457
11
0.6391129921259843
21
0.7933772834645669
0
LINE
8
BLACK
6
CONTINUOUS
10
0.6391129921259843
20
0.7933772834645669
11
0.6391850787401575
21
0.793407125984252
0
LINE
8
BLACK
6
CONTINUOUS
10
0.6391850787401575
20
0.793407125984252
11
0.6392895275590551
21
0.7934174409448819
0
LINE
8
BLACK
6
CONTINUOUS
10
0.6392895275590551
20
0.7934174409448819
11
0.6393918110236221
21
0.7934406692913386
0
LINE
8
BLACK
6
CONTINUOUS
10
0.6393918110236221
20
0.7934406692913386
11
0.6394695275590551
21
0.7934351574803149
0
LINE
8
BLACK
6
CONTINUOUS
10
0.6394695275590551
20
0.7934351574803149
11
0.6397611417322835
21
0.7934638582677165
0
LINE
8
BLACK
6
CONTINUOUS
10
0.6397611417322835
20
0.7934638582677165
11
0.6435106692913386
21
0.7934638582677165
0
LINE
8
BLACK
6
CONTINUOUS
10
0.6435106692913386
20
0.7934638582677165
11
0.6438022047244094
21
0.7934351574803149
0
LINE
8
BLACK
6
CONTINUOUS
10
1.188845472440945
20
0.7698931496062992
11
1.1888919291338582
21
0.7697877165354331
0
LINE
8
BLACK
6
CONTINUOUS
10
1.1888919291338582
20
0.7697877165354331
11
1.1914314566929134
21
0.7583598031496063
0
LINE
8
BLACK
6
CONTINUOUS
10
1.1914314566929134
20
0.7583598031496063
11
1.1977661417322834
21
0.7520251181102362
0
LINE
8
BLACK
6
CONTINUOUS
10
1.1977661417322834
20
0.7520251181102362
11
1.197830157480315
21
0.7519293307086614
0
LINE
8
BLACK
6
CONTINUOUS
10
1.197830157480315
20
0.7519293307086614
11
1.197830157480315
21
0.7517033464566929
0
LINE
8
BLACK
6
CONTINUOUS
10
1.197830157480315
20
0.7517033464566929
11
1.1976703543307086
21
0.7515435433070866
0
LINE
8
BLACK
6
CONTINUOUS
10
1.1976703543307086
20
0.7515435433070866
11
1.1974443700787401
21
0.7515435433070866
0
LINE
8
BLACK
6
CONTINUOUS
10
1.1974443700787401
20
0.7515435433070866
11
1.1973485826771653
21
0.7516075590551181
0
LINE
8
BLACK
6
CONTINUOUS
10
1.1973485826771653
20
0.7516075590551181
11
1.1910138976377953
21
0.7579422440944882
0
LINE
8
BLACK
6
CONTINUOUS
10
1.1910138976377953
20
0.7579422440944882
11
1.1795859842519685
21
0.7604817716535432
0
LINE
8
BLACK
6
CONTINUOUS
10
1.1795859842519685
20
0.7604817716535432
11
1.1794805511811024
21
0.7605282283464567
0
LINE
8
BLACK
6
CONTINUOUS
10
1.1794805511811024
20
0.7605282283464567
11
1.1793592125984251
21
0.7607188582677166
0
LINE
8
BLACK
6
CONTINUOUS
10
1.1793592125984251
20
0.7607188582677166
11
1.1794082677165354
21
0.7609394881889764
0
LINE
8
BLACK
6
CONTINUOUS
10
1.1794082677165354
20
0.7609394881889764
11
1.1795988976377954
21
0.7610608267716535
0
LINE
8
BLACK
6
CONTINUOUS
10
1.1795988976377954
20
0.7610608267716535
11
1.179714094488189
21
0.7610582283464566
0
LINE
8
BLACK
6
CONTINUOUS
10
1.179714094488189
20
0.7610582283464566
11
1.1907729921259842
21
0.7586007086614173
0
LINE
8
BLACK
6
CONTINUOUS
10
1.1907729921259842
20
0.7586007086614173
11
1.1883154724409448
21
0.7696596062992126
0
LINE
8
BLACK
6
CONTINUOUS
10
1.1883154724409448
20
0.7696596062992126
11
1.188312874015748
21
0.7697748031496063
0
LINE
8
BLACK
6
CONTINUOUS
10
1.188312874015748
20
0.7697748031496063
11
1.1884342125984251
21
0.7699654330708662
0
LINE
8
BLACK
6
CONTINUOUS
10
1.1884342125984251
20
0.7699654330708662
11
1.188654842519685
21
0.7700144881889763
0
LINE
8
BLACK
6
CONTINUOUS
10
1.188654842519685
20
0.7700144881889763
11
1.188845472440945
21
0.7698931496062992
0
LINE
8
BLACK
6
CONTINUOUS
10
1.1259659842519685
20
0.8835267716535433
11
1.1955631102362205
21
0.8139296456692913
0
LINE
8
BLACK
6
CONTINUOUS
10
1.1955631102362205
20
0.8139296456692913
11
1.1961050393700787
21
0.8131185826771653
0
LINE
8
BLACK
6
CONTINUOUS
10
1.1961050393700787
20
0.8131185826771653
11
1.1961050393700787
21
0.8112051968503937
0
LINE
8
BLACK
6
CONTINUOUS
10
1.1961050393700787
20
0.8112051968503937
11
1.1954338976377952
21
0.8105340944881889
0
LINE
8
BLACK
6
CONTINUOUS
10
1.1954338976377952
20
0.8105340944881889
11
1.1978097244094488
21
0.8081582677165354
0
LINE
8
BLACK
6
CONTINUOUS
10
1.1978097244094488
20
0.8081582677165354
11
1.1978737401574804
21
0.8080802755905512
0
LINE
8
BLACK
6
CONTINUOUS
10
1.1978737401574804
20
0.8080802755905512
11
1.1979087401574804
21
0.8080543307086614
0
LINE
8
BLACK
6
CONTINUOUS
10
1.1979087401574804
20
0.8080543307086614
11
1.1980384645669291
21
0.8078795669291339
0
LINE
8
BLACK
6
CONTINUOUS
10
1.1980384645669291
20
0.8078795669291339
11
1.198176968503937
21
0.8077108267716535
0
LINE
8
BLACK
6
CONTINUOUS
10
1.198176968503937
20
0.8077108267716535
11
1.1981936614173228
21
0.8076705118110236
0
LINE
8
BLACK
6
CONTINUOUS
10
1.1981936614173228
20
0.8076705118110236
11
1.198253779527559
21
0.8075895275590551
0
LINE
8
BLACK
6
CONTINUOUS
10
1.198253779527559
20
0.8075895275590551
11
1.202230748031496
21
0.8009612204724409
0
LINE
8
BLACK
6
CONTINUOUS
10
1.202230748031496
20
0.8009612204724409
11
1.20225
21
0.8009205118110236
0
LINE
8
BLACK
6
CONTINUOUS
10
1.20225
20
0.8009205118110236
11
1.2022640157480315
21
0.8009043700787402
0
LINE
8
BLACK
6
CONTINUOUS
10
1.2022640157480315
20
0.8009043700787402
11
1.2023687401574803
21
0.8006698031496062
0
LINE
8
BLACK
6
CONTINUOUS
10
1.2023687401574803
20
0.8006698031496062
11
1.2024784645669291
21
0.8004380708661417
0
LINE
8
BLACK
6
CONTINUOUS
10
1.2024784645669291
20
0.8004380708661417
11
1.2024815748031497
21
0.8004170078740157
0
LINE
8
BLACK
6
CONTINUOUS
10
1.2024815748031497
20
0.8004170078740157
11
1.2024999999999999
21
0.8003757874015748
0
LINE
8
BLACK
6
CONTINUOUS
10
1.2024999999999999
20
0.8003757874015748
11
1.2038256692913385
21
0.7963988582677165
0
LINE
8
BLACK
6
CONTINUOUS
10
1.2038256692913385
20
0.7963988582677165
11
1.203890590551181
21
0.7961132283464567
0
LINE
8
BLACK
6
CONTINUOUS
10
1.203890590551181
20
0.7961132283464567
11
1.2039204724409449
21
0.7960411417322835
0
LINE
8
BLACK
6
CONTINUOUS
10
1.2039204724409449
20
0.7960411417322835
11
1.203930748031496
21
0.7959366929133858
0
LINE
8
BLACK
6
CONTINUOUS
10
1.203930748031496
20
0.7959366929133858
11
1.2039540157480315
21
0.7958344094488189
0
LINE
8
BLACK
6
CONTINUOUS
10
1.2039540157480315
20
0.7958344094488189
11
1.2039484645669292
21
0.7957566929133858
0
LINE
8
BLACK
6
CONTINUOUS
10
1.2039484645669292
20
0.7957566929133858
11
1.2039772047244095
21
0.7954650787401575
0
LINE
8
BLACK
6
CONTINUOUS
10
1.2039772047244095
20
0.7954650787401575
11
1.2039772047244095
21
0.7901624409448819
0
LINE
8
BLACK
6
CONTINUOUS
10
1.2039772047244095
20
0.7901624409448819
11
1.2039204724409449
21
0.7895863779527559
0
LINE
8
BLACK
6
CONTINUOUS
10
1.2039204724409449
20
0.7895863779527559
11
1.2038798425196851
21
0.7894883858267716
0
LINE
8
BLACK
6
CONTINUOUS
10
1.2038798425196851
20
0.7894883858267716
11
1.2038723622047245
21
0.7893825590551181
0
LINE
8
BLACK
6
CONTINUOUS
10
1.2038723622047245
20
0.7893825590551181
11
1.2036654724409448
21
0.7888419291338582
0
LINE
8
BLACK
6
CONTINUOUS
10
1.2036654724409448
20
0.7888419291338582
11
1.2010141338582676
21
0.7835392913385827
0
LINE
8
BLACK
6
CONTINUOUS
10
1.2010141338582676
20
0.7835392913385827
11
1.2008580708661416
21
0.7832914173228346
0
LINE
8
BLACK
6
CONTINUOUS
10
1.2008580708661416
20
0.7832914173228346
11
1.2008282283464566
21
0.7832193307086615
0
LINE
8
BLACK
6
CONTINUOUS
10
1.2008282283464566
20
0.7832193307086615
11
1.2007616141732282
21
0.7831381889763779
0
LINE
8
BLACK
6
CONTINUOUS
10
1.2007616141732282
20
0.7831381889763779
11
1.200705748031496
21
0.7830494094488188
0
LINE
8
BLACK
6
CONTINUOUS
10
1.200705748031496
20
0.7830494094488188
11
1.2006468503937007
21
0.7829983858267716
0
LINE
8
BLACK
6
CONTINUOUS
10
1.2006468503937007
20
0.7829983858267716
11
1.2004610236220472
21
0.7827718897637795
0
LINE
8
BLACK
6
CONTINUOUS
10
1.2004610236220472
20
0.7827718897637795
11
1.1978097244094488
21
0.7801205905511811
0
LINE
8
BLACK
6
CONTINUOUS
10
1.1978097244094488
20
0.7801205905511811
11
1.1975832283464567
21
0.7799347637795275
0
LINE
8
BLACK
6
CONTINUOUS
10
1.1975832283464567
20
0.7799347637795275
11
1.1975322047244095
21
0.7798758661417322
0
LINE
8
BLACK
6
CONTINUOUS
10
1.1975322047244095
20
0.7798758661417322
11
1.1974434251968504
21
0.77982
0
LINE
8
BLACK
6
CONTINUOUS
10
1.1974434251968504
20
0.77982
11
1.197362283464567
21
0.7797533858267717
0
LINE
8
BLACK
6
CONTINUOUS
10
1.197362283464567
20
0.7797533858267717
11
1.1972901968503937
21
0.7797235433070866
0
LINE
8
BLACK
6
CONTINUOUS
10
1.1972901968503937
20
0.7797235433070866
11
1.1970423228346456
21
0.7795674803149606
0
LINE
8
BLACK
6
CONTINUOUS
10
1.1970423228346456
20
0.7795674803149606
11
1.19173968503937
21
0.7769161417322834
0
LINE
8
BLACK
6
CONTINUOUS
10
1.19173968503937
20
0.7769161417322834
11
1.1911990944881889
21
0.7767092519685039
0
LINE
8
BLACK
6
CONTINUOUS
10
1.1911990944881889
20
0.7767092519685039
11
1.1910931889763778
21
0.7767017322834645
0
LINE
8
BLACK
6
CONTINUOUS
10
1.1910931889763778
20
0.7767017322834645
11
1.1909952362204723
21
0.7766611417322834
0
LINE
8
BLACK
6
CONTINUOUS
10
1.1909952362204723
20
0.7766611417322834
11
1.1904191732283464
21
0.7766044094488189
0
LINE
8
BLACK
6
CONTINUOUS
10
1.1904191732283464
20
0.7766044094488189
11
1.1877678346456693
21
0.7766044094488189
0
LINE
8
BLACK
6
CONTINUOUS
10
1.1877678346456693
20
0.7766044094488189
11
1.1871917716535432
21
0.7766611417322834
0
LINE
8
BLACK
6
CONTINUOUS
10
1.1871917716535432
20
0.7766611417322834
11
1.1861273622047244
21
0.7771020472440945
0
LINE
8
BLACK
6
CONTINUOUS
10
1.1861273622047244
20
0.7771020472440945
11
1.1853127165354331
21
0.7779166929133858
0
LINE
8
BLACK
6
CONTINUOUS
10
1.1853127165354331
20
0.7779166929133858
11
1.184871811023622
21
0.7789811023622047
0
LINE
8
BLACK
6
CONTINUOUS
10
1.184871811023622
20
0.7789811023622047
11
1.184871811023622
21
0.7801332283464567
0
LINE
8
BLACK
6
CONTINUOUS
10
1.184871811023622
20
0.7801332283464567
11
1.1853127165354331
21
0.7811976377952756
0
LINE
8
BLACK
6
CONTINUOUS
10
1.1853127165354331
20
0.7811976377952756
11
1.1861273622047244
21
0.7820122834645669
0
LINE
8
BLACK
6
CONTINUOUS
10
1.1861273622047244
20
0.7820122834645669
11
1.1871917716535432
21
0.7824531889763779
0
LINE
8
BLACK
6
CONTINUOUS
10
1.1871917716535432
20
0.7824531889763779
11
1.1877678346456693
21
0.7825099212598425
0
LINE
8
BLACK
6
CONTINUOUS
10
1.1877678346456693
20
0.7825099212598425
11
1.1897221259842519
21
0.7825099212598425
0
LINE
8
BLACK
6
CONTINUOUS
10
1.1897221259842519
20
0.7825099212598425
11
1.1939726771653543
21
0.7846352362204724
0
LINE
8
BLACK
6
CONTINUOUS
10
1.1939726771653543
20
0.7846352362204724
11
1.1959463779527559
21
0.786608937007874
0
LINE
8
BLACK
6
CONTINUOUS
10
1.1959463779527559
20
0.786608937007874
11
1.1980716929133859
21
0.7908595275590551
0
LINE
8
BLACK
6
CONTINUOUS
10
1.1980716929133859
20
0.7908595275590551
11
1.1980716929133859
21
0.7949859448818898
0
LINE
8
BLACK
6
CONTINUOUS
10
1.1980716929133859
20
0.7949859448818898
11
1.1970000393700788
21
0.7982007874015747
0
LINE
8
BLACK
6
CONTINUOUS
10
1.1970000393700788
20
0.7982007874015747
11
1.1933768503937008
21
0.8042394881889764
0
LINE
8
BLACK
6
CONTINUOUS
10
1.1933768503937008
20
0.8042394881889764
11
1.189913937007874
21
0.8077024015748031
0
LINE
8
BLACK
6
CONTINUOUS
10
1.189913937007874
20
0.8077024015748031
11
1.1838752362204723
21
0.8113256299212598
0
LINE
8
BLACK
6
CONTINUOUS
10
1.1838752362204723
20
0.8113256299212598
11
1.1806604330708661
21
0.8123972047244095
0
LINE
8
BLACK
6
CONTINUOUS
10
1.1806604330708661
20
0.8123972047244095
11
1.176533937007874
21
0.8123972047244095
0
LINE
8
BLACK
6
CONTINUOUS
10
1.176533937007874
20
0.8123972047244095
11
1.1722833858267716
21
0.8102719291338583
0
LINE
8
BLACK
6
CONTINUOUS
10
1.1722833858267716
20
0.8102719291338583
11
1.1703096850393702
21
0.8082982677165355
0
LINE
8
BLACK
6
CONTINUOUS
10
1.1703096850393702
20
0.8082982677165355
11
1.168184409448819
21
0.8040476771653543
0
LINE
8
BLACK
6
CONTINUOUS
10
1.168184409448819
20
0.8040476771653543
11
1.168184409448819
21
0.8020933858267716
0
LINE
8
BLACK
6
CONTINUOUS
10
1.168184409448819
20
0.8020933858267716
11
1.1681276771653544
21
0.8015173228346456
0
LINE
8
BLACK
6
CONTINUOUS
10
1.1681276771653544
20
0.8015173228346456
11
1.1676867716535433
21
0.8004529133858268
0
LINE
8
BLACK
6
CONTINUOUS
10
1.1676867716535433
20
0.8004529133858268
11
1.1668721259842521
21
0.7996382677165355
0
LINE
8
BLACK
6
CONTINUOUS
10
1.1668721259842521
20
0.7996382677165355
11
1.165807716535433
21
0.7991973622047244
0
LINE
8
BLACK
6
CONTINUOUS
10
1.165807716535433
20
0.7991973622047244
11
1.1646555905511811
21
0.7991973622047244
0
LINE
8
BLACK
6
CONTINUOUS
10
1.1646555905511811
20
0.7991973622047244
11
1.1635911811023623
21
0.7996382677165355
0
LINE
8
BLACK
6
CONTINUOUS
10
1.1635911811023623
20
0.7996382677165355
11
1.1627765354330708
21
0.8004529133858268
0
LINE
8
BLACK
6
CONTINUOUS
10
1.1627765354330708
20
0.8004529133858268
11
1.1623356299212597
21
0.8015173228346456
0
LINE
8
BLACK
6
CONTINUOUS
10
1.1623356299212597
20
0.8015173228346456
11
1.1622788976377953
21
0.8020933858267716
0
LINE
8
BLACK
6
CONTINUOUS
10
1.1622788976377953
20
0.8020933858267716
11
1.1622788976377953
21
0.80474468503937
0
LINE
8
BLACK
6
CONTINUOUS
10
1.1622788976377953
20
0.80474468503937
11
1.1623356299212597
21
0.805320748031496
0
LINE
8
BLACK
6
CONTINUOUS
10
1.1623356299212597
20
0.805320748031496
11
1.1623762204724408
21
0.805418779527559
0
LINE
8
BLACK
6
CONTINUOUS
10
1.1623762204724408
20
0.805418779527559
11
1.1623837401574804
21
0.8055245669291339
0
LINE
8
BLACK
6
CONTINUOUS
10
1.1623837401574804
20
0.8055245669291339
11
1.1625906299212598
21
0.8060651968503937
0
LINE
8
BLACK
6
CONTINUOUS
10
1.1625906299212598
20
0.8060651968503937
11
1.1652419291338583
21
0.8113677952755906
0
LINE
8
BLACK
6
CONTINUOUS
10
1.1652419291338583
20
0.8113677952755906
11
1.1653979527559055
21
0.8116157480314961
0
LINE
8
BLACK
6
CONTINUOUS
10
1.1653979527559055
20
0.8116157480314961
11
1.1654278346456692
21
0.8116877952755905
0
LINE
8
BLACK
6
CONTINUOUS
10
1.1654278346456692
20
0.8116877952755905
11
1.1654943700787401
21
0.811768937007874
0
LINE
8
BLACK
6
CONTINUOUS
10
1.1654943700787401
20
0.811768937007874
11
1.1655502755905511
21
0.8118576771653543
0
LINE
8
BLACK
6
CONTINUOUS
10
1.1655502755905511
20
0.8118576771653543
11
1.1656091732283465
21
0.811908779527559
0
LINE
8
BLACK
6
CONTINUOUS
10
1.1656091732283465
20
0.811908779527559
11
1.1657950393700787
21
0.8121352362204725
0
LINE
8
BLACK
6
CONTINUOUS
10
1.1657950393700787
20
0.8121352362204725
11
1.1684463779527559
21
0.8147865748031495
0
LINE
8
BLACK
6
CONTINUOUS
10
1.1684463779527559
20
0.8147865748031495
11
1.1686727559055119
21
0.8149724409448819
0
LINE
8
BLACK
6
CONTINUOUS
10
1.1686727559055119
20
0.8149724409448819
11
1.1687238976377952
21
0.8150313385826772
0
LINE
8
BLACK
6
CONTINUOUS
10
1.1687238976377952
20
0.8150313385826772
11
1.1688126377952757
21
0.8150872440944882
0
LINE
8
BLACK
6
CONTINUOUS
10
1.1688126377952757
20
0.8150872440944882
11
1.1688938188976377
21
0.8151538188976378
0
LINE
8
BLACK
6
CONTINUOUS
10
1.1688938188976377
20
0.8151538188976378
11
1.1689659448818897
21
0.8151837007874015
0
LINE
8
BLACK
6
CONTINUOUS
10
1.1689659448818897
20
0.8151837007874015
11
1.169213779527559
21
0.81533968503937
0
LINE
8
BLACK
6
CONTINUOUS
10
1.169213779527559
20
0.81533968503937
11
1.1745164173228346
21
0.8179909842519685
0
LINE
8
BLACK
6
CONTINUOUS
10
1.1745164173228346
20
0.8179909842519685
11
1.1750570472440944
21
0.8181978740157481
0
LINE
8
BLACK
6
CONTINUOUS
10
1.1750570472440944
20
0.8181978740157481
11
1.1751628346456693
21
0.8182053937007874
0
LINE
8
BLACK
6
CONTINUOUS
10
1.1751628346456693
20
0.8182053937007874
11
1.1752608661417323
21
0.8182459842519685
0
LINE
8
BLACK
6
CONTINUOUS
10
1.1752608661417323
20
0.8182459842519685
11
1.1758369291338582
21
0.8183027165354331
0
LINE
8
BLACK
6
CONTINUOUS
10
1.1758369291338582
20
0.8183027165354331
11
1.1811395669291338
21
0.8183027165354331
0
LINE
8
BLACK
6
CONTINUOUS
10
1.1811395669291338
20
0.8183027165354331
11
1.1814311023622046
21
0.8182740157480315
0
LINE
8
BLACK
6
CONTINUOUS
10
1.1814311023622046
20
0.8182740157480315
11
1.1815088582677165
21
0.8182795275590551
0
LINE
8
BLACK
6
CONTINUOUS
10
1.1815088582677165
20
0.8182795275590551
11
1.1816111023622047
21
0.8182562992125985
0
LINE
8
BLACK
6
CONTINUOUS
10
1.1816111023622047
20
0.8182562992125985
11
1.1817156299212599
21
0.8182459842519685
0
LINE
8
BLACK
6
CONTINUOUS
10
1.1817156299212599
20
0.8182459842519685
11
1.1817877165354331
21
0.8182161417322834
0
LINE
8
BLACK
6
CONTINUOUS
10
1.1817877165354331
20
0.8182161417322834
11
1.1820733070866141
21
0.8181511811023622
0
LINE
8
BLACK
6
CONTINUOUS
10
1.1820733070866141
20
0.8181511811023622
11
1.1853691338582677
21
0.8170525984251968
0
LINE
8
BLACK
6
CONTINUOUS
10
1.1853691338582677
20
0.8170525984251968
11
1.1224304724409448
21
0.8799912598425197
0
LINE
8
BLACK
6
CONTINUOUS
10
1.1224304724409448
20
0.8799912598425197
11
1.1218885433070866
21
0.8808023228346457
0
LINE
8
BLACK
6
CONTINUOUS
10
1.1218885433070866
20
0.8808023228346457
11
1.1218885433070866
21
0.8827157086614174
0
LINE
8
BLACK
6
CONTINUOUS
10
1.1218885433070866
20
0.8827157086614174
11
1.1232415354330709
21
0.8840687007874015
0
LINE
8
BLACK
6
CONTINUOUS
10
1.1232415354330709
20
0.8840687007874015
11
1.1251549212598424
21
0.8840687007874015
0
LINE
8
BLACK
6
CONTINUOUS
10
1.1251549212598424
20
0.8840687007874015
11
1.1259659842519685
21
0.8835267716535433
0
LINE
8
BLACK
6
CONTINUOUS
10
0.6144559842519685
20
0.7835210236220472
11
0.6157344094488189
21
0.7822425984251968
0
LINE
8
BLACK
6
CONTINUOUS
10
0.6157344094488189
20
0.7822425984251968
11
0.6157344094488189
21
0.7804346456692913
0
LINE
8
BLACK
6
CONTINUOUS
10
0.6157344094488189
20
0.7804346456692913
11
0.6144559842519685
21
0.7791562204724409
0
LINE
8
BLACK
6
CONTINUOUS
10
0.6144559842519685
20
0.7791562204724409
11
0.6135520078740158
21
0.7789764173228346
0
LINE
8
BLACK
6
CONTINUOUS
10
0.6135520078740158
20
0.7789764173228346
11
0.6003535039370078
21
0.7789764173228346
0
LINE
8
BLACK
6
CONTINUOUS
10
0.6003535039370078
20
0.7789764173228346
11
0.5994495275590551
21
0.7791562204724409
0
LINE
8
BLACK
6
CONTINUOUS
10
0.5994495275590551
20
0.7791562204724409
11
0.5981711023622047
21
0.7804346456692913
0
LINE
8
BLACK
6
CONTINUOUS
10
0.5981711023622047
20
0.7804346456692913
11
0.5981711023622047
21
0.7822425984251968
0
LINE
8
BLACK
6
CONTINUOUS
10
0.5981711023622047
20
0.7822425984251968
11
0.5994495275590551
21
0.7835210236220472
0
LINE
8
BLACK
6
CONTINUOUS
10
0.5994495275590551
20
0.7835210236220472
11
0.6003535039370078
21
0.7837008267716535
0
LINE
8
BLACK
6
CONTINUOUS
10
0.6003535039370078
20
0.7837008267716535
11
0.6135520078740158
21
0.7837008267716535
0
LINE
8
BLACK
6
CONTINUOUS
10
0.6135520078740158
20
0.7837008267716535
11
0.6144559842519685
21
0.7835210236220472
0
LINE
8
BLACK
6
CONTINUOUS
10
0.6553353149606299
20
0.8368008267716536
11
0.6563997244094488
21
0.8363599212598425
0
LINE
8
BLACK
6
CONTINUOUS
10
0.6563997244094488
20
0.8363599212598425
11
0.6572143700787402
21
0.8355452755905511
0
LINE
8
BLACK
6
CONTINUOUS
10
0.6572143700787402
20
0.8355452755905511
11
0.6576552755905511
21
0.8344808661417322
0
LINE
8
BLACK
6
CONTINUOUS
10
0.6576552755905511
20
0.8344808661417322
11
0.6577120078740157
21
0.8339048031496062
0
LINE
8
BLACK
6
CONTINUOUS
10
0.6577120078740157
20
0.8339048031496062
11
0.6577120078740157
21
0.7945347244094488
0
LINE
8
BLACK
6
CONTINUOUS
10
0.6577120078740157
20
0.7945347244094488
11
0.6576552755905511
21
0.7939586614173229
0
LINE
8
BLACK
6
CONTINUOUS
10
0.6576552755905511
20
0.7939586614173229
11
0.6572143700787402
21
0.7928942519685039
0
LINE
8
BLACK
6
CONTINUOUS
10
0.6572143700787402
20
0.7928942519685039
11
0.6563997244094488
21
0.7920796062992126
0
LINE
8
BLACK
6
CONTINUOUS
10
0.6563997244094488
20
0.7920796062992126
11
0.6553353149606299
21
0.7916387007874015
0
LINE
8
BLACK
6
CONTINUOUS
10
0.6553353149606299
20
0.7916387007874015
11
0.6541831889763779
21
0.7916387007874015
0
LINE
8
BLACK
6
CONTINUOUS
10
0.6541831889763779
20
0.7916387007874015
11
0.653118779527559
21
0.7920796062992126
0
LINE
8
BLACK
6
CONTINUOUS
10
0.653118779527559
20
0.7920796062992126
11
0.6523041338582677
21
0.7928942519685039
0
LINE
8
BLACK
6
CONTINUOUS
10
0.6523041338582677
20
0.7928942519685039
11
0.6518632283464567
21
0.7939586614173229
0
LINE
8
BLACK
6
CONTINUOUS
10
0.6518632283464567
20
0.7939586614173229
11
0.6518064960629921
21
0.7945347244094488
0
LINE
8
BLACK
6
CONTINUOUS
10
0.6518064960629921
20
0.7945347244094488
11
0.6518064960629921
21
0.8103296456692913
0
LINE
8
BLACK
6
CONTINUOUS
10
0.6518064960629921
20
0.8103296456692913
11
0.6469227952755905
21
0.8103296456692913
0
LINE
8
BLACK
6
CONTINUOUS
10
0.6469227952755905
20
0.8103296456692913
11
0.634681062992126
21
0.7928414173228346
0
LINE
8
BLACK
6
CONTINUOUS
10
0.634681062992126
20
0.7928414173228346
11
0.6343042519685039
21
0.7924020472440945
0
LINE
8
BLACK
6
CONTINUOUS
10
0.6343042519685039
20
0.7924020472440945
11
0.6333326377952756
21
0.791782874015748
0
LINE
8
BLACK
6
CONTINUOUS
10
0.6333326377952756
20
0.791782874015748
11
0.6321981102362204
21
0.7915826771653544
0
LINE
8
BLACK
6
CONTINUOUS
10
0.6321981102362204
20
0.7915826771653544
11
0.6310732677165354
21
0.7918318503937007
0
LINE
8
BLACK
6
CONTINUOUS
10
0.6310732677165354
20
0.7918318503937007
11
0.6301294094488189
21
0.7924925590551181
0
LINE
8
BLACK
6
CONTINUOUS
10
0.6301294094488189
20
0.7924925590551181
11
0.6295102362204724
21
0.7934641732283464
0
LINE
8
BLACK
6
CONTINUOUS
10
0.6295102362204724
20
0.7934641732283464
11
0.6293100393700787
21
0.7945987007874016
0
LINE
8
BLACK
6
CONTINUOUS
10
0.6293100393700787
20
0.7945987007874016
11
0.6295592125984252
21
0.7957235433070866
0
LINE
8
BLACK
6
CONTINUOUS
10
0.6295592125984252
20
0.7957235433070866
11
0.6298431102362204
21
0.796228031496063
0
LINE
8
BLACK
6
CONTINUOUS
10
0.6298431102362204
20
0.796228031496063
11
0.6397172440944882
21
0.8103339763779528
0
LINE
8
BLACK
6
CONTINUOUS
10
0.6397172440944882
20
0.8103339763779528
11
0.6391850787401575
21
0.8103863779527559
0
LINE
8
BLACK
6
CONTINUOUS
10
0.6391850787401575
20
0.8103863779527559
11
0.6390870866141732
21
0.810426968503937
0
LINE
8
BLACK
6
CONTINUOUS
10
0.6390870866141732
20
0.810426968503937
11
0.6389812204724409
21
0.8104344881889763
0
LINE
8
BLACK
6
CONTINUOUS
10
0.6389812204724409
20
0.8104344881889763
11
0.6384406299212598
21
0.8106413779527559
0
LINE
8
BLACK
6
CONTINUOUS
10
0.6384406299212598
20
0.8106413779527559
11
0.6346911023622047
21
0.8125161417322835
0
LINE
8
BLACK
6
CONTINUOUS
10
0.6346911023622047
20
0.8125161417322835
11
0.6344430708661417
21
0.8126722440944881
0
LINE
8
BLACK
6
CONTINUOUS
10
0.6344430708661417
20
0.8126722440944881
11
0.6343711417322835
21
0.8127020472440944
0
LINE
8
BLACK
6
CONTINUOUS
10
0.6343711417322835
20
0.8127020472440944
11
0.6342901574803149
21
0.8127685433070866
0
LINE
8
BLACK
6
CONTINUOUS
10
0.6342901574803149
20
0.8127685433070866
11
0.634201220472441
21
0.8128244881889763
0
LINE
8
BLACK
6
CONTINUOUS
10
0.634201220472441
20
0.8128244881889763
11
0.6341500393700787
21
0.8128835039370078
0
LINE
8
BLACK
6
CONTINUOUS
10
0.6341500393700787
20
0.8128835039370078
11
0.6339237007874016
21
0.8130692519685039
0
LINE
8
BLACK
6
CONTINUOUS
10
0.6339237007874016
20
0.8130692519685039
11
0.632048937007874
21
0.8149440157480314
0
LINE
8
BLACK
6
CONTINUOUS
10
0.632048937007874
20
0.8149440157480314
11
0.6318631496062992
21
0.8151703937007874
0
LINE
8
BLACK
6
CONTINUOUS
10
0.6318631496062992
20
0.8151703937007874
11
0.6318041732283465
21
0.8152215354330709
0
LINE
8
BLACK
6
CONTINUOUS
10
0.6318041732283465
20
0.8152215354330709
11
0.631748188976378
21
0.8153105118110237
0
LINE
8
BLACK
6
CONTINUOUS
10
0.631748188976378
20
0.8153105118110237
11
0.6316817322834646
21
0.8153914566929134
0
LINE
8
BLACK
6
CONTINUOUS
10
0.6316817322834646
20
0.8153914566929134
11
0.6316518897637795
21
0.8154634251968503
0
LINE
8
BLACK
6
CONTINUOUS
10
0.6316518897637795
20
0.8154634251968503
11
0.6314958267716535
21
0.8157114173228346
0
LINE
8
BLACK
6
CONTINUOUS
10
0.6314958267716535
20
0.8157114173228346
11
0.6296210629921259
21
0.8194609448818897
0
LINE
8
BLACK
6
CONTINUOUS
10
0.6296210629921259
20
0.8194609448818897
11
0.6294141732283465
21
0.8200015748031496
0
LINE
8
BLACK
6
CONTINUOUS
10
0.6294141732283465
20
0.8200015748031496
11
0.629406653543307
21
0.8201074015748031
0
LINE
8
BLACK
6
CONTINUOUS
10
0.629406653543307
20
0.8201074015748031
11
0.6293660629921259
21
0.8202053937007874
0
LINE
8
BLACK
6
CONTINUOUS
10
0.6293660629921259
20
0.8202053937007874
11
0.6293093307086614
21
0.8207814566929134
0
LINE
8
BLACK
6
CONTINUOUS
10
0.6293093307086614
20
0.8207814566929134
11
0.6293093307086614
21
0.826405748031496
0
LINE
8
BLACK
6
CONTINUOUS
10
0.6293093307086614
20
0.826405748031496
11
0.6293660629921259
21
0.826981811023622
0
LINE
8
BLACK
6
CONTINUOUS
10
0.6293660629921259
20
0.826981811023622
11
0.629406653543307
21
0.827079842519685
0
LINE
8
BLACK
6
CONTINUOUS
10
0.629406653543307
20
0.827079842519685
11
0.6294141732283465
21
0.8271856299212598
0
LINE
8
BLACK
6
CONTINUOUS
10
0.6294141732283465
20
0.8271856299212598
11
0.6296210629921259
21
0.8277262598425197
0
LINE
8
BLACK
6
CONTINUOUS
10
0.6296210629921259
20
0.8277262598425197
11
0.6314958267716535
21
0.8314757874015748
0
LINE
8
BLACK
6
CONTINUOUS
10
0.6314958267716535
20
0.8314757874015748
11
0.6316518897637795
21
0.8317238188976378
0
LINE
8
BLACK
6
CONTINUOUS
10
0.6316518897637795
20
0.8317238188976378
11
0.6316817322834646
21
0.831795748031496
0
LINE
8
BLACK
6
CONTINUOUS
10
0.6316817322834646
20
0.831795748031496
11
0.631748188976378
21
0.8318767322834646
0
LINE
8
BLACK
6
CONTINUOUS
10
0.631748188976378
20
0.8318767322834646
11
0.6318041732283465
21
0.8319656692913385
0
LINE
8
BLACK
6
CONTINUOUS
10
0.6318041732283465
20
0.8319656692913385
11
0.6318631496062992
21
0.8320168503937008
0
LINE
8
BLACK
6
CONTINUOUS
10
0.6318631496062992
20
0.8320168503937008
11
0.632048937007874
21
0.8322431889763779
0
LINE
8
BLACK
6
CONTINUOUS
10
0.632048937007874
20
0.8322431889763779
11
0.6339237007874016
21
0.8341179527559055
0
LINE
8
BLACK
6
CONTINUOUS
10
0.6339237007874016
20
0.8341179527559055
11
0.6341500393700787
21
0.8343037401574803
0
LINE
8
BLACK
6
CONTINUOUS
10
0.6341500393700787
20
0.8343037401574803
11
0.634201220472441
21
0.834362716535433
0
LINE
8
BLACK
6
CONTINUOUS
10
0.634201220472441
20
0.834362716535433
11
0.6342901574803149
21
0.8344187007874015
0
LINE
8
BLACK
6
CONTINUOUS
10
0.6342901574803149
20
0.8344187007874015
11
0.6343711417322835
21
0.8344851574803149
0
LINE
8
BLACK
6
CONTINUOUS
10
0.6343711417322835
20
0.8344851574803149
11
0.6344430708661417
21
0.834515
0
LINE
8
BLACK
6
CONTINUOUS
10
0.6344430708661417
20
0.834515
11
0.6346911023622047
21
0.834671062992126
0
LINE
8
BLACK
6
CONTINUOUS
10
0.6346911023622047
20
0.834671062992126
11
0.6384406299212598
21
0.8365458267716536
0
LINE
8
BLACK
6
CONTINUOUS
10
0.6384406299212598
20
0.8365458267716536
11
0.6389812204724409
21
0.836752716535433
0
LINE
8
BLACK
6
CONTINUOUS
10
0.6389812204724409
20
0.836752716535433
11
0.6390870866141732
21
0.8367602755905512
0
LINE
8
BLACK
6
CONTINUOUS
10
0.6390870866141732
20
0.8367602755905512
11
0.6391850787401575
21
0.8368008267716536
0
LINE
8
BLACK
6
CONTINUOUS
10
0.6391850787401575
20
0.8368008267716536
11
0.6397611417322835
21
0.836857559055118
0
LINE
8
BLACK
6
CONTINUOUS
10
0.6397611417322835
20
0.836857559055118
11
0.6547592519685039
21
0.836857559055118
0
LINE
8
BLACK
6
CONTINUOUS
10
0.6547592519685039
20
0.836857559055118
11
0.6553353149606299
21
0.8368008267716536
0
LINE
8
BLACK
6
CONTINUOUS
10
0.6377607086614173
20
0.8296033070866141
11
0.6365635826771653
21
0.8284061811023622
0
LINE
8
BLACK
6
CONTINUOUS
10
0.6365635826771653
20
0.8284061811023622
11
0.6352148425196851
21
0.8257087007874016
0
LINE
8
BLACK
6
CONTINUOUS
10
0.6352148425196851
20
0.8257087007874016
11
0.6352148425196851
21
0.8214785039370078
0
LINE
8
BLACK
6
CONTINUOUS
10
0.6352148425196851
20
0.8214785039370078
11
0.6365635826771653
21
0.8187810236220472
0
LINE
8
BLACK
6
CONTINUOUS
10
0.6365635826771653
20
0.8187810236220472
11
0.6377607086614173
21
0.8175838976377953
0
LINE
8
BLACK
6
CONTINUOUS
10
0.6377607086614173
20
0.8175838976377953
11
0.640458188976378
21
0.8162351574803149
0
LINE
8
BLACK
6
CONTINUOUS
10
0.640458188976378
20
0.8162351574803149
11
0.6518064960629921
21
0.8162351574803149
0
LINE
8
BLACK
6
CONTINUOUS
10
0.6518064960629921
20
0.8162351574803149
11
0.6518064960629921
21
0.8309520472440944
0
LINE
8
BLACK
6
CONTINUOUS
10
0.6518064960629921
20
0.8309520472440944
11
0.640458188976378
21
0.8309520472440944
0
LINE
8
BLACK
6
CONTINUOUS
10
0.640458188976378
20
0.8309520472440944
11
0.6377607086614173
21
0.8296033070866141
0
LINE
8
BLACK
6
CONTINUOUS
10
1.171376377952756
20
0.8642510236220472
11
1.1778257874015747
21
0.8578016535433071
0
LINE
8
BLACK
6
CONTINUOUS
10
1.1778257874015747
20
0.8578016535433071
11
1.178337874015748
21
0.8570352755905511
0
LINE
8
BLACK
6
CONTINUOUS
10
1.178337874015748
20
0.8570352755905511
11
1.178337874015748
21
0.8552273228346456
0
LINE
8
BLACK
6
CONTINUOUS
10
1.178337874015748
20
0.8552273228346456
11
1.1770594488188977
21
0.8539488976377952
0
LINE
8
BLACK
6
CONTINUOUS
10
1.1770594488188977
20
0.8539488976377952
11
1.1752514960629921
21
0.8539488976377952
0
LINE
8
BLACK
6
CONTINUOUS
10
1.1752514960629921
20
0.8539488976377952
11
1.1744851181102363
21
0.8544609842519685
0
LINE
8
BLACK
6
CONTINUOUS
10
1.1744851181102363
20
0.8544609842519685
11
1.168035748031496
21
0.8609103937007874
0
LINE
8
BLACK
6
CONTINUOUS
10
1.168035748031496
20
0.8609103937007874
11
1.1675236614173228
21
0.8616767322834645
0
LINE
8
BLACK
6
CONTINUOUS
10
1.1675236614173228
20
0.8616767322834645
11
1.1675236614173228
21
0.86348468503937
0
LINE
8
BLACK
6
CONTINUOUS
10
1.1675236614173228
20
0.86348468503937
11
1.1688020866141733
21
0.8647631102362204
0
LINE
8
BLACK
6
CONTINUOUS
10
1.1688020866141733
20
0.8647631102362204
11
1.1706100393700787
21
0.8647631102362204
0
LINE
8
BLACK
6
CONTINUOUS
10
1.1706100393700787
20
0.8647631102362204
11
1.171376377952756
21
0.8642510236220472
0
LINE
8
BLACK
6
CONTINUOUS
10
1.2488954724409449
20
0.8991965748031496
11
1.2489934645669292
21
0.8991559842519685
0
LINE
8
BLACK
6
CONTINUOUS
10
1.2489934645669292
20
0.8991559842519685
11
1.2490992913385826
21
0.8991484645669291
0
LINE
8
BLACK
6
CONTINUOUS
10
1.2490992913385826
20
0.8991484645669291
11
1.2496399212598426
21
0.8989415748031496
0
LINE
8
BLACK
6
CONTINUOUS
10
1.2496399212598426
20
0.8989415748031496
11
1.2549425196850394
21
0.8962902755905512
0
LINE
8
BLACK
6
CONTINUOUS
10
1.2549425196850394
20
0.8962902755905512
11
1.2551904330708661
21
0.8961342519685039
0
LINE
8
BLACK
6
CONTINUOUS
10
1.2551904330708661
20
0.8961342519685039
11
1.2552625196850393
21
0.8961043700787401
0
LINE
8
BLACK
6
CONTINUOUS
10
1.2552625196850393
20
0.8961043700787401
11
1.255343622047244
21
0.8960378346456692
0
LINE
8
BLACK
6
CONTINUOUS
10
1.255343622047244
20
0.8960378346456692
11
1.2554324015748031
21
0.8959819291338582
0
LINE
8
BLACK
6
CONTINUOUS
10
1.2554324015748031
20
0.8959819291338582
11
1.2554834645669291
21
0.895923031496063
0
LINE
8
BLACK
6
CONTINUOUS
10
1.2554834645669291
20
0.895923031496063
11
1.2557099606299211
21
0.8957371653543307
0
LINE
8
BLACK
6
CONTINUOUS
10
1.2557099606299211
20
0.8957371653543307
11
1.2583612992125983
21
0.8930858267716535
0
LINE
8
BLACK
6
CONTINUOUS
10
1.2583612992125983
20
0.8930858267716535
11
1.258547125984252
21
0.8928594488188977
0
LINE
8
BLACK
6
CONTINUOUS
10
1.258547125984252
20
0.8928594488188977
11
1.2586060629921259
21
0.8928083070866142
0
LINE
8
BLACK
6
CONTINUOUS
10
1.2586060629921259
20
0.8928083070866142
11
1.2586619291338583
21
0.8927195669291338
0
LINE
8
BLACK
6
CONTINUOUS
10
1.2586619291338583
20
0.8927195669291338
11
1.2587285433070865
21
0.8926383858267717
0
LINE
8
BLACK
6
CONTINUOUS
10
1.2587285433070865
20
0.8926383858267717
11
1.2587583858267717
21
0.8925662598425197
0
LINE
8
BLACK
6
CONTINUOUS
10
1.2587583858267717
20
0.8925662598425197
11
1.2589144094488189
21
0.8923184251968503
0
LINE
8
BLACK
6
CONTINUOUS
10
1.2589144094488189
20
0.8923184251968503
11
1.2615657086614174
21
0.8870157874015748
0
LINE
8
BLACK
6
CONTINUOUS
10
1.2615657086614174
20
0.8870157874015748
11
1.2617725984251968
21
0.8864751574803149
0
LINE
8
BLACK
6
CONTINUOUS
10
1.2617725984251968
20
0.8864751574803149
11
1.2617800787401574
21
0.8863693700787402
0
LINE
8
BLACK
6
CONTINUOUS
10
1.2617800787401574
20
0.8863693700787402
11
1.2618207086614173
21
0.8862713385826771
0
LINE
8
BLACK
6
CONTINUOUS
10
1.2618207086614173
20
0.8862713385826771
11
1.2618774409448819
21
0.8856952755905512
0
LINE
8
BLACK
6
CONTINUOUS
10
1.2618774409448819
20
0.8856952755905512
11
1.2618774409448819
21
0.8803926377952755
0
LINE
8
BLACK
6
CONTINUOUS
10
1.2618774409448819
20
0.8803926377952755
11
1.2618487007874015
21
0.8801011023622047
0
LINE
8
BLACK
6
CONTINUOUS
10
1.2618487007874015
20
0.8801011023622047
11
1.2618542519685039
21
0.8800233464566929
0
LINE
8
BLACK
6
CONTINUOUS
10
1.2618542519685039
20
0.8800233464566929
11
1.2618309842519684
21
0.8799211023622047
0
LINE
8
BLACK
6
CONTINUOUS
10
1.2618309842519684
20
0.8799211023622047
11
1.2618207086614173
21
0.8798165748031496
0
LINE
8
BLACK
6
CONTINUOUS
10
1.2618207086614173
20
0.8798165748031496
11
1.2617908267716536
21
0.8797444881889763
0
LINE
8
BLACK
6
CONTINUOUS
10
1.2617908267716536
20
0.8797444881889763
11
1.2617259055118111
21
0.8794588976377953
0
LINE
8
BLACK
6
CONTINUOUS
10
1.2617259055118111
20
0.8794588976377953
11
1.2604002755905512
21
0.8754819291338582
0
LINE
8
BLACK
6
CONTINUOUS
10
1.2604002755905512
20
0.8754819291338582
11
1.2603818503937008
21
0.8754407480314961
0
LINE
8
BLACK
6
CONTINUOUS
10
1.2603818503937008
20
0.8754407480314961
11
1.2603787401574802
21
0.8754196456692913
0
LINE
8
BLACK
6
CONTINUOUS
10
1.2603787401574802
20
0.8754196456692913
11
1.2602688188976379
21
0.8751875984251968
0
LINE
8
BLACK
6
CONTINUOUS
10
1.2602688188976379
20
0.8751875984251968
11
1.2601642913385827
21
0.8749533858267716
0
LINE
8
BLACK
6
CONTINUOUS
10
1.2601642913385827
20
0.8749533858267716
11
1.2601503149606299
21
0.8749373228346456
0
LINE
8
BLACK
6
CONTINUOUS
10
1.2601503149606299
20
0.8749373228346456
11
1.2601310236220473
21
0.8748964960629921
0
LINE
8
BLACK
6
CONTINUOUS
10
1.2601310236220473
20
0.8748964960629921
11
1.2561540157480315
21
0.8682681889763779
0
LINE
8
BLACK
6
CONTINUOUS
10
1.2561540157480315
20
0.8682681889763779
11
1.2560938976377953
21
0.8681872440944882
0
LINE
8
BLACK
6
CONTINUOUS
10
1.2560938976377953
20
0.8681872440944882
11
1.2560772047244093
21
0.8681468897637795
0
LINE
8
BLACK
6
CONTINUOUS
10
1.2560772047244093
20
0.8681468897637795
11
1.2559387007874014
21
0.8679781889763779
0
LINE
8
BLACK
6
CONTINUOUS
10
1.2559387007874014
20
0.8679781889763779
11
1.2558089763779527
21
0.8678033858267716
0
LINE
8
BLACK
6
CONTINUOUS
10
1.2558089763779527
20
0.8678033858267716
11
1.2557739763779527
21
0.8677774803149606
0
LINE
8
BLACK
6
CONTINUOUS
10
1.2557739763779527
20
0.8677774803149606
11
1.2557099606299211
21
0.8676994488188976
0
LINE
8
BLACK
6
CONTINUOUS
10
1.2557099606299211
20
0.8676994488188976
11
1.2517329921259843
21
0.8637224803149606
0
LINE
8
BLACK
6
CONTINUOUS
10
1.2517329921259843
20
0.8637224803149606
11
1.2516549606299212
21
0.8636584645669291
0
LINE
8
BLACK
6
CONTINUOUS
10
1.2516549606299212
20
0.8636584645669291
11
1.2516290157480314
21
0.8636234251968504
0
LINE
8
BLACK
6
CONTINUOUS
10
1.2516290157480314
20
0.8636234251968504
11
1.2514538582677166
21
0.8634934251968504
0
LINE
8
BLACK
6
CONTINUOUS
10
1.2514538582677166
20
0.8634934251968504
11
1.2512855511811023
21
0.8633552755905511
0
LINE
8
BLACK
6
CONTINUOUS
10
1.2512855511811023
20
0.8633552755905511
11
1.25124531496063
21
0.8633386220472441
0
LINE
8
BLACK
6
CONTINUOUS
10
1.25124531496063
20
0.8633386220472441
11
1.251164251968504
21
0.8632784251968504
0
LINE
8
BLACK
6
CONTINUOUS
10
1.251164251968504
20
0.8632784251968504
11
1.2445359448818898
21
0.8593014566929134
0
LINE
8
BLACK
6
CONTINUOUS
10
1.2445359448818898
20
0.8593014566929134
11
1.2444951181102362
21
0.8592821653543307
0
LINE
8
BLACK
6
CONTINUOUS
10
1.2444951181102362
20
0.8592821653543307
11
1.2444790551181102
21
0.8592681889763779
0
LINE
8
BLACK
6
CONTINUOUS
10
1.2444790551181102
20
0.8592681889763779
11
1.244244842519685
21
0.8591636614173228
0
LINE
8
BLACK
6
CONTINUOUS
10
1.244244842519685
20
0.8591636614173228
11
1.2440127952755906
21
0.8590537401574803
0
LINE
8
BLACK
6
CONTINUOUS
10
1.2440127952755906
20
0.8590537401574803
11
1.2439916929133858
21
0.8590506299212598
0
LINE
8
BLACK
6
CONTINUOUS
10
1.2439916929133858
20
0.8590506299212598
11
1.2439505118110237
21
0.8590322047244094
0
LINE
8
BLACK
6
CONTINUOUS
10
1.2439505118110237
20
0.8590322047244094
11
1.2399735433070866
21
0.8577065354330708
0
LINE
8
BLACK
6
CONTINUOUS
10
1.2399735433070866
20
0.8577065354330708
11
1.2396879527559055
21
0.8576416141732284
0
LINE
8
BLACK
6
CONTINUOUS
10
1.2396879527559055
20
0.8576416141732284
11
1.2396158661417322
21
0.8576117322834645
0
LINE
8
BLACK
6
CONTINUOUS
10
1.2396158661417322
20
0.8576117322834645
11
1.239511338582677
21
0.8576014566929133
0
LINE
8
BLACK
6
CONTINUOUS
10
1.239511338582677
20
0.8576014566929133
11
1.239409094488189
21
0.8575781889763779
0
LINE
8
BLACK
6
CONTINUOUS
10
1.239409094488189
20
0.8575781889763779
11
1.2393313385826772
21
0.8575837401574803
0
LINE
8
BLACK
6
CONTINUOUS
10
1.2393313385826772
20
0.8575837401574803
11
1.2390398031496064
21
0.857555
0
LINE
8
BLACK
6
CONTINUOUS
10
1.2390398031496064
20
0.857555
11
1.2337371653543308
21
0.857555
0
LINE
8
BLACK
6
CONTINUOUS
10
1.2337371653543308
20
0.857555
11
1.2331611023622047
21
0.8576117322834645
0
LINE
8
BLACK
6
CONTINUOUS
10
1.2331611023622047
20
0.8576117322834645
11
1.2330630708661416
21
0.8576523622047244
0
LINE
8
BLACK
6
CONTINUOUS
10
1.2330630708661416
20
0.8576523622047244
11
1.232957283464567
21
0.857659842519685
0
LINE
8
BLACK
6
CONTINUOUS
10
1.232957283464567
20
0.857659842519685
11
1.232416653543307
21
0.8578667322834646
0
LINE
8
BLACK
6
CONTINUOUS
10
1.232416653543307
20
0.8578667322834646
11
1.2271140157480314
21
0.8605180708661417
0
LINE
8
BLACK
6
CONTINUOUS
10
1.2271140157480314
20
0.8605180708661417
11
1.2268661023622047
21
0.8606741338582677
0
LINE
8
BLACK
6
CONTINUOUS
10
1.2268661023622047
20
0.8606741338582677
11
1.2267940551181102
21
0.8607039763779527
0
LINE
8
BLACK
6
CONTINUOUS
10
1.2267940551181102
20
0.8607039763779527
11
1.226712874015748
21
0.8607705905511811
0
LINE
8
BLACK
6
CONTINUOUS
10
1.226712874015748
20
0.8607705905511811
11
1.2266241338582677
21
0.8608264566929134
0
LINE
8
BLACK
6
CONTINUOUS
10
1.2266241338582677
20
0.8608264566929134
11
1.2265730708661418
21
0.8608853543307087
0
LINE
8
BLACK
6
CONTINUOUS
10
1.2265730708661418
20
0.8608853543307087
11
1.2263466141732282
21
0.8610711811023621
0
LINE
8
BLACK
6
CONTINUOUS
10
1.2263466141732282
20
0.8610711811023621
11
1.22369531496063
21
0.8637224803149606
0
LINE
8
BLACK
6
CONTINUOUS
10
1.22369531496063
20
0.8637224803149606
11
1.2235094488188976
21
0.8639489763779528
0
LINE
8
BLACK
6
CONTINUOUS
10
1.2235094488188976
20
0.8639489763779528
11
1.223450590551181
21
0.864
0
LINE
8
BLACK
6
CONTINUOUS
10
1.223450590551181
20
0.864
11
1.22339468503937
21
0.864088779527559
0
LINE
8
BLACK
6
CONTINUOUS
10
1.22339468503937
20
0.864088779527559
11
1.2233281102362203
21
0.8641699212598425
0
LINE
8
BLACK
6
CONTINUOUS
10
1.2233281102362203
20
0.8641699212598425
11
1.2232982283464566
21
0.8642420078740157
0
LINE
8
BLACK
6
CONTINUOUS
10
1.2232982283464566
20
0.8642420078740157
11
1.2231422047244094
21
0.8644898818897637
0
LINE
8
BLACK
6
CONTINUOUS
10
1.2231422047244094
20
0.8644898818897637
11
1.2204908661417322
21
0.8697925196850393
0
LINE
8
BLACK
6
CONTINUOUS
10
1.2204908661417322
20
0.8697925196850393
11
1.2202839763779527
21
0.8703331102362204
0
LINE
8
BLACK
6
CONTINUOUS
10
1.2202839763779527
20
0.8703331102362204
11
1.2202764173228347
21
0.8704390157480315
0
LINE
8
BLACK
6
CONTINUOUS
10
1.2202764173228347
20
0.8704390157480315
11
1.2202358661417323
21
0.870536968503937
0
LINE
8
BLACK
6
CONTINUOUS
10
1.2202358661417323
20
0.870536968503937
11
1.2201791338582677
21
0.871113031496063
0
LINE
8
BLACK
6
CONTINUOUS
10
1.2201791338582677
20
0.871113031496063
11
1.2201791338582677
21
0.8737643700787401
0
LINE
8
BLACK
6
CONTINUOUS
10
1.2201791338582677
20
0.8737643700787401
11
1.2202358661417323
21
0.8743404330708662
0
LINE
8
BLACK
6
CONTINUOUS
10
1.2202358661417323
20
0.8743404330708662
11
1.2206767716535434
21
0.875404842519685
0
LINE
8
BLACK
6
CONTINUOUS
10
1.2206767716535434
20
0.875404842519685
11
1.2214914173228346
21
0.8762194881889763
0
LINE
8
BLACK
6
CONTINUOUS
10
1.2214914173228346
20
0.8762194881889763
11
1.2225558267716534
21
0.8766603937007874
0
LINE
8
BLACK
6
CONTINUOUS
10
1.2225558267716534
20
0.8766603937007874
11
1.2237079527559054
21
0.8766603937007874
0
LINE
8
BLACK
6
CONTINUOUS
10
1.2237079527559054
20
0.8766603937007874
11
1.2247723622047244
21
0.8762194881889763
0
LINE
8
BLACK
6
CONTINUOUS
10
1.2247723622047244
20
0.8762194881889763
11
1.2255870078740156
21
0.875404842519685
0
LINE
8
BLACK
6
CONTINUOUS
10
1.2255870078740156
20
0.875404842519685
11
1.2260279133858267
21
0.8743404330708662
0
LINE
8
BLACK
6
CONTINUOUS
10
1.2260279133858267
20
0.8743404330708662
11
1.2260846456692913
21
0.8737643700787401
0
LINE
8
BLACK
6
CONTINUOUS
10
1.2260846456692913
20
0.8737643700787401
11
1.2260846456692913
21
0.8718101181102362
0
LINE
8
BLACK
6
CONTINUOUS
10
1.2260846456692913
20
0.8718101181102362
11
1.2282099212598425
21
0.8675595275590551
0
LINE
8
BLACK
6
CONTINUOUS
10
1.2282099212598425
20
0.8675595275590551
11
1.230183622047244
21
0.8655858267716535
0
LINE
8
BLACK
6
CONTINUOUS
10
1.230183622047244
20
0.8655858267716535
11
1.2344342125984251
21
0.8634605118110236
0
LINE
8
BLACK
6
CONTINUOUS
10
1.2344342125984251
20
0.8634605118110236
11
1.2385606692913385
21
0.8634605118110236
0
LINE
8
BLACK
6
CONTINUOUS
10
1.2385606692913385
20
0.8634605118110236
11
1.2417755118110236
21
0.8645321653543306
0
LINE
8
BLACK
6
CONTINUOUS
10
1.2417755118110236
20
0.8645321653543306
11
1.2478141732283465
21
0.8681553543307087
0
LINE
8
BLACK
6
CONTINUOUS
10
1.2478141732283465
20
0.8681553543307087
11
1.2512770866141731
21
0.8716182677165354
0
LINE
8
BLACK
6
CONTINUOUS
10
1.2512770866141731
20
0.8716182677165354
11
1.2549003149606299
21
0.877656968503937
0
LINE
8
BLACK
6
CONTINUOUS
10
1.2549003149606299
20
0.877656968503937
11
1.2559719291338582
21
0.8808717716535432
0
LINE
8
BLACK
6
CONTINUOUS
10
1.2559719291338582
20
0.8808717716535432
11
1.2559719291338582
21
0.8849982677165354
0
LINE
8
BLACK
6
CONTINUOUS
10
1.2559719291338582
20
0.8849982677165354
11
1.253846653543307
21
0.8892488188976377
0
LINE
8
BLACK
6
CONTINUOUS
10
1.253846653543307
20
0.8892488188976377
11
1.2518729527559054
21
0.8912225196850394
0
LINE
8
BLACK
6
CONTINUOUS
10
1.2518729527559054
20
0.8912225196850394
11
1.2476223622047244
21
0.8933477952755905
0
LINE
8
BLACK
6
CONTINUOUS
10
1.2476223622047244
20
0.8933477952755905
11
1.2456681102362204
21
0.8933477952755905
0
LINE
8
BLACK
6
CONTINUOUS
10
1.2456681102362204
20
0.8933477952755905
11
1.2450920472440945
21
0.8934045275590551
0
LINE
8
BLACK
6
CONTINUOUS
10
1.2450920472440945
20
0.8934045275590551
11
1.2440276377952755
21
0.8938454330708662
0
LINE
8
BLACK
6
CONTINUOUS
10
1.2440276377952755
20
0.8938454330708662
11
1.2432129921259842
21
0.8946600787401574
0
LINE
8
BLACK
6
CONTINUOUS
10
1.2432129921259842
20
0.8946600787401574
11
1.2427720866141732
21
0.8957244881889763
0
LINE
8
BLACK
6
CONTINUOUS
10
1.2427720866141732
20
0.8957244881889763
11
1.2427720866141732
21
0.8968766141732283
0
LINE
8
BLACK
6
CONTINUOUS
10
1.2427720866141732
20
0.8968766141732283
11
1.2432129921259842
21
0.8979410236220472
0
LINE
8
BLACK
6
CONTINUOUS
10
1.2432129921259842
20
0.8979410236220472
11
1.2440276377952755
21
0.8987556692913385
0
LINE
8
BLACK
6
CONTINUOUS
10
1.2440276377952755
20
0.8987556692913385
11
1.2450920472440945
21
0.8991965748031496
0
LINE
8
BLACK
6
CONTINUOUS
10
1.2450920472440945
20
0.8991965748031496
11
1.2456681102362204
21
0.8992533070866141
0
LINE
8
BLACK
6
CONTINUOUS
10
1.2456681102362204
20
0.8992533070866141
11
1.2483194094488188
21
0.8992533070866141
0
LINE
8
BLACK
6
CONTINUOUS
10
1.2483194094488188
20
0.8992533070866141
11
1.2488954724409449
21
0.8991965748031496
0
LINE
8
BLACK
6
CONTINUOUS
10
1.1914203543307087
20
0.8842949999999999
11
1.1978697637795275
21
0.8778456299212598
0
LINE
8
BLACK
6
CONTINUOUS
10
1.1978697637795275
20
0.8778456299212598
11
1.1983818503937007
21
0.8770792519685039
0
LINE
8
BLACK
6
CONTINUOUS
10
1.1983818503937007
20
0.8770792519685039
11
1.1983818503937007
21
0.8752712992125984
0
LINE
8
BLACK
6
CONTINUOUS
10
1.1983818503937007
20
0.8752712992125984
11
1.1971034251968504
21
0.873992874015748
0
LINE
8
BLACK
6
CONTINUOUS
10
1.1971034251968504
20
0.873992874015748
11
1.1952954724409448
21
0.873992874015748
0
LINE
8
BLACK
6
CONTINUOUS
10
1.1952954724409448
20
0.873992874015748
11
1.194529094488189
21
0.8745049606299212
0
LINE
8
BLACK
6
CONTINUOUS
10
1.194529094488189
20
0.8745049606299212
11
1.1880797244094488
21
0.8809543700787401
0
LINE
8
BLACK
6
CONTINUOUS
10
1.1880797244094488
20
0.8809543700787401
11
1.1875676377952755
21
0.8817207086614173
0
LINE
8
BLACK
6
CONTINUOUS
10
1.1875676377952755
20
0.8817207086614173
11
1.1875676377952755
21
0.8835286614173228
0
LINE
8
BLACK
6
CONTINUOUS
10
1.1875676377952755
20
0.8835286614173228
11
1.188846062992126
21
0.8848070866141732
0
LINE
8
BLACK
6
CONTINUOUS
10
1.188846062992126
20
0.8848070866141732
11
1.1906540157480314
21
0.8848070866141732
0
LINE
8
BLACK
6
CONTINUOUS
10
1.1906540157480314
20
0.8848070866141732
11
1.1914203543307087
21
0.8842949999999999
0
LINE
8
BLACK
6
CONTINUOUS
10
1.2234234251968503
20
0.9244121653543307
11
1.2235011811023622
21
0.9244176771653543
0
LINE
8
BLACK
6
CONTINUOUS
10
1.2235011811023622
20
0.9244176771653543
11
1.2236034251968504
21
0.9243944488188977
0
LINE
8
BLACK
6
CONTINUOUS
10
1.2236034251968504
20
0.9243944488188977
11
1.2237079527559054
21
0.9243841338582677
0
LINE
8
BLACK
6
CONTINUOUS
10
1.2237079527559054
20
0.9243841338582677
11
1.2237800393700786
21
0.9243542913385826
0
LINE
8
BLACK
6
CONTINUOUS
10
1.2237800393700786
20
0.9243542913385826
11
1.2240656299212598
21
0.9242893307086614
0
LINE
8
BLACK
6
CONTINUOUS
10
1.2240656299212598
20
0.9242893307086614
11
1.2280425984251968
21
0.9229636614173228
0
LINE
8
BLACK
6
CONTINUOUS
10
1.2280425984251968
20
0.9229636614173228
11
1.2285711417322835
21
0.9227276771653543
0
LINE
8
BLACK
6
CONTINUOUS
10
1.2285711417322835
20
0.9227276771653543
11
1.2286512598425197
21
0.922658188976378
0
LINE
8
BLACK
6
CONTINUOUS
10
1.2286512598425197
20
0.922658188976378
11
1.2287493307086614
21
0.9226175590551181
0
LINE
8
BLACK
6
CONTINUOUS
10
1.2287493307086614
20
0.9226175590551181
11
1.2291967716535432
21
0.9222503543307087
0
LINE
8
BLACK
6
CONTINUOUS
10
1.2291967716535432
20
0.9222503543307087
11
1.2358250787401575
21
0.9156220472440945
0
LINE
8
BLACK
6
CONTINUOUS
10
1.2358250787401575
20
0.9156220472440945
11
1.2361923228346456
21
0.9151745669291338
0
LINE
8
BLACK
6
CONTINUOUS
10
1.2361923228346456
20
0.9151745669291338
11
1.236232874015748
21
0.9150766141732283
0
LINE
8
BLACK
6
CONTINUOUS
10
1.236232874015748
20
0.9150766141732283
11
1.2363024015748032
21
0.9149964566929134
0
LINE
8
BLACK
6
CONTINUOUS
10
1.2363024015748032
20
0.9149964566929134
11
1.2365383858267716
21
0.914467874015748
0
LINE
8
BLACK
6
CONTINUOUS
10
1.2365383858267716
20
0.914467874015748
11
1.2378640551181102
21
0.9104909448818898
0
LINE
8
BLACK
6
CONTINUOUS
10
1.2378640551181102
20
0.9104909448818898
11
1.2379289763779526
21
0.91020531496063
0
LINE
8
BLACK
6
CONTINUOUS
10
1.2379289763779526
20
0.91020531496063
11
1.2379588582677166
21
0.9101332283464567
0
LINE
8
BLACK
6
CONTINUOUS
10
1.2379588582677166
20
0.9101332283464567
11
1.2379691338582677
21
0.910028779527559
0
LINE
8
BLACK
6
CONTINUOUS
10
1.2379691338582677
20
0.910028779527559
11
1.2379924015748032
21
0.9099264960629921
0
LINE
8
BLACK
6
CONTINUOUS
10
1.2379924015748032
20
0.9099264960629921
11
1.2379868503937008
21
0.909848779527559
0
LINE
8
BLACK
6
CONTINUOUS
10
1.2379868503937008
20
0.909848779527559
11
1.2380155905511812
21
0.9095571653543307
0
LINE
8
BLACK
6
CONTINUOUS
10
1.2380155905511812
20
0.9095571653543307
11
1.2380155905511812
21
0.9069058267716535
0
LINE
8
BLACK
6
CONTINUOUS
10
1.2380155905511812
20
0.9069058267716535
11
1.2379588582677166
21
0.9063297637795276
0
LINE
8
BLACK
6
CONTINUOUS
10
1.2379588582677166
20
0.9063297637795276
11
1.2375179527559055
21
0.9052653543307086
0
LINE
8
BLACK
6
CONTINUOUS
10
1.2375179527559055
20
0.9052653543307086
11
1.2367033070866142
21
0.9044507086614173
0
LINE
8
BLACK
6
CONTINUOUS
10
1.2367033070866142
20
0.9044507086614173
11
1.2356388976377952
21
0.9040098031496063
0
LINE
8
BLACK
6
CONTINUOUS
10
1.2356388976377952
20
0.9040098031496063
11
1.2344867716535433
21
0.9040098031496063
0
LINE
8
BLACK
6
CONTINUOUS
10
1.2344867716535433
20
0.9040098031496063
11
1.2334223622047245
21
0.9044507086614173
0
LINE
8
BLACK
6
CONTINUOUS
10
1.2334223622047245
20
0.9044507086614173
11
1.232607716535433
21
0.9052653543307086
0
LINE
8
BLACK
6
CONTINUOUS
10
1.232607716535433
20
0.9052653543307086
11
1.2321668110236219
21
0.9063297637795276
0
LINE
8
BLACK
6
CONTINUOUS
10
1.2321668110236219
20
0.9063297637795276
11
1.2321100787401575
21
0.9069058267716535
0
LINE
8
BLACK
6
CONTINUOUS
10
1.2321100787401575
20
0.9069058267716535
11
1.2321100787401575
21
0.9090780314960629
0
LINE
8
BLACK
6
CONTINUOUS
10
1.2321100787401575
20
0.9090780314960629
11
1.2311563779527559
21
0.911939094488189
0
LINE
8
BLACK
6
CONTINUOUS
10
1.2311563779527559
20
0.911939094488189
11
1.2255138188976378
21
0.9175816535433071
0
LINE
8
BLACK
6
CONTINUOUS
10
1.2255138188976378
20
0.9175816535433071
11
1.2226527559055118
21
0.9185353543307087
0
LINE
8
BLACK
6
CONTINUOUS
10
1.2226527559055118
20
0.9185353543307087
11
1.2209597244094488
21
0.9185353543307087
0
LINE
8
BLACK
6
CONTINUOUS
10
1.2209597244094488
20
0.9185353543307087
11
1.2180986220472441
21
0.9175816929133858
0
LINE
8
BLACK
6
CONTINUOUS
10
1.2180986220472441
20
0.9175816929133858
11
1.2162790157480314
21
0.9157620472440945
0
LINE
8
BLACK
6
CONTINUOUS
10
1.2162790157480314
20
0.9157620472440945
11
1.2141537007874015
21
0.9115114173228346
0
LINE
8
BLACK
6
CONTINUOUS
10
1.2141537007874015
20
0.9115114173228346
11
1.2141537007874015
21
0.8803926377952755
0
LINE
8
BLACK
6
CONTINUOUS
10
1.2141537007874015
20
0.8803926377952755
11
1.2140969685039369
21
0.8798165748031496
0
LINE
8
BLACK
6
CONTINUOUS
10
1.2140969685039369
20
0.8798165748031496
11
1.213656062992126
21
0.8787521653543306
0
LINE
8
BLACK
6
CONTINUOUS
10
1.213656062992126
20
0.8787521653543306
11
1.2128414173228346
21
0.8779375196850393
0
LINE
8
BLACK
6
CONTINUOUS
10
1.2128414173228346
20
0.8779375196850393
11
1.2117770078740158
21
0.8774966141732283
0
LINE
8
BLACK
6
CONTINUOUS
10
1.2117770078740158
20
0.8774966141732283
11
1.211776968503937
21
0.8774966141732283
0
LINE
8
BLACK
6
CONTINUOUS
10
1.211776968503937
20
0.8774966141732283
11
1.2106248818897638
21
0.8774966141732283
0
LINE
8
BLACK
6
CONTINUOUS
10
1.2106248818897638
20
0.8774966141732283
11
1.2095604724409448
21
0.8779375196850393
0
LINE
8
BLACK
6
CONTINUOUS
10
1.2095604724409448
20
0.8779375196850393
11
1.209113031496063
21
0.8783047244094488
0
LINE
8
BLACK
6
CONTINUOUS
10
1.209113031496063
20
0.8783047244094488
11
1.1918794881889763
21
0.8955383070866142
0
LINE
8
BLACK
6
CONTINUOUS
10
1.1918794881889763
20
0.8955383070866142
11
1.1915122440944881
21
0.895985748031496
0
LINE
8
BLACK
6
CONTINUOUS
10
1.1915122440944881
20
0.895985748031496
11
1.191071377952756
21
0.8970501968503937
0
LINE
8
BLACK
6
CONTINUOUS
10
1.191071377952756
20
0.8970501968503937
11
1.191071377952756
21
0.8982022834645669
0
LINE
8
BLACK
6
CONTINUOUS
10
1.191071377952756
20
0.8982022834645669
11
1.1915122834645668
21
0.8992666929133858
0
LINE
8
BLACK
6
CONTINUOUS
10
1.1915122834645668
20
0.8992666929133858
11
1.1923269291338583
21
0.9000813779527559
0
LINE
8
BLACK
6
CONTINUOUS
10
1.1923269291338583
20
0.9000813779527559
11
1.1933913779527558
21
0.9005222440944882
0
LINE
8
BLACK
6
CONTINUOUS
10
1.1933913779527558
20
0.9005222440944882
11
1.1945434645669291
21
0.9005222440944882
0
LINE
8
BLACK
6
CONTINUOUS
10
1.1945434645669291
20
0.9005222440944882
11
1.1956078740157481
21
0.9000813385826771
0
LINE
8
BLACK
6
CONTINUOUS
10
1.1956078740157481
20
0.9000813385826771
11
1.1960553149606299
21
0.8997141338582677
0
LINE
8
BLACK
6
CONTINUOUS
10
1.1960553149606299
20
0.8997141338582677
11
1.2082481889763779
21
0.8875212598425196
0
LINE
8
BLACK
6
CONTINUOUS
10
1.2082481889763779
20
0.8875212598425196
11
1.2082481889763779
21
0.9122084645669292
0
LINE
8
BLACK
6
CONTINUOUS
10
1.2082481889763779
20
0.9122084645669292
11
1.2083049212598425
21
0.9127845275590551
0
LINE
8
BLACK
6
CONTINUOUS
10
1.2083049212598425
20
0.9127845275590551
11
1.2083454724409448
21
0.9128825196850393
0
LINE
8
BLACK
6
CONTINUOUS
10
1.2083454724409448
20
0.9128825196850393
11
1.2083530314960629
21
0.9129883858267717
0
LINE
8
BLACK
6
CONTINUOUS
10
1.2083530314960629
20
0.9129883858267717
11
1.2085599212598426
21
0.9135289763779527
0
LINE
8
BLACK
6
CONTINUOUS
10
1.2085599212598426
20
0.9135289763779527
11
1.2112112598425198
21
0.9188316141732283
0
LINE
8
BLACK
6
CONTINUOUS
10
1.2112112598425198
20
0.9188316141732283
11
1.2113672440944883
21
0.9190794488188976
0
LINE
8
BLACK
6
CONTINUOUS
10
1.2113672440944883
20
0.9190794488188976
11
1.211397125984252
21
0.9191515354330708
0
LINE
8
BLACK
6
CONTINUOUS
10
1.211397125984252
20
0.9191515354330708
11
1.2114637795275591
21
0.9192327559055118
0
LINE
8
BLACK
6
CONTINUOUS
10
1.2114637795275591
20
0.9192327559055118
11
1.2115196456692914
21
0.9193214960629921
0
LINE
8
BLACK
6
CONTINUOUS
10
1.2115196456692914
20
0.9193214960629921
11
1.2115785039370079
21
0.9193725590551181
0
LINE
8
BLACK
6
CONTINUOUS
10
1.2115785039370079
20
0.9193725590551181
11
1.2117643700787402
21
0.9195990157480315
0
LINE
8
BLACK
6
CONTINUOUS
10
1.2117643700787402
20
0.9195990157480315
11
1.2144156692913386
21
0.9222503543307087
0
LINE
8
BLACK
6
CONTINUOUS
10
1.2144156692913386
20
0.9222503543307087
11
1.2148631102362204
21
0.9226175590551181
0
LINE
8
BLACK
6
CONTINUOUS
10
1.2148631102362204
20
0.9226175590551181
11
1.2149610629921259
21
0.9226581496062992
0
LINE
8
BLACK
6
CONTINUOUS
10
1.2149610629921259
20
0.9226581496062992
11
1.2150412598425198
21
0.9227276771653543
0
LINE
8
BLACK
6
CONTINUOUS
10
1.2150412598425198
20
0.9227276771653543
11
1.215569842519685
21
0.9229636614173228
0
LINE
8
BLACK
6
CONTINUOUS
10
1.215569842519685
20
0.9229636614173228
11
1.2195468503937008
21
0.9242893307086614
0
LINE
8
BLACK
6
CONTINUOUS
10
1.2195468503937008
20
0.9242893307086614
11
1.2198324015748032
21
0.9243542913385826
0
LINE
8
BLACK
6
CONTINUOUS
10
1.2198324015748032
20
0.9243542913385826
11
1.219904527559055
21
0.9243841338582677
0
LINE
8
BLACK
6
CONTINUOUS
10
1.219904527559055
20
0.9243841338582677
11
1.2200090157480314
21
0.9243944488188977
0
LINE
8
BLACK
6
CONTINUOUS
10
1.2200090157480314
20
0.9243944488188977
11
1.2201112992125984
21
0.9244176771653543
0
LINE
8
BLACK
6
CONTINUOUS
10
1.2201112992125984
20
0.9244176771653543
11
1.2201890157480315
21
0.9244121653543307
0
LINE
8
BLACK
6
CONTINUOUS
10
1.2201890157480315
20
0.9244121653543307
11
1.2204805905511811
21
0.9244408661417323
0
LINE
8
BLACK
6
CONTINUOUS
10
1.2204805905511811
20
0.9244408661417323
11
1.2231318897637795
21
0.9244408661417323
0
LINE
8
BLACK
6
CONTINUOUS
10
1.2231318897637795
20
0.9244408661417323
11
1.2234234251968503
21
0.9244121653543307
0
LINE
8
BLACK
6
CONTINUOUS
10
0.9624006299212599
20
0.9603721653543307
11
0.9624783858267716
21
0.9603776771653543
0
LINE
8
BLACK
6
CONTINUOUS
10
0.9624783858267716
20
0.9603776771653543
11
0.9625806299212598
21
0.9603544488188976
0
LINE
8
BLACK
6
CONTINUOUS
10
0.9625806299212598
20
0.9603544488188976
11
0.9626851574803149
21
0.9603441338582677
0
LINE
8
BLACK
6
CONTINUOUS
10
0.9626851574803149
20
0.9603441338582677
11
0.9627572440944882
21
0.9603142913385827
0
LINE
8
BLACK
6
CONTINUOUS
10
0.9627572440944882
20
0.9603142913385827
11
0.9630428346456693
21
0.9602493307086614
0
LINE
8
BLACK
6
CONTINUOUS
10
0.9630428346456693
20
0.9602493307086614
11
0.968667125984252
21
0.9583745669291338
0
LINE
8
BLACK
6
CONTINUOUS
10
0.968667125984252
20
0.9583745669291338
11
0.9691956692913386
21
0.9581385826771653
0
LINE
8
BLACK
6
CONTINUOUS
10
0.9691956692913386
20
0.9581385826771653
11
0.9692757874015748
21
0.958069094488189
0
LINE
8
BLACK
6
CONTINUOUS
10
0.9692757874015748
20
0.958069094488189
11
0.9693738582677165
21
0.9580284645669291
0
LINE
8
BLACK
6
CONTINUOUS
10
0.9693738582677165
20
0.9580284645669291
11
0.9698212992125984
21
0.9576612598425197
0
LINE
8
BLACK
6
CONTINUOUS
10
0.9698212992125984
20
0.9576612598425197
11
0.9735708267716535
21
0.9539117322834646
0
LINE
8
BLACK
6
CONTINUOUS
10
0.9735708267716535
20
0.9539117322834646
11
0.9737566535433071
21
0.9536853543307087
0
LINE
8
BLACK
6
CONTINUOUS
10
0.9737566535433071
20
0.9536853543307087
11
0.9738155905511811
21
0.9536342125984252
0
LINE
8
BLACK
6
CONTINUOUS
10
0.9738155905511811
20
0.9536342125984252
11
0.9738714566929134
21
0.9535454724409449
0
LINE
8
BLACK
6
CONTINUOUS
10
0.9738714566929134
20
0.9535454724409449
11
0.9739380708661417
21
0.9534642913385827
0
LINE
8
BLACK
6
CONTINUOUS
10
0.9739380708661417
20
0.9534642913385827
11
0.9739679133858268
21
0.9533921653543307
0
LINE
8
BLACK
6
CONTINUOUS
10
0.9739679133858268
20
0.9533921653543307
11
0.974123937007874
21
0.9531443307086614
0
LINE
8
BLACK
6
CONTINUOUS
10
0.974123937007874
20
0.9531443307086614
11
0.9759987007874016
21
0.9493948031496062
0
LINE
8
BLACK
6
CONTINUOUS
10
0.9759987007874016
20
0.9493948031496062
11
0.9760148031496063
21
0.9493527165354331
0
LINE
8
BLACK
6
CONTINUOUS
10
0.9760148031496063
20
0.9493527165354331
11
0.9760275196850393
21
0.9493355511811024
0
LINE
8
BLACK
6
CONTINUOUS
10
0.9760275196850393
20
0.9493355511811024
11
0.9761138188976378
21
0.9490939763779528
0
LINE
8
BLACK
6
CONTINUOUS
10
0.9761138188976378
20
0.9490939763779528
11
0.9762055905511811
21
0.9488542125984252
0
LINE
8
BLACK
6
CONTINUOUS
10
0.9762055905511811
20
0.9488542125984252
11
0.9762070866141732
21
0.9488329527559055
0
LINE
8
BLACK
6
CONTINUOUS
10
0.9762070866141732
20
0.9488329527559055
11
0.9762222834645669
21
0.9487904330708661
0
LINE
8
BLACK
6
CONTINUOUS
10
0.9762222834645669
20
0.9487904330708661
11
0.9780970472440945
21
0.9412913779527559
0
LINE
8
BLACK
6
CONTINUOUS
10
0.9780970472440945
20
0.9412913779527559
11
0.978111811023622
21
0.9411915354330709
0
LINE
8
BLACK
6
CONTINUOUS
10
0.978111811023622
20
0.9411915354330709
11
0.9781284645669291
21
0.9411512992125984
0
LINE
8
BLACK
6
CONTINUOUS
10
0.9781284645669291
20
0.9411512992125984
11
0.9781498031496063
21
0.9409342913385826
0
LINE
8
BLACK
6
CONTINUOUS
10
0.9781498031496063
20
0.9409342913385826
11
0.9781816929133859
21
0.940718779527559
0
LINE
8
BLACK
6
CONTINUOUS
10
0.9781816929133859
20
0.940718779527559
11
0.9781752755905512
21
0.9406757874015748
0
LINE
8
BLACK
6
CONTINUOUS
10
0.9781752755905512
20
0.9406757874015748
11
0.9781851968503936
21
0.9405752362204725
0
LINE
8
BLACK
6
CONTINUOUS
10
0.9781851968503936
20
0.9405752362204725
11
0.9781851968503936
21
0.937748031496063
0
LINE
8
BLACK
6
CONTINUOUS
10
0.9781851968503936
20
0.937748031496063
11
0.9945112992125984
21
0.937748031496063
0
LINE
8
BLACK
6
CONTINUOUS
10
0.9945112992125984
20
0.937748031496063
11
0.9950965748031496
21
0.9376903937007873
0
LINE
8
BLACK
6
CONTINUOUS
10
0.9950965748031496
20
0.9376903937007873
11
0.9958072047244094
21
0.9373960236220472
0
LINE
8
BLACK
6
CONTINUOUS
10
0.9958072047244094
20
0.9373960236220472
11
0.996177874015748
21
0.9372425196850394
0
LINE
8
BLACK
6
CONTINUOUS
10
0.996177874015748
20
0.9372425196850394
11
0.9961779133858267
21
0.9372424803149606
0
LINE
8
BLACK
6
CONTINUOUS
10
0.9961779133858267
20
0.9372424803149606
11
0.9961779921259842
21
0.9372424409448818
0
LINE
8
BLACK
6
CONTINUOUS
10
0.9961779921259842
20
0.9372424409448818
11
0.9961780708661417
21
0.9372423622047243
0
LINE
8
BLACK
6
CONTINUOUS
10
0.9961780708661417
20
0.9372423622047243
11
0.9966325196850393
21
0.9368694488188977
0
LINE
8
BLACK
6
CONTINUOUS
10
0.9966325196850393
20
0.9368694488188977
11
1.0084441338582677
21
0.9250590157480315
0
LINE
8
BLACK
6
CONTINUOUS
10
1.0084441338582677
20
0.9250590157480315
11
1.0088172440944883
21
0.9246044488188976
0
LINE
8
BLACK
6
CONTINUOUS
10
1.0088172440944883
20
0.9246044488188976
11
1.0092652362204724
21
0.923523031496063
0
LINE
8
BLACK
6
CONTINUOUS
10
1.0092652362204724
20
0.923523031496063
11
1.0092652362204724
21
0.9235229921259842
0
LINE
8
BLACK
6
CONTINUOUS
10
1.0092652362204724
20
0.9235229921259842
11
1.0092652755905511
21
0.9235228740157481
0
LINE
8
BLACK
6
CONTINUOUS
10
1.0092652755905511
20
0.9235228740157481
11
1.0093229133858268
21
0.9229375984251968
0
LINE
8
BLACK
6
CONTINUOUS
10
1.0093229133858268
20
0.9229375984251968
11
1.0093229133858268
21
0.891440905511811
0
LINE
8
BLACK
6
CONTINUOUS
10
1.0093229133858268
20
0.891440905511811
11
1.0092652755905511
21
0.8908556299212598
0
LINE
8
BLACK
6
CONTINUOUS
10
1.0092652755905511
20
0.8908556299212598
11
1.0088173228346455
21
0.8897742125984252
0
LINE
8
BLACK
6
CONTINUOUS
10
1.0088173228346455
20
0.8897742125984252
11
1.0079896062992126
21
0.8889464960629921
0
LINE
8
BLACK
6
CONTINUOUS
10
1.0079896062992126
20
0.8889464960629921
11
1.006908188976378
21
0.8884985433070866
0
LINE
8
BLACK
6
CONTINUOUS
10
1.006908188976378
20
0.8884985433070866
11
1.0057376377952756
21
0.8884985433070866
0
LINE
8
BLACK
6
CONTINUOUS
10
1.0057376377952756
20
0.8884985433070866
11
1.004656220472441
21
0.8889464960629921
0
LINE
8
BLACK
6
CONTINUOUS
10
1.004656220472441
20
0.8889464960629921
11
1.0038285039370078
21
0.8897742125984252
0
LINE
8
BLACK
6
CONTINUOUS
10
1.0038285039370078
20
0.8897742125984252
11
1.0033805511811023
21
0.8908556299212598
0
LINE
8
BLACK
6
CONTINUOUS
10
1.0033805511811023
20
0.8908556299212598
11
1.0033229133858268
21
0.891440905511811
0
LINE
8
BLACK
6
CONTINUOUS
10
1.0033229133858268
20
0.891440905511811
11
1.0033229133858268
21
0.9216948818897638
0
LINE
8
BLACK
6
CONTINUOUS
10
1.0033229133858268
20
0.9216948818897638
11
0.9932687401574803
21
0.931748031496063
0
LINE
8
BLACK
6
CONTINUOUS
10
0.9932687401574803
20
0.931748031496063
11
0.9774753543307086
21
0.931748031496063
0
LINE
8
BLACK
6
CONTINUOUS
10
0.9774753543307086
20
0.931748031496063
11
0.9762222834645669
21
0.9267357480314961
0
LINE
8
BLACK
6
CONTINUOUS
10
0.9762222834645669
20
0.9267357480314961
11
0.9762070866141732
21
0.9266932677165354
0
LINE
8
BLACK
6
CONTINUOUS
10
0.9762070866141732
20
0.9266932677165354
11
0.9762055905511811
21
0.926671968503937
0
LINE
8
BLACK
6
CONTINUOUS
10
0.9762055905511811
20
0.926671968503937
11
0.9761138188976378
21
0.9264322440944882
0
LINE
8
BLACK
6
CONTINUOUS
10
0.9761138188976378
20
0.9264322440944882
11
0.9760275196850393
21
0.9261906299212598
0
LINE
8
BLACK
6
CONTINUOUS
10
0.9760275196850393
20
0.9261906299212598
11
0.9760148031496063
21
0.9261735039370078
0
LINE
8
BLACK
6
CONTINUOUS
10
0.9760148031496063
20
0.9261735039370078
11
0.9759987007874016
21
0.9261313779527559
0
LINE
8
BLACK
6
CONTINUOUS
10
0.9759987007874016
20
0.9261313779527559
11
0.974123937007874
21
0.9223818503937008
0
LINE
8
BLACK
6
CONTINUOUS
10
0.974123937007874
20
0.9223818503937008
11
0.973967874015748
21
0.9221339763779527
0
LINE
8
BLACK
6
CONTINUOUS
10
0.973967874015748
20
0.9221339763779527
11
0.9739380708661417
21
0.9220619291338582
0
LINE
8
BLACK
6
CONTINUOUS
10
0.9739380708661417
20
0.9220619291338582
11
0.9738715354330708
21
0.921980905511811
0
LINE
8
BLACK
6
CONTINUOUS
10
0.9738715354330708
20
0.921980905511811
11
0.9738155905511811
21
0.921891968503937
0
LINE
8
BLACK
6
CONTINUOUS
10
0.9738155905511811
20
0.921891968503937
11
0.9737565748031496
21
0.9218408267716536
0
LINE
8
BLACK
6
CONTINUOUS
10
0.9737565748031496
20
0.9218408267716536
11
0.9735708661417323
21
0.9216144881889764
0
LINE
8
BLACK
6
CONTINUOUS
10
0.9735708661417323
20
0.9216144881889764
11
0.9698212992125984
21
0.9178648818897638
0
LINE
8
BLACK
6
CONTINUOUS
10
0.9698212992125984
20
0.9178648818897638
11
0.9693738582677165
21
0.9174976771653544
0
LINE
8
BLACK
6
CONTINUOUS
10
0.9693738582677165
20
0.9174976771653544
11
0.9692757874015748
21
0.9174570866141732
0
LINE
8
BLACK
6
CONTINUOUS
10
0.9692757874015748
20
0.9174570866141732
11
0.9691956692913386
21
0.917387559055118
0
LINE
8
BLACK
6
CONTINUOUS
10
0.9691956692913386
20
0.917387559055118
11
0.968667125984252
21
0.9171515748031496
0
LINE
8
BLACK
6
CONTINUOUS
10
0.968667125984252
20
0.9171515748031496
11
0.9630428346456693
21
0.915276811023622
0
LINE
8
BLACK
6
CONTINUOUS
10
0.9630428346456693
20
0.915276811023622
11
0.9627572440944882
21
0.9152118897637795
0
LINE
8
BLACK
6
CONTINUOUS
10
0.9627572440944882
20
0.9152118897637795
11
0.9626851574803149
21
0.9151820078740157
0
LINE
8
BLACK
6
CONTINUOUS
10
0.9626851574803149
20
0.9151820078740157
11
0.9625806299212598
21
0.9151717322834646
0
LINE
8
BLACK
6
CONTINUOUS
10
0.9625806299212598
20
0.9151717322834646
11
0.9624783858267716
21
0.9151484645669291
0
LINE
8
BLACK
6
CONTINUOUS
10
0.9624783858267716
20
0.9151484645669291
11
0.9624006299212599
21
0.9151540157480315
0
LINE
8
BLACK
6
CONTINUOUS
10
0.9624006299212599
20
0.9151540157480315
11
0.9621090944881889
21
0.9151252755905511
0
LINE
8
BLACK
6
CONTINUOUS
10
0.9621090944881889
20
0.9151252755905511
11
0.9583595669291338
21
0.9151252755905511
0
LINE
8
BLACK
6
CONTINUOUS
10
0.9583595669291338
20
0.9151252755905511
11
0.9580679527559055
21
0.9151540157480315
0
LINE
8
BLACK
6
CONTINUOUS
10
0.9580679527559055
20
0.9151540157480315
11
0.9579902362204724
21
0.9151484645669291
0
LINE
8
BLACK
6
CONTINUOUS
10
0.9579902362204724
20
0.9151484645669291
11
0.9578879527559054
21
0.9151717322834646
0
LINE
8
BLACK
6
CONTINUOUS
10
0.9578879527559054
20
0.9151717322834646
11
0.9577835039370078
21
0.9151820078740157
0
LINE
8
BLACK
6
CONTINUOUS
10
0.9577835039370078
20
0.9151820078740157
11
0.9577114173228346
21
0.9152118897637795
0
LINE
8
BLACK
6
CONTINUOUS
10
0.9577114173228346
20
0.9152118897637795
11
0.9574257874015748
21
0.915276811023622
0
LINE
8
BLACK
6
CONTINUOUS
10
0.9574257874015748
20
0.915276811023622
11
0.9518015354330709
21
0.9171515748031496
0
LINE
8
BLACK
6
CONTINUOUS
10
0.9518015354330709
20
0.9171515748031496
11
0.9512729527559055
21
0.917387559055118
0
LINE
8
BLACK
6
CONTINUOUS
10
0.9512729527559055
20
0.917387559055118
11
0.9511927559055118
21
0.917457125984252
0
LINE
8
BLACK
6
CONTINUOUS
10
0.9511927559055118
20
0.917457125984252
11
0.9510948031496063
21
0.9174976771653544
0
LINE
8
BLACK
6
CONTINUOUS
10
0.9510948031496063
20
0.9174976771653544
11
0.9506473228346457
21
0.9178649212598425
0
LINE
8
BLACK
6
CONTINUOUS
10
0.9506473228346457
20
0.9178649212598425
11
0.948772559055118
21
0.9197397244094488
0
LINE
8
BLACK
6
CONTINUOUS
10
0.948772559055118
20
0.9197397244094488
11
0.9484053543307086
21
0.9201871653543306
0
LINE
8
BLACK
6
CONTINUOUS
10
0.9484053543307086
20
0.9201871653543306
11
0.9479644881889764
21
0.9212515748031496
0
LINE
8
BLACK
6
CONTINUOUS
10
0.9479644881889764
20
0.9212515748031496
11
0.9479644881889764
21
0.9224036614173228
0
LINE
8
BLACK
6
CONTINUOUS
10
0.9479644881889764
20
0.9224036614173228
11
0.9484053937007874
21
0.9234680708661417
0
LINE
8
BLACK
6
CONTINUOUS
10
0.9484053937007874
20
0.9234680708661417
11
0.9492200787401575
21
0.9242827559055118
0
LINE
8
BLACK
6
CONTINUOUS
10
0.9492200787401575
20
0.9242827559055118
11
0.9502844881889764
21
0.9247236220472441
0
LINE
8
BLACK
6
CONTINUOUS
10
0.9502844881889764
20
0.9247236220472441
11
0.9514365748031496
21
0.9247236220472441
0
LINE
8
BLACK
6
CONTINUOUS
10
0.9514365748031496
20
0.9247236220472441
11
0.9525009842519685
21
0.924282716535433
0
LINE
8
BLACK
6
CONTINUOUS
10
0.9525009842519685
20
0.924282716535433
11
0.9529484645669292
21
0.9239154724409449
0
LINE
8
BLACK
6
CONTINUOUS
10
0.9529484645669292
20
0.9239154724409449
11
0.9543303149606299
21
0.9225335826771653
0
LINE
8
BLACK
6
CONTINUOUS
10
0.9543303149606299
20
0.9225335826771653
11
0.9588387007874015
21
0.9210307874015747
0
LINE
8
BLACK
6
CONTINUOUS
10
0.9588387007874015
20
0.9210307874015747
11
0.9616299606299212
21
0.9210307874015747
0
LINE
8
BLACK
6
CONTINUOUS
10
0.9616299606299212
20
0.9210307874015747
11
0.9661383464566929
21
0.9225336220472441
0
LINE
8
BLACK
6
CONTINUOUS
10
0.9661383464566929
20
0.9225336220472441
11
0.9690561417322835
21
0.9254514566929134
0
LINE
8
BLACK
6
CONTINUOUS
10
0.9690561417322835
20
0.9254514566929134
11
0.9705716535433071
21
0.9284824409448819
0
LINE
8
BLACK
6
CONTINUOUS
10
0.9705716535433071
20
0.9284824409448819
11
0.9713880708661418
21
0.931748031496063
0
LINE
8
BLACK
6
CONTINUOUS
10
0.9713880708661418
20
0.931748031496063
11
0.9620314960629921
21
0.931748031496063
0
LINE
8
BLACK
6
CONTINUOUS
10
0.9620314960629921
20
0.931748031496063
11
0.9614462204724409
21
0.9318056692913386
0
LINE
8
BLACK
6
CONTINUOUS
10
0.9614462204724409
20
0.9318056692913386
11
0.9603648031496063
21
0.932253622047244
0
LINE
8
BLACK
6
CONTINUOUS
10
0.9603648031496063
20
0.932253622047244
11
0.9595370866141733
21
0.9330813385826772
0
LINE
8
BLACK
6
CONTINUOUS
10
0.9595370866141733
20
0.9330813385826772
11
0.9590891338582677
21
0.9341627559055118
0
LINE
8
BLACK
6
CONTINUOUS
10
0.9590891338582677
20
0.9341627559055118
11
0.9590891338582677
21
0.9353333070866141
0
LINE
8
BLACK
6
CONTINUOUS
10
0.9590891338582677
20
0.9353333070866141
11
0.9595370866141733
21
0.9364147244094488
0
LINE
8
BLACK
6
CONTINUOUS
10
0.9595370866141733
20
0.9364147244094488
11
0.9603648031496063
21
0.9372424409448818
0
LINE
8
BLACK
6
CONTINUOUS
10
0.9603648031496063
20
0.9372424409448818
11
0.9614462204724409
21
0.9376903937007873
0
LINE
8
BLACK
6
CONTINUOUS
10
0.9614462204724409
20
0.9376903937007873
11
0.9620314960629921
21
0.937748031496063
0
LINE
8
BLACK
6
CONTINUOUS
10
0.9620314960629921
20
0.937748031496063
11
0.97227968503937
21
0.937748031496063
0
LINE
8
BLACK
6
CONTINUOUS
10
0.97227968503937
20
0.937748031496063
11
0.97227968503937
21
0.9402116929133858
0
LINE
8
BLACK
6
CONTINUOUS
10
0.97227968503937
20
0.9402116929133858
11
0.9705716535433071
21
0.9470437401574803
0
LINE
8
BLACK
6
CONTINUOUS
10
0.9705716535433071
20
0.9470437401574803
11
0.9690561811023621
21
0.9500747244094488
0
LINE
8
BLACK
6
CONTINUOUS
10
0.9690561811023621
20
0.9500747244094488
11
0.9661383464566929
21
0.952992559055118
0
LINE
8
BLACK
6
CONTINUOUS
10
0.9661383464566929
20
0.952992559055118
11
0.9616299606299212
21
0.9544953543307086
0
LINE
8
BLACK
6
CONTINUOUS
10
0.9616299606299212
20
0.9544953543307086
11
0.9588387007874015
21
0.9544953543307086
0
LINE
8
BLACK
6
CONTINUOUS
10
0.9588387007874015
20
0.9544953543307086
11
0.9543303149606299
21
0.952992559055118
0
LINE
8
BLACK
6
CONTINUOUS
10
0.9543303149606299
20
0.952992559055118
11
0.9529484251968504
21
0.9516106692913385
0
LINE
8
BLACK
6
CONTINUOUS
10
0.9529484251968504
20
0.9516106692913385
11
0.9525009842519685
21
0.9512434645669291
0
LINE
8
BLACK
6
CONTINUOUS
10
0.9525009842519685
20
0.9512434645669291
11
0.9514365354330708
21
0.9508025590551181
0
LINE
8
BLACK
6
CONTINUOUS
10
0.9514365354330708
20
0.9508025590551181
11
0.9502844881889764
21
0.9508025590551181
0
LINE
8
BLACK
6
CONTINUOUS
10
0.9502844881889764
20
0.9508025590551181
11
0.9492200393700787
21
0.9512434645669291
0
LINE
8
BLACK
6
CONTINUOUS
10
0.9492200393700787
20
0.9512434645669291
11
0.9484053937007874
21
0.9520581102362204
0
LINE
8
BLACK
6
CONTINUOUS
10
0.9484053937007874
20
0.9520581102362204
11
0.9479644881889764
21
0.9531225590551181
0
LINE
8
BLACK
6
CONTINUOUS
10
0.9479644881889764
20
0.9531225590551181
11
0.9479644881889764
21
0.9542746062992126
0
LINE
8
BLACK
6
CONTINUOUS
10
0.9479644881889764
20
0.9542746062992126
11
0.9484053937007874
21
0.9553390551181102
0
LINE
8
BLACK
6
CONTINUOUS
10
0.9484053937007874
20
0.9553390551181102
11
0.9487725984251968
21
0.9557864960629922
0
LINE
8
BLACK
6
CONTINUOUS
10
0.9487725984251968
20
0.9557864960629922
11
0.9506473622047243
21
0.9576612598425197
0
LINE
8
BLACK
6
CONTINUOUS
10
0.9506473622047243
20
0.9576612598425197
11
0.9510948031496063
21
0.9580284645669291
0
LINE
8
BLACK
6
CONTINUOUS
10
0.9510948031496063
20
0.9580284645669291
11
0.9511927559055118
21
0.9580690551181102
0
LINE
8
BLACK
6
CONTINUOUS
10
0.9511927559055118
20
0.9580690551181102
11
0.9512729527559055
21
0.9581385826771653
0
LINE
8
BLACK
6
CONTINUOUS
10
0.9512729527559055
20
0.9581385826771653
11
0.9518015354330709
21
0.9583745669291338
0
LINE
8
BLACK
6
CONTINUOUS
10
0.9518015354330709
20
0.9583745669291338
11
0.9574257874015748
21
0.9602493307086614
0
LINE
8
BLACK
6
CONTINUOUS
10
0.9574257874015748
20
0.9602493307086614
11
0.9577114173228346
21
0.9603142913385827
0
LINE
8
BLACK
6
CONTINUOUS
10
0.9577114173228346
20
0.9603142913385827
11
0.9577835039370078
21
0.9603441338582677
0
LINE
8
BLACK
6
CONTINUOUS
10
0.9577835039370078
20
0.9603441338582677
11
0.9578879527559054
21
0.9603544488188976
0
LINE
8
BLACK
6
CONTINUOUS
10
0.9578879527559054
20
0.9603544488188976
11
0.9579902362204724
21
0.9603776771653543
0
LINE
8
BLACK
6
CONTINUOUS
10
0.9579902362204724
20
0.9603776771653543
11
0.9580679527559055
21
0.9603721653543307
0
LINE
8
BLACK
6
CONTINUOUS
10
0.9580679527559055
20
0.9603721653543307
11
0.9583595669291338
21
0.9604008661417323
0
LINE
8
BLACK
6
CONTINUOUS
10
0.9583595669291338
20
0.9604008661417323
11
0.9621090944881889
21
0.9604008661417323
0
LINE
8
BLACK
6
CONTINUOUS
10
0.9621090944881889
20
0.9604008661417323
11
0.9624006299212599
21
0.9603721653543307
0
LINE
8
BLACK
6
CONTINUOUS
10
1.1995848425196851
20
0.9517820866141732
11
1.2000322834645669
21
0.9514148818897638
0
LINE
8
BLACK
6
CONTINUOUS
10
1.2000322834645669
20
0.9514148818897638
11
1.2053349212598425
21
0.9461122440944881
0
LINE
8
BLACK
6
CONTINUOUS
10
1.2053349212598425
20
0.9461122440944881
11
1.205702125984252
21
0.9456648031496063
0
LINE
8
BLACK
6
CONTINUOUS
10
1.205702125984252
20
0.9456648031496063
11
1.2057427165354331
21
0.9455667716535433
0
LINE
8
BLACK
6
CONTINUOUS
10
1.2057427165354331
20
0.9455667716535433
11
1.2058122440944881
21
0.9454866141732283
0
LINE
8
BLACK
6
CONTINUOUS
10
1.2058122440944881
20
0.9454866141732283
11
1.2060482283464566
21
0.9449580314960629
0
LINE
8
BLACK
6
CONTINUOUS
10
1.2060482283464566
20
0.9449580314960629
11
1.2073738582677165
21
0.9409810236220473
0
LINE
8
BLACK
6
CONTINUOUS
10
1.2073738582677165
20
0.9409810236220473
11
1.207438779527559
21
0.9406955511811024
0
LINE
8
BLACK
6
CONTINUOUS
10
1.207438779527559
20
0.9406955511811024
11
1.2074686614173229
21
0.9406233858267716
0
LINE
8
BLACK
6
CONTINUOUS
10
1.2074686614173229
20
0.9406233858267716
11
1.207478937007874
21
0.9405188582677165
0
LINE
8
BLACK
6
CONTINUOUS
10
1.207478937007874
20
0.9405188582677165
11
1.2075022047244095
21
0.9404166141732283
0
LINE
8
BLACK
6
CONTINUOUS
10
1.2075022047244095
20
0.9404166141732283
11
1.2074966535433072
21
0.9403388976377952
0
LINE
8
BLACK
6
CONTINUOUS
10
1.2074966535433072
20
0.9403388976377952
11
1.2075253937007873
21
0.9400473228346456
0
LINE
8
BLACK
6
CONTINUOUS
10
1.2075253937007873
20
0.9400473228346456
11
1.2075253937007873
21
0.9373960236220472
0
LINE
8
BLACK
6
CONTINUOUS
10
1.2075253937007873
20
0.9373960236220472
11
1.207525157480315
21
0.9373939763779527
0
LINE
8
BLACK
6
CONTINUOUS
10
1.207525157480315
20
0.9373939763779527
11
1.2075253937007873
21
0.9373929527559055
0
LINE
8
BLACK
6
CONTINUOUS
10
1.2075253937007873
20
0.9373929527559055
11
1.2074979921259843
21
0.9371177559055118
0
LINE
8
BLACK
6
CONTINUOUS
10
1.2074979921259843
20
0.9371177559055118
11
1.2074686614173229
21
0.9368199606299212
0
LINE
8
BLACK
6
CONTINUOUS
10
1.2074686614173229
20
0.9368199606299212
11
1.2074682677165354
21
0.9368190551181103
0
LINE
8
BLACK
6
CONTINUOUS
10
1.2074682677165354
20
0.9368190551181103
11
1.2074680708661416
21
0.936816968503937
0
LINE
8
BLACK
6
CONTINUOUS
10
1.2074680708661416
20
0.936816968503937
11
1.2061424409448818
21
0.9301886614173228
0
LINE
8
BLACK
6
CONTINUOUS
10
1.2061424409448818
20
0.9301886614173228
11
1.2060374015748032
21
0.9298437401574803
0
LINE
8
BLACK
6
CONTINUOUS
10
1.2060374015748032
20
0.9298437401574803
11
1.2060266929133858
21
0.9297716929133858
0
LINE
8
BLACK
6
CONTINUOUS
10
1.2060266929133858
20
0.9297716929133858
11
1.2059952362204724
21
0.9297053543307087
0
LINE
8
BLACK
6
CONTINUOUS
10
1.2059952362204724
20
0.9297053543307087
11
1.2059738188976377
21
0.9296348818897637
0
LINE
8
BLACK
6
CONTINUOUS
10
1.2059738188976377
20
0.9296348818897637
11
1.2059331496062993
21
0.9295742125984252
0
LINE
8
BLACK
6
CONTINUOUS
10
1.2059331496062993
20
0.9295742125984252
11
1.2057789763779527
21
0.9292485433070866
0
LINE
8
BLACK
6
CONTINUOUS
10
1.2057789763779527
20
0.9292485433070866
11
1.2018019685039369
21
0.9226202362204724
0
LINE
8
BLACK
6
CONTINUOUS
10
1.2018019685039369
20
0.9226202362204724
11
1.2017417716535432
21
0.9225391732283464
0
LINE
8
BLACK
6
CONTINUOUS
10
1.2017417716535432
20
0.9225391732283464
11
1.2017251181102362
21
0.922498937007874
0
LINE
8
BLACK
6
CONTINUOUS
10
1.2017251181102362
20
0.922498937007874
11
1.2015868897637796
21
0.9223305511811023
0
LINE
8
BLACK
6
CONTINUOUS
10
1.2015868897637796
20
0.9223305511811023
11
1.2014569291338582
21
0.9221554330708661
0
LINE
8
BLACK
6
CONTINUOUS
10
1.2014569291338582
20
0.9221554330708661
11
1.2014219291338581
21
0.9221295275590551
0
LINE
8
BLACK
6
CONTINUOUS
10
1.2014219291338581
20
0.9221295275590551
11
1.2013579133858268
21
0.9220514960629921
0
LINE
8
BLACK
6
CONTINUOUS
10
1.2013579133858268
20
0.9220514960629921
11
1.1907526377952755
21
0.9114462204724409
0
LINE
8
BLACK
6
CONTINUOUS
10
1.1907526377952755
20
0.9114462204724409
11
1.1903051968503937
21
0.9110790157480315
0
LINE
8
BLACK
6
CONTINUOUS
10
1.1903051968503937
20
0.9110790157480315
11
1.1902071259842519
21
0.9110384251968504
0
LINE
8
BLACK
6
CONTINUOUS
10
1.1902071259842519
20
0.9110384251968504
11
1.1901270078740158
21
0.9109688976377952
0
LINE
8
BLACK
6
CONTINUOUS
10
1.1901270078740158
20
0.9109688976377952
11
1.1895984645669291
21
0.9107329133858267
0
LINE
8
BLACK
6
CONTINUOUS
10
1.1895984645669291
20
0.9107329133858267
11
1.1856214960629921
21
0.9094072834645669
0
LINE
8
BLACK
6
CONTINUOUS
10
1.1856214960629921
20
0.9094072834645669
11
1.1853359055118109
21
0.9093423622047244
0
LINE
8
BLACK
6
CONTINUOUS
10
1.1853359055118109
20
0.9093423622047244
11
1.1852638188976379
21
0.9093124803149606
0
LINE
8
BLACK
6
CONTINUOUS
10
1.1852638188976379
20
0.9093124803149606
11
1.1851592913385827
21
0.9093022047244095
0
LINE
8
BLACK
6
CONTINUOUS
10
1.1851592913385827
20
0.9093022047244095
11
1.1850570472440944
21
0.909278937007874
0
LINE
8
BLACK
6
CONTINUOUS
10
1.1850570472440944
20
0.909278937007874
11
1.1849792913385826
21
0.9092844881889763
0
LINE
8
BLACK
6
CONTINUOUS
10
1.1849792913385826
20
0.9092844881889763
11
1.1846877559055118
21
0.909255748031496
0
LINE
8
BLACK
6
CONTINUOUS
10
1.1846877559055118
20
0.909255748031496
11
1.1820364566929134
21
0.909255748031496
0
LINE
8
BLACK
6
CONTINUOUS
10
1.1820364566929134
20
0.909255748031496
11
1.1817448818897638
21
0.9092844881889763
0
LINE
8
BLACK
6
CONTINUOUS
10
1.1817448818897638
20
0.9092844881889763
11
1.1816671653543307
21
0.909278937007874
0
LINE
8
BLACK
6
CONTINUOUS
10
1.1816671653543307
20
0.909278937007874
11
1.1815649212598425
21
0.9093022047244095
0
LINE
8
BLACK
6
CONTINUOUS
10
1.1815649212598425
20
0.9093022047244095
11
1.1814603937007875
21
0.9093124803149606
0
LINE
8
BLACK
6
CONTINUOUS
10
1.1814603937007875
20
0.9093124803149606
11
1.1813882283464567
21
0.9093423622047244
0
LINE
8
BLACK
6
CONTINUOUS
10
1.1813882283464567
20
0.9093423622047244
11
1.1811027559055118
21
0.9094072834645669
0
LINE
8
BLACK
6
CONTINUOUS
10
1.1811027559055118
20
0.9094072834645669
11
1.1771257480314961
21
0.9107329133858267
0
LINE
8
BLACK
6
CONTINUOUS
10
1.1771257480314961
20
0.9107329133858267
11
1.1765971653543308
21
0.9109688976377952
0
LINE
8
BLACK
6
CONTINUOUS
10
1.1765971653543308
20
0.9109688976377952
11
1.1765170078740157
21
0.9110384251968504
0
LINE
8
BLACK
6
CONTINUOUS
10
1.1765170078740157
20
0.9110384251968504
11
1.1764189763779527
21
0.9110790157480315
0
LINE
8
BLACK
6
CONTINUOUS
10
1.1764189763779527
20
0.9110790157480315
11
1.1759715354330709
21
0.9114462204724409
0
LINE
8
BLACK
6
CONTINUOUS
10
1.1759715354330709
20
0.9114462204724409
11
1.1706688976377952
21
0.9167488582677165
0
LINE
8
BLACK
6
CONTINUOUS
10
1.1706688976377952
20
0.9167488582677165
11
1.1703016929133858
21
0.9171962992125984
0
LINE
8
BLACK
6
CONTINUOUS
10
1.1703016929133858
20
0.9171962992125984
11
1.170261062992126
21
0.9172943700787402
0
LINE
8
BLACK
6
CONTINUOUS
10
1.170261062992126
20
0.9172943700787402
11
1.1701915748031495
21
0.9173744881889764
0
LINE
8
BLACK
6
CONTINUOUS
10
1.1701915748031495
20
0.9173744881889764
11
1.1699555905511811
21
0.917903031496063
0
LINE
8
BLACK
6
CONTINUOUS
10
1.1699555905511811
20
0.917903031496063
11
1.1686299606299213
21
0.9218800787401574
0
LINE
8
BLACK
6
CONTINUOUS
10
1.1686299606299213
20
0.9218800787401574
11
1.1685650000000001
21
0.9221655905511811
0
LINE
8
BLACK
6
CONTINUOUS
10
1.1685650000000001
20
0.9221655905511811
11
1.1685351574803149
21
0.9222377165354331
0
LINE
8
BLACK
6
CONTINUOUS
10
1.1685351574803149
20
0.9222377165354331
11
1.168524842519685
21
0.9223422834645669
0
LINE
8
BLACK
6
CONTINUOUS
10
1.168524842519685
20
0.9223422834645669
11
1.1685016141732283
21
0.9224444881889764
0
LINE
8
BLACK
6
CONTINUOUS
10
1.1685016141732283
20
0.9224444881889764
11
1.1685071259842519
21
0.9225222440944881
0
LINE
8
BLACK
6
CONTINUOUS
10
1.1685071259842519
20
0.9225222440944881
11
1.1684784251968503
21
0.9228137795275591
0
LINE
8
BLACK
6
CONTINUOUS
10
1.1684784251968503
20
0.9228137795275591
11
1.1684784251968503
21
0.9254650787401575
0
LINE
8
BLACK
6
CONTINUOUS
10
1.1684784251968503
20
0.9254650787401575
11
1.1685071259842519
21
0.9257566535433071
0
LINE
8
BLACK
6
CONTINUOUS
10
1.1685071259842519
20
0.9257566535433071
11
1.1685016141732283
21
0.9258343700787401
0
LINE
8
BLACK
6
CONTINUOUS
10
1.1685016141732283
20
0.9258343700787401
11
1.168524842519685
21
0.9259366535433071
0
LINE
8
BLACK
6
CONTINUOUS
10
1.168524842519685
20
0.9259366535433071
11
1.1685351574803149
21
0.9260411417322835
0
LINE
8
BLACK
6
CONTINUOUS
10
1.1685351574803149
20
0.9260411417322835
11
1.1685650000000001
21
0.9261132677165355
0
LINE
8
BLACK
6
CONTINUOUS
10
1.1685650000000001
20
0.9261132677165355
11
1.1686299606299213
21
0.9263988188976378
0
LINE
8
BLACK
6
CONTINUOUS
10
1.1686299606299213
20
0.9263988188976378
11
1.1699555905511811
21
0.9303757874015748
0
LINE
8
BLACK
6
CONTINUOUS
10
1.1699555905511811
20
0.9303757874015748
11
1.1701915748031495
21
0.9309043307086614
0
LINE
8
BLACK
6
CONTINUOUS
10
1.1701915748031495
20
0.9309043307086614
11
1.170261062992126
21
0.9309844881889764
0
LINE
8
BLACK
6
CONTINUOUS
10
1.170261062992126
20
0.9309844881889764
11
1.1703016929133858
21
0.9310825196850393
0
LINE
8
BLACK
6
CONTINUOUS
10
1.1703016929133858
20
0.9310825196850393
11
1.1706688976377952
21
0.9315299606299212
0
LINE
8
BLACK
6
CONTINUOUS
10
1.1706688976377952
20
0.9315299606299212
11
1.1772972047244095
21
0.9381582677165354
0
LINE
8
BLACK
6
CONTINUOUS
10
1.1772972047244095
20
0.9381582677165354
11
1.17774468503937
21
0.9385255118110236
0
LINE
8
BLACK
6
CONTINUOUS
10
1.17774468503937
20
0.9385255118110236
11
1.1778426377952755
21
0.9385661023622047
0
LINE
8
BLACK
6
CONTINUOUS
10
1.1778426377952755
20
0.9385661023622047
11
1.1779227952755906
21
0.9386355905511811
0
LINE
8
BLACK
6
CONTINUOUS
10
1.1779227952755906
20
0.9386355905511811
11
1.1784513779527559
21
0.9388715748031495
0
LINE
8
BLACK
6
CONTINUOUS
10
1.1784513779527559
20
0.9388715748031495
11
1.1824283070866142
21
0.9401972440944881
0
LINE
8
BLACK
6
CONTINUOUS
10
1.1824283070866142
20
0.9401972440944881
11
1.1827139370078741
21
0.9402622047244095
0
LINE
8
BLACK
6
CONTINUOUS
10
1.1827139370078741
20
0.9402622047244095
11
1.1827860236220473
21
0.9402920472440944
0
LINE
8
BLACK
6
CONTINUOUS
10
1.1827860236220473
20
0.9402920472440944
11
1.1828904724409448
21
0.9403023622047244
0
LINE
8
BLACK
6
CONTINUOUS
10
1.1828904724409448
20
0.9403023622047244
11
1.1829927559055118
21
0.940325590551181
0
LINE
8
BLACK
6
CONTINUOUS
10
1.1829927559055118
20
0.940325590551181
11
1.1830704724409449
21
0.9403200787401574
0
LINE
8
BLACK
6
CONTINUOUS
10
1.1830704724409449
20
0.9403200787401574
11
1.1833620866141732
21
0.940348779527559
0
LINE
8
BLACK
6
CONTINUOUS
10
1.1833620866141732
20
0.940348779527559
11
1.1860134251968504
21
0.940348779527559
0
LINE
8
BLACK
6
CONTINUOUS
10
1.1860134251968504
20
0.940348779527559
11
1.1863049606299212
21
0.9403200787401574
0
LINE
8
BLACK
6
CONTINUOUS
10
1.1863049606299212
20
0.9403200787401574
11
1.186382716535433
21
0.940325590551181
0
LINE
8
BLACK
6
CONTINUOUS
10
1.186382716535433
20
0.940325590551181
11
1.1864849606299213
21
0.9403023622047244
0
LINE
8
BLACK
6
CONTINUOUS
10
1.1864849606299213
20
0.9403023622047244
11
1.1865894881889762
21
0.9402920472440944
0
LINE
8
BLACK
6
CONTINUOUS
10
1.1865894881889762
20
0.9402920472440944
11
1.1866615748031495
21
0.9402622047244095
0
LINE
8
BLACK
6
CONTINUOUS
10
1.1866615748031495
20
0.9402622047244095
11
1.1869471653543306
21
0.9401972440944881
0
LINE
8
BLACK
6
CONTINUOUS
10
1.1869471653543306
20
0.9401972440944881
11
1.1909241338582677
21
0.9388715748031495
0
LINE
8
BLACK
6
CONTINUOUS
10
1.1909241338582677
20
0.9388715748031495
11
1.1914526771653544
21
0.9386355905511811
0
LINE
8
BLACK
6
CONTINUOUS
10
1.1914526771653544
20
0.9386355905511811
11
1.1915327952755905
21
0.9385661023622047
0
LINE
8
BLACK
6
CONTINUOUS
10
1.1915327952755905
20
0.9385661023622047
11
1.1916308661417323
21
0.9385254724409449
0
LINE
8
BLACK
6
CONTINUOUS
10
1.1916308661417323
20
0.9385254724409449
11
1.1920783070866141
21
0.9381582677165354
0
LINE
8
BLACK
6
CONTINUOUS
10
1.1920783070866141
20
0.9381582677165354
11
1.1973809448818897
21
0.9328556299212598
0
LINE
8
BLACK
6
CONTINUOUS
10
1.1973809448818897
20
0.9328556299212598
11
1.1977481496062992
21
0.9324081889763779
0
LINE
8
BLACK
6
CONTINUOUS
10
1.1977481496062992
20
0.9324081889763779
11
1.1977887007874015
21
0.9323102362204724
0
LINE
8
BLACK
6
CONTINUOUS
10
1.1977887007874015
20
0.9323102362204724
11
1.1978582677165355
21
0.9322300393700788
0
LINE
8
BLACK
6
CONTINUOUS
10
1.1978582677165355
20
0.9322300393700788
11
1.1980942519685038
21
0.9317014566929134
0
LINE
8
BLACK
6
CONTINUOUS
10
1.1980942519685038
20
0.9317014566929134
11
1.1989048031496063
21
0.9292698818897638
0
LINE
8
BLACK
6
CONTINUOUS
10
1.1989048031496063
20
0.9292698818897638
11
1.2004518503937007
21
0.9318483070866141
0
LINE
8
BLACK
6
CONTINUOUS
10
1.2004518503937007
20
0.9318483070866141
11
1.2016198818897637
21
0.9376884645669291
0
LINE
8
BLACK
6
CONTINUOUS
10
1.2016198818897637
20
0.9376884645669291
11
1.2016198818897637
21
0.9395682283464567
0
LINE
8
BLACK
6
CONTINUOUS
10
1.2016198818897637
20
0.9395682283464567
11
1.200666220472441
21
0.9424292913385827
0
LINE
8
BLACK
6
CONTINUOUS
10
1.200666220472441
20
0.9424292913385827
11
1.1958564566929133
21
0.9472390551181102
0
LINE
8
BLACK
6
CONTINUOUS
10
1.1958564566929133
20
0.9472390551181102
11
1.1954892519685039
21
0.9476864960629922
0
LINE
8
BLACK
6
CONTINUOUS
10
1.1954892519685039
20
0.9476864960629922
11
1.1950483464566928
21
0.9487509448818897
0
LINE
8
BLACK
6
CONTINUOUS
10
1.1950483464566928
20
0.9487509448818897
11
1.1950483464566928
21
0.9499029921259843
0
LINE
8
BLACK
6
CONTINUOUS
10
1.1950483464566928
20
0.9499029921259843
11
1.1954892519685039
21
0.9509674409448818
0
LINE
8
BLACK
6
CONTINUOUS
10
1.1954892519685039
20
0.9509674409448818
11
1.1963038976377953
21
0.9517820866141732
0
LINE
8
BLACK
6
CONTINUOUS
10
1.1963038976377953
20
0.9517820866141732
11
1.1973683464566929
21
0.9522229921259843
0
LINE
8
BLACK
6
CONTINUOUS
10
1.1973683464566929
20
0.9522229921259843
11
1.1985203937007873
21
0.9522229921259843
0
LINE
8
BLACK
6
CONTINUOUS
10
1.1985203937007873
20
0.9522229921259843
11
1.1995848425196851
21
0.9517820866141732
0
LINE
8
BLACK
6
CONTINUOUS
10
1.1809801574803149
20
0.9334896062992126
11
1.1753375984251968
21
0.9278470472440945
0
LINE
8
BLACK
6
CONTINUOUS
10
1.1753375984251968
20
0.9278470472440945
11
1.1743839370078739
21
0.9249859842519684
0
LINE
8
BLACK
6
CONTINUOUS
10
1.1743839370078739
20
0.9249859842519684
11
1.1743839370078739
21
0.923292874015748
0
LINE
8
BLACK
6
CONTINUOUS
10
1.1743839370078739
20
0.923292874015748
11
1.1753375590551181
21
0.9204318503937008
0
LINE
8
BLACK
6
CONTINUOUS
10
1.1753375590551181
20
0.9204318503937008
11
1.1796544881889763
21
0.9161149212598425
0
LINE
8
BLACK
6
CONTINUOUS
10
1.1796544881889763
20
0.9161149212598425
11
1.1825155905511811
21
0.9151612598425196
0
LINE
8
BLACK
6
CONTINUOUS
10
1.1825155905511811
20
0.9151612598425196
11
1.1842086220472441
21
0.9151612598425196
0
LINE
8
BLACK
6
CONTINUOUS
10
1.1842086220472441
20
0.9151612598425196
11
1.18706968503937
21
0.9161149606299213
0
LINE
8
BLACK
6
CONTINUOUS
10
1.18706968503937
20
0.9161149606299213
11
1.1927122440944882
21
0.9217575196850394
0
LINE
8
BLACK
6
CONTINUOUS
10
1.1927122440944882
20
0.9217575196850394
11
1.1936659448818898
21
0.9246185826771653
0
LINE
8
BLACK
6
CONTINUOUS
10
1.1936659448818898
20
0.9246185826771653
11
1.1936659448818898
21
0.9263116141732283
0
LINE
8
BLACK
6
CONTINUOUS
10
1.1936659448818898
20
0.9263116141732283
11
1.1927122440944882
21
0.9291726771653543
0
LINE
8
BLACK
6
CONTINUOUS
10
1.1927122440944882
20
0.9291726771653543
11
1.1883953543307086
21
0.9334895669291339
0
LINE
8
BLACK
6
CONTINUOUS
10
1.1883953543307086
20
0.9334895669291339
11
1.1855342913385827
21
0.9344432677165354
0
LINE
8
BLACK
6
CONTINUOUS
10
1.1855342913385827
20
0.9344432677165354
11
1.1838412204724409
21
0.9344432677165354
0
LINE
8
BLACK
6
CONTINUOUS
10
1.1838412204724409
20
0.9344432677165354
11
1.1809801574803149
21
0.9334896062992126
0
LINE
8
BLACK
6
CONTINUOUS
10
0.6988372834645669
20
0.9376903937007873
11
0.6999187007874016
21
0.9372424409448818
0
LINE
8
BLACK
6
CONTINUOUS
10
0.6999187007874016
20
0.9372424409448818
11
0.7007464173228346
21
0.9364147244094488
0
LINE
8
BLACK
6
CONTINUOUS
10
0.7007464173228346
20
0.9364147244094488
11
0.7011943700787402
21
0.9353333070866141
0
LINE
8
BLACK
6
CONTINUOUS
10
0.7011943700787402
20
0.9353333070866141
11
0.7011943700787402
21
0.9341627559055118
0
LINE
8
BLACK
6
CONTINUOUS
10
0.7011943700787402
20
0.9341627559055118
11
0.7007464173228346
21
0.9330813385826772
0
LINE
8
BLACK
6
CONTINUOUS
10
0.7007464173228346
20
0.9330813385826772
11
0.6999187007874016
21
0.932253622047244
0
LINE
8
BLACK
6
CONTINUOUS
10
0.6999187007874016
20
0.932253622047244
11
0.6988372834645669
21
0.9318056692913386
0
LINE
8
BLACK
6
CONTINUOUS
10
0.6988372834645669
20
0.9318056692913386
11
0.6982520078740158
21
0.931748031496063
0
LINE
8
BLACK
6
CONTINUOUS
10
0.6982520078740158
20
0.931748031496063
11
0.6906368503937008
21
0.931748031496063
0
LINE
8
BLACK
6
CONTINUOUS
10
0.6906368503937008
20
0.931748031496063
11
0.6805826771653544
21
0.9216948818897638
0
LINE
8
BLACK
6
CONTINUOUS
10
0.6805826771653544
20
0.9216948818897638
11
0.6805826771653544
21
0.9140787007874015
0
LINE
8
BLACK
6
CONTINUOUS
10
0.6805826771653544
20
0.9140787007874015
11
0.6805250393700787
21
0.9134934251968504
0
LINE
8
BLACK
6
CONTINUOUS
10
0.6805250393700787
20
0.9134934251968504
11
0.6800770866141732
21
0.9124120078740158
0
LINE
8
BLACK
6
CONTINUOUS
10
0.6800770866141732
20
0.9124120078740158
11
0.6792493700787401
21
0.9115842913385827
0
LINE
8
BLACK
6
CONTINUOUS
10
0.6792493700787401
20
0.9115842913385827
11
0.6781679527559055
21
0.9111363385826772
0
LINE
8
BLACK
6
CONTINUOUS
10
0.6781679527559055
20
0.9111363385826772
11
0.6769974015748031
21
0.9111363385826772
0
LINE
8
BLACK
6
CONTINUOUS
10
0.6769974015748031
20
0.9111363385826772
11
0.6759159842519685
21
0.9115842913385827
0
LINE
8
BLACK
6
CONTINUOUS
10
0.6759159842519685
20
0.9115842913385827
11
0.6750882677165354
21
0.9124120078740158
0
LINE
8
BLACK
6
CONTINUOUS
10
0.6750882677165354
20
0.9124120078740158
11
0.6746403149606299
21
0.9134934251968504
0
LINE
8
BLACK
6
CONTINUOUS
10
0.6746403149606299
20
0.9134934251968504
11
0.6745826771653544
21
0.9140787007874015
0
LINE
8
BLACK
6
CONTINUOUS
10
0.6745826771653544
20
0.9140787007874015
11
0.6745826771653544
21
0.9229375984251968
0
LINE
8
BLACK
6
CONTINUOUS
10
0.6745826771653544
20
0.9229375984251968
11
0.6746403149606299
21
0.9235228740157481
0
LINE
8
BLACK
6
CONTINUOUS
10
0.6746403149606299
20
0.9235228740157481
11
0.6746403149606299
21
0.9235229921259842
0
LINE
8
BLACK
6
CONTINUOUS
10
0.6746403149606299
20
0.9235229921259842
11
0.6746403543307087
21
0.923523031496063
0
LINE
8
BLACK
6
CONTINUOUS
10
0.6746403543307087
20
0.923523031496063
11
0.6750883464566929
21
0.9246044488188976
0
LINE
8
BLACK
6
CONTINUOUS
10
0.6750883464566929
20
0.9246044488188976
11
0.6754614566929134
21
0.9250590157480315
0
LINE
8
BLACK
6
CONTINUOUS
10
0.6754614566929134
20
0.9250590157480315
11
0.6872730708661418
21
0.9368694488188977
0
LINE
8
BLACK
6
CONTINUOUS
10
0.6872730708661418
20
0.9368694488188977
11
0.6877274803149606
21
0.9372423622047243
0
LINE
8
BLACK
6
CONTINUOUS
10
0.6877274803149606
20
0.9372423622047243
11
0.6877275984251968
21
0.9372424409448818
0
LINE
8
BLACK
6
CONTINUOUS
10
0.6877275984251968
20
0.9372424409448818
11
0.6877276377952756
21
0.9372424803149606
0
LINE
8
BLACK
6
CONTINUOUS
10
0.6877276377952756
20
0.9372424803149606
11
0.6877277165354331
21
0.9372425196850394
0
LINE
8
BLACK
6
CONTINUOUS
10
0.6877277165354331
20
0.9372425196850394
11
0.6881372047244094
21
0.9374121259842519
0
LINE
8
BLACK
6
CONTINUOUS
10
0.6881372047244094
20
0.9374121259842519
11
0.6888090157480314
21
0.9376903937007873
0
LINE
8
BLACK
6
CONTINUOUS
10
0.6888090157480314
20
0.9376903937007873
11
0.6893942913385827
21
0.937748031496063
0
LINE
8
BLACK
6
CONTINUOUS
10
0.6893942913385827
20
0.937748031496063
11
0.6982520078740158
21
0.937748031496063
0
LINE
8
BLACK
6
CONTINUOUS
10
0.6982520078740158
20
0.937748031496063
11
0.6988372834645669
21
0.9376903937007873
0
LINE
8
BLACK
6
CONTINUOUS
10
0.9308141338582677
20
0.9603441338582677
11
0.930912125984252
21
0.9603035433070866
0
LINE
8
BLACK
6
CONTINUOUS
10
0.930912125984252
20
0.9603035433070866
11
0.9310179527559055
21
0.9602960236220472
0
LINE
8
BLACK
6
CONTINUOUS
10
0.9310179527559055
20
0.9602960236220472
11
0.9315585826771653
21
0.9600891338582677
0
LINE
8
BLACK
6
CONTINUOUS
10
0.9315585826771653
20
0.9600891338582677
11
0.9353081102362204
21
0.9582143700787401
0
LINE
8
BLACK
6
CONTINUOUS
10
0.9353081102362204
20
0.9582143700787401
11
0.9355561023622047
21
0.9580583070866141
0
LINE
8
BLACK
6
CONTINUOUS
10
0.9355561023622047
20
0.9580583070866141
11
0.9356280708661417
21
0.9580284645669291
0
LINE
8
BLACK
6
CONTINUOUS
10
0.9356280708661417
20
0.9580284645669291
11
0.9357090157480314
21
0.9579620078740158
0
LINE
8
BLACK
6
CONTINUOUS
10
0.9357090157480314
20
0.9579620078740158
11
0.9357979921259842
21
0.9579060236220472
0
LINE
8
BLACK
6
CONTINUOUS
10
0.9357979921259842
20
0.9579060236220472
11
0.9358491338582677
21
0.9578470472440944
0
LINE
8
BLACK
6
CONTINUOUS
10
0.9358491338582677
20
0.9578470472440944
11
0.9360755118110236
21
0.9576612598425197
0
LINE
8
BLACK
6
CONTINUOUS
10
0.9360755118110236
20
0.9576612598425197
11
0.9379502755905511
21
0.9557864960629922
0
LINE
8
BLACK
6
CONTINUOUS
10
0.9379502755905511
20
0.9557864960629922
11
0.9383174803149607
21
0.9553390551181102
0
LINE
8
BLACK
6
CONTINUOUS
10
0.9383174803149607
20
0.9553390551181102
11
0.9387583858267716
21
0.9542746456692913
0
LINE
8
BLACK
6
CONTINUOUS
10
0.9387583858267716
20
0.9542746456692913
11
0.9387583858267716
21
0.9531225590551181
0
LINE
8
BLACK
6
CONTINUOUS
10
0.9387583858267716
20
0.9531225590551181
11
0.9383174803149607
21
0.9520581496062992
0
LINE
8
BLACK
6
CONTINUOUS
10
0.9383174803149607
20
0.9520581496062992
11
0.9375027952755906
21
0.9512434645669291
0
LINE
8
BLACK
6
CONTINUOUS
10
0.9375027952755906
20
0.9512434645669291
11
0.9364383858267716
21
0.9508025590551181
0
LINE
8
BLACK
6
CONTINUOUS
10
0.9364383858267716
20
0.9508025590551181
11
0.9352862992125984
21
0.9508025590551181
0
LINE
8
BLACK
6
CONTINUOUS
10
0.9352862992125984
20
0.9508025590551181
11
0.9342218897637795
21
0.9512434645669291
0
LINE
8
BLACK
6
CONTINUOUS
10
0.9342218897637795
20
0.9512434645669291
11
0.9337744488188976
21
0.9516106692913385
0
LINE
8
BLACK
6
CONTINUOUS
10
0.9337744488188976
20
0.9516106692913385
11
0.9322385039370078
21
0.9531466141732283
0
LINE
8
BLACK
6
CONTINUOUS
10
0.9322385039370078
20
0.9531466141732283
11
0.9295410236220473
21
0.9544953543307086
0
LINE
8
BLACK
6
CONTINUOUS
10
0.9295410236220473
20
0.9544953543307086
11
0.9215612992125984
21
0.9544953543307086
0
LINE
8
BLACK
6
CONTINUOUS
10
0.9215612992125984
20
0.9544953543307086
11
0.9188638188976378
21
0.9531466141732283
0
LINE
8
BLACK
6
CONTINUOUS
10
0.9188638188976378
20
0.9531466141732283
11
0.9176666929133858
21
0.9519494881889764
0
LINE
8
BLACK
6
CONTINUOUS
10
0.9176666929133858
20
0.9519494881889764
11
0.9163179527559054
21
0.9492520078740158
0
LINE
8
BLACK
6
CONTINUOUS
10
0.9163179527559054
20
0.9492520078740158
11
0.9163179527559054
21
0.9466787007874016
0
LINE
8
BLACK
6
CONTINUOUS
10
0.9163179527559054
20
0.9466787007874016
11
0.917820748031496
21
0.9421702755905511
0
LINE
8
BLACK
6
CONTINUOUS
10
0.917820748031496
20
0.9421702755905511
11
0.9398250393700788
21
0.9201659448818897
0
LINE
8
BLACK
6
CONTINUOUS
10
0.9398250393700788
20
0.9201659448818897
11
0.940192283464567
21
0.9197185039370078
0
LINE
8
BLACK
6
CONTINUOUS
10
0.940192283464567
20
0.9197185039370078
11
0.9406331496062992
21
0.9186540551181103
0
LINE
8
BLACK
6
CONTINUOUS
10
0.9406331496062992
20
0.9186540551181103
11
0.9406331496062992
21
0.9175019685039369
0
LINE
8
BLACK
6
CONTINUOUS
10
0.9406331496062992
20
0.9175019685039369
11
0.9401922440944882
21
0.916437559055118
0
LINE
8
BLACK
6
CONTINUOUS
10
0.9401922440944882
20
0.916437559055118
11
0.9393775984251969
21
0.915622874015748
0
LINE
8
BLACK
6
CONTINUOUS
10
0.9393775984251969
20
0.915622874015748
11
0.9386249212598425
21
0.9153111417322835
0
LINE
8
BLACK
6
CONTINUOUS
10
0.9386249212598425
20
0.9153111417322835
11
0.9383131889763779
21
0.9151820078740157
0
LINE
8
BLACK
6
CONTINUOUS
10
0.9383131889763779
20
0.9151820078740157
11
0.937737125984252
21
0.9151252755905511
0
LINE
8
BLACK
6
CONTINUOUS
10
0.937737125984252
20
0.9151252755905511
11
0.9133651968503936
21
0.9151252755905511
0
LINE
8
BLACK
6
CONTINUOUS
10
0.9133651968503936
20
0.9151252755905511
11
0.9127891338582677
21
0.9151820078740157
0
LINE
8
BLACK
6
CONTINUOUS
10
0.9127891338582677
20
0.9151820078740157
11
0.9117247244094489
21
0.9156229133858268
0
LINE
8
BLACK
6
CONTINUOUS
10
0.9117247244094489
20
0.9156229133858268
11
0.9109100787401575
21
0.916437559055118
0
LINE
8
BLACK
6
CONTINUOUS
10
0.9109100787401575
20
0.916437559055118
11
0.9104691732283464
21
0.9175019685039369
0
LINE
8
BLACK
6
CONTINUOUS
10
0.9104691732283464
20
0.9175019685039369
11
0.9104691732283464
21
0.9186540944881889
0
LINE
8
BLACK
6
CONTINUOUS
10
0.9104691732283464
20
0.9186540944881889
11
0.9109100787401575
21
0.9197185039370078
0
LINE
8
BLACK
6
CONTINUOUS
10
0.9109100787401575
20
0.9197185039370078
11
0.9117247244094489
21
0.9205331496062992
0
LINE
8
BLACK
6
CONTINUOUS
10
0.9117247244094489
20
0.9205331496062992
11
0.9127891338582677
21
0.9209740551181103
0
LINE
8
BLACK
6
CONTINUOUS
10
0.9127891338582677
20
0.9209740551181103
11
0.9133651968503936
21
0.9210307874015747
0
LINE
8
BLACK
6
CONTINUOUS
10
0.9133651968503936
20
0.9210307874015747
11
0.9306085433070866
21
0.9210307874015747
0
LINE
8
BLACK
6
CONTINUOUS
10
0.9306085433070866
20
0.9210307874015747
11
0.9131520472440945
21
0.9384873228346456
0
LINE
8
BLACK
6
CONTINUOUS
10
0.9131520472440945
20
0.9384873228346456
11
0.9127848425196851
21
0.9389347637795276
0
LINE
8
BLACK
6
CONTINUOUS
10
0.9127848425196851
20
0.9389347637795276
11
0.9127442125984252
21
0.9390328346456692
0
LINE
8
BLACK
6
CONTINUOUS
10
0.9127442125984252
20
0.9390328346456692
11
0.9126747244094487
21
0.9391129527559055
0
LINE
8
BLACK
6
CONTINUOUS
10
0.9126747244094487
20
0.9391129527559055
11
0.9124387401574803
21
0.9396414960629921
0
LINE
8
BLACK
6
CONTINUOUS
10
0.9124387401574803
20
0.9396414960629921
11
0.9105639763779527
21
0.9452657874015747
0
LINE
8
BLACK
6
CONTINUOUS
10
0.9105639763779527
20
0.9452657874015747
11
0.9104990157480315
21
0.9455513779527559
0
LINE
8
BLACK
6
CONTINUOUS
10
0.9104990157480315
20
0.9455513779527559
11
0.9104691732283464
21
0.9456234645669291
0
LINE
8
BLACK
6
CONTINUOUS
10
0.9104691732283464
20
0.9456234645669291
11
0.9104588582677166
21
0.9457279921259842
0
LINE
8
BLACK
6
CONTINUOUS
10
0.9104588582677166
20
0.9457279921259842
11
0.9104356299212598
21
0.9458302362204725
0
LINE
8
BLACK
6
CONTINUOUS
10
0.9104356299212598
20
0.9458302362204725
11
0.9104411417322834
21
0.9459079921259842
0
LINE
8
BLACK
6
CONTINUOUS
10
0.9104411417322834
20
0.9459079921259842
11
0.9104124409448818
21
0.9461995275590551
0
LINE
8
BLACK
6
CONTINUOUS
10
0.9104124409448818
20
0.9461995275590551
11
0.9104124409448818
21
0.9499490551181102
0
LINE
8
BLACK
6
CONTINUOUS
10
0.9104124409448818
20
0.9499490551181102
11
0.9104691732283464
21
0.9505251181102362
0
LINE
8
BLACK
6
CONTINUOUS
10
0.9104691732283464
20
0.9505251181102362
11
0.9105097637795275
21
0.9506231496062992
0
LINE
8
BLACK
6
CONTINUOUS
10
0.9105097637795275
20
0.9506231496062992
11
0.910517283464567
21
0.950728937007874
0
LINE
8
BLACK
6
CONTINUOUS
10
0.910517283464567
20
0.950728937007874
11
0.9107241732283464
21
0.9512695669291339
0
LINE
8
BLACK
6
CONTINUOUS
10
0.9107241732283464
20
0.9512695669291339
11
0.912598937007874
21
0.955019094488189
0
LINE
8
BLACK
6
CONTINUOUS
10
0.912598937007874
20
0.955019094488189
11
0.912755
21
0.9552671259842519
0
LINE
8
BLACK
6
CONTINUOUS
10
0.912755
20
0.9552671259842519
11
0.9127848425196851
21
0.9553390551181102
0
LINE
8
BLACK
6
CONTINUOUS
10
0.9127848425196851
20
0.9553390551181102
11
0.9128512992125984
21
0.9554200393700787
0
LINE
8
BLACK
6
CONTINUOUS
10
0.9128512992125984
20
0.9554200393700787
11
0.912907283464567
21
0.9555089763779527
0
LINE
8
BLACK
6
CONTINUOUS
10
0.912907283464567
20
0.9555089763779527
11
0.9129662598425197
21
0.955560157480315
0
LINE
8
BLACK
6
CONTINUOUS
10
0.9129662598425197
20
0.955560157480315
11
0.9131520472440945
21
0.9557864960629922
0
LINE
8
BLACK
6
CONTINUOUS
10
0.9131520472440945
20
0.9557864960629922
11
0.915026811023622
21
0.9576612598425197
0
LINE
8
BLACK
6
CONTINUOUS
10
0.915026811023622
20
0.9576612598425197
11
0.9152531496062992
21
0.9578470472440944
0
LINE
8
BLACK
6
CONTINUOUS
10
0.9152531496062992
20
0.9578470472440944
11
0.9153043307086614
21
0.9579060236220472
0
LINE
8
BLACK
6
CONTINUOUS
10
0.9153043307086614
20
0.9579060236220472
11
0.9153932677165354
21
0.9579620078740158
0
LINE
8
BLACK
6
CONTINUOUS
10
0.9153932677165354
20
0.9579620078740158
11
0.915474251968504
21
0.9580284645669291
0
LINE
8
BLACK
6
CONTINUOUS
10
0.915474251968504
20
0.9580284645669291
11
0.9155461811023622
21
0.9580583070866141
0
LINE
8
BLACK
6
CONTINUOUS
10
0.9155461811023622
20
0.9580583070866141
11
0.9157942125984252
21
0.9582143700787401
0
LINE
8
BLACK
6
CONTINUOUS
10
0.9157942125984252
20
0.9582143700787401
11
0.9195437401574803
21
0.9600891338582677
0
LINE
8
BLACK
6
CONTINUOUS
10
0.9195437401574803
20
0.9600891338582677
11
0.9200843307086614
21
0.9602960236220472
0
LINE
8
BLACK
6
CONTINUOUS
10
0.9200843307086614
20
0.9602960236220472
11
0.9201901968503937
21
0.9603035826771653
0
LINE
8
BLACK
6
CONTINUOUS
10
0.9201901968503937
20
0.9603035826771653
11
0.920288188976378
21
0.9603441338582677
0
LINE
8
BLACK
6
CONTINUOUS
10
0.920288188976378
20
0.9603441338582677
11
0.920864251968504
21
0.9604008661417323
0
LINE
8
BLACK
6
CONTINUOUS
10
0.920864251968504
20
0.9604008661417323
11
0.9302380708661417
21
0.9604008661417323
0
LINE
8
BLACK
6
CONTINUOUS
10
0.9302380708661417
20
0.9604008661417323
11
0.9308141338582677
21
0.9603441338582677
0
LINE
8
BLACK
6
CONTINUOUS
10
0.8897731496062992
20
0.962170748031496
11
0.8908035826771653
21
0.9616555511811024
0
LINE
8
BLACK
6
CONTINUOUS
10
0.8908035826771653
20
0.9616555511811024
11
0.8915584645669291
21
0.9607851968503937
0
LINE
8
BLACK
6
CONTINUOUS
10
0.8915584645669291
20
0.9607851968503937
11
0.8917944488188976
21
0.9602566141732283
0
LINE
8
BLACK
6
CONTINUOUS
10
0.8917944488188976
20
0.9602566141732283
11
0.9011682677165355
21
0.9321351968503937
0
LINE
8
BLACK
6
CONTINUOUS
10
0.9011682677165355
20
0.9321351968503937
11
0.9012331889763779
21
0.9318495669291338
0
LINE
8
BLACK
6
CONTINUOUS
10
0.9012331889763779
20
0.9318495669291338
11
0.9012630708661417
21
0.9317774803149607
0
LINE
8
BLACK
6
CONTINUOUS
10
0.9012630708661417
20
0.9317774803149607
11
0.9012630708661417
21
0.9317182677165354
0
LINE
8
BLACK
6
CONTINUOUS
10
0.9012630708661417
20
0.9317182677165354
11
0.9012966141732284
21
0.9315707480314961
0
LINE
8
BLACK
6
CONTINUOUS
10
0.9012966141732284
20
0.9315707480314961
11
0.9012630708661417
21
0.9310988976377953
0
LINE
8
BLACK
6
CONTINUOUS
10
0.9012630708661417
20
0.9310988976377953
11
0.9012630708661417
21
0.9306253543307086
0
LINE
8
BLACK
6
CONTINUOUS
10
0.9012630708661417
20
0.9306253543307086
11
0.9012224015748032
21
0.9305272834645669
0
LINE
8
BLACK
6
CONTINUOUS
10
0.9012224015748032
20
0.9305272834645669
11
0.9012149212598425
21
0.9304215354330708
0
LINE
8
BLACK
6
CONTINUOUS
10
0.9012149212598425
20
0.9304215354330708
11
0.9010033464566929
21
0.9299984251968504
0
LINE
8
BLACK
6
CONTINUOUS
10
0.9010033464566929
20
0.9299984251968504
11
0.9008221653543307
21
0.9295609448818898
0
LINE
8
BLACK
6
CONTINUOUS
10
0.9008221653543307
20
0.9295609448818898
11
0.900747125984252
21
0.9294859448818897
0
LINE
8
BLACK
6
CONTINUOUS
10
0.900747125984252
20
0.9294859448818897
11
0.9006997244094488
21
0.9293910629921259
0
LINE
8
BLACK
6
CONTINUOUS
10
0.9006997244094488
20
0.9293910629921259
11
0.9003422440944882
21
0.929081062992126
0
LINE
8
BLACK
6
CONTINUOUS
10
0.9003422440944882
20
0.929081062992126
11
0.9000075196850393
21
0.9287462992125984
0
LINE
8
BLACK
6
CONTINUOUS
10
0.9000075196850393
20
0.9287462992125984
11
0.8999094488188977
21
0.9287057086614173
0
LINE
8
BLACK
6
CONTINUOUS
10
0.8999094488188977
20
0.9287057086614173
11
0.8998293307086614
21
0.9286361811023622
0
LINE
8
BLACK
6
CONTINUOUS
10
0.8998293307086614
20
0.9286361811023622
11
0.8993804724409449
21
0.9284865748031496
0
LINE
8
BLACK
6
CONTINUOUS
10
0.8993804724409449
20
0.9284865748031496
11
0.8989431102362204
21
0.9283053937007874
0
LINE
8
BLACK
6
CONTINUOUS
10
0.8989431102362204
20
0.9283053937007874
11
0.8987924409448819
21
0.9282905905511811
0
LINE
8
BLACK
6
CONTINUOUS
10
0.8987924409448819
20
0.9282905905511811
11
0.8987363385826771
21
0.9282718503937007
0
LINE
8
BLACK
6
CONTINUOUS
10
0.8987363385826771
20
0.9282718503937007
11
0.8986585826771654
21
0.9282774015748031
0
LINE
8
BLACK
6
CONTINUOUS
10
0.8986585826771654
20
0.9282774015748031
11
0.8983670472440944
21
0.9282486614173228
0
LINE
8
BLACK
6
CONTINUOUS
10
0.8983670472440944
20
0.9282486614173228
11
0.8825721653543307
21
0.9282486614173228
0
LINE
8
BLACK
6
CONTINUOUS
10
0.8825721653543307
20
0.9282486614173228
11
0.8825721653543307
21
0.9180780314960629
0
LINE
8
BLACK
6
CONTINUOUS
10
0.8825721653543307
20
0.9180780314960629
11
0.8825154330708661
21
0.9175019685039369
0
LINE
8
BLACK
6
CONTINUOUS
10
0.8825154330708661
20
0.9175019685039369
11
0.8820745275590551
21
0.916437559055118
0
LINE
8
BLACK
6
CONTINUOUS
10
0.8820745275590551
20
0.916437559055118
11
0.8812598818897638
21
0.9156229133858268
0
LINE
8
BLACK
6
CONTINUOUS
10
0.8812598818897638
20
0.9156229133858268
11
0.8801954724409449
21
0.9151820078740157
0
LINE
8
BLACK
6
CONTINUOUS
10
0.8801954724409449
20
0.9151820078740157
11
0.8790433464566929
21
0.9151820078740157
0
LINE
8
BLACK
6
CONTINUOUS
10
0.8790433464566929
20
0.9151820078740157
11
0.877978937007874
21
0.9156229133858268
0
LINE
8
BLACK
6
CONTINUOUS
10
0.877978937007874
20
0.9156229133858268
11
0.8771642913385826
21
0.916437559055118
0
LINE
8
BLACK
6
CONTINUOUS
10
0.8771642913385826
20
0.916437559055118
11
0.8767233858267717
21
0.9175019685039369
0
LINE
8
BLACK
6
CONTINUOUS
10
0.8767233858267717
20
0.9175019685039369
11
0.8766666535433071
21
0.9180780314960629
0
LINE
8
BLACK
6
CONTINUOUS
10
0.8766666535433071
20
0.9180780314960629
11
0.8766666535433071
21
0.9282486614173228
0
LINE
8
BLACK
6
CONTINUOUS
10
0.8766666535433071
20
0.9282486614173228
11
0.8739951181102362
21
0.9282486614173228
0
LINE
8
BLACK
6
CONTINUOUS
10
0.8739951181102362
20
0.9282486614173228
11
0.8734190551181102
21
0.9283053937007874
0
LINE
8
BLACK
6
CONTINUOUS
10
0.8734190551181102
20
0.9283053937007874
11
0.8723546456692913
21
0.9287462992125984
0
LINE
8
BLACK
6
CONTINUOUS
10
0.8723546456692913
20
0.9287462992125984
11
0.87154
21
0.9295609448818898
0
LINE
8
BLACK
6
CONTINUOUS
10
0.87154
20
0.9295609448818898
11
0.871099094488189
21
0.9306253543307086
0
LINE
8
BLACK
6
CONTINUOUS
10
0.871099094488189
20
0.9306253543307086
11
0.871099094488189
21
0.9317774803149607
0
LINE
8
BLACK
6
CONTINUOUS
10
0.871099094488189
20
0.9317774803149607
11
0.87154
21
0.9328418897637795
0
LINE
8
BLACK
6
CONTINUOUS
10
0.87154
20
0.9328418897637795
11
0.8723546456692913
21
0.9336565354330708
0
LINE
8
BLACK
6
CONTINUOUS
10
0.8723546456692913
20
0.9336565354330708
11
0.8734190551181102
21
0.9340974409448819
0
LINE
8
BLACK
6
CONTINUOUS
10
0.8734190551181102
20
0.9340974409448819
11
0.8739951181102362
21
0.9341541732283465
0
LINE
8
BLACK
6
CONTINUOUS
10
0.8739951181102362
20
0.9341541732283465
11
0.8766666535433071
21
0.9341541732283465
0
LINE
8
BLACK
6
CONTINUOUS
10
0.8766666535433071
20
0.9341541732283465
11
0.8766666535433071
21
0.9443247637795276
0
LINE
8
BLACK
6
CONTINUOUS
10
0.8766666535433071
20
0.9443247637795276
11
0.8767233858267717
21
0.9449008267716535
0
LINE
8
BLACK
6
CONTINUOUS
10
0.8767233858267717
20
0.9449008267716535
11
0.8771642913385826
21
0.9459652362204725
0
LINE
8
BLACK
6
CONTINUOUS
10
0.8771642913385826
20
0.9459652362204725
11
0.877978937007874
21
0.9467798818897638
0
LINE
8
BLACK
6
CONTINUOUS
10
0.877978937007874
20
0.9467798818897638
11
0.8790433464566929
21
0.9472207874015748
0
LINE
8
BLACK
6
CONTINUOUS
10
0.8790433464566929
20
0.9472207874015748
11
0.8801954724409449
21
0.9472207874015748
0
LINE
8
BLACK
6
CONTINUOUS
10
0.8801954724409449
20
0.9472207874015748
11
0.8812598818897638
21
0.9467798818897638
0
LINE
8
BLACK
6
CONTINUOUS
10
0.8812598818897638
20
0.9467798818897638
11
0.8820745275590551
21
0.9459652362204725
0
LINE
8
BLACK
6
CONTINUOUS
10
0.8820745275590551
20
0.9459652362204725
11
0.8825154330708661
21
0.9449008267716535
0
LINE
8
BLACK
6
CONTINUOUS
10
0.8825154330708661
20
0.9449008267716535
11
0.8825721653543307
21
0.9443247637795276
0
LINE
8
BLACK
6
CONTINUOUS
10
0.8825721653543307
20
0.9443247637795276
11
0.8825721653543307
21
0.9341541732283465
0
LINE
8
BLACK
6
CONTINUOUS
10
0.8825721653543307
20
0.9341541732283465
11
0.8942703149606299
21
0.9341541732283465
0
LINE
8
BLACK
6
CONTINUOUS
10
0.8942703149606299
20
0.9341541732283465
11
0.8861920078740158
21
0.9583891338582677
0
LINE
8
BLACK
6
CONTINUOUS
10
0.8861920078740158
20
0.9583891338582677
11
0.8860636614173228
21
0.9589535826771654
0
LINE
8
BLACK
6
CONTINUOUS
10
0.8860636614173228
20
0.9589535826771654
11
0.8861453543307086
21
0.9601027952755905
0
LINE
8
BLACK
6
CONTINUOUS
10
0.8861453543307086
20
0.9601027952755905
11
0.8866605511811023
21
0.9611332283464566
0
LINE
8
BLACK
6
CONTINUOUS
10
0.8866605511811023
20
0.9611332283464566
11
0.887530905511811
21
0.9618881102362205
0
LINE
8
BLACK
6
CONTINUOUS
10
0.887530905511811
20
0.9618881102362205
11
0.888623937007874
21
0.9622524409448818
0
LINE
8
BLACK
6
CONTINUOUS
10
0.888623937007874
20
0.9622524409448818
11
0.8897731496062992
21
0.962170748031496
0
LINE
8
BLACK
6
CONTINUOUS
10
0.8319171653543307
20
1.003773622047244
11
0.8319891732283464
21
1.0037807874015747
0
LINE
8
BLACK
6
CONTINUOUS
10
0.8319891732283464
20
1.0037807874015747
11
0.8320594881889763
21
1.0037596062992127
0
LINE
8
BLACK
6
CONTINUOUS
10
0.8320594881889763
20
1.0037596062992127
11
0.8322801968503937
21
1.0037378346456693
0
LINE
8
BLACK
6
CONTINUOUS
10
0.8322801968503937
20
1.0037378346456693
11
0.8326788582677165
21
1.0035727165354331
0
LINE
8
BLACK
6
CONTINUOUS
10
0.8326788582677165
20
1.0035727165354331
11
0.8330921653543307
21
1.0034479921259842
0
LINE
8
BLACK
6
CONTINUOUS
10
0.8330921653543307
20
1.0034479921259842
11
0.8332072440944882
21
1.0033538582677166
0
LINE
8
BLACK
6
CONTINUOUS
10
0.8332072440944882
20
1.0033538582677166
11
0.8333446062992126
21
1.0032969291338583
0
LINE
8
BLACK
6
CONTINUOUS
10
0.8333446062992126
20
1.0032969291338583
11
0.833649842519685
21
1.0029916929133857
0
LINE
8
BLACK
6
CONTINUOUS
10
0.833649842519685
20
1.0029916929133857
11
0.8339838188976377
21
1.0027184251968504
0
LINE
8
BLACK
6
CONTINUOUS
10
0.8339838188976377
20
1.0027184251968504
11
0.8340540551181103
21
1.0025874803149606
0
LINE
8
BLACK
6
CONTINUOUS
10
0.8340540551181103
20
1.0025874803149606
11
0.8341592519685039
21
1.0024822834645668
0
LINE
8
BLACK
6
CONTINUOUS
10
0.8341592519685039
20
1.0024822834645668
11
0.8343244094488189
21
1.002083503937008
0
LINE
8
BLACK
6
CONTINUOUS
10
0.8343244094488189
20
1.002083503937008
11
0.8345284645669291
21
1.0017031889763779
0
LINE
8
BLACK
6
CONTINUOUS
10
0.8345284645669291
20
1.0017031889763779
11
0.8345720472440945
21
1.0014857086614173
0
LINE
8
BLACK
6
CONTINUOUS
10
0.8345720472440945
20
1.0014857086614173
11
0.8346001574803149
21
1.001417874015748
0
LINE
8
BLACK
6
CONTINUOUS
10
0.8346001574803149
20
1.001417874015748
11
0.8346001574803149
21
1.001345590551181
0
LINE
8
BLACK
6
CONTINUOUS
10
0.8346001574803149
20
1.001345590551181
11
0.8346422440944882
21
1.0011356299212599
0
LINE
8
BLACK
6
CONTINUOUS
10
0.8346422440944882
20
1.0011356299212599
11
0.8365170078740157
21
0.9823879921259843
0
LINE
8
BLACK
6
CONTINUOUS
10
0.8365170078740157
20
0.9823879921259843
11
0.8365178740157481
21
0.9818091338582677
0
LINE
8
BLACK
6
CONTINUOUS
10
0.8365178740157481
20
0.9818091338582677
11
0.8364749212598425
21
0.9816668110236221
0
LINE
8
BLACK
6
CONTINUOUS
10
0.8364749212598425
20
0.9816668110236221
11
0.8364749212598425
21
0.9815181496062992
0
LINE
8
BLACK
6
CONTINUOUS
10
0.8364749212598425
20
0.9815181496062992
11
0.8363098031496062
21
0.9811195669291338
0
LINE
8
BLACK
6
CONTINUOUS
10
0.8363098031496062
20
0.9811195669291338
11
0.8361850787401575
21
0.9807061417322834
0
LINE
8
BLACK
6
CONTINUOUS
10
0.8361850787401575
20
0.9807061417322834
11
0.8360908661417322
21
0.9805910236220472
0
LINE
8
BLACK
6
CONTINUOUS
10
0.8360908661417322
20
0.9805910236220472
11
0.8360340157480315
21
0.9804537401574803
0
LINE
8
BLACK
6
CONTINUOUS
10
0.8360340157480315
20
0.9804537401574803
11
0.835728937007874
21
0.9801487007874016
0
LINE
8
BLACK
6
CONTINUOUS
10
0.835728937007874
20
0.9801487007874016
11
0.8354555118110236
21
0.9798144881889763
0
LINE
8
BLACK
6
CONTINUOUS
10
0.8354555118110236
20
0.9798144881889763
11
0.8353244488188977
21
0.9797442125984251
0
LINE
8
BLACK
6
CONTINUOUS
10
0.8353244488188977
20
0.9797442125984251
11
0.8352193307086614
21
0.9796390551181102
0
LINE
8
BLACK
6
CONTINUOUS
10
0.8352193307086614
20
0.9796390551181102
11
0.8348207086614173
21
0.9794739763779527
0
LINE
8
BLACK
6
CONTINUOUS
10
0.8348207086614173
20
0.9794739763779527
11
0.8344402755905511
21
0.979269842519685
0
LINE
8
BLACK
6
CONTINUOUS
10
0.8344402755905511
20
0.979269842519685
11
0.8342922440944882
21
0.9792550787401575
0
LINE
8
BLACK
6
CONTINUOUS
10
0.8342922440944882
20
0.9792550787401575
11
0.8341549212598425
21
0.9791981496062991
0
LINE
8
BLACK
6
CONTINUOUS
10
0.8341549212598425
20
0.9791981496062991
11
0.8337233858267716
21
0.9791981496062991
0
LINE
8
BLACK
6
CONTINUOUS
10
0.8337233858267716
20
0.9791981496062991
11
0.8332938582677165
21
0.9791551968503936
0
LINE
8
BLACK
6
CONTINUOUS
10
0.8332938582677165
20
0.9791551968503936
11
0.8331514960629921
21
0.9791981496062991
0
LINE
8
BLACK
6
CONTINUOUS
10
0.8331514960629921
20
0.9791981496062991
11
0.8330028346456693
21
0.9791981496062991
0
LINE
8
BLACK
6
CONTINUOUS
10
0.8330028346456693
20
0.9791981496062991
11
0.8326041338582677
21
0.9793633070866141
0
LINE
8
BLACK
6
CONTINUOUS
10
0.8326041338582677
20
0.9793633070866141
11
0.8321908661417322
21
0.9794879921259843
0
LINE
8
BLACK
6
CONTINUOUS
10
0.8321908661417322
20
0.9794879921259843
11
0.8320757480314961
21
0.9795821653543307
0
LINE
8
BLACK
6
CONTINUOUS
10
0.8320757480314961
20
0.9795821653543307
11
0.8319384251968504
21
0.9796390551181102
0
LINE
8
BLACK
6
CONTINUOUS
10
0.8319384251968504
20
0.9796390551181102
11
0.8314909842519684
21
0.9800062598425197
0
LINE
8
BLACK
6
CONTINUOUS
10
0.8314909842519684
20
0.9800062598425197
11
0.8299550393700788
21
0.9815422047244095
0
LINE
8
BLACK
6
CONTINUOUS
10
0.8299550393700788
20
0.9815422047244095
11
0.8272575590551181
21
0.9828909448818898
0
LINE
8
BLACK
6
CONTINUOUS
10
0.8272575590551181
20
0.9828909448818898
11
0.8192778346456693
21
0.9828909448818898
0
LINE
8
BLACK
6
CONTINUOUS
10
0.8192778346456693
20
0.9828909448818898
11
0.8165803543307086
21
0.9815422047244095
0
LINE
8
BLACK
6
CONTINUOUS
10
0.8165803543307086
20
0.9815422047244095
11
0.8153832283464567
21
0.9803450787401574
0
LINE
8
BLACK
6
CONTINUOUS
10
0.8153832283464567
20
0.9803450787401574
11
0.8140344881889764
21
0.9776475984251968
0
LINE
8
BLACK
6
CONTINUOUS
10
0.8140344881889764
20
0.9776475984251968
11
0.8140344881889764
21
0.9696678740157481
0
LINE
8
BLACK
6
CONTINUOUS
10
0.8140344881889764
20
0.9696678740157481
11
0.8153832283464567
21
0.9669703937007874
0
LINE
8
BLACK
6
CONTINUOUS
10
0.8153832283464567
20
0.9669703937007874
11
0.8165803543307086
21
0.9657732283464566
0
LINE
8
BLACK
6
CONTINUOUS
10
0.8165803543307086
20
0.9657732283464566
11
0.8192778346456693
21
0.9644244881889763
0
LINE
8
BLACK
6
CONTINUOUS
10
0.8192778346456693
20
0.9644244881889763
11
0.8272575590551181
21
0.9644244881889763
0
LINE
8
BLACK
6
CONTINUOUS
10
0.8272575590551181
20
0.9644244881889763
11
0.829955
21
0.9657732283464566
0
LINE
8
BLACK
6
CONTINUOUS
10
0.829955
20
0.9657732283464566
11
0.8314909448818898
21
0.9673091732283464
0
LINE
8
BLACK
6
CONTINUOUS
10
0.8314909448818898
20
0.9673091732283464
11
0.8319384251968504
21
0.9676764173228346
0
LINE
8
BLACK
6
CONTINUOUS
10
0.8319384251968504
20
0.9676764173228346
11
0.8330028346456693
21
0.9681173228346457
0
LINE
8
BLACK
6
CONTINUOUS
10
0.8330028346456693
20
0.9681173228346457
11
0.8341549212598425
21
0.9681173228346457
0
LINE
8
BLACK
6
CONTINUOUS
10
0.8341549212598425
20
0.9681173228346457
11
0.8352193307086614
21
0.9676764566929134
0
LINE
8
BLACK
6
CONTINUOUS
10
0.8352193307086614
20
0.9676764566929134
11
0.8360340157480315
21
0.9668617716535433
0
LINE
8
BLACK
6
CONTINUOUS
10
0.8360340157480315
20
0.9668617716535433
11
0.8364749212598425
21
0.9657973622047243
0
LINE
8
BLACK
6
CONTINUOUS
10
0.8364749212598425
20
0.9657973622047243
11
0.8364749212598425
21
0.9646452755905511
0
LINE
8
BLACK
6
CONTINUOUS
10
0.8364749212598425
20
0.9646452755905511
11
0.8360340551181102
21
0.9635808661417322
0
LINE
8
BLACK
6
CONTINUOUS
10
0.8360340551181102
20
0.9635808661417322
11
0.8356668110236221
21
0.9631333858267717
0
LINE
8
BLACK
6
CONTINUOUS
10
0.8356668110236221
20
0.9631333858267717
11
0.8337920866141733
21
0.9612586220472441
0
LINE
8
BLACK
6
CONTINUOUS
10
0.8337920866141733
20
0.9612586220472441
11
0.8335657086614173
21
0.961072874015748
0
LINE
8
BLACK
6
CONTINUOUS
10
0.8335657086614173
20
0.961072874015748
11
0.8335145275590551
21
0.9610138188976378
0
LINE
8
BLACK
6
CONTINUOUS
10
0.8335145275590551
20
0.9610138188976378
11
0.8334255511811024
21
0.9609578346456693
0
LINE
8
BLACK
6
CONTINUOUS
10
0.8334255511811024
20
0.9609578346456693
11
0.8333446062992126
21
0.9608913779527559
0
LINE
8
BLACK
6
CONTINUOUS
10
0.8333446062992126
20
0.9608913779527559
11
0.8332726377952756
21
0.9608615748031496
0
LINE
8
BLACK
6
CONTINUOUS
10
0.8332726377952756
20
0.9608615748031496
11
0.8330246456692914
21
0.9607054724409448
0
LINE
8
BLACK
6
CONTINUOUS
10
0.8330246456692914
20
0.9607054724409448
11
0.8292751181102362
21
0.9588307086614173
0
LINE
8
BLACK
6
CONTINUOUS
10
0.8292751181102362
20
0.9588307086614173
11
0.8287344881889763
21
0.9586238188976378
0
LINE
8
BLACK
6
CONTINUOUS
10
0.8287344881889763
20
0.9586238188976378
11
0.8286286614173228
21
0.9586163385826771
0
LINE
8
BLACK
6
CONTINUOUS
10
0.8286286614173228
20
0.9586163385826771
11
0.8285306692913386
21
0.9585757086614173
0
LINE
8
BLACK
6
CONTINUOUS
10
0.8285306692913386
20
0.9585757086614173
11
0.8279546062992126
21
0.9585189763779527
0
LINE
8
BLACK
6
CONTINUOUS
10
0.8279546062992126
20
0.9585189763779527
11
0.8185807874015748
21
0.9585189763779527
0
LINE
8
BLACK
6
CONTINUOUS
10
0.8185807874015748
20
0.9585189763779527
11
0.8180047244094488
21
0.9585757086614173
0
LINE
8
BLACK
6
CONTINUOUS
10
0.8180047244094488
20
0.9585757086614173
11
0.8179067322834646
21
0.9586162992125984
0
LINE
8
BLACK
6
CONTINUOUS
10
0.8179067322834646
20
0.9586162992125984
11
0.8178008661417323
21
0.9586238188976378
0
LINE
8
BLACK
6
CONTINUOUS
10
0.8178008661417323
20
0.9586238188976378
11
0.8172602755905511
21
0.9588307086614173
0
LINE
8
BLACK
6
CONTINUOUS
10
0.8172602755905511
20
0.9588307086614173
11
0.813510748031496
21
0.9607054724409448
0
LINE
8
BLACK
6
CONTINUOUS
10
0.813510748031496
20
0.9607054724409448
11
0.813262716535433
21
0.9608615748031496
0
LINE
8
BLACK
6
CONTINUOUS
10
0.813262716535433
20
0.9608615748031496
11
0.8131907874015748
21
0.9608913779527559
0
LINE
8
BLACK
6
CONTINUOUS
10
0.8131907874015748
20
0.9608913779527559
11
0.8131098031496062
21
0.9609578346456693
0
LINE
8
BLACK
6
CONTINUOUS
10
0.8131098031496062
20
0.9609578346456693
11
0.8130208661417323
21
0.9610138188976378
0
LINE
8
BLACK
6
CONTINUOUS
10
0.8130208661417323
20
0.9610138188976378
11
0.8129696456692913
21
0.961072874015748
0
LINE
8
BLACK
6
CONTINUOUS
10
0.8129696456692913
20
0.961072874015748
11
0.8127433070866141
21
0.9612586220472441
0
LINE
8
BLACK
6
CONTINUOUS
10
0.8127433070866141
20
0.9612586220472441
11
0.8108685433070866
21
0.9631334251968504
0
LINE
8
BLACK
6
CONTINUOUS
10
0.8108685433070866
20
0.9631334251968504
11
0.8106827952755905
21
0.9633597637795276
0
LINE
8
BLACK
6
CONTINUOUS
10
0.8106827952755905
20
0.9633597637795276
11
0.8106238188976378
21
0.963410905511811
0
LINE
8
BLACK
6
CONTINUOUS
10
0.8106238188976378
20
0.963410905511811
11
0.8105678346456693
21
0.963499842519685
0
LINE
8
BLACK
6
CONTINUOUS
10
0.8105678346456693
20
0.963499842519685
11
0.8105013385826771
21
0.9635808661417322
0
LINE
8
BLACK
6
CONTINUOUS
10
0.8105013385826771
20
0.9635808661417322
11
0.8104714960629921
21
0.9636529133858267
0
LINE
8
BLACK
6
CONTINUOUS
10
0.8104714960629921
20
0.9636529133858267
11
0.8103154724409448
21
0.9639007874015748
0
LINE
8
BLACK
6
CONTINUOUS
10
0.8103154724409448
20
0.9639007874015748
11
0.8084407086614173
21
0.9676503149606299
0
LINE
8
BLACK
6
CONTINUOUS
10
0.8084407086614173
20
0.9676503149606299
11
0.8082338188976378
21
0.9681909448818897
0
LINE
8
BLACK
6
CONTINUOUS
10
0.8082338188976378
20
0.9681909448818897
11
0.8082262992125984
21
0.9682967716535433
0
LINE
8
BLACK
6
CONTINUOUS
10
0.8082262992125984
20
0.9682967716535433
11
0.8081857086614173
21
0.9683947637795275
0
LINE
8
BLACK
6
CONTINUOUS
10
0.8081857086614173
20
0.9683947637795275
11
0.8081289763779528
21
0.9689708267716535
0
LINE
8
BLACK
6
CONTINUOUS
10
0.8081289763779528
20
0.9689708267716535
11
0.8081289763779528
21
0.9783446456692914
0
LINE
8
BLACK
6
CONTINUOUS
10
0.8081289763779528
20
0.9783446456692914
11
0.8081857086614173
21
0.9789207086614173
0
LINE
8
BLACK
6
CONTINUOUS
10
0.8081857086614173
20
0.9789207086614173
11
0.8082262992125984
21
0.9790187401574802
0
LINE
8
BLACK
6
CONTINUOUS
10
0.8082262992125984
20
0.9790187401574802
11
0.8082338188976378
21
0.9791245275590551
0
LINE
8
BLACK
6
CONTINUOUS
10
0.8082338188976378
20
0.9791245275590551
11
0.8084407086614173
21
0.9796651574803149
0
LINE
8
BLACK
6
CONTINUOUS
10
0.8084407086614173
20
0.9796651574803149
11
0.8103154724409448
21
0.98341468503937
0
LINE
8
BLACK
6
CONTINUOUS
10
0.8103154724409448
20
0.98341468503937
11
0.8104715354330708
21
0.983662716535433
0
LINE
8
BLACK
6
CONTINUOUS
10
0.8104715354330708
20
0.983662716535433
11
0.8105013779527559
21
0.9837346456692914
0
LINE
8
BLACK
6
CONTINUOUS
10
0.8105013779527559
20
0.9837346456692914
11
0.8105678346456693
21
0.9838156299212598
0
LINE
8
BLACK
6
CONTINUOUS
10
0.8105678346456693
20
0.9838156299212598
11
0.8106238188976378
21
0.9839045669291339
0
LINE
8
BLACK
6
CONTINUOUS
10
0.8106238188976378
20
0.9839045669291339
11
0.8106827952755905
21
0.983955748031496
0
LINE
8
BLACK
6
CONTINUOUS
10
0.8106827952755905
20
0.983955748031496
11
0.8108685826771653
21
0.9841820866141732
0
LINE
8
BLACK
6
CONTINUOUS
10
0.8108685826771653
20
0.9841820866141732
11
0.8127433464566929
21
0.9860568503937007
0
LINE
8
BLACK
6
CONTINUOUS
10
0.8127433464566929
20
0.9860568503937007
11
0.8129696850393701
21
0.9862426377952755
0
LINE
8
BLACK
6
CONTINUOUS
10
0.8129696850393701
20
0.9862426377952755
11
0.8130208661417323
21
0.9863016141732284
0
LINE
8
BLACK
6
CONTINUOUS
10
0.8130208661417323
20
0.9863016141732284
11
0.8131098031496062
21
0.9863575984251969
0
LINE
8
BLACK
6
CONTINUOUS
10
0.8131098031496062
20
0.9863575984251969
11
0.8131907874015748
21
0.9864240551181103
0
LINE
8
BLACK
6
CONTINUOUS
10
0.8131907874015748
20
0.9864240551181103
11
0.813262716535433
21
0.9864538976377952
0
LINE
8
BLACK
6
CONTINUOUS
10
0.813262716535433
20
0.9864538976377952
11
0.813510748031496
21
0.9866099606299212
0
LINE
8
BLACK
6
CONTINUOUS
10
0.813510748031496
20
0.9866099606299212
11
0.8172602755905511
21
0.9884847244094488
0
LINE
8
BLACK
6
CONTINUOUS
10
0.8172602755905511
20
0.9884847244094488
11
0.8178008661417323
21
0.9886916141732284
0
LINE
8
BLACK
6
CONTINUOUS
10
0.8178008661417323
20
0.9886916141732284
11
0.8179067322834646
21
0.9886991732283464
0
LINE
8
BLACK
6
CONTINUOUS
10
0.8179067322834646
20
0.9886991732283464
11
0.8180047244094488
21
0.9887397244094488
0
LINE
8
BLACK
6
CONTINUOUS
10
0.8180047244094488
20
0.9887397244094488
11
0.8185807874015748
21
0.9887964566929134
0
LINE
8
BLACK
6
CONTINUOUS
10
0.8185807874015748
20
0.9887964566929134
11
0.8279546062992126
21
0.9887964566929134
0
LINE
8
BLACK
6
CONTINUOUS
10
0.8279546062992126
20
0.9887964566929134
11
0.8285306692913386
21
0.9887397244094488
0
LINE
8
BLACK
6
CONTINUOUS
10
0.8285306692913386
20
0.9887397244094488
11
0.8286286614173228
21
0.9886991338582677
0
LINE
8
BLACK
6
CONTINUOUS
10
0.8286286614173228
20
0.9886991338582677
11
0.8287344881889763
21
0.9886916141732284
0
LINE
8
BLACK
6
CONTINUOUS
10
0.8287344881889763
20
0.9886916141732284
11
0.8292751181102362
21
0.9884847244094488
0
LINE
8
BLACK
6
CONTINUOUS
10
0.8292751181102362
20
0.9884847244094488
11
0.8300090157480314
21
0.9881177952755905
0
LINE
8
BLACK
6
CONTINUOUS
10
0.8300090157480314
20
0.9881177952755905
11
0.8290319291338583
21
0.9978890551181102
0
LINE
8
BLACK
6
CONTINUOUS
10
0.8290319291338583
20
0.9978890551181102
11
0.8129564960629921
21
0.9978890551181102
0
LINE
8
BLACK
6
CONTINUOUS
10
0.8129564960629921
20
0.9978890551181102
11
0.8123804330708662
21
0.9979457874015748
0
LINE
8
BLACK
6
CONTINUOUS
10
0.8123804330708662
20
0.9979457874015748
11
0.8113160236220472
21
0.9983866929133858
0
LINE
8
BLACK
6
CONTINUOUS
10
0.8113160236220472
20
0.9983866929133858
11
0.8105013779527559
21
0.9992013385826771
0
LINE
8
BLACK
6
CONTINUOUS
10
0.8105013779527559
20
0.9992013385826771
11
0.8100604724409448
21
1.000265748031496
0
LINE
8
BLACK
6
CONTINUOUS
10
0.8100604724409448
20
1.000265748031496
11
0.8100604724409448
21
1.001417874015748
0
LINE
8
BLACK
6
CONTINUOUS
10
0.8100604724409448
20
1.001417874015748
11
0.8105013779527559
21
1.0024822834645668
0
LINE
8
BLACK
6
CONTINUOUS
10
0.8105013779527559
20
1.0024822834645668
11
0.8113160236220472
21
1.0032969291338583
0
LINE
8
BLACK
6
CONTINUOUS
10
0.8113160236220472
20
1.0032969291338583
11
0.8123804330708662
21
1.0037378346456693
0
LINE
8
BLACK
6
CONTINUOUS
10
0.8123804330708662
20
1.0037378346456693
11
0.8129564960629921
21
1.0037945669291339
0
LINE
8
BLACK
6
CONTINUOUS
10
0.8129564960629921
20
1.0037945669291339
11
0.8317041338582677
21
1.0037945669291339
0
LINE
8
BLACK
6
CONTINUOUS
10
0.8317041338582677
20
1.0037945669291339
11
0.8319171653543307
21
1.003773622047244
0
LINE
8
BLACK
6
CONTINUOUS
10
0.8520922834645669
20
1.0032969291338583
11
0.8529069291338582
21
1.0024822834645668
0
LINE
8
BLACK
6
CONTINUOUS
10
0.8529069291338582
20
1.0024822834645668
11
0.8533478346456693
21
1.001417874015748
0
LINE
8
BLACK
6
CONTINUOUS
10
0.8533478346456693
20
1.001417874015748
11
0.8534045669291338
21
1.0008418110236221
0
LINE
8
BLACK
6
CONTINUOUS
10
0.8534045669291338
20
1.0008418110236221
11
0.8534045669291338
21
0.9696678740157481
0
LINE
8
BLACK
6
CONTINUOUS
10
0.8534045669291338
20
0.9696678740157481
11
0.8547533070866141
21
0.9669703937007874
0
LINE
8
BLACK
6
CONTINUOUS
10
0.8547533070866141
20
0.9669703937007874
11
0.8559504330708662
21
0.9657732283464566
0
LINE
8
BLACK
6
CONTINUOUS
10
0.8559504330708662
20
0.9657732283464566
11
0.8586479133858268
21
0.9644244881889763
0
LINE
8
BLACK
6
CONTINUOUS
10
0.8586479133858268
20
0.9644244881889763
11
0.864752874015748
21
0.9644244881889763
0
LINE
8
BLACK
6
CONTINUOUS
10
0.864752874015748
20
0.9644244881889763
11
0.8674503149606299
21
0.9657732283464566
0
LINE
8
BLACK
6
CONTINUOUS
10
0.8674503149606299
20
0.9657732283464566
11
0.8686474409448819
21
0.9669703937007874
0
LINE
8
BLACK
6
CONTINUOUS
10
0.8686474409448819
20
0.9669703937007874
11
0.869996220472441
21
0.9696678740157481
0
LINE
8
BLACK
6
CONTINUOUS
10
0.869996220472441
20
0.9696678740157481
11
0.869996220472441
21
1.0008418110236221
0
LINE
8
BLACK
6
CONTINUOUS
10
0.869996220472441
20
1.0008418110236221
11
0.8700529527559054
21
1.001417874015748
0
LINE
8
BLACK
6
CONTINUOUS
10
0.8700529527559054
20
1.001417874015748
11
0.8704938582677165
21
1.0024822834645668
0
LINE
8
BLACK
6
CONTINUOUS
10
0.8704938582677165
20
1.0024822834645668
11
0.8713085039370079
21
1.0032969291338583
0
LINE
8
BLACK
6
CONTINUOUS
10
0.8713085039370079
20
1.0032969291338583
11
0.8723729133858268
21
1.0037378346456693
0
LINE
8
BLACK
6
CONTINUOUS
10
0.8723729133858268
20
1.0037378346456693
11
0.8735250393700787
21
1.0037378346456693
0
LINE
8
BLACK
6
CONTINUOUS
10
0.8735250393700787
20
1.0037378346456693
11
0.8745894488188977
21
1.0032969291338583
0
LINE
8
BLACK
6
CONTINUOUS
10
0.8745894488188977
20
1.0032969291338583
11
0.875404094488189
21
1.0024822834645668
0
LINE
8
BLACK
6
CONTINUOUS
10
0.875404094488189
20
1.0024822834645668
11
0.875845
21
1.001417874015748
0
LINE
8
BLACK
6
CONTINUOUS
10
0.875845
20
1.001417874015748
11
0.8759017322834646
21
1.0008418110236221
0
LINE
8
BLACK
6
CONTINUOUS
10
0.8759017322834646
20
1.0008418110236221
11
0.8759017322834646
21
0.9689708267716535
0
LINE
8
BLACK
6
CONTINUOUS
10
0.8759017322834646
20
0.9689708267716535
11
0.875845
21
0.9683947637795275
0
LINE
8
BLACK
6
CONTINUOUS
10
0.875845
20
0.9683947637795275
11
0.8758044094488189
21
0.968296811023622
0
LINE
8
BLACK
6
CONTINUOUS
10
0.8758044094488189
20
0.968296811023622
11
0.8757968897637796
21
0.968190905511811
0
LINE
8
BLACK
6
CONTINUOUS
10
0.8757968897637796
20
0.968190905511811
11
0.87559
21
0.9676503149606299
0
LINE
8
BLACK
6
CONTINUOUS
10
0.87559
20
0.9676503149606299
11
0.8737152362204724
21
0.9639007874015748
0
LINE
8
BLACK
6
CONTINUOUS
10
0.8737152362204724
20
0.9639007874015748
11
0.8735591732283464
21
0.9636529133858267
0
LINE
8
BLACK
6
CONTINUOUS
10
0.8735591732283464
20
0.9636529133858267
11
0.8735293700787401
21
0.9635808661417322
0
LINE
8
BLACK
6
CONTINUOUS
10
0.8735293700787401
20
0.9635808661417322
11
0.8734628346456693
21
0.963499842519685
0
LINE
8
BLACK
6
CONTINUOUS
10
0.8734628346456693
20
0.963499842519685
11
0.8734068897637796
21
0.963410905511811
0
LINE
8
BLACK
6
CONTINUOUS
10
0.8734068897637796
20
0.963410905511811
11
0.873347874015748
21
0.9633597637795276
0
LINE
8
BLACK
6
CONTINUOUS
10
0.873347874015748
20
0.9633597637795276
11
0.8731621259842519
21
0.9631333858267717
0
LINE
8
BLACK
6
CONTINUOUS
10
0.8731621259842519
20
0.9631333858267717
11
0.8712874015748031
21
0.9612586220472441
0
LINE
8
BLACK
6
CONTINUOUS
10
0.8712874015748031
20
0.9612586220472441
11
0.8710610236220472
21
0.961072874015748
0
LINE
8
BLACK
6
CONTINUOUS
10
0.8710610236220472
20
0.961072874015748
11
0.8710098425196851
21
0.9610138188976378
0
LINE
8
BLACK
6
CONTINUOUS
10
0.8710098425196851
20
0.9610138188976378
11
0.8709208661417323
21
0.9609578346456693
0
LINE
8
BLACK
6
CONTINUOUS
10
0.8709208661417323
20
0.9609578346456693
11
0.8708399212598426
21
0.9608913779527559
0
LINE
8
BLACK
6
CONTINUOUS
10
0.8708399212598426
20
0.9608913779527559
11
0.8707679527559055
21
0.9608615748031496
0
LINE
8
BLACK
6
CONTINUOUS
10
0.8707679527559055
20
0.9608615748031496
11
0.8705199606299212
21
0.9607054724409448
0
LINE
8
BLACK
6
CONTINUOUS
10
0.8705199606299212
20
0.9607054724409448
11
0.8667704330708661
21
0.9588307086614173
0
LINE
8
BLACK
6
CONTINUOUS
10
0.8667704330708661
20
0.9588307086614173
11
0.8662298031496063
21
0.9586238188976378
0
LINE
8
BLACK
6
CONTINUOUS
10
0.8662298031496063
20
0.9586238188976378
11
0.8661239763779527
21
0.9586163385826771
0
LINE
8
BLACK
6
CONTINUOUS
10
0.8661239763779527
20
0.9586163385826771
11
0.8660259842519685
21
0.9585757086614173
0
LINE
8
BLACK
6
CONTINUOUS
10
0.8660259842519685
20
0.9585757086614173
11
0.8654499212598425
21
0.9585189763779527
0
LINE
8
BLACK
6
CONTINUOUS
10
0.8654499212598425
20
0.9585189763779527
11
0.8579508661417322
21
0.9585189763779527
0
LINE
8
BLACK
6
CONTINUOUS
10
0.8579508661417322
20
0.9585189763779527
11
0.8573748031496062
21
0.9585757086614173
0
LINE
8
BLACK
6
CONTINUOUS
10
0.8573748031496062
20
0.9585757086614173
11
0.8572768110236221
21
0.9586162992125984
0
LINE
8
BLACK
6
CONTINUOUS
10
0.8572768110236221
20
0.9586162992125984
11
0.8571709448818897
21
0.9586238188976378
0
LINE
8
BLACK
6
CONTINUOUS
10
0.8571709448818897
20
0.9586238188976378
11
0.8566303543307087
21
0.9588307086614173
0
LINE
8
BLACK
6
CONTINUOUS
10
0.8566303543307087
20
0.9588307086614173
11
0.8528808267716536
21
0.9607054724409448
0
LINE
8
BLACK
6
CONTINUOUS
10
0.8528808267716536
20
0.9607054724409448
11
0.8526327952755905
21
0.9608615748031496
0
LINE
8
BLACK
6
CONTINUOUS
10
0.8526327952755905
20
0.9608615748031496
11
0.8525608661417322
21
0.9608913779527559
0
LINE
8
BLACK
6
CONTINUOUS
10
0.8525608661417322
20
0.9608913779527559
11
0.8524798818897638
21
0.9609578346456693
0
LINE
8
BLACK
6
CONTINUOUS
10
0.8524798818897638
20
0.9609578346456693
11
0.8523909448818897
21
0.9610138188976378
0
LINE
8
BLACK
6
CONTINUOUS
10
0.8523909448818897
20
0.9610138188976378
11
0.8523397244094488
21
0.961072874015748
0
LINE
8
BLACK
6
CONTINUOUS
10
0.8523397244094488
20
0.961072874015748
11
0.8521133858267717
21
0.9612586220472441
0
LINE
8
BLACK
6
CONTINUOUS
10
0.8521133858267717
20
0.9612586220472441
11
0.8502386220472441
21
0.9631334251968504
0
LINE
8
BLACK
6
CONTINUOUS
10
0.8502386220472441
20
0.9631334251968504
11
0.850052874015748
21
0.9633597637795276
0
LINE
8
BLACK
6
CONTINUOUS
10
0.850052874015748
20
0.9633597637795276
11
0.8499938976377952
21
0.963410905511811
0
LINE
8
BLACK
6
CONTINUOUS
10
0.8499938976377952
20
0.963410905511811
11
0.8499379133858268
21
0.963499842519685
0
LINE
8
BLACK
6
CONTINUOUS
10
0.8499379133858268
20
0.963499842519685
11
0.8498714173228347
21
0.9635808661417322
0
LINE
8
BLACK
6
CONTINUOUS
10
0.8498714173228347
20
0.9635808661417322
11
0.8498415748031496
21
0.9636529133858267
0
LINE
8
BLACK
6
CONTINUOUS
10
0.8498415748031496
20
0.9636529133858267
11
0.8496855511811023
21
0.9639007874015748
0
LINE
8
BLACK
6
CONTINUOUS
10
0.8496855511811023
20
0.9639007874015748
11
0.8478107874015748
21
0.9676503149606299
0
LINE
8
BLACK
6
CONTINUOUS
10
0.8478107874015748
20
0.9676503149606299
11
0.8476038976377953
21
0.9681909448818897
0
LINE
8
BLACK
6
CONTINUOUS
10
0.8476038976377953
20
0.9681909448818897
11
0.8475963779527559
21
0.9682967716535433
0
LINE
8
BLACK
6
CONTINUOUS
10
0.8475963779527559
20
0.9682967716535433
11
0.8475557874015748
21
0.9683947637795275
0
LINE
8
BLACK
6
CONTINUOUS
10
0.8475557874015748
20
0.9683947637795275
11
0.8474990551181102
21
0.9689708267716535
0
LINE
8
BLACK
6
CONTINUOUS
10
0.8474990551181102
20
0.9689708267716535
11
0.8474990551181102
21
1.0008418110236221
0
LINE
8
BLACK
6
CONTINUOUS
10
0.8474990551181102
20
1.0008418110236221
11
0.8475557874015748
21
1.001417874015748
0
LINE
8
BLACK
6
CONTINUOUS
10
0.8475557874015748
20
1.001417874015748
11
0.8479966929133858
21
1.0024822834645668
0
LINE
8
BLACK
6
CONTINUOUS
10
0.8479966929133858
20
1.0024822834645668
11
0.8488113385826771
21
1.0032969291338583
0
LINE
8
BLACK
6
CONTINUOUS
10
0.8488113385826771
20
1.0032969291338583
11
0.849875748031496
21
1.0037378346456693
0
LINE
8
BLACK
6
CONTINUOUS
10
0.849875748031496
20
1.0037378346456693
11
0.851027874015748
21
1.0037378346456693
0
LINE
8
BLACK
6
CONTINUOUS
10
0.851027874015748
20
1.0037378346456693
11
0.8520922834645669
21
1.0032969291338583
0
LINE
8
BLACK
6
CONTINUOUS
10
0.7876730708661417
20
0.9686627559055118
11
0.7889514960629921
21
0.9673843307086614
0
LINE
8
BLACK
6
CONTINUOUS
10
0.7889514960629921
20
0.9673843307086614
11
0.7889514960629921
21
0.9655763779527559
0
LINE
8
BLACK
6
CONTINUOUS
10
0.7889514960629921
20
0.9655763779527559
11
0.7876730708661417
21
0.9642979527559055
0
LINE
8
BLACK
6
CONTINUOUS
10
0.7876730708661417
20
0.9642979527559055
11
0.786769094488189
21
0.9641181496062992
0
LINE
8
BLACK
6
CONTINUOUS
10
0.786769094488189
20
0.9641181496062992
11
0.7776482283464566
21
0.9641181496062992
0
LINE
8
BLACK
6
CONTINUOUS
10
0.7776482283464566
20
0.9641181496062992
11
0.7767442519685039
21
0.9642979527559055
0
LINE
8
BLACK
6
CONTINUOUS
10
0.7767442519685039
20
0.9642979527559055
11
0.7754658267716535
21
0.9655763779527559
0
LINE
8
BLACK
6
CONTINUOUS
10
0.7754658267716535
20
0.9655763779527559
11
0.7754658267716535
21
0.9673843307086614
0
LINE
8
BLACK
6
CONTINUOUS
10
0.7754658267716535
20
0.9673843307086614
11
0.7767442519685039
21
0.9686627559055118
0
LINE
8
BLACK
6
CONTINUOUS
10
0.7767442519685039
20
0.9686627559055118
11
0.7776482283464566
21
0.9688425590551181
0
LINE
8
BLACK
6
CONTINUOUS
10
0.7776482283464566
20
0.9688425590551181
11
0.786769094488189
21
0.9688425590551181
0
LINE
8
BLACK
6
CONTINUOUS
10
0.786769094488189
20
0.9688425590551181
11
0.7876730708661417
21
0.9686627559055118
0
LINE
8
BLACK
6
CONTINUOUS
10
0.9310155905511811
20
0.9696627559055118
11
0.9322940157480315
21
0.9683843307086614
0
LINE
8
BLACK
6
CONTINUOUS
10
0.9322940157480315
20
0.9683843307086614
11
0.9322940157480315
21
0.9665763779527559
0
LINE
8
BLACK
6
CONTINUOUS
10
0.9322940157480315
20
0.9665763779527559
11
0.9310155905511811
21
0.9652979527559055
0
LINE
8
BLACK
6
CONTINUOUS
10
0.9310155905511811
20
0.9652979527559055
11
0.9301116141732283
21
0.9651181496062992
0
LINE
8
BLACK
6
CONTINUOUS
10
0.9301116141732283
20
0.9651181496062992
11
0.9209907480314961
21
0.9651181496062992
0
LINE
8
BLACK
6
CONTINUOUS
10
0.9209907480314961
20
0.9651181496062992
11
0.9200867716535432
21
0.9652979527559055
0
LINE
8
BLACK
6
CONTINUOUS
10
0.9200867716535432
20
0.9652979527559055
11
0.9188083464566928
21
0.9665763779527559
0
LINE
8
BLACK
6
CONTINUOUS
10
0.9188083464566928
20
0.9665763779527559
11
0.9188083464566928
21
0.9683843307086614
0
LINE
8
BLACK
6
CONTINUOUS
10
0.9188083464566928
20
0.9683843307086614
11
0.9200867716535432
21
0.9696627559055118
0
LINE
8
BLACK
6
CONTINUOUS
10
0.9200867716535432
20
0.9696627559055118
11
0.9209907480314961
21
0.9698425590551181
0
LINE
8
BLACK
6
CONTINUOUS
10
0.9209907480314961
20
0.9698425590551181
11
0.9301116141732283
21
0.9698425590551181
0
LINE
8
BLACK
6
CONTINUOUS
10
0.9301116141732283
20
0.9698425590551181
11
0.9310155905511811
21
0.9696627559055118
0
LINE
8
BLACK
6
CONTINUOUS
10
0.7876730708661417
20
0.9970092125984251
11
0.7889514960629921
21
0.9957307874015748
0
LINE
8
BLACK
6
CONTINUOUS
10
0.7889514960629921
20
0.9957307874015748
11
0.7889514960629921
21
0.9939228346456692
0
LINE
8
BLACK
6
CONTINUOUS
10
0.7889514960629921
20
0.9939228346456692
11
0.7876730708661417
21
0.9926444094488188
0
LINE
8
BLACK
6
CONTINUOUS
10
0.7876730708661417
20
0.9926444094488188
11
0.786769094488189
21
0.9924646062992126
0
LINE
8
BLACK
6
CONTINUOUS
10
0.786769094488189
20
0.9924646062992126
11
0.7776482283464566
21
0.9924646062992126
0
LINE
8
BLACK
6
CONTINUOUS
10
0.7776482283464566
20
0.9924646062992126
11
0.7767442519685039
21
0.9926444094488188
0
LINE
8
BLACK
6
CONTINUOUS
10
0.7767442519685039
20
0.9926444094488188
11
0.7754658267716535
21
0.9939228346456692
0
LINE
8
BLACK
6
CONTINUOUS
10
0.7754658267716535
20
0.9939228346456692
11
0.7754658267716535
21
0.9957307874015748
0
LINE
8
BLACK
6
CONTINUOUS
10
0.7754658267716535
20
0.9957307874015748
11
0.7767442519685039
21
0.9970092125984251
0
LINE
8
BLACK
6
CONTINUOUS
10
0.7767442519685039
20
0.9970092125984251
11
0.7776482283464566
21
0.9971890157480314
0
LINE
8
BLACK
6
CONTINUOUS
10
0.7776482283464566
20
0.9971890157480314
11
0.786769094488189
21
0.9971890157480314
0
LINE
8
BLACK
6
CONTINUOUS
10
0.786769094488189
20
0.9971890157480314
11
0.7876730708661417
21
0.9970092125984251
0
LINE
8
BLACK
6
CONTINUOUS
10
1.2367572047244095
20
1.1698094488188977
11
1.2369370078740156
21
1.1689054724409449
0
LINE
8
BLACK
6
CONTINUOUS
10
1.2369370078740156
20
1.1689054724409449
11
1.2369370078740156
21
0.9976456299212598
0
LINE
8
BLACK
6
CONTINUOUS
10
1.2369370078740156
20
0.9976456299212598
11
1.3196141732283464
21
0.9976456299212598
0
LINE
8
BLACK
6
CONTINUOUS
10
1.3196141732283464
20
0.9976456299212598
11
1.3196141732283464
21
1.1689054724409449
0
LINE
8
BLACK
6
CONTINUOUS
10
1.3196141732283464
20
1.1689054724409449
11
1.3197939763779527
21
1.1698094488188977
0
LINE
8
BLACK
6
CONTINUOUS
10
1.3197939763779527
20
1.1698094488188977
11
1.3210724015748032
21
1.171087874015748
0
LINE
8
BLACK
6
CONTINUOUS
10
1.3210724015748032
20
1.171087874015748
11
1.3228803543307086
21
1.171087874015748
0
LINE
8
BLACK
6
CONTINUOUS
10
1.3228803543307086
20
1.171087874015748
11
1.3241587795275591
21
1.1698094488188977
0
LINE
8
BLACK
6
CONTINUOUS
10
1.3241587795275591
20
1.1698094488188977
11
1.3243385826771654
21
1.1689054724409449
0
LINE
8
BLACK
6
CONTINUOUS
10
1.3243385826771654
20
1.1689054724409449
11
1.3243385826771654
21
0.9952834251968504
0
LINE
8
BLACK
6
CONTINUOUS
10
1.3243385826771654
20
0.9952834251968504
11
1.3241587795275591
21
0.9943794488188976
0
LINE
8
BLACK
6
CONTINUOUS
10
1.3241587795275591
20
0.9943794488188976
11
1.3228803543307086
21
0.9931010236220472
0
LINE
8
BLACK
6
CONTINUOUS
10
1.3228803543307086
20
0.9931010236220472
11
1.3219763779527558
21
0.9929212204724409
0
LINE
8
BLACK
6
CONTINUOUS
10
1.3219763779527558
20
0.9929212204724409
11
1.2345748031496062
21
0.9929212204724409
0
LINE
8
BLACK
6
CONTINUOUS
10
1.2345748031496062
20
0.9929212204724409
11
1.2336708267716534
21
0.9931010236220472
0
LINE
8
BLACK
6
CONTINUOUS
10
1.2336708267716534
20
0.9931010236220472
11
1.2323924015748031
21
0.9943794488188976
0
LINE
8
BLACK
6
CONTINUOUS
10
1.2323924015748031
20
0.9943794488188976
11
1.2322125984251968
21
0.9952834251968504
0
LINE
8
BLACK
6
CONTINUOUS
10
1.2322125984251968
20
0.9952834251968504
11
1.2322125984251968
21
1.1689054724409449
0
LINE
8
BLACK
6
CONTINUOUS
10
1.2322125984251968
20
1.1689054724409449
11
1.2323924015748031
21
1.1698094488188977
0
LINE
8
BLACK
6
CONTINUOUS
10
1.2323924015748031
20
1.1698094488188977
11
1.2336708267716534
21
1.171087874015748
0
LINE
8
BLACK
6
CONTINUOUS
10
1.2336708267716534
20
1.171087874015748
11
1.235478779527559
21
1.171087874015748
0
LINE
8
BLACK
6
CONTINUOUS
10
1.235478779527559
20
1.171087874015748
11
1.2367572047244095
21
1.1698094488188977
0
LINE
8
BLACK
6
CONTINUOUS
10
0.9310155905511811
20
0.9980092125984251
11
0.9322940157480315
21
0.9967307874015748
0
LINE
8
BLACK
6
CONTINUOUS
10
0.9322940157480315
20
0.9967307874015748
11
0.9322940157480315
21
0.9949228346456692
0
LINE
8
BLACK
6
CONTINUOUS
10
0.9322940157480315
20
0.9949228346456692
11
0.9310155905511811
21
0.9936444094488188
0
LINE
8
BLACK
6
CONTINUOUS
10
0.9310155905511811
20
0.9936444094488188
11
0.9301116141732283
21
0.9934646062992126
0
LINE
8
BLACK
6
CONTINUOUS
10
0.9301116141732283
20
0.9934646062992126
11
0.9209907480314961
21
0.9934646062992126
0
LINE
8
BLACK
6
CONTINUOUS
10
0.9209907480314961
20
0.9934646062992126
11
0.9200867716535432
21
0.9936444094488188
0
LINE
8
BLACK
6
CONTINUOUS
10
0.9200867716535432
20
0.9936444094488188
11
0.9188083464566928
21
0.9949228346456692
0
LINE
8
BLACK
6
CONTINUOUS
10
0.9188083464566928
20
0.9949228346456692
11
0.9188083464566928
21
0.9967307874015748
0
LINE
8
BLACK
6
CONTINUOUS
10
0.9188083464566928
20
0.9967307874015748
11
0.9200867716535432
21
0.9980092125984251
0
LINE
8
BLACK
6
CONTINUOUS
10
0.9200867716535432
20
0.9980092125984251
11
0.9209907480314961
21
0.9981890157480314
0
LINE
8
BLACK
6
CONTINUOUS
10
0.9209907480314961
20
0.9981890157480314
11
0.9301116141732283
21
0.9981890157480314
0
LINE
8
BLACK
6
CONTINUOUS
10
0.9301116141732283
20
0.9981890157480314
11
0.9310155905511811
21
0.9980092125984251
0
LINE
8
BLACK
6
CONTINUOUS
10
0.7499762992125985
20
1.0506827165354331
11
0.7500742913385826
21
1.050642125984252
0
LINE
8
BLACK
6
CONTINUOUS
10
0.7500742913385826
20
1.050642125984252
11
0.7501801181102362
21
1.0506346062992127
0
LINE
8
BLACK
6
CONTINUOUS
10
0.7501801181102362
20
1.0506346062992127
11
0.750720748031496
21
1.050427716535433
0
LINE
8
BLACK
6
CONTINUOUS
10
0.750720748031496
20
1.050427716535433
11
0.7544702755905511
21
1.0485529527559054
0
LINE
8
BLACK
6
CONTINUOUS
10
0.7544702755905511
20
1.0485529527559054
11
0.7547182677165354
21
1.0483968897637794
0
LINE
8
BLACK
6
CONTINUOUS
10
0.7547182677165354
20
1.0483968897637794
11
0.7547902362204725
21
1.0483670472440945
0
LINE
8
BLACK
6
CONTINUOUS
10
0.7547902362204725
20
1.0483670472440945
11
0.7548711811023622
21
1.0483005905511811
0
LINE
8
BLACK
6
CONTINUOUS
10
0.7548711811023622
20
1.0483005905511811
11
0.754960157480315
21
1.0482446062992126
0
LINE
8
BLACK
6
CONTINUOUS
10
0.754960157480315
20
1.0482446062992126
11
0.7550112992125985
21
1.0481856299212597
0
LINE
8
BLACK
6
CONTINUOUS
10
0.7550112992125985
20
1.0481856299212597
11
0.7552376771653543
21
1.047999842519685
0
LINE
8
BLACK
6
CONTINUOUS
10
0.7552376771653543
20
1.047999842519685
11
0.7571124409448818
21
1.0461250787401575
0
LINE
8
BLACK
6
CONTINUOUS
10
0.7571124409448818
20
1.0461250787401575
11
0.7574796456692913
21
1.0456776377952757
0
LINE
8
BLACK
6
CONTINUOUS
10
0.7574796456692913
20
1.0456776377952757
11
0.7579205511811024
21
1.0446132283464566
0
LINE
8
BLACK
6
CONTINUOUS
10
0.7579205511811024
20
1.0446132283464566
11
0.7579205511811024
21
1.0434611417322834
0
LINE
8
BLACK
6
CONTINUOUS
10
0.7579205511811024
20
1.0434611417322834
11
0.7574796456692913
21
1.0423967322834646
0
LINE
8
BLACK
6
CONTINUOUS
10
0.7574796456692913
20
1.0423967322834646
11
0.7566649606299213
21
1.0415820472440944
0
LINE
8
BLACK
6
CONTINUOUS
10
0.7566649606299213
20
1.0415820472440944
11
0.7556005511811024
21
1.0411411417322833
0
LINE
8
BLACK
6
CONTINUOUS
10
0.7556005511811024
20
1.0411411417322833
11
0.7544484645669292
21
1.0411411417322833
0
LINE
8
BLACK
6
CONTINUOUS
10
0.7544484645669292
20
1.0411411417322833
11
0.7533840551181102
21
1.0415820472440944
0
LINE
8
BLACK
6
CONTINUOUS
10
0.7533840551181102
20
1.0415820472440944
11
0.7529366141732283
21
1.0419492519685039
0
LINE
8
BLACK
6
CONTINUOUS
10
0.7529366141732283
20
1.0419492519685039
11
0.7514006692913385
21
1.0434851968503938
0
LINE
8
BLACK
6
CONTINUOUS
10
0.7514006692913385
20
1.0434851968503938
11
0.7487031889763779
21
1.0448339370078741
0
LINE
8
BLACK
6
CONTINUOUS
10
0.7487031889763779
20
1.0448339370078741
11
0.7407234645669292
21
1.0448339370078741
0
LINE
8
BLACK
6
CONTINUOUS
10
0.7407234645669292
20
1.0448339370078741
11
0.7380259842519685
21
1.0434851968503938
0
LINE
8
BLACK
6
CONTINUOUS
10
0.7380259842519685
20
1.0434851968503938
11
0.7368288582677165
21
1.0422880708661417
0
LINE
8
BLACK
6
CONTINUOUS
10
0.7368288582677165
20
1.0422880708661417
11
0.7354801181102362
21
1.0395905905511811
0
LINE
8
BLACK
6
CONTINUOUS
10
0.7354801181102362
20
1.0395905905511811
11
0.7354801181102362
21
1.037017283464567
0
LINE
8
BLACK
6
CONTINUOUS
10
0.7354801181102362
20
1.037017283464567
11
0.7369829133858268
21
1.0325088582677164
0
LINE
8
BLACK
6
CONTINUOUS
10
0.7369829133858268
20
1.0325088582677164
11
0.7589872047244094
21
1.0105045275590552
0
LINE
8
BLACK
6
CONTINUOUS
10
0.7589872047244094
20
1.0105045275590552
11
0.7593544488188976
21
1.0100570866141731
0
LINE
8
BLACK
6
CONTINUOUS
10
0.7593544488188976
20
1.0100570866141731
11
0.7597953149606299
21
1.0089926377952756
0
LINE
8
BLACK
6
CONTINUOUS
10
0.7597953149606299
20
1.0089926377952756
11
0.7597953149606299
21
1.0078405511811024
0
LINE
8
BLACK
6
CONTINUOUS
10
0.7597953149606299
20
1.0078405511811024
11
0.7593544094488189
21
1.0067761417322834
0
LINE
8
BLACK
6
CONTINUOUS
10
0.7593544094488189
20
1.0067761417322834
11
0.7585397637795276
21
1.0059614566929134
0
LINE
8
BLACK
6
CONTINUOUS
10
0.7585397637795276
20
1.0059614566929134
11
0.7577870866141733
21
1.0056497244094489
0
LINE
8
BLACK
6
CONTINUOUS
10
0.7577870866141733
20
1.0056497244094489
11
0.7574753543307087
21
1.005520590551181
0
LINE
8
BLACK
6
CONTINUOUS
10
0.7574753543307087
20
1.005520590551181
11
0.7568992913385827
21
1.0054638582677164
0
LINE
8
BLACK
6
CONTINUOUS
10
0.7568992913385827
20
1.0054638582677164
11
0.7325273622047244
21
1.0054638582677164
0
LINE
8
BLACK
6
CONTINUOUS
10
0.7325273622047244
20
1.0054638582677164
11
0.7319512992125984
21
1.005520590551181
0
LINE
8
BLACK
6
CONTINUOUS
10
0.7319512992125984
20
1.005520590551181
11
0.7308868897637795
21
1.0059614960629921
0
LINE
8
BLACK
6
CONTINUOUS
10
0.7308868897637795
20
1.0059614960629921
11
0.7300722440944881
21
1.0067761417322834
0
LINE
8
BLACK
6
CONTINUOUS
10
0.7300722440944881
20
1.0067761417322834
11
0.7296313385826771
21
1.0078405511811024
0
LINE
8
BLACK
6
CONTINUOUS
10
0.7296313385826771
20
1.0078405511811024
11
0.7296313385826771
21
1.0089926771653543
0
LINE
8
BLACK
6
CONTINUOUS
10
0.7296313385826771
20
1.0089926771653543
11
0.7300722440944881
21
1.0100570866141731
0
LINE
8
BLACK
6
CONTINUOUS
10
0.7300722440944881
20
1.0100570866141731
11
0.7308868897637795
21
1.0108717322834646
0
LINE
8
BLACK
6
CONTINUOUS
10
0.7308868897637795
20
1.0108717322834646
11
0.7319512992125984
21
1.0113126377952755
0
LINE
8
BLACK
6
CONTINUOUS
10
0.7319512992125984
20
1.0113126377952755
11
0.7325273622047244
21
1.0113693700787401
0
LINE
8
BLACK
6
CONTINUOUS
10
0.7325273622047244
20
1.0113693700787401
11
0.7497707086614173
21
1.0113693700787401
0
LINE
8
BLACK
6
CONTINUOUS
10
0.7497707086614173
20
1.0113693700787401
11
0.7323142125984252
21
1.028825905511811
0
LINE
8
BLACK
6
CONTINUOUS
10
0.7323142125984252
20
1.028825905511811
11
0.7319470078740157
21
1.029273346456693
0
LINE
8
BLACK
6
CONTINUOUS
10
0.7319470078740157
20
1.029273346456693
11
0.7319063779527559
21
1.0293714173228345
0
LINE
8
BLACK
6
CONTINUOUS
10
0.7319063779527559
20
1.0293714173228345
11
0.7318368897637795
21
1.0294515354330709
0
LINE
8
BLACK
6
CONTINUOUS
10
0.7318368897637795
20
1.0294515354330709
11
0.731600905511811
21
1.0299800787401574
0
LINE
8
BLACK
6
CONTINUOUS
10
0.731600905511811
20
1.0299800787401574
11
0.7297261417322835
21
1.0356043700787401
0
LINE
8
BLACK
6
CONTINUOUS
10
0.7297261417322835
20
1.0356043700787401
11
0.7296611811023622
21
1.0358899606299212
0
LINE
8
BLACK
6
CONTINUOUS
10
0.7296611811023622
20
1.0358899606299212
11
0.7296313385826771
21
1.0359620472440945
0
LINE
8
BLACK
6
CONTINUOUS
10
0.7296313385826771
20
1.0359620472440945
11
0.7296210236220473
21
1.0360665748031497
0
LINE
8
BLACK
6
CONTINUOUS
10
0.7296210236220473
20
1.0360665748031497
11
0.7295977952755905
21
1.0361688188976377
0
LINE
8
BLACK
6
CONTINUOUS
10
0.7295977952755905
20
1.0361688188976377
11
0.7296033070866141
21
1.0362465748031495
0
LINE
8
BLACK
6
CONTINUOUS
10
0.7296033070866141
20
1.0362465748031495
11
0.7295746062992126
21
1.0365381102362206
0
LINE
8
BLACK
6
CONTINUOUS
10
0.7295746062992126
20
1.0365381102362206
11
0.7295746062992126
21
1.0402876377952757
0
LINE
8
BLACK
6
CONTINUOUS
10
0.7295746062992126
20
1.0402876377952757
11
0.7296313385826771
21
1.0408637007874015
0
LINE
8
BLACK
6
CONTINUOUS
10
0.7296313385826771
20
1.0408637007874015
11
0.7296719291338583
21
1.0409617322834646
0
LINE
8
BLACK
6
CONTINUOUS
10
0.7296719291338583
20
1.0409617322834646
11
0.7296794488188976
21
1.0410675196850394
0
LINE
8
BLACK
6
CONTINUOUS
10
0.7296794488188976
20
1.0410675196850394
11
0.7298863385826772
21
1.0416081496062992
0
LINE
8
BLACK
6
CONTINUOUS
10
0.7298863385826772
20
1.0416081496062992
11
0.7317611023622047
21
1.0453576771653543
0
LINE
8
BLACK
6
CONTINUOUS
10
0.7317611023622047
20
1.0453576771653543
11
0.7319171653543307
21
1.0456057086614172
0
LINE
8
BLACK
6
CONTINUOUS
10
0.7319171653543307
20
1.0456057086614172
11
0.7319470078740157
21
1.0456776377952757
0
LINE
8
BLACK
6
CONTINUOUS
10
0.7319470078740157
20
1.0456776377952757
11
0.7320134645669291
21
1.0457586220472441
0
LINE
8
BLACK
6
CONTINUOUS
10
0.7320134645669291
20
1.0457586220472441
11
0.7320694488188976
21
1.0458475590551182
0
LINE
8
BLACK
6
CONTINUOUS
10
0.7320694488188976
20
1.0458475590551182
11
0.7321284251968504
21
1.0458987401574802
0
LINE
8
BLACK
6
CONTINUOUS
10
0.7321284251968504
20
1.0458987401574802
11
0.7323142125984252
21
1.0461250787401575
0
LINE
8
BLACK
6
CONTINUOUS
10
0.7323142125984252
20
1.0461250787401575
11
0.7341889763779528
21
1.047999842519685
0
LINE
8
BLACK
6
CONTINUOUS
10
0.7341889763779528
20
1.047999842519685
11
0.73441531496063
21
1.0481856299212597
0
LINE
8
BLACK
6
CONTINUOUS
10
0.73441531496063
20
1.0481856299212597
11
0.7344664960629921
21
1.0482446062992126
0
LINE
8
BLACK
6
CONTINUOUS
10
0.7344664960629921
20
1.0482446062992126
11
0.7345554330708661
21
1.0483005905511811
0
LINE
8
BLACK
6
CONTINUOUS
10
0.7345554330708661
20
1.0483005905511811
11
0.7346364173228346
21
1.0483670472440945
0
LINE
8
BLACK
6
CONTINUOUS
10
0.7346364173228346
20
1.0483670472440945
11
0.7347083464566929
21
1.0483968897637794
0
LINE
8
BLACK
6
CONTINUOUS
10
0.7347083464566929
20
1.0483968897637794
11
0.7349563779527559
21
1.0485529527559054
0
LINE
8
BLACK
6
CONTINUOUS
10
0.7349563779527559
20
1.0485529527559054
11
0.738705905511811
21
1.050427716535433
0
LINE
8
BLACK
6
CONTINUOUS
10
0.738705905511811
20
1.050427716535433
11
0.7392464960629921
21
1.0506346062992127
0
LINE
8
BLACK
6
CONTINUOUS
10
0.7392464960629921
20
1.0506346062992127
11
0.7393523622047244
21
1.0506421653543307
0
LINE
8
BLACK
6
CONTINUOUS
10
0.7393523622047244
20
1.0506421653543307
11
0.7394503543307086
21
1.0506827165354331
0
LINE
8
BLACK
6
CONTINUOUS
10
0.7394503543307086
20
1.0506827165354331
11
0.7400264173228346
21
1.0507394488188977
0
LINE
8
BLACK
6
CONTINUOUS
10
0.7400264173228346
20
1.0507394488188977
11
0.7494002362204725
21
1.0507394488188977
0
LINE
8
BLACK
6
CONTINUOUS
10
0.7494002362204725
20
1.0507394488188977
11
0.7499762992125985
21
1.0506827165354331
0
LINE
8
BLACK
6
CONTINUOUS
10
0.7874716141732283
20
1.0506827165354331
11
0.7875696062992126
21
1.050642125984252
0
LINE
8
BLACK
6
CONTINUOUS
10
0.7875696062992126
20
1.050642125984252
11
0.7876754330708661
21
1.0506346062992127
0
LINE
8
BLACK
6
CONTINUOUS
10
0.7876754330708661
20
1.0506346062992127
11
0.788216062992126
21
1.050427716535433
0
LINE
8
BLACK
6
CONTINUOUS
10
0.788216062992126
20
1.050427716535433
11
0.7919655905511811
21
1.0485529527559054
0
LINE
8
BLACK
6
CONTINUOUS
10
0.7919655905511811
20
1.0485529527559054
11
0.7922135826771654
21
1.0483968897637794
0
LINE
8
BLACK
6
CONTINUOUS
10
0.7922135826771654
20
1.0483968897637794
11
0.7922855511811023
21
1.0483670472440945
0
LINE
8
BLACK
6
CONTINUOUS
10
0.7922855511811023
20
1.0483670472440945
11
0.7923664960629921
21
1.0483005905511811
0
LINE
8
BLACK
6
CONTINUOUS
10
0.7923664960629921
20
1.0483005905511811
11
0.7924554724409448
21
1.0482446062992126
0
LINE
8
BLACK
6
CONTINUOUS
10
0.7924554724409448
20
1.0482446062992126
11
0.7925066141732283
21
1.0481856299212597
0
LINE
8
BLACK
6
CONTINUOUS
10
0.7925066141732283
20
1.0481856299212597
11
0.7927329921259842
21
1.047999842519685
0
LINE
8
BLACK
6
CONTINUOUS
10
0.7927329921259842
20
1.047999842519685
11
0.7946077559055118
21
1.0461250787401575
0
LINE
8
BLACK
6
CONTINUOUS
10
0.7946077559055118
20
1.0461250787401575
11
0.7949749606299212
21
1.0456776377952757
0
LINE
8
BLACK
6
CONTINUOUS
10
0.7949749606299212
20
1.0456776377952757
11
0.7954158661417323
21
1.0446132283464566
0
LINE
8
BLACK
6
CONTINUOUS
10
0.7954158661417323
20
1.0446132283464566
11
0.7954158661417323
21
1.0434611417322834
0
LINE
8
BLACK
6
CONTINUOUS
10
0.7954158661417323
20
1.0434611417322834
11
0.7949749606299212
21
1.0423967322834646
0
LINE
8
BLACK
6
CONTINUOUS
10
0.7949749606299212
20
1.0423967322834646
11
0.7941602755905511
21
1.0415820472440944
0
LINE
8
BLACK
6
CONTINUOUS
10
0.7941602755905511
20
1.0415820472440944
11
0.7930958661417322
21
1.0411411417322833
0
LINE
8
BLACK
6
CONTINUOUS
10
0.7930958661417322
20
1.0411411417322833
11
0.791943779527559
21
1.0411411417322833
0
LINE
8
BLACK
6
CONTINUOUS
10
0.791943779527559
20
1.0411411417322833
11
0.7908793700787401
21
1.0415820472440944
0
LINE
8
BLACK
6
CONTINUOUS
10
0.7908793700787401
20
1.0415820472440944
11
0.7904319291338583
21
1.0419492519685039
0
LINE
8
BLACK
6
CONTINUOUS
10
0.7904319291338583
20
1.0419492519685039
11
0.7888959842519685
21
1.0434851968503938
0
LINE
8
BLACK
6
CONTINUOUS
10
0.7888959842519685
20
1.0434851968503938
11
0.7861985039370079
21
1.0448339370078741
0
LINE
8
BLACK
6
CONTINUOUS
10
0.7861985039370079
20
1.0448339370078741
11
0.778218779527559
21
1.0448339370078741
0
LINE
8
BLACK
6
CONTINUOUS
10
0.778218779527559
20
1.0448339370078741
11
0.7755212992125984
21
1.0434851968503938
0
LINE
8
BLACK
6
CONTINUOUS
10
0.7755212992125984
20
1.0434851968503938
11
0.7743241732283465
21
1.0422880708661417
0
LINE
8
BLACK
6
CONTINUOUS
10
0.7743241732283465
20
1.0422880708661417
11
0.7729754330708661
21
1.0395905905511811
0
LINE
8
BLACK
6
CONTINUOUS
10
0.7729754330708661
20
1.0395905905511811
11
0.7729754330708661
21
1.037017283464567
0
LINE
8
BLACK
6
CONTINUOUS
10
0.7729754330708661
20
1.037017283464567
11
0.7744782283464566
21
1.0325088582677164
0
LINE
8
BLACK
6
CONTINUOUS
10
0.7744782283464566
20
1.0325088582677164
11
0.7964825196850394
21
1.0105045275590552
0
LINE
8
BLACK
6
CONTINUOUS
10
0.7964825196850394
20
1.0105045275590552
11
0.7968497637795275
21
1.0100570866141731
0
LINE
8
BLACK
6
CONTINUOUS
10
0.7968497637795275
20
1.0100570866141731
11
0.7972906299212599
21
1.0089926377952756
0
LINE
8
BLACK
6
CONTINUOUS
10
0.7972906299212599
20
1.0089926377952756
11
0.7972906299212599
21
1.0078405511811024
0
LINE
8
BLACK
6
CONTINUOUS
10
0.7972906299212599
20
1.0078405511811024
11
0.7968497244094488
21
1.0067761417322834
0
LINE
8
BLACK
6
CONTINUOUS
10
0.7968497244094488
20
1.0067761417322834
11
0.7960350787401574
21
1.0059614566929134
0
LINE
8
BLACK
6
CONTINUOUS
10
0.7960350787401574
20
1.0059614566929134
11
0.7952824015748031
21
1.0056497244094489
0
LINE
8
BLACK
6
CONTINUOUS
10
0.7952824015748031
20
1.0056497244094489
11
0.7949706692913385
21
1.005520590551181
0
LINE
8
BLACK
6
CONTINUOUS
10
0.7949706692913385
20
1.005520590551181
11
0.7943946062992125
21
1.0054638582677164
0
LINE
8
BLACK
6
CONTINUOUS
10
0.7943946062992125
20
1.0054638582677164
11
0.7700226771653543
21
1.0054638582677164
0
LINE
8
BLACK
6
CONTINUOUS
10
0.7700226771653543
20
1.0054638582677164
11
0.7694466141732283
21
1.005520590551181
0
LINE
8
BLACK
6
CONTINUOUS
10
0.7694466141732283
20
1.005520590551181
11
0.7683822047244094
21
1.0059614960629921
0
LINE
8
BLACK
6
CONTINUOUS
10
0.7683822047244094
20
1.0059614960629921
11
0.7675675590551181
21
1.0067761417322834
0
LINE
8
BLACK
6
CONTINUOUS
10
0.7675675590551181
20
1.0067761417322834
11
0.7671266535433071
21
1.0078405511811024
0
LINE
8
BLACK
6
CONTINUOUS
10
0.7671266535433071
20
1.0078405511811024
11
0.7671266535433071
21
1.0089926771653543
0
LINE
8
BLACK
6
CONTINUOUS
10
0.7671266535433071
20
1.0089926771653543
11
0.7675675590551181
21
1.0100570866141731
0
LINE
8
BLACK
6
CONTINUOUS
10
0.7675675590551181
20
1.0100570866141731
11
0.7683822047244094
21
1.0108717322834646
0
LINE
8
BLACK
6
CONTINUOUS
10
0.7683822047244094
20
1.0108717322834646
11
0.7694466141732283
21
1.0113126377952755
0
LINE
8
BLACK
6
CONTINUOUS
10
0.7694466141732283
20
1.0113126377952755
11
0.7700226771653543
21
1.0113693700787401
0
LINE
8
BLACK
6
CONTINUOUS
10
0.7700226771653543
20
1.0113693700787401
11
0.7872660236220472
21
1.0113693700787401
0
LINE
8
BLACK
6
CONTINUOUS
10
0.7872660236220472
20
1.0113693700787401
11
0.7698095275590551
21
1.028825905511811
0
LINE
8
BLACK
6
CONTINUOUS
10
0.7698095275590551
20
1.028825905511811
11
0.7694423228346456
21
1.029273346456693
0
LINE
8
BLACK
6
CONTINUOUS
10
0.7694423228346456
20
1.029273346456693
11
0.7694016929133858
21
1.0293714173228345
0
LINE
8
BLACK
6
CONTINUOUS
10
0.7694016929133858
20
1.0293714173228345
11
0.7693322047244094
21
1.0294515354330709
0
LINE
8
BLACK
6
CONTINUOUS
10
0.7693322047244094
20
1.0294515354330709
11
0.769096220472441
21
1.0299800787401574
0
LINE
8
BLACK
6
CONTINUOUS
10
0.769096220472441
20
1.0299800787401574
11
0.7672214566929134
21
1.0356043700787401
0
LINE
8
BLACK
6
CONTINUOUS
10
0.7672214566929134
20
1.0356043700787401
11
0.7671564960629921
21
1.0358899606299212
0
LINE
8
BLACK
6
CONTINUOUS
10
0.7671564960629921
20
1.0358899606299212
11
0.7671266535433071
21
1.0359620472440945
0
LINE
8
BLACK
6
CONTINUOUS
10
0.7671266535433071
20
1.0359620472440945
11
0.7671163385826771
21
1.0360665748031497
0
LINE
8
BLACK
6
CONTINUOUS
10
0.7671163385826771
20
1.0360665748031497
11
0.7670931102362205
21
1.0361688188976377
0
LINE
8
BLACK
6
CONTINUOUS
10
0.7670931102362205
20
1.0361688188976377
11
0.7670986220472441
21
1.0362465748031495
0
LINE
8
BLACK
6
CONTINUOUS
10
0.7670986220472441
20
1.0362465748031495
11
0.7670699212598425
21
1.0365381102362206
0
LINE
8
BLACK
6
CONTINUOUS
10
0.7670699212598425
20
1.0365381102362206
11
0.7670699212598425
21
1.0402876377952757
0
LINE
8
BLACK
6
CONTINUOUS
10
0.7670699212598425
20
1.0402876377952757
11
0.7671266535433071
21
1.0408637007874015
0
LINE
8
BLACK
6
CONTINUOUS
10
0.7671266535433071
20
1.0408637007874015
11
0.7671672440944882
21
1.0409617322834646
0
LINE
8
BLACK
6
CONTINUOUS
10
0.7671672440944882
20
1.0409617322834646
11
0.7671747637795275
21
1.0410675196850394
0
LINE
8
BLACK
6
CONTINUOUS
10
0.7671747637795275
20
1.0410675196850394
11
0.7673816535433071
21
1.0416081496062992
0
LINE
8
BLACK
6
CONTINUOUS
10
0.7673816535433071
20
1.0416081496062992
11
0.7692564173228347
21
1.0453576771653543
0
LINE
8
BLACK
6
CONTINUOUS
10
0.7692564173228347
20
1.0453576771653543
11
0.7694124803149606
21
1.0456057086614172
0
LINE
8
BLACK
6
CONTINUOUS
10
0.7694124803149606
20
1.0456057086614172
11
0.7694423228346456
21
1.0456776377952757
0
LINE
8
BLACK
6
CONTINUOUS
10
0.7694423228346456
20
1.0456776377952757
11
0.769508779527559
21
1.0457586220472441
0
LINE
8
BLACK
6
CONTINUOUS
10
0.769508779527559
20
1.0457586220472441
11
0.7695647637795275
21
1.0458475590551182
0
LINE
8
BLACK
6
CONTINUOUS
10
0.7695647637795275
20
1.0458475590551182
11
0.7696237401574803
21
1.0458987401574802
0
LINE
8
BLACK
6
CONTINUOUS
10
0.7696237401574803
20
1.0458987401574802
11
0.7698095275590551
21
1.0461250787401575
0
LINE
8
BLACK
6
CONTINUOUS
10
0.7698095275590551
20
1.0461250787401575
11
0.7716842913385826
21
1.047999842519685
0
LINE
8
BLACK
6
CONTINUOUS
10
0.7716842913385826
20
1.047999842519685
11
0.7719106299212598
21
1.0481856299212597
0
LINE
8
BLACK
6
CONTINUOUS
10
0.7719106299212598
20
1.0481856299212597
11
0.771961811023622
21
1.0482446062992126
0
LINE
8
BLACK
6
CONTINUOUS
10
0.771961811023622
20
1.0482446062992126
11
0.7720507480314961
21
1.0483005905511811
0
LINE
8
BLACK
6
CONTINUOUS
10
0.7720507480314961
20
1.0483005905511811
11
0.7721317322834645
21
1.0483670472440945
0
LINE
8
BLACK
6
CONTINUOUS
10
0.7721317322834645
20
1.0483670472440945
11
0.7722036614173228
21
1.0483968897637794
0
LINE
8
BLACK
6
CONTINUOUS
10
0.7722036614173228
20
1.0483968897637794
11
0.7724516929133858
21
1.0485529527559054
0
LINE
8
BLACK
6
CONTINUOUS
10
0.7724516929133858
20
1.0485529527559054
11
0.7762012204724409
21
1.050427716535433
0
LINE
8
BLACK
6
CONTINUOUS
10
0.7762012204724409
20
1.050427716535433
11
0.7767418110236221
21
1.0506346062992127
0
LINE
8
BLACK
6
CONTINUOUS
10
0.7767418110236221
20
1.0506346062992127
11
0.7768476771653543
21
1.0506421653543307
0
LINE
8
BLACK
6
CONTINUOUS
10
0.7768476771653543
20
1.0506421653543307
11
0.7769456692913386
21
1.0506827165354331
0
LINE
8
BLACK
6
CONTINUOUS
10
0.7769456692913386
20
1.0506827165354331
11
0.7775217322834646
21
1.0507394488188977
0
LINE
8
BLACK
6
CONTINUOUS
10
0.7775217322834646
20
1.0507394488188977
11
0.7868955511811023
21
1.0507394488188977
0
LINE
8
BLACK
6
CONTINUOUS
10
0.7868955511811023
20
1.0507394488188977
11
0.7874716141732283
21
1.0506827165354331
0
LINE
8
BLACK
6
CONTINUOUS
10
0.8190581102362204
20
1.0507107480314961
11
0.8191358661417323
21
1.0507162598425197
0
LINE
8
BLACK
6
CONTINUOUS
10
0.8191358661417323
20
1.0507162598425197
11
0.8192381102362205
21
1.050693031496063
0
LINE
8
BLACK
6
CONTINUOUS
10
0.8192381102362205
20
1.050693031496063
11
0.8193426377952756
21
1.0506827165354331
0
LINE
8
BLACK
6
CONTINUOUS
10
0.8193426377952756
20
1.0506827165354331
11
0.8194147244094488
21
1.0506528740157479
0
LINE
8
BLACK
6
CONTINUOUS
10
0.8194147244094488
20
1.0506528740157479
11
0.8197003149606299
21
1.0505879133858267
0
LINE
8
BLACK
6
CONTINUOUS
10
0.8197003149606299
20
1.0505879133858267
11
0.8253246062992126
21
1.0487131496062991
0
LINE
8
BLACK
6
CONTINUOUS
10
0.8253246062992126
20
1.0487131496062991
11
0.8258531496062992
21
1.0484771653543308
0
LINE
8
BLACK
6
CONTINUOUS
10
0.8258531496062992
20
1.0484771653543308
11
0.8259332677165354
21
1.0484076771653543
0
LINE
8
BLACK
6
CONTINUOUS
10
0.8259332677165354
20
1.0484076771653543
11
0.8260313385826772
21
1.0483670472440945
0
LINE
8
BLACK
6
CONTINUOUS
10
0.8260313385826772
20
1.0483670472440945
11
0.826478779527559
21
1.047999842519685
0
LINE
8
BLACK
6
CONTINUOUS
10
0.826478779527559
20
1.047999842519685
11
0.8302283070866141
21
1.0442503149606299
0
LINE
8
BLACK
6
CONTINUOUS
10
0.8302283070866141
20
1.0442503149606299
11
0.8304141338582677
21
1.0440239370078739
0
LINE
8
BLACK
6
CONTINUOUS
10
0.8304141338582677
20
1.0440239370078739
11
0.8304730708661417
21
1.0439727952755906
0
LINE
8
BLACK
6
CONTINUOUS
10
0.8304730708661417
20
1.0439727952755906
11
0.830528937007874
21
1.0438840551181101
0
LINE
8
BLACK
6
CONTINUOUS
10
0.830528937007874
20
1.0438840551181101
11
0.8305955511811024
21
1.0438028740157481
0
LINE
8
BLACK
6
CONTINUOUS
10
0.8305955511811024
20
1.0438028740157481
11
0.8306253937007874
21
1.0437307480314961
0
LINE
8
BLACK
6
CONTINUOUS
10
0.8306253937007874
20
1.0437307480314961
11
0.8307814173228346
21
1.0434829133858268
0
LINE
8
BLACK
6
CONTINUOUS
10
0.8307814173228346
20
1.0434829133858268
11
0.8326561811023622
21
1.0397333858267717
0
LINE
8
BLACK
6
CONTINUOUS
10
0.8326561811023622
20
1.0397333858267717
11
0.8326722834645669
21
1.0396912992125984
0
LINE
8
BLACK
6
CONTINUOUS
10
0.8326722834645669
20
1.0396912992125984
11
0.832685
21
1.0396741338582678
0
LINE
8
BLACK
6
CONTINUOUS
10
0.832685
20
1.0396741338582678
11
0.8327712992125984
21
1.0394325590551181
0
LINE
8
BLACK
6
CONTINUOUS
10
0.8327712992125984
20
1.0394325590551181
11
0.8328630708661418
21
1.0391927952755906
0
LINE
8
BLACK
6
CONTINUOUS
10
0.8328630708661418
20
1.0391927952755906
11
0.8328645669291338
21
1.0391715354330708
0
LINE
8
BLACK
6
CONTINUOUS
10
0.8328645669291338
20
1.0391715354330708
11
0.8328797637795275
21
1.0391290157480315
0
LINE
8
BLACK
6
CONTINUOUS
10
0.8328797637795275
20
1.0391290157480315
11
0.8347545275590551
21
1.0316299606299213
0
LINE
8
BLACK
6
CONTINUOUS
10
0.8347545275590551
20
1.0316299606299213
11
0.8347692913385827
21
1.0315301181102361
0
LINE
8
BLACK
6
CONTINUOUS
10
0.8347692913385827
20
1.0315301181102361
11
0.8347859448818897
21
1.0314898818897638
0
LINE
8
BLACK
6
CONTINUOUS
10
0.8347859448818897
20
1.0314898818897638
11
0.8348072834645669
21
1.031272874015748
0
LINE
8
BLACK
6
CONTINUOUS
10
0.8348072834645669
20
1.031272874015748
11
0.8348391732283464
21
1.0310573622047243
0
LINE
8
BLACK
6
CONTINUOUS
10
0.8348391732283464
20
1.0310573622047243
11
0.8348327559055118
21
1.0310143700787402
0
LINE
8
BLACK
6
CONTINUOUS
10
0.8348327559055118
20
1.0310143700787402
11
0.8348426771653543
21
1.0309138188976377
0
LINE
8
BLACK
6
CONTINUOUS
10
0.8348426771653543
20
1.0309138188976377
11
0.8348426771653543
21
1.025289527559055
0
LINE
8
BLACK
6
CONTINUOUS
10
0.8348426771653543
20
1.025289527559055
11
0.8348327559055118
21
1.0251890157480315
0
LINE
8
BLACK
6
CONTINUOUS
10
0.8348327559055118
20
1.0251890157480315
11
0.8348391732283464
21
1.0251459842519686
0
LINE
8
BLACK
6
CONTINUOUS
10
0.8348391732283464
20
1.0251459842519686
11
0.8348072834645669
21
1.0249305118110237
0
LINE
8
BLACK
6
CONTINUOUS
10
0.8348072834645669
20
1.0249305118110237
11
0.8347859448818897
21
1.0247134645669291
0
LINE
8
BLACK
6
CONTINUOUS
10
0.8347859448818897
20
1.0247134645669291
11
0.8347692913385827
21
1.0246732677165353
0
LINE
8
BLACK
6
CONTINUOUS
10
0.8347692913385827
20
1.0246732677165353
11
0.8347545275590551
21
1.0245733858267716
0
LINE
8
BLACK
6
CONTINUOUS
10
0.8347545275590551
20
1.0245733858267716
11
0.8328797637795275
21
1.0170743307086614
0
LINE
8
BLACK
6
CONTINUOUS
10
0.8328797637795275
20
1.0170743307086614
11
0.8328645669291338
21
1.0170318503937008
0
LINE
8
BLACK
6
CONTINUOUS
10
0.8328645669291338
20
1.0170318503937008
11
0.8328630708661418
21
1.0170105511811023
0
LINE
8
BLACK
6
CONTINUOUS
10
0.8328630708661418
20
1.0170105511811023
11
0.8327712992125984
21
1.0167708267716535
0
LINE
8
BLACK
6
CONTINUOUS
10
0.8327712992125984
20
1.0167708267716535
11
0.832685
21
1.0165292125984251
0
LINE
8
BLACK
6
CONTINUOUS
10
0.832685
20
1.0165292125984251
11
0.8326722834645669
21
1.0165120866141732
0
LINE
8
BLACK
6
CONTINUOUS
10
0.8326722834645669
20
1.0165120866141732
11
0.8326561811023622
21
1.0164699606299212
0
LINE
8
BLACK
6
CONTINUOUS
10
0.8326561811023622
20
1.0164699606299212
11
0.8307814173228346
21
1.0127204330708661
0
LINE
8
BLACK
6
CONTINUOUS
10
0.8307814173228346
20
1.0127204330708661
11
0.8306253543307086
21
1.012472559055118
0
LINE
8
BLACK
6
CONTINUOUS
10
0.8306253543307086
20
1.012472559055118
11
0.8305955511811024
21
1.0124005118110235
0
LINE
8
BLACK
6
CONTINUOUS
10
0.8305955511811024
20
1.0124005118110235
11
0.8305290157480315
21
1.0123194881889763
0
LINE
8
BLACK
6
CONTINUOUS
10
0.8305290157480315
20
1.0123194881889763
11
0.8304730708661417
21
1.0122305511811023
0
LINE
8
BLACK
6
CONTINUOUS
10
0.8304730708661417
20
1.0122305511811023
11
0.8304140551181102
21
1.0121794094488188
0
LINE
8
BLACK
6
CONTINUOUS
10
0.8304140551181102
20
1.0121794094488188
11
0.8302283464566929
21
1.0119530708661417
0
LINE
8
BLACK
6
CONTINUOUS
10
0.8302283464566929
20
1.0119530708661417
11
0.826478779527559
21
1.0082034645669291
0
LINE
8
BLACK
6
CONTINUOUS
10
0.826478779527559
20
1.0082034645669291
11
0.8260313385826772
21
1.0078362598425197
0
LINE
8
BLACK
6
CONTINUOUS
10
0.8260313385826772
20
1.0078362598425197
11
0.8259332677165354
21
1.0077956692913386
0
LINE
8
BLACK
6
CONTINUOUS
10
0.8259332677165354
20
1.0077956692913386
11
0.8258531496062992
21
1.0077261417322834
0
LINE
8
BLACK
6
CONTINUOUS
10
0.8258531496062992
20
1.0077261417322834
11
0.8253246062992126
21
1.007490157480315
0
LINE
8
BLACK
6
CONTINUOUS
10
0.8253246062992126
20
1.007490157480315
11
0.8197003149606299
21
1.0056153937007875
0
LINE
8
BLACK
6
CONTINUOUS
10
0.8197003149606299
20
1.0056153937007875
11
0.8194147244094488
21
1.0055504724409448
0
LINE
8
BLACK
6
CONTINUOUS
10
0.8194147244094488
20
1.0055504724409448
11
0.8193426377952756
21
1.005520590551181
0
LINE
8
BLACK
6
CONTINUOUS
10
0.8193426377952756
20
1.005520590551181
11
0.8192381102362205
21
1.0055103149606299
0
LINE
8
BLACK
6
CONTINUOUS
10
0.8192381102362205
20
1.0055103149606299
11
0.8191358661417323
21
1.0054870472440944
0
LINE
8
BLACK
6
CONTINUOUS
10
0.8191358661417323
20
1.0054870472440944
11
0.8190581102362204
21
1.0054925984251968
0
LINE
8
BLACK
6
CONTINUOUS
10
0.8190581102362204
20
1.0054925984251968
11
0.8187665748031496
21
1.0054638582677164
0
LINE
8
BLACK
6
CONTINUOUS
10
0.8187665748031496
20
1.0054638582677164
11
0.8150170472440945
21
1.0054638582677164
0
LINE
8
BLACK
6
CONTINUOUS
10
0.8150170472440945
20
1.0054638582677164
11
0.8147254330708661
21
1.0054925984251968
0
LINE
8
BLACK
6
CONTINUOUS
10
0.8147254330708661
20
1.0054925984251968
11
0.814647716535433
21
1.0054870472440944
0
LINE
8
BLACK
6
CONTINUOUS
10
0.814647716535433
20
1.0054870472440944
11
0.8145454330708661
21
1.0055103149606299
0
LINE
8
BLACK
6
CONTINUOUS
10
0.8145454330708661
20
1.0055103149606299
11
0.8144409842519685
21
1.005520590551181
0
LINE
8
BLACK
6
CONTINUOUS
10
0.8144409842519685
20
1.005520590551181
11
0.8143688976377953
21
1.0055504724409448
0
LINE
8
BLACK
6
CONTINUOUS
10
0.8143688976377953
20
1.0055504724409448
11
0.8140832677165354
21
1.0056153937007875
0
LINE
8
BLACK
6
CONTINUOUS
10
0.8140832677165354
20
1.0056153937007875
11
0.8084590157480315
21
1.007490157480315
0
LINE
8
BLACK
6
CONTINUOUS
10
0.8084590157480315
20
1.007490157480315
11
0.8079304330708661
21
1.0077261417322834
0
LINE
8
BLACK
6
CONTINUOUS
10
0.8079304330708661
20
1.0077261417322834
11
0.8078502362204725
21
1.0077957086614173
0
LINE
8
BLACK
6
CONTINUOUS
10
0.8078502362204725
20
1.0077957086614173
11
0.807752283464567
21
1.0078362598425197
0
LINE
8
BLACK
6
CONTINUOUS
10
0.807752283464567
20
1.0078362598425197
11
0.8073048031496063
21
1.0082035039370079
0
LINE
8
BLACK
6
CONTINUOUS
10
0.8073048031496063
20
1.0082035039370079
11
0.8054300393700787
21
1.0100783070866142
0
LINE
8
BLACK
6
CONTINUOUS
10
0.8054300393700787
20
1.0100783070866142
11
0.8050628346456693
21
1.010525748031496
0
LINE
8
BLACK
6
CONTINUOUS
10
0.8050628346456693
20
1.010525748031496
11
0.804621968503937
21
1.011590157480315
0
LINE
8
BLACK
6
CONTINUOUS
10
0.804621968503937
20
1.011590157480315
11
0.804621968503937
21
1.0127422440944882
0
LINE
8
BLACK
6
CONTINUOUS
10
0.804621968503937
20
1.0127422440944882
11
0.8050628740157481
21
1.013806653543307
0
LINE
8
BLACK
6
CONTINUOUS
10
0.8050628740157481
20
1.013806653543307
11
0.805877559055118
21
1.0146213385826772
0
LINE
8
BLACK
6
CONTINUOUS
10
0.805877559055118
20
1.0146213385826772
11
0.806941968503937
21
1.0150622047244093
0
LINE
8
BLACK
6
CONTINUOUS
10
0.806941968503937
20
1.0150622047244093
11
0.8080940551181102
21
1.0150622047244093
0
LINE
8
BLACK
6
CONTINUOUS
10
0.8080940551181102
20
1.0150622047244093
11
0.8091584645669291
21
1.0146212992125985
0
LINE
8
BLACK
6
CONTINUOUS
10
0.8091584645669291
20
1.0146212992125985
11
0.8096059448818897
21
1.0142540551181103
0
LINE
8
BLACK
6
CONTINUOUS
10
0.8096059448818897
20
1.0142540551181103
11
0.8109877952755905
21
1.0128721653543307
0
LINE
8
BLACK
6
CONTINUOUS
10
0.8109877952755905
20
1.0128721653543307
11
0.8154961811023622
21
1.0113693700787401
0
LINE
8
BLACK
6
CONTINUOUS
10
0.8154961811023622
20
1.0113693700787401
11
0.8182874409448818
21
1.0113693700787401
0
LINE
8
BLACK
6
CONTINUOUS
10
0.8182874409448818
20
1.0113693700787401
11
0.8227958267716535
21
1.0128722047244094
0
LINE
8
BLACK
6
CONTINUOUS
10
0.8227958267716535
20
1.0128722047244094
11
0.8257136220472441
21
1.0157900393700787
0
LINE
8
BLACK
6
CONTINUOUS
10
0.8257136220472441
20
1.0157900393700787
11
0.8272291338582677
21
1.0188210236220472
0
LINE
8
BLACK
6
CONTINUOUS
10
0.8272291338582677
20
1.0188210236220472
11
0.8289371653543307
21
1.0256530708661418
0
LINE
8
BLACK
6
CONTINUOUS
10
0.8289371653543307
20
1.0256530708661418
11
0.8289371653543307
21
1.0305502755905511
0
LINE
8
BLACK
6
CONTINUOUS
10
0.8289371653543307
20
1.0305502755905511
11
0.8272291338582677
21
1.0373823228346457
0
LINE
8
BLACK
6
CONTINUOUS
10
0.8272291338582677
20
1.0373823228346457
11
0.8257136614173228
21
1.0404133070866142
0
LINE
8
BLACK
6
CONTINUOUS
10
0.8257136614173228
20
1.0404133070866142
11
0.8227958267716535
21
1.0433311417322835
0
LINE
8
BLACK
6
CONTINUOUS
10
0.8227958267716535
20
1.0433311417322835
11
0.8182874409448818
21
1.0448339370078741
0
LINE
8
BLACK
6
CONTINUOUS
10
0.8182874409448818
20
1.0448339370078741
11
0.8154961811023622
21
1.0448339370078741
0
LINE
8
BLACK
6
CONTINUOUS
10
0.8154961811023622
20
1.0448339370078741
11
0.8109877952755905
21
1.0433311417322835
0
LINE
8
BLACK
6
CONTINUOUS
10
0.8109877952755905
20
1.0433311417322835
11
0.809605905511811
21
1.0419492519685039
0
LINE
8
BLACK
6
CONTINUOUS
10
0.809605905511811
20
1.0419492519685039
11
0.8091584645669291
21
1.0415820472440944
0
LINE
8
BLACK
6
CONTINUOUS
10
0.8091584645669291
20
1.0415820472440944
11
0.8080940157480315
21
1.0411411417322833
0
LINE
8
BLACK
6
CONTINUOUS
10
0.8080940157480315
20
1.0411411417322833
11
0.806941968503937
21
1.0411411417322833
0
LINE
8
BLACK
6
CONTINUOUS
10
0.806941968503937
20
1.0411411417322833
11
0.8058775196850394
21
1.0415820472440944
0
LINE
8
BLACK
6
CONTINUOUS
10
0.8058775196850394
20
1.0415820472440944
11
0.8050628740157481
21
1.0423966929133859
0
LINE
8
BLACK
6
CONTINUOUS
10
0.8050628740157481
20
1.0423966929133859
11
0.804621968503937
21
1.0434611417322834
0
LINE
8
BLACK
6
CONTINUOUS
10
0.804621968503937
20
1.0434611417322834
11
0.804621968503937
21
1.0446131889763779
0
LINE
8
BLACK
6
CONTINUOUS
10
0.804621968503937
20
1.0446131889763779
11
0.8050628740157481
21
1.0456776377952757
0
LINE
8
BLACK
6
CONTINUOUS
10
0.8050628740157481
20
1.0456776377952757
11
0.8054300787401575
21
1.0461250787401575
0
LINE
8
BLACK
6
CONTINUOUS
10
0.8054300787401575
20
1.0461250787401575
11
0.807304842519685
21
1.047999842519685
0
LINE
8
BLACK
6
CONTINUOUS
10
0.807304842519685
20
1.047999842519685
11
0.807752283464567
21
1.0483670472440945
0
LINE
8
BLACK
6
CONTINUOUS
10
0.807752283464567
20
1.0483670472440945
11
0.8078502362204725
21
1.0484076377952756
0
LINE
8
BLACK
6
CONTINUOUS
10
0.8078502362204725
20
1.0484076377952756
11
0.8079304330708661
21
1.0484771653543308
0
LINE
8
BLACK
6
CONTINUOUS
10
0.8079304330708661
20
1.0484771653543308
11
0.8084590157480315
21
1.0487131496062991
0
LINE
8
BLACK
6
CONTINUOUS
10
0.8084590157480315
20
1.0487131496062991
11
0.8140832677165354
21
1.0505879133858267
0
LINE
8
BLACK
6
CONTINUOUS
10
0.8140832677165354
20
1.0505879133858267
11
0.8143688976377953
21
1.0506528740157479
0
LINE
8
BLACK
6
CONTINUOUS
10
0.8143688976377953
20
1.0506528740157479
11
0.8144409842519685
21
1.0506827165354331
0
LINE
8
BLACK
6
CONTINUOUS
10
0.8144409842519685
20
1.0506827165354331
11
0.8145454330708661
21
1.050693031496063
0
LINE
8
BLACK
6
CONTINUOUS
10
0.8145454330708661
20
1.050693031496063
11
0.814647716535433
21
1.0507162598425197
0
LINE
8
BLACK
6
CONTINUOUS
10
0.814647716535433
20
1.0507162598425197
11
0.8147254330708661
21
1.0507107480314961
0
LINE
8
BLACK
6
CONTINUOUS
10
0.8147254330708661
20
1.0507107480314961
11
0.8150170472440945
21
1.0507394488188977
0
LINE
8
BLACK
6
CONTINUOUS
10
0.8150170472440945
20
1.0507394488188977
11
0.8187665748031496
21
1.0507394488188977
0
LINE
8
BLACK
6
CONTINUOUS
10
0.8187665748031496
20
1.0507394488188977
11
0.8190581102362204
21
1.0507107480314961
0
LINE
8
BLACK
6
CONTINUOUS
10
1.3371924409448819
20
1.0959012992125985
11
1.3380070866141731
21
1.095086653543307
0
LINE
8
BLACK
6
CONTINUOUS
10
1.3380070866141731
20
1.095086653543307
11
1.3384479921259842
21
1.0940222440944882
0
LINE
8
BLACK
6
CONTINUOUS
10
1.3384479921259842
20
1.0940222440944882
11
1.3385047244094488
21
1.0934461811023621
0
LINE
8
BLACK
6
CONTINUOUS
10
1.3385047244094488
20
1.0934461811023621
11
1.3385047244094488
21
1.0755814566929134
0
LINE
8
BLACK
6
CONTINUOUS
10
1.3385047244094488
20
1.0755814566929134
11
1.3486056692913386
21
1.0844197637795274
0
LINE
8
BLACK
6
CONTINUOUS
10
1.3486056692913386
20
1.0844197637795274
11
1.3488546456692914
21
1.0845977952755905
0
LINE
8
BLACK
6
CONTINUOUS
10
1.3488546456692914
20
1.0845977952755905
11
1.3489096062992125
21
1.0846527165354329
0
LINE
8
BLACK
6
CONTINUOUS
10
1.3489096062992125
20
1.0846527165354329
11
1.3489616929133859
21
1.0846743307086615
0
LINE
8
BLACK
6
CONTINUOUS
10
1.3489616929133859
20
1.0846743307086615
11
1.3490765748031497
21
1.0847564173228346
0
LINE
8
BLACK
6
CONTINUOUS
10
1.3490765748031497
20
1.0847564173228346
11
1.3495307874015747
21
1.0849100393700788
0
LINE
8
BLACK
6
CONTINUOUS
10
1.3495307874015747
20
1.0849100393700788
11
1.3499740157480316
21
1.085093622047244
0
LINE
8
BLACK
6
CONTINUOUS
10
1.3499740157480316
20
1.085093622047244
11
1.3500736614173228
21
1.085093622047244
0
LINE
8
BLACK
6
CONTINUOUS
10
1.3500736614173228
20
1.085093622047244
11
1.3501679527559054
21
1.0851255118110237
0
LINE
8
BLACK
6
CONTINUOUS
10
1.3501679527559054
20
1.0851255118110237
11
1.3506464173228345
21
1.085093622047244
0
LINE
8
BLACK
6
CONTINUOUS
10
1.3506464173228345
20
1.085093622047244
11
1.3511261417322835
21
1.085093622047244
0
LINE
8
BLACK
6
CONTINUOUS
10
1.3511261417322835
20
1.085093622047244
11
1.3512181102362204
21
1.0850555511811024
0
LINE
8
BLACK
6
CONTINUOUS
10
1.3512181102362204
20
1.0850555511811024
11
1.3513174803149606
21
1.0850488976377952
0
LINE
8
BLACK
6
CONTINUOUS
10
1.3513174803149606
20
1.0850488976377952
11
1.3517475984251968
21
1.0848362204724409
0
LINE
8
BLACK
6
CONTINUOUS
10
1.3517475984251968
20
1.0848362204724409
11
1.3521905511811023
21
1.0846527165354329
0
LINE
8
BLACK
6
CONTINUOUS
10
1.3521905511811023
20
1.0846527165354329
11
1.3522608661417324
21
1.0845824015748031
0
LINE
8
BLACK
6
CONTINUOUS
10
1.3522608661417324
20
1.0845824015748031
11
1.3523502362204725
21
1.0845381889763779
0
LINE
8
BLACK
6
CONTINUOUS
10
1.3523502362204725
20
1.0845381889763779
11
1.3526661811023621
21
1.0841770866141731
0
LINE
8
BLACK
6
CONTINUOUS
10
1.3526661811023621
20
1.0841770866141731
11
1.3530051968503938
21
1.0838380708661417
0
LINE
8
BLACK
6
CONTINUOUS
10
1.3530051968503938
20
1.0838380708661417
11
1.3530433070866141
21
1.0837461023622048
0
LINE
8
BLACK
6
CONTINUOUS
10
1.3530433070866141
20
1.0837461023622048
11
1.3531088976377952
21
1.0836711023622048
0
LINE
8
BLACK
6
CONTINUOUS
10
1.3531088976377952
20
1.0836711023622048
11
1.3532624803149607
21
1.0832168897637795
0
LINE
8
BLACK
6
CONTINUOUS
10
1.3532624803149607
20
1.0832168897637795
11
1.3534461023622046
21
1.0827736614173229
0
LINE
8
BLACK
6
CONTINUOUS
10
1.3534461023622046
20
1.0827736614173229
11
1.3534599212598424
21
1.0826331102362206
0
LINE
8
BLACK
6
CONTINUOUS
10
1.3534599212598424
20
1.0826331102362206
11
1.3534779921259843
21
1.0825797244094488
0
LINE
8
BLACK
6
CONTINUOUS
10
1.3534779921259843
20
1.0825797244094488
11
1.3534727952755905
21
1.082502283464567
0
LINE
8
BLACK
6
CONTINUOUS
10
1.3534727952755905
20
1.082502283464567
11
1.3535028346456692
21
1.0821975984251968
0
LINE
8
BLACK
6
CONTINUOUS
10
1.3535028346456692
20
1.0821975984251968
11
1.3535028346456692
21
1.0772703543307087
0
LINE
8
BLACK
6
CONTINUOUS
10
1.3535028346456692
20
1.0772703543307087
11
1.3548515748031495
21
1.0745728740157481
0
LINE
8
BLACK
6
CONTINUOUS
10
1.3548515748031495
20
1.0745728740157481
11
1.3560487007874016
21
1.073375748031496
0
LINE
8
BLACK
6
CONTINUOUS
10
1.3560487007874016
20
1.073375748031496
11
1.3587461811023622
21
1.0720270078740157
0
LINE
8
BLACK
6
CONTINUOUS
10
1.3587461811023622
20
1.0720270078740157
11
1.3667259055118111
21
1.0720270078740157
0
LINE
8
BLACK
6
CONTINUOUS
10
1.3667259055118111
20
1.0720270078740157
11
1.3694233858267717
21
1.0733757874015748
0
LINE
8
BLACK
6
CONTINUOUS
10
1.3694233858267717
20
1.0733757874015748
11
1.3706205511811023
21
1.0745729133858268
0
LINE
8
BLACK
6
CONTINUOUS
10
1.3706205511811023
20
1.0745729133858268
11
1.3719692913385826
21
1.0772703543307087
0
LINE
8
BLACK
6
CONTINUOUS
10
1.3719692913385826
20
1.0772703543307087
11
1.3719692913385826
21
1.0871248425196851
0
LINE
8
BLACK
6
CONTINUOUS
10
1.3719692913385826
20
1.0871248425196851
11
1.3706205511811023
21
1.0898223228346458
0
LINE
8
BLACK
6
CONTINUOUS
10
1.3706205511811023
20
1.0898223228346458
11
1.3690846062992126
21
1.0913582283464567
0
LINE
8
BLACK
6
CONTINUOUS
10
1.3690846062992126
20
1.0913582283464567
11
1.3687173622047244
21
1.0918057086614172
0
LINE
8
BLACK
6
CONTINUOUS
10
1.3687173622047244
20
1.0918057086614172
11
1.3682764566929133
21
1.0928701181102363
0
LINE
8
BLACK
6
CONTINUOUS
10
1.3682764566929133
20
1.0928701181102363
11
1.3682764566929133
21
1.0940222047244095
0
LINE
8
BLACK
6
CONTINUOUS
10
1.3682764566929133
20
1.0940222047244095
11
1.3687173228346456
21
1.0950866141732283
0
LINE
8
BLACK
6
CONTINUOUS
10
1.3687173228346456
20
1.0950866141732283
11
1.3695320078740156
21
1.0959012992125985
0
LINE
8
BLACK
6
CONTINUOUS
10
1.3695320078740156
20
1.0959012992125985
11
1.3705964173228347
21
1.0963422047244094
0
LINE
8
BLACK
6
CONTINUOUS
10
1.3705964173228347
20
1.0963422047244094
11
1.3717485039370079
21
1.0963422047244094
0
LINE
8
BLACK
6
CONTINUOUS
10
1.3717485039370079
20
1.0963422047244094
11
1.3728129133858267
21
1.0959013385826772
0
LINE
8
BLACK
6
CONTINUOUS
10
1.3728129133858267
20
1.0959013385826772
11
1.3732603543307087
21
1.0955341338582676
0
LINE
8
BLACK
6
CONTINUOUS
10
1.3732603543307087
20
1.0955341338582676
11
1.375135157480315
21
1.09365937007874
0
LINE
8
BLACK
6
CONTINUOUS
10
1.375135157480315
20
1.09365937007874
11
1.375320905511811
21
1.093433031496063
0
LINE
8
BLACK
6
CONTINUOUS
10
1.375320905511811
20
1.093433031496063
11
1.3753799606299213
21
1.093381811023622
0
LINE
8
BLACK
6
CONTINUOUS
10
1.3753799606299213
20
1.093381811023622
11
1.3754359448818898
21
1.0932928740157479
0
LINE
8
BLACK
6
CONTINUOUS
10
1.3754359448818898
20
1.0932928740157479
11
1.3755024015748032
21
1.0932118897637795
0
LINE
8
BLACK
6
CONTINUOUS
10
1.3755024015748032
20
1.0932118897637795
11
1.3755322047244094
21
1.0931399606299212
0
LINE
8
BLACK
6
CONTINUOUS
10
1.3755322047244094
20
1.0931399606299212
11
1.3756883070866142
21
1.0928919291338584
0
LINE
8
BLACK
6
CONTINUOUS
10
1.3756883070866142
20
1.0928919291338584
11
1.3775630708661417
21
1.089142401574803
0
LINE
8
BLACK
6
CONTINUOUS
10
1.3775630708661417
20
1.089142401574803
11
1.3777699606299212
21
1.088601811023622
0
LINE
8
BLACK
6
CONTINUOUS
10
1.3777699606299212
20
1.088601811023622
11
1.3777774803149605
21
1.0884959448818898
0
LINE
8
BLACK
6
CONTINUOUS
10
1.3777774803149605
20
1.0884959448818898
11
1.3778180708661416
21
1.0883979527559056
0
LINE
8
BLACK
6
CONTINUOUS
10
1.3778180708661416
20
1.0883979527559056
11
1.3778748031496062
21
1.0878218897637795
0
LINE
8
BLACK
6
CONTINUOUS
10
1.3778748031496062
20
1.0878218897637795
11
1.3778748031496062
21
1.0765733070866141
0
LINE
8
BLACK
6
CONTINUOUS
10
1.3778748031496062
20
1.0765733070866141
11
1.3778180708661416
21
1.0759972440944883
0
LINE
8
BLACK
6
CONTINUOUS
10
1.3778180708661416
20
1.0759972440944883
11
1.3777774803149605
21
1.0758992913385828
0
LINE
8
BLACK
6
CONTINUOUS
10
1.3777774803149605
20
1.0758992913385828
11
1.3777699606299212
21
1.0757933858267716
0
LINE
8
BLACK
6
CONTINUOUS
10
1.3777699606299212
20
1.0757933858267716
11
1.3775630708661417
21
1.0752527952755906
0
LINE
8
BLACK
6
CONTINUOUS
10
1.3775630708661417
20
1.0752527952755906
11
1.3756883070866142
21
1.0715032677165355
0
LINE
8
BLACK
6
CONTINUOUS
10
1.3756883070866142
20
1.0715032677165355
11
1.3755322047244094
21
1.0712552755905511
0
LINE
8
BLACK
6
CONTINUOUS
10
1.3755322047244094
20
1.0712552755905511
11
1.3755024015748032
21
1.0711833070866141
0
LINE
8
BLACK
6
CONTINUOUS
10
1.3755024015748032
20
1.0711833070866141
11
1.3754359448818898
21
1.0711023622047244
0
LINE
8
BLACK
6
CONTINUOUS
10
1.3754359448818898
20
1.0711023622047244
11
1.3753799606299213
21
1.0710133858267716
0
LINE
8
BLACK
6
CONTINUOUS
10
1.3753799606299213
20
1.0710133858267716
11
1.375320905511811
21
1.0709622047244094
0
LINE
8
BLACK
6
CONTINUOUS
10
1.375320905511811
20
1.0709622047244094
11
1.375135157480315
21
1.0707358267716536
0
LINE
8
BLACK
6
CONTINUOUS
10
1.375135157480315
20
1.0707358267716536
11
1.3732603543307087
21
1.068861062992126
0
LINE
8
BLACK
6
CONTINUOUS
10
1.3732603543307087
20
1.068861062992126
11
1.3730340157480314
21
1.0686753543307086
0
LINE
8
BLACK
6
CONTINUOUS
10
1.3730340157480314
20
1.0686753543307086
11
1.3729828740157479
21
1.0686163385826772
0
LINE
8
BLACK
6
CONTINUOUS
10
1.3729828740157479
20
1.0686163385826772
11
1.3728939370078739
21
1.0685603937007875
0
LINE
8
BLACK
6
CONTINUOUS
10
1.3728939370078739
20
1.0685603937007875
11
1.3728129133858267
21
1.0684938582677166
0
LINE
8
BLACK
6
CONTINUOUS
10
1.3728129133858267
20
1.0684938582677166
11
1.3727408661417322
21
1.0684640551181102
0
LINE
8
BLACK
6
CONTINUOUS
10
1.3727408661417322
20
1.0684640551181102
11
1.3724929921259843
21
1.0683079921259842
0
LINE
8
BLACK
6
CONTINUOUS
10
1.3724929921259843
20
1.0683079921259842
11
1.3687434645669292
21
1.0664332283464566
0
LINE
8
BLACK
6
CONTINUOUS
10
1.3687434645669292
20
1.0664332283464566
11
1.3682028346456692
21
1.0662263385826771
0
LINE
8
BLACK
6
CONTINUOUS
10
1.3682028346456692
20
1.0662263385826771
11
1.3680970078740158
21
1.0662188582677166
0
LINE
8
BLACK
6
CONTINUOUS
10
1.3680970078740158
20
1.0662188582677166
11
1.3679990157480315
21
1.0661782283464567
0
LINE
8
BLACK
6
CONTINUOUS
10
1.3679990157480315
20
1.0661782283464567
11
1.3674229527559054
21
1.0661214960629921
0
LINE
8
BLACK
6
CONTINUOUS
10
1.3674229527559054
20
1.0661214960629921
11
1.3580491338582676
21
1.0661214960629921
0
LINE
8
BLACK
6
CONTINUOUS
10
1.3580491338582676
20
1.0661214960629921
11
1.3574730708661418
21
1.0661782283464567
0
LINE
8
BLACK
6
CONTINUOUS
10
1.3574730708661418
20
1.0661782283464567
11
1.3573750787401575
21
1.0662188188976378
0
LINE
8
BLACK
6
CONTINUOUS
10
1.3573750787401575
20
1.0662188188976378
11
1.3572692125984251
21
1.0662263385826771
0
LINE
8
BLACK
6
CONTINUOUS
10
1.3572692125984251
20
1.0662263385826771
11
1.3567286220472441
21
1.0664332283464566
0
LINE
8
BLACK
6
CONTINUOUS
10
1.3567286220472441
20
1.0664332283464566
11
1.352979094488189
21
1.0683079921259842
0
LINE
8
BLACK
6
CONTINUOUS
10
1.352979094488189
20
1.0683079921259842
11
1.3527310629921259
21
1.0684640944881889
0
LINE
8
BLACK
6
CONTINUOUS
10
1.3527310629921259
20
1.0684640944881889
11
1.3526591338582676
21
1.0684938976377953
0
LINE
8
BLACK
6
CONTINUOUS
10
1.3526591338582676
20
1.0684938976377953
11
1.3525781496062992
21
1.0685603937007875
0
LINE
8
BLACK
6
CONTINUOUS
10
1.3525781496062992
20
1.0685603937007875
11
1.3524892125984251
21
1.0686163385826772
0
LINE
8
BLACK
6
CONTINUOUS
10
1.3524892125984251
20
1.0686163385826772
11
1.3524380314960629
21
1.0686753543307086
0
LINE
8
BLACK
6
CONTINUOUS
10
1.3524380314960629
20
1.0686753543307086
11
1.3522116929133858
21
1.0688611023622048
0
LINE
8
BLACK
6
CONTINUOUS
10
1.3522116929133858
20
1.0688611023622048
11
1.3503369291338583
21
1.0707358661417323
0
LINE
8
BLACK
6
CONTINUOUS
10
1.3503369291338583
20
1.0707358661417323
11
1.3501511417322833
21
1.0709622440944881
0
LINE
8
BLACK
6
CONTINUOUS
10
1.3501511417322833
20
1.0709622440944881
11
1.3500921653543307
21
1.0710133858267716
0
LINE
8
BLACK
6
CONTINUOUS
10
1.3500921653543307
20
1.0710133858267716
11
1.3500361811023622
21
1.0711023622047244
0
LINE
8
BLACK
6
CONTINUOUS
10
1.3500361811023622
20
1.0711023622047244
11
1.3499697244094488
21
1.0711833070866141
0
LINE
8
BLACK
6
CONTINUOUS
10
1.3499697244094488
20
1.0711833070866141
11
1.3499398818897637
21
1.0712552755905511
0
LINE
8
BLACK
6
CONTINUOUS
10
1.3499398818897637
20
1.0712552755905511
11
1.3497838188976377
21
1.0715032677165355
0
LINE
8
BLACK
6
CONTINUOUS
10
1.3497838188976377
20
1.0715032677165355
11
1.3479090551181101
21
1.0752527952755906
0
LINE
8
BLACK
6
CONTINUOUS
10
1.3479090551181101
20
1.0752527952755906
11
1.3477053937007875
21
1.075785
0
LINE
8
BLACK
6
CONTINUOUS
10
1.3477053937007875
20
1.075785
11
1.3374963779527558
21
1.0668520866141733
0
LINE
8
BLACK
6
CONTINUOUS
10
1.3374963779527558
20
1.0668520866141733
11
1.3372473622047243
21
1.066674094488189
0
LINE
8
BLACK
6
CONTINUOUS
10
1.3372473622047243
20
1.066674094488189
11
1.3371924409448819
21
1.0666191338582678
0
LINE
8
BLACK
6
CONTINUOUS
10
1.3371924409448819
20
1.0666191338582678
11
1.3371403149606298
21
1.066597559055118
0
LINE
8
BLACK
6
CONTINUOUS
10
1.3371403149606298
20
1.066597559055118
11
1.3370254724409449
21
1.0665154330708662
0
LINE
8
BLACK
6
CONTINUOUS
10
1.3370254724409449
20
1.0665154330708662
11
1.3365712204724409
21
1.0663618503937007
0
LINE
8
BLACK
6
CONTINUOUS
10
1.3365712204724409
20
1.0663618503937007
11
1.3361280314960629
21
1.0661782283464567
0
LINE
8
BLACK
6
CONTINUOUS
10
1.3361280314960629
20
1.0661782283464567
11
1.3360283858267716
21
1.0661782283464567
0
LINE
8
BLACK
6
CONTINUOUS
10
1.3360283858267716
20
1.0661782283464567
11
1.335934094488189
21
1.066146338582677
0
LINE
8
BLACK
6
CONTINUOUS
10
1.335934094488189
20
1.066146338582677
11
1.3354556299212599
21
1.0661782283464567
0
LINE
8
BLACK
6
CONTINUOUS
10
1.3354556299212599
20
1.0661782283464567
11
1.3349759055118109
21
1.0661782283464567
0
LINE
8
BLACK
6
CONTINUOUS
10
1.3349759055118109
20
1.0661782283464567
11
1.3348838976377952
21
1.0662163385826771
0
LINE
8
BLACK
6
CONTINUOUS
10
1.3348838976377952
20
1.0662163385826771
11
1.3347845669291338
21
1.0662229527559055
0
LINE
8
BLACK
6
CONTINUOUS
10
1.3347845669291338
20
1.0662229527559055
11
1.3343544094488189
21
1.0664356692913386
0
LINE
8
BLACK
6
CONTINUOUS
10
1.3343544094488189
20
1.0664356692913386
11
1.3339114960629921
21
1.0666191338582678
0
LINE
8
BLACK
6
CONTINUOUS
10
1.3339114960629921
20
1.0666191338582678
11
1.3338411417322835
21
1.0666894881889764
0
LINE
8
BLACK
6
CONTINUOUS
10
1.3338411417322835
20
1.0666894881889764
11
1.3337518110236219
21
1.0667336614173228
0
LINE
8
BLACK
6
CONTINUOUS
10
1.3337518110236219
20
1.0667336614173228
11
1.3334358267716535
21
1.0670948031496064
0
LINE
8
BLACK
6
CONTINUOUS
10
1.3334358267716535
20
1.0670948031496064
11
1.3330968503937008
21
1.067433779527559
0
LINE
8
BLACK
6
CONTINUOUS
10
1.3330968503937008
20
1.067433779527559
11
1.3330587007874015
21
1.0675257874015749
0
LINE
8
BLACK
6
CONTINUOUS
10
1.3330587007874015
20
1.0675257874015749
11
1.3329931496062992
21
1.067600748031496
0
LINE
8
BLACK
6
CONTINUOUS
10
1.3329931496062992
20
1.067600748031496
11
1.332839527559055
21
1.068055
0
LINE
8
BLACK
6
CONTINUOUS
10
1.332839527559055
20
1.068055
11
1.3326559448818898
21
1.0684981889763778
0
LINE
8
BLACK
6
CONTINUOUS
10
1.3326559448818898
20
1.0684981889763778
11
1.3326420866141733
21
1.0686387795275589
0
LINE
8
BLACK
6
CONTINUOUS
10
1.3326420866141733
20
1.0686387795275589
11
1.3326240551181101
21
1.0686921259842519
0
LINE
8
BLACK
6
CONTINUOUS
10
1.3326240551181101
20
1.0686921259842519
11
1.3326292125984252
21
1.0687696062992125
0
LINE
8
BLACK
6
CONTINUOUS
10
1.3326292125984252
20
1.0687696062992125
11
1.3325992125984252
21
1.0690742519685039
0
LINE
8
BLACK
6
CONTINUOUS
10
1.3325992125984252
20
1.0690742519685039
11
1.3325992125984252
21
1.0934461811023621
0
LINE
8
BLACK
6
CONTINUOUS
10
1.3325992125984252
20
1.0934461811023621
11
1.3326559448818898
21
1.0940222440944882
0
LINE
8
BLACK
6
CONTINUOUS
10
1.3326559448818898
20
1.0940222440944882
11
1.3330968503937008
21
1.095086653543307
0
LINE
8
BLACK
6
CONTINUOUS
10
1.3330968503937008
20
1.095086653543307
11
1.3339114960629921
21
1.0959012992125985
0
LINE
8
BLACK
6
CONTINUOUS
10
1.3339114960629921
20
1.0959012992125985
11
1.3349759055118109
21
1.0963422047244094
0
LINE
8
BLACK
6
CONTINUOUS
10
1.3349759055118109
20
1.0963422047244094
11
1.3361280314960629
21
1.0963422047244094
0
LINE
8
BLACK
6
CONTINUOUS
10
1.3361280314960629
20
1.0963422047244094
11
1.3371924409448819
21
1.0959012992125985
0
LINE
8
BLACK
6
CONTINUOUS
10
1.3754981102362205
20
1.1319627559055119
11
1.3765625196850393
21
1.1315218503937008
0
LINE
8
BLACK
6
CONTINUOUS
10
1.3765625196850393
20
1.1315218503937008
11
1.3773771653543307
21
1.1307072047244093
0
LINE
8
BLACK
6
CONTINUOUS
10
1.3773771653543307
20
1.1307072047244093
11
1.3778180708661416
21
1.1296427952755905
0
LINE
8
BLACK
6
CONTINUOUS
10
1.3778180708661416
20
1.1296427952755905
11
1.3778748031496062
21
1.1290667322834644
0
LINE
8
BLACK
6
CONTINUOUS
10
1.3778748031496062
20
1.1290667322834644
11
1.3778748031496062
21
1.1196929133858267
0
LINE
8
BLACK
6
CONTINUOUS
10
1.3778748031496062
20
1.1196929133858267
11
1.3778460629921259
21
1.1194013385826771
0
LINE
8
BLACK
6
CONTINUOUS
10
1.3778460629921259
20
1.1194013385826771
11
1.3778516141732282
21
1.1193235826771653
0
LINE
8
BLACK
6
CONTINUOUS
10
1.3778516141732282
20
1.1193235826771653
11
1.3778283464566929
21
1.1192213385826772
0
LINE
8
BLACK
6
CONTINUOUS
10
1.3778283464566929
20
1.1192213385826772
11
1.3778180708661416
21
1.1191168503937008
0
LINE
8
BLACK
6
CONTINUOUS
10
1.3778180708661416
20
1.1191168503937008
11
1.3777881889763779
21
1.1190448031496063
0
LINE
8
BLACK
6
CONTINUOUS
10
1.3777881889763779
20
1.1190448031496063
11
1.3777232677165354
21
1.1187591338582676
0
LINE
8
BLACK
6
CONTINUOUS
10
1.3777232677165354
20
1.1187591338582676
11
1.3758485039370079
21
1.1131348818897637
0
LINE
8
BLACK
6
CONTINUOUS
10
1.3758485039370079
20
1.1131348818897637
11
1.3756125196850393
21
1.1126062992125985
0
LINE
8
BLACK
6
CONTINUOUS
10
1.3756125196850393
20
1.1126062992125985
11
1.3755430314960631
21
1.1125262204724409
0
LINE
8
BLACK
6
CONTINUOUS
10
1.3755430314960631
20
1.1125262204724409
11
1.3755024409448819
21
1.1124281496062991
0
LINE
8
BLACK
6
CONTINUOUS
10
1.3755024409448819
20
1.1124281496062991
11
1.3751351968503938
21
1.1119807086614173
0
LINE
8
BLACK
6
CONTINUOUS
10
1.3751351968503938
20
1.1119807086614173
11
1.3713856299212599
21
1.1082311811023622
0
LINE
8
BLACK
6
CONTINUOUS
10
1.3713856299212599
20
1.1082311811023622
11
1.3711592519685039
21
1.1080454330708662
0
LINE
8
BLACK
6
CONTINUOUS
10
1.3711592519685039
20
1.1080454330708662
11
1.3711081102362204
21
1.1079864173228346
0
LINE
8
BLACK
6
CONTINUOUS
10
1.3711081102362204
20
1.1079864173228346
11
1.3710191732283463
21
1.1079304724409449
0
LINE
8
BLACK
6
CONTINUOUS
10
1.3710191732283463
20
1.1079304724409449
11
1.3709381496062991
21
1.107863937007874
0
LINE
8
BLACK
6
CONTINUOUS
10
1.3709381496062991
20
1.107863937007874
11
1.3708661023622046
21
1.1078341338582678
0
LINE
8
BLACK
6
CONTINUOUS
10
1.3708661023622046
20
1.1078341338582678
11
1.3706182283464567
21
1.1076780708661418
0
LINE
8
BLACK
6
CONTINUOUS
10
1.3706182283464567
20
1.1076780708661418
11
1.3668687007874016
21
1.1058033070866142
0
LINE
8
BLACK
6
CONTINUOUS
10
1.3668687007874016
20
1.1058033070866142
11
1.3668265748031496
21
1.1057872047244095
0
LINE
8
BLACK
6
CONTINUOUS
10
1.3668265748031496
20
1.1057872047244095
11
1.3668094488188975
21
1.1057744881889764
0
LINE
8
BLACK
6
CONTINUOUS
10
1.3668094488188975
20
1.1057744881889764
11
1.3665674803149606
21
1.1056880708661416
0
LINE
8
BLACK
6
CONTINUOUS
10
1.3665674803149606
20
1.1056880708661416
11
1.3663280708661416
21
1.1055964173228345
0
LINE
8
BLACK
6
CONTINUOUS
10
1.3663280708661416
20
1.1055964173228345
11
1.3663068110236221
21
1.1055949212598426
0
LINE
8
BLACK
6
CONTINUOUS
10
1.3663068110236221
20
1.1055949212598426
11
1.3662643307086615
21
1.1055797244094487
0
LINE
8
BLACK
6
CONTINUOUS
10
1.3662643307086615
20
1.1055797244094487
11
1.358765275590551
21
1.1037049606299212
0
LINE
8
BLACK
6
CONTINUOUS
10
1.358765275590551
20
1.1037049606299212
11
1.3586653937007873
21
1.1036901968503936
0
LINE
8
BLACK
6
CONTINUOUS
10
1.3586653937007873
20
1.1036901968503936
11
1.3586251968503937
21
1.1036735433070866
0
LINE
8
BLACK
6
CONTINUOUS
10
1.3586251968503937
20
1.1036735433070866
11
1.3584081496062992
21
1.1036522047244095
0
LINE
8
BLACK
6
CONTINUOUS
10
1.3584081496062992
20
1.1036522047244095
11
1.3581926771653543
21
1.1036203149606298
0
LINE
8
BLACK
6
CONTINUOUS
10
1.3581926771653543
20
1.1036203149606298
11
1.3581496456692914
21
1.1036267322834645
0
LINE
8
BLACK
6
CONTINUOUS
10
1.3581496456692914
20
1.1036267322834645
11
1.3580491338582676
21
1.103616811023622
0
LINE
8
BLACK
6
CONTINUOUS
10
1.3580491338582676
20
1.103616811023622
11
1.352424842519685
21
1.103616811023622
0
LINE
8
BLACK
6
CONTINUOUS
10
1.352424842519685
20
1.103616811023622
11
1.3523242913385827
21
1.1036267322834645
0
LINE
8
BLACK
6
CONTINUOUS
10
1.3523242913385827
20
1.1036267322834645
11
1.3522812992125983
21
1.1036203149606298
0
LINE
8
BLACK
6
CONTINUOUS
10
1.3522812992125983
20
1.1036203149606298
11
1.3520657874015747
21
1.1036522047244095
0
LINE
8
BLACK
6
CONTINUOUS
10
1.3520657874015747
20
1.1036522047244095
11
1.3518487795275591
21
1.1036735433070866
0
LINE
8
BLACK
6
CONTINUOUS
10
1.3518487795275591
20
1.1036735433070866
11
1.3518085433070866
21
1.1036901968503936
0
LINE
8
BLACK
6
CONTINUOUS
10
1.3518085433070866
20
1.1036901968503936
11
1.3517087007874016
21
1.1037049606299212
0
LINE
8
BLACK
6
CONTINUOUS
10
1.3517087007874016
20
1.1037049606299212
11
1.3442096456692914
21
1.1055797244094487
0
LINE
8
BLACK
6
CONTINUOUS
10
1.3442096456692914
20
1.1055797244094487
11
1.344167125984252
21
1.1055949212598426
0
LINE
8
BLACK
6
CONTINUOUS
10
1.344167125984252
20
1.1055949212598426
11
1.3441458661417323
21
1.1055964173228345
0
LINE
8
BLACK
6
CONTINUOUS
10
1.3441458661417323
20
1.1055964173228345
11
1.3439061023622048
21
1.1056881889763779
0
LINE
8
BLACK
6
CONTINUOUS
10
1.3439061023622048
20
1.1056881889763779
11
1.3436645275590551
21
1.1057744881889764
0
LINE
8
BLACK
6
CONTINUOUS
10
1.3436645275590551
20
1.1057744881889764
11
1.3436473622047245
21
1.1057872047244095
0
LINE
8
BLACK
6
CONTINUOUS
10
1.3436473622047245
20
1.1057872047244095
11
1.3436052755905512
21
1.1058033070866142
0
LINE
8
BLACK
6
CONTINUOUS
10
1.3436052755905512
20
1.1058033070866142
11
1.3398557480314961
21
1.1076780708661418
0
LINE
8
BLACK
6
CONTINUOUS
10
1.3398557480314961
20
1.1076780708661418
11
1.3396079133858267
21
1.107834094488189
0
LINE
8
BLACK
6
CONTINUOUS
10
1.3396079133858267
20
1.107834094488189
11
1.3395357874015748
21
1.107863937007874
0
LINE
8
BLACK
6
CONTINUOUS
10
1.3395357874015748
20
1.107863937007874
11
1.3394546062992125
21
1.1079305511811024
0
LINE
8
BLACK
6
CONTINUOUS
10
1.3394546062992125
20
1.1079305511811024
11
1.3393658661417323
21
1.1079864173228346
0
LINE
8
BLACK
6
CONTINUOUS
10
1.3393658661417323
20
1.1079864173228346
11
1.3393147244094488
21
1.1080453543307087
0
LINE
8
BLACK
6
CONTINUOUS
10
1.3393147244094488
20
1.1080453543307087
11
1.3390883464566929
21
1.1082311811023622
0
LINE
8
BLACK
6
CONTINUOUS
10
1.3390883464566929
20
1.1082311811023622
11
1.3353388188976378
21
1.1119807086614173
0
LINE
8
BLACK
6
CONTINUOUS
10
1.3353388188976378
20
1.1119807086614173
11
1.3349716141732284
21
1.1124281496062991
0
LINE
8
BLACK
6
CONTINUOUS
10
1.3349716141732284
20
1.1124281496062991
11
1.3349309842519685
21
1.1125262204724409
0
LINE
8
BLACK
6
CONTINUOUS
10
1.3349309842519685
20
1.1125262204724409
11
1.3348614960629921
21
1.1126063385826772
0
LINE
8
BLACK
6
CONTINUOUS
10
1.3348614960629921
20
1.1126063385826772
11
1.3346255118110235
21
1.1131348818897637
0
LINE
8
BLACK
6
CONTINUOUS
10
1.3346255118110235
20
1.1131348818897637
11
1.332750748031496
21
1.1187591732283464
0
LINE
8
BLACK
6
CONTINUOUS
10
1.332750748031496
20
1.1187591732283464
11
1.3326857874015747
21
1.1190447637795276
0
LINE
8
BLACK
6
CONTINUOUS
10
1.3326857874015747
20
1.1190447637795276
11
1.3326559448818898
21
1.1191168503937008
0
LINE
8
BLACK
6
CONTINUOUS
10
1.3326559448818898
20
1.1191168503937008
11
1.3326456299212599
21
1.1192213779527558
0
LINE
8
BLACK
6
CONTINUOUS
10
1.3326456299212599
20
1.1192213779527558
11
1.3326224015748032
21
1.119323622047244
0
LINE
8
BLACK
6
CONTINUOUS
10
1.3326224015748032
20
1.119323622047244
11
1.3326279133858268
21
1.1194013779527558
0
LINE
8
BLACK
6
CONTINUOUS
10
1.3326279133858268
20
1.1194013779527558
11
1.3325992125984252
21
1.1196929133858267
0
LINE
8
BLACK
6
CONTINUOUS
10
1.3325992125984252
20
1.1196929133858267
11
1.3325992125984252
21
1.1290667322834644
0
LINE
8
BLACK
6
CONTINUOUS
10
1.3325992125984252
20
1.1290667322834644
11
1.3326559448818898
21
1.1296427952755905
0
LINE
8
BLACK
6
CONTINUOUS
10
1.3326559448818898
20
1.1296427952755905
11
1.3330968503937008
21
1.1307072047244093
0
LINE
8
BLACK
6
CONTINUOUS
10
1.3330968503937008
20
1.1307072047244093
11
1.3339114960629921
21
1.1315218503937008
0
LINE
8
BLACK
6
CONTINUOUS
10
1.3339114960629921
20
1.1315218503937008
11
1.3349759055118109
21
1.1319627559055119
0
LINE
8
BLACK
6
CONTINUOUS
10
1.3349759055118109
20
1.1319627559055119
11
1.335551968503937
21
1.1320194881889762
0
LINE
8
BLACK
6
CONTINUOUS
10
1.335551968503937
20
1.1320194881889762
11
1.3749220472440944
21
1.1320194881889762
0
LINE
8
BLACK
6
CONTINUOUS
10
1.3749220472440944
20
1.1320194881889762
11
1.3754981102362205
21
1.1319627559055119
0
LINE
8
BLACK
6
CONTINUOUS
10
1.3385047244094488
20
1.1201720866141731
11
1.3400075196850394
21
1.1156636614173228
0
LINE
8
BLACK
6
CONTINUOUS
10
1.3400075196850394
20
1.1156636614173228
11
1.3429253543307087
21
1.1127458267716535
0
LINE
8
BLACK
6
CONTINUOUS
10
1.3429253543307087
20
1.1127458267716535
11
1.3459563385826772
21
1.1112303543307087
0
LINE
8
BLACK
6
CONTINUOUS
10
1.3459563385826772
20
1.1112303543307087
11
1.3527883858267715
21
1.1095223228346456
0
LINE
8
BLACK
6
CONTINUOUS
10
1.3527883858267715
20
1.1095223228346456
11
1.3576855905511811
21
1.1095223228346456
0
LINE
8
BLACK
6
CONTINUOUS
10
1.3576855905511811
20
1.1095223228346456
11
1.3645176377952755
21
1.1112303543307087
0
LINE
8
BLACK
6
CONTINUOUS
10
1.3645176377952755
20
1.1112303543307087
11
1.3675486220472441
21
1.1127458661417322
0
LINE
8
BLACK
6
CONTINUOUS
10
1.3675486220472441
20
1.1127458661417322
11
1.3704664960629922
21
1.1156637007874015
0
LINE
8
BLACK
6
CONTINUOUS
10
1.3704664960629922
20
1.1156637007874015
11
1.3719692913385826
21
1.1201720472440944
0
LINE
8
BLACK
6
CONTINUOUS
10
1.3719692913385826
20
1.1201720472440944
11
1.3719692913385826
21
1.1261139763779526
0
LINE
8
BLACK
6
CONTINUOUS
10
1.3719692913385826
20
1.1261139763779526
11
1.3385047244094488
21
1.1261139763779526
0
LINE
8
BLACK
6
CONTINUOUS
10
1.3385047244094488
20
1.1261139763779526
11
1.3385047244094488
21
1.1201720866141731
0
LINE
8
BLACK
6
CONTINUOUS
10
0.7358144094488189
20
1.1777442125984252
11
0.7366290551181102
21
1.1769295669291338
0
LINE
8
BLACK
6
CONTINUOUS
10
0.7366290551181102
20
1.1769295669291338
11
0.7370699606299213
21
1.1758651574803149
0
LINE
8
BLACK
6
CONTINUOUS
10
0.7370699606299213
20
1.1758651574803149
11
0.7371266929133858
21
1.1752890944881889
0
LINE
8
BLACK
6
CONTINUOUS
10
0.7371266929133858
20
1.1752890944881889
11
0.7371266929133858
21
1.1535203937007874
0
LINE
8
BLACK
6
CONTINUOUS
10
0.7371266929133858
20
1.1535203937007874
11
0.7723808661417323
21
1.1686292913385827
0
LINE
8
BLACK
6
CONTINUOUS
10
0.7723808661417323
20
1.1686292913385827
11
0.7729326771653543
21
1.1688040551181103
0
LINE
8
BLACK
6
CONTINUOUS
10
0.7729326771653543
20
1.1688040551181103
11
0.7740847244094488
21
1.1688181102362205
0
LINE
8
BLACK
6
CONTINUOUS
10
0.7740847244094488
20
1.1688181102362205
11
0.7751544094488189
21
1.1683902362204723
0
LINE
8
BLACK
6
CONTINUOUS
10
0.7751544094488189
20
1.1683902362204723
11
0.775978937007874
21
1.1675855511811024
0
LINE
8
BLACK
6
CONTINUOUS
10
0.775978937007874
20
1.1675855511811024
11
0.7764327952755905
21
1.1665265748031495
0
LINE
8
BLACK
6
CONTINUOUS
10
0.7764327952755905
20
1.1665265748031495
11
0.776446811023622
21
1.1653745669291338
0
LINE
8
BLACK
6
CONTINUOUS
10
0.776446811023622
20
1.1653745669291338
11
0.7760189370078739
21
1.1643048818897637
0
LINE
8
BLACK
6
CONTINUOUS
10
0.7760189370078739
20
1.1643048818897637
11
0.7752142913385827
21
1.1634803149606299
0
LINE
8
BLACK
6
CONTINUOUS
10
0.7752142913385827
20
1.1634803149606299
11
0.7747071653543307
21
1.1632012598425197
0
LINE
8
BLACK
6
CONTINUOUS
10
0.7747071653543307
20
1.1632012598425197
11
0.7353370866141732
21
1.1463283858267717
0
LINE
8
BLACK
6
CONTINUOUS
10
0.7353370866141732
20
1.1463283858267717
11
0.7347852362204724
21
1.1461536220472441
0
LINE
8
BLACK
6
CONTINUOUS
10
0.7347852362204724
20
1.1461536220472441
11
0.7347669291338582
21
1.1461534251968504
0
LINE
8
BLACK
6
CONTINUOUS
10
0.7347669291338582
20
1.1461534251968504
11
0.73475
21
1.1461463779527559
0
LINE
8
BLACK
6
CONTINUOUS
10
0.73475
20
1.1461463779527559
11
0.7341914960629921
21
1.1461463779527559
0
LINE
8
BLACK
6
CONTINUOUS
10
0.7341914960629921
20
1.1461463779527559
11
0.7336332283464567
21
1.1461395669291339
0
LINE
8
BLACK
6
CONTINUOUS
10
0.7336332283464567
20
1.1461395669291339
11
0.7336162204724409
21
1.1461463779527559
0
LINE
8
BLACK
6
CONTINUOUS
10
0.7336162204724409
20
1.1461463779527559
11
0.7335978740157481
21
1.1461463779527559
0
LINE
8
BLACK
6
CONTINUOUS
10
0.7335978740157481
20
1.1461463779527559
11
0.7330825196850393
21
1.146359842519685
0
LINE
8
BLACK
6
CONTINUOUS
10
0.7330825196850393
20
1.146359842519685
11
0.7325635433070866
21
1.1465674409448818
0
LINE
8
BLACK
6
CONTINUOUS
10
0.7325635433070866
20
1.1465674409448818
11
0.7325503937007873
21
1.1465802755905512
0
LINE
8
BLACK
6
CONTINUOUS
10
0.7325503937007873
20
1.1465802755905512
11
0.7325334645669291
21
1.146587283464567
0
LINE
8
BLACK
6
CONTINUOUS
10
0.7325334645669291
20
1.146587283464567
11
0.7321389763779528
21
1.1469817716535433
0
LINE
8
BLACK
6
CONTINUOUS
10
0.7321389763779528
20
1.1469817716535433
11
0.7317389763779527
21
1.147372125984252
0
LINE
8
BLACK
6
CONTINUOUS
10
0.7317389763779527
20
1.147372125984252
11
0.7317317322834646
21
1.1473890157480315
0
LINE
8
BLACK
6
CONTINUOUS
10
0.7317317322834646
20
1.1473890157480315
11
0.7317188188976378
21
1.1474019291338582
0
LINE
8
BLACK
6
CONTINUOUS
10
0.7317188188976378
20
1.1474019291338582
11
0.731505157480315
21
1.1479177165354331
0
LINE
8
BLACK
6
CONTINUOUS
10
0.731505157480315
20
1.1479177165354331
11
0.731285157480315
21
1.1484311023622047
0
LINE
8
BLACK
6
CONTINUOUS
10
0.731285157480315
20
1.1484311023622047
11
0.7312849212598425
21
1.1484494094488189
0
LINE
8
BLACK
6
CONTINUOUS
10
0.7312849212598425
20
1.1484494094488189
11
0.7312779133858267
21
1.1484663385826772
0
LINE
8
BLACK
6
CONTINUOUS
10
0.7312779133858267
20
1.1484663385826772
11
0.7312211811023622
21
1.1490424015748031
0
LINE
8
BLACK
6
CONTINUOUS
10
0.7312211811023622
20
1.1490424015748031
11
0.7312211811023622
21
1.1752890944881889
0
LINE
8
BLACK
6
CONTINUOUS
10
0.7312211811023622
20
1.1752890944881889
11
0.7312779133858267
21
1.1758651574803149
0
LINE
8
BLACK
6
CONTINUOUS
10
0.7312779133858267
20
1.1758651574803149
11
0.7317188188976378
21
1.1769295669291338
0
LINE
8
BLACK
6
CONTINUOUS
10
0.7317188188976378
20
1.1769295669291338
11
0.7325334645669291
21
1.1777442125984252
0
LINE
8
BLACK
6
CONTINUOUS
10
0.7325334645669291
20
1.1777442125984252
11
0.7335978740157481
21
1.1781851181102363
0
LINE
8
BLACK
6
CONTINUOUS
10
0.7335978740157481
20
1.1781851181102363
11
0.73475
21
1.1781851181102363
0
LINE
8
BLACK
6
CONTINUOUS
10
0.73475
20
1.1781851181102363
11
0.7358144094488189
21
1.1777442125984252
0
LINE
8
BLACK
6
CONTINUOUS
10
0.8851249212598425
20
1.1763103937007873
11
0.8852229133858267
21
1.1762698031496062
0
LINE
8
BLACK
6
CONTINUOUS
10
0.8852229133858267
20
1.1762698031496062
11
0.8853287401574803
21
1.1762622834645668
0
LINE
8
BLACK
6
CONTINUOUS
10
0.8853287401574803
20
1.1762622834645668
11
0.8858693700787401
21
1.1760553937007874
0
LINE
8
BLACK
6
CONTINUOUS
10
0.8858693700787401
20
1.1760553937007874
11
0.8896188976377952
21
1.1741806299212598
0
LINE
8
BLACK
6
CONTINUOUS
10
0.8896188976377952
20
1.1741806299212598
11
0.8898667716535433
21
1.1740246062992126
0
LINE
8
BLACK
6
CONTINUOUS
10
0.8898667716535433
20
1.1740246062992126
11
0.8899388188976378
21
1.1739947637795276
0
LINE
8
BLACK
6
CONTINUOUS
10
0.8899388188976378
20
1.1739947637795276
11
0.890019842519685
21
1.1739282677165355
0
LINE
8
BLACK
6
CONTINUOUS
10
0.890019842519685
20
1.1739282677165355
11
0.8901087795275591
21
1.173872283464567
0
LINE
8
BLACK
6
CONTINUOUS
10
0.8901087795275591
20
1.173872283464567
11
0.8901599212598424
21
1.1738133070866141
0
LINE
8
BLACK
6
CONTINUOUS
10
0.8901599212598424
20
1.1738133070866141
11
0.8903862598425196
21
1.1736275590551182
0
LINE
8
BLACK
6
CONTINUOUS
10
0.8903862598425196
20
1.1736275590551182
11
0.8922610629921259
21
1.1717527952755906
0
LINE
8
BLACK
6
CONTINUOUS
10
0.8922610629921259
20
1.1717527952755906
11
0.892446811023622
21
1.1715264566929133
0
LINE
8
BLACK
6
CONTINUOUS
10
0.892446811023622
20
1.1715264566929133
11
0.8925058661417322
21
1.1714752362204723
0
LINE
8
BLACK
6
CONTINUOUS
10
0.8925058661417322
20
1.1714752362204723
11
0.8925618503937007
21
1.1713862992125983
0
LINE
8
BLACK
6
CONTINUOUS
10
0.8925618503937007
20
1.1713862992125983
11
0.8926283070866141
21
1.1713053149606298
0
LINE
8
BLACK
6
CONTINUOUS
10
0.8926283070866141
20
1.1713053149606298
11
0.8926581102362204
21
1.1712333858267716
0
LINE
8
BLACK
6
CONTINUOUS
10
0.8926581102362204
20
1.1712333858267716
11
0.8928142125984252
21
1.1709853543307087
0
LINE
8
BLACK
6
CONTINUOUS
10
0.8928142125984252
20
1.1709853543307087
11
0.8946889763779527
21
1.1672358267716536
0
LINE
8
BLACK
6
CONTINUOUS
10
0.8946889763779527
20
1.1672358267716536
11
0.8948958661417322
21
1.1666952362204723
0
LINE
8
BLACK
6
CONTINUOUS
10
0.8948958661417322
20
1.1666952362204723
11
0.8949033858267716
21
1.1665893700787402
0
LINE
8
BLACK
6
CONTINUOUS
10
0.8949033858267716
20
1.1665893700787402
11
0.8949439763779528
21
1.1664913779527559
0
LINE
8
BLACK
6
CONTINUOUS
10
0.8949439763779528
20
1.1664913779527559
11
0.8950007086614173
21
1.1659153149606298
0
LINE
8
BLACK
6
CONTINUOUS
10
0.8950007086614173
20
1.1659153149606298
11
0.8950007086614173
21
1.1584162598425196
0
LINE
8
BLACK
6
CONTINUOUS
10
0.8950007086614173
20
1.1584162598425196
11
0.8949439763779528
21
1.1578401968503937
0
LINE
8
BLACK
6
CONTINUOUS
10
0.8949439763779528
20
1.1578401968503937
11
0.8949033858267716
21
1.1577422440944882
0
LINE
8
BLACK
6
CONTINUOUS
10
0.8949033858267716
20
1.1577422440944882
11
0.8948958661417322
21
1.1576363385826771
0
LINE
8
BLACK
6
CONTINUOUS
10
0.8948958661417322
20
1.1576363385826771
11
0.8946889763779527
21
1.1570957480314961
0
LINE
8
BLACK
6
CONTINUOUS
10
0.8946889763779527
20
1.1570957480314961
11
0.8928142125984252
21
1.153346220472441
0
LINE
8
BLACK
6
CONTINUOUS
10
0.8928142125984252
20
1.153346220472441
11
0.8926581102362204
21
1.1530982283464566
0
LINE
8
BLACK
6
CONTINUOUS
10
0.8926581102362204
20
1.1530982283464566
11
0.8926283070866141
21
1.1530262598425196
0
LINE
8
BLACK
6
CONTINUOUS
10
0.8926283070866141
20
1.1530262598425196
11
0.8925618503937007
21
1.1529453149606299
0
LINE
8
BLACK
6
CONTINUOUS
10
0.8925618503937007
20
1.1529453149606299
11
0.8925058661417322
21
1.1528563385826771
0
LINE
8
BLACK
6
CONTINUOUS
10
0.8925058661417322
20
1.1528563385826771
11
0.892446811023622
21
1.1528051574803149
0
LINE
8
BLACK
6
CONTINUOUS
10
0.892446811023622
20
1.1528051574803149
11
0.8922610629921259
21
1.152578779527559
0
LINE
8
BLACK
6
CONTINUOUS
10
0.8922610629921259
20
1.152578779527559
11
0.8903862598425196
21
1.1507040157480315
0
LINE
8
BLACK
6
CONTINUOUS
10
0.8903862598425196
20
1.1507040157480315
11
0.8901599212598424
21
1.1505183070866141
0
LINE
8
BLACK
6
CONTINUOUS
10
0.8901599212598424
20
1.1505183070866141
11
0.8901087795275591
21
1.1504592913385827
0
LINE
8
BLACK
6
CONTINUOUS
10
0.8901087795275591
20
1.1504592913385827
11
0.890019842519685
21
1.150403346456693
0
LINE
8
BLACK
6
CONTINUOUS
10
0.890019842519685
20
1.150403346456693
11
0.8899388188976378
21
1.1503368110236221
0
LINE
8
BLACK
6
CONTINUOUS
10
0.8899388188976378
20
1.1503368110236221
11
0.8898667716535433
21
1.1503070078740156
0
LINE
8
BLACK
6
CONTINUOUS
10
0.8898667716535433
20
1.1503070078740156
11
0.8896188976377952
21
1.1501509448818898
0
LINE
8
BLACK
6
CONTINUOUS
10
0.8896188976377952
20
1.1501509448818898
11
0.8858693700787401
21
1.1482761811023621
0
LINE
8
BLACK
6
CONTINUOUS
10
0.8858693700787401
20
1.1482761811023621
11
0.8853287401574803
21
1.1480692913385826
0
LINE
8
BLACK
6
CONTINUOUS
10
0.8853287401574803
20
1.1480692913385826
11
0.8852229133858267
21
1.148061811023622
0
LINE
8
BLACK
6
CONTINUOUS
10
0.8852229133858267
20
1.148061811023622
11
0.8851249212598425
21
1.1480211811023622
0
LINE
8
BLACK
6
CONTINUOUS
10
0.8851249212598425
20
1.1480211811023622
11
0.8845488582677166
21
1.1479644488188976
0
LINE
8
BLACK
6
CONTINUOUS
10
0.8845488582677166
20
1.1479644488188976
11
0.8751750393700787
21
1.1479644488188976
0
LINE
8
BLACK
6
CONTINUOUS
10
0.8751750393700787
20
1.1479644488188976
11
0.8745989763779527
21
1.1480211811023622
0
LINE
8
BLACK
6
CONTINUOUS
10
0.8745989763779527
20
1.1480211811023622
11
0.8745009842519685
21
1.1480617716535433
0
LINE
8
BLACK
6
CONTINUOUS
10
0.8745009842519685
20
1.1480617716535433
11
0.8743951181102362
21
1.1480692913385826
0
LINE
8
BLACK
6
CONTINUOUS
10
0.8743951181102362
20
1.1480692913385826
11
0.8738545275590551
21
1.1482761811023621
0
LINE
8
BLACK
6
CONTINUOUS
10
0.8738545275590551
20
1.1482761811023621
11
0.870105
21
1.1501509448818898
0
LINE
8
BLACK
6
CONTINUOUS
10
0.870105
20
1.1501509448818898
11
0.869856968503937
21
1.1503070472440944
0
LINE
8
BLACK
6
CONTINUOUS
10
0.869856968503937
20
1.1503070472440944
11
0.8697850393700787
21
1.1503368503937008
0
LINE
8
BLACK
6
CONTINUOUS
10
0.8697850393700787
20
1.1503368503937008
11
0.8697040551181102
21
1.150403346456693
0
LINE
8
BLACK
6
CONTINUOUS
10
0.8697040551181102
20
1.150403346456693
11
0.8696151181102362
21
1.1504592913385827
0
LINE
8
BLACK
6
CONTINUOUS
10
0.8696151181102362
20
1.1504592913385827
11
0.869563937007874
21
1.1505183070866141
0
LINE
8
BLACK
6
CONTINUOUS
10
0.869563937007874
20
1.1505183070866141
11
0.8693375984251969
21
1.1507040551181102
0
LINE
8
BLACK
6
CONTINUOUS
10
0.8693375984251969
20
1.1507040551181102
11
0.8674628346456693
21
1.1525788188976378
0
LINE
8
BLACK
6
CONTINUOUS
10
0.8674628346456693
20
1.1525788188976378
11
0.8672770472440945
21
1.1528051968503936
0
LINE
8
BLACK
6
CONTINUOUS
10
0.8672770472440945
20
1.1528051968503936
11
0.8672180708661417
21
1.1528563385826771
0
LINE
8
BLACK
6
CONTINUOUS
10
0.8672180708661417
20
1.1528563385826771
11
0.8671620866141732
21
1.1529453149606299
0
LINE
8
BLACK
6
CONTINUOUS
10
0.8671620866141732
20
1.1529453149606299
11
0.8670956299212598
21
1.1530262598425196
0
LINE
8
BLACK
6
CONTINUOUS
10
0.8670956299212598
20
1.1530262598425196
11
0.8670657874015748
21
1.1530982283464566
0
LINE
8
BLACK
6
CONTINUOUS
10
0.8670657874015748
20
1.1530982283464566
11
0.8669097244094488
21
1.153346220472441
0
LINE
8
BLACK
6
CONTINUOUS
10
0.8669097244094488
20
1.153346220472441
11
0.8650349606299212
21
1.1570957480314961
0
LINE
8
BLACK
6
CONTINUOUS
10
0.8650349606299212
20
1.1570957480314961
11
0.8648280708661417
21
1.1576363779527559
0
LINE
8
BLACK
6
CONTINUOUS
10
0.8648280708661417
20
1.1576363779527559
11
0.8648205511811023
21
1.1577422047244095
0
LINE
8
BLACK
6
CONTINUOUS
10
0.8648205511811023
20
1.1577422047244095
11
0.8647799606299212
21
1.1578401968503937
0
LINE
8
BLACK
6
CONTINUOUS
10
0.8647799606299212
20
1.1578401968503937
11
0.8647232283464567
21
1.1584162598425196
0
LINE
8
BLACK
6
CONTINUOUS
10
0.8647232283464567
20
1.1584162598425196
11
0.8647232283464567
21
1.1659153149606298
0
LINE
8
BLACK
6
CONTINUOUS
10
0.8647232283464567
20
1.1659153149606298
11
0.8647799606299212
21
1.1664913779527559
0
LINE
8
BLACK
6
CONTINUOUS
10
0.8647799606299212
20
1.1664913779527559
11
0.8648205511811023
21
1.1665894094488189
0
LINE
8
BLACK
6
CONTINUOUS
10
0.8648205511811023
20
1.1665894094488189
11
0.8648280708661417
21
1.1666951968503936
0
LINE
8
BLACK
6
CONTINUOUS
10
0.8648280708661417
20
1.1666951968503936
11
0.8650349606299212
21
1.1672358267716536
0
LINE
8
BLACK
6
CONTINUOUS
10
0.8650349606299212
20
1.1672358267716536
11
0.8661812204724409
21
1.1695283464566928
0
LINE
8
BLACK
6
CONTINUOUS
10
0.8661812204724409
20
1.1695283464566928
11
0.8632640551181102
21
1.1687990551181102
0
LINE
8
BLACK
6
CONTINUOUS
10
0.8632640551181102
20
1.1687990551181102
11
0.8583085039370079
21
1.1654953543307087
0
LINE
8
BLACK
6
CONTINUOUS
10
0.8583085039370079
20
1.1654953543307087
11
0.8569793700787401
21
1.164166220472441
0
LINE
8
BLACK
6
CONTINUOUS
10
0.8569793700787401
20
1.164166220472441
11
0.8556306299212598
21
1.1614687401574804
0
LINE
8
BLACK
6
CONTINUOUS
10
0.8556306299212598
20
1.1614687401574804
11
0.8556306299212598
21
1.1546667322834645
0
LINE
8
BLACK
6
CONTINUOUS
10
0.8556306299212598
20
1.1546667322834645
11
0.8555738976377952
21
1.1540906692913386
0
LINE
8
BLACK
6
CONTINUOUS
10
0.8555738976377952
20
1.1540906692913386
11
0.8551329921259843
21
1.1530262598425196
0
LINE
8
BLACK
6
CONTINUOUS
10
0.8551329921259843
20
1.1530262598425196
11
0.8543183464566929
21
1.1522116141732284
0
LINE
8
BLACK
6
CONTINUOUS
10
0.8543183464566929
20
1.1522116141732284
11
0.853253937007874
21
1.1517707086614173
0
LINE
8
BLACK
6
CONTINUOUS
10
0.853253937007874
20
1.1517707086614173
11
0.852101811023622
21
1.1517707086614173
0
LINE
8
BLACK
6
CONTINUOUS
10
0.852101811023622
20
1.1517707086614173
11
0.8510374015748031
21
1.1522116141732284
0
LINE
8
BLACK
6
CONTINUOUS
10
0.8510374015748031
20
1.1522116141732284
11
0.8502227559055118
21
1.1530262598425196
0
LINE
8
BLACK
6
CONTINUOUS
10
0.8502227559055118
20
1.1530262598425196
11
0.8497818503937008
21
1.1540906692913386
0
LINE
8
BLACK
6
CONTINUOUS
10
0.8497818503937008
20
1.1540906692913386
11
0.8497251181102362
21
1.1546667322834645
0
LINE
8
BLACK
6
CONTINUOUS
10
0.8497251181102362
20
1.1546667322834645
11
0.8497251181102362
21
1.1621657874015747
0
LINE
8
BLACK
6
CONTINUOUS
10
0.8497251181102362
20
1.1621657874015747
11
0.8497818503937008
21
1.1627418503937008
0
LINE
8
BLACK
6
CONTINUOUS
10
0.8497818503937008
20
1.1627418503937008
11
0.8498224409448819
21
1.1628398818897638
0
LINE
8
BLACK
6
CONTINUOUS
10
0.8498224409448819
20
1.1628398818897638
11
0.8498299606299212
21
1.1629456692913385
0
LINE
8
BLACK
6
CONTINUOUS
10
0.8498299606299212
20
1.1629456692913385
11
0.8500368503937008
21
1.1634862992125985
0
LINE
8
BLACK
6
CONTINUOUS
10
0.8500368503937008
20
1.1634862992125985
11
0.8519116141732284
21
1.1672358267716536
0
LINE
8
BLACK
6
CONTINUOUS
10
0.8519116141732284
20
1.1672358267716536
11
0.8520676771653544
21
1.1674838582677165
0
LINE
8
BLACK
6
CONTINUOUS
10
0.8520676771653544
20
1.1674838582677165
11
0.8520975196850393
21
1.1675557874015747
0
LINE
8
BLACK
6
CONTINUOUS
10
0.8520975196850393
20
1.1675557874015747
11
0.8521639763779527
21
1.1676367716535432
0
LINE
8
BLACK
6
CONTINUOUS
10
0.8521639763779527
20
1.1676367716535432
11
0.8522199606299212
21
1.1677257086614172
0
LINE
8
BLACK
6
CONTINUOUS
10
0.8522199606299212
20
1.1677257086614172
11
0.852278937007874
21
1.1677768897637795
0
LINE
8
BLACK
6
CONTINUOUS
10
0.852278937007874
20
1.1677768897637795
11
0.8524647244094488
21
1.1680032283464568
0
LINE
8
BLACK
6
CONTINUOUS
10
0.8524647244094488
20
1.1680032283464568
11
0.8543394881889763
21
1.1698779921259843
0
LINE
8
BLACK
6
CONTINUOUS
10
0.8543394881889763
20
1.1698779921259843
11
0.854341062992126
21
1.1698793307086615
0
LINE
8
BLACK
6
CONTINUOUS
10
0.854341062992126
20
1.1698793307086615
11
0.854341653543307
21
1.169880157480315
0
LINE
8
BLACK
6
CONTINUOUS
10
0.854341653543307
20
1.169880157480315
11
0.8545716141732284
21
1.1700685039370078
0
LINE
8
BLACK
6
CONTINUOUS
10
0.8545716141732284
20
1.1700685039370078
11
0.8547869291338582
21
1.1702451968503937
0
LINE
8
BLACK
6
CONTINUOUS
10
0.8547869291338582
20
1.1702451968503937
11
0.8547877952755906
21
1.170245590551181
0
LINE
8
BLACK
6
CONTINUOUS
10
0.8547877952755906
20
1.170245590551181
11
0.8547894881889764
21
1.1702469291338582
0
LINE
8
BLACK
6
CONTINUOUS
10
0.8547894881889764
20
1.1702469291338582
11
0.8604138188976378
21
1.1739964566929133
0
LINE
8
BLACK
6
CONTINUOUS
10
0.8604138188976378
20
1.1739964566929133
11
0.8607316929133858
21
1.1741659448818897
0
LINE
8
BLACK
6
CONTINUOUS
10
0.8607316929133858
20
1.1741659448818897
11
0.8607904330708661
21
1.1742094488188977
0
LINE
8
BLACK
6
CONTINUOUS
10
0.8607904330708661
20
1.1742094488188977
11
0.8608598031496063
21
1.1742342519685038
0
LINE
8
BLACK
6
CONTINUOUS
10
0.8608598031496063
20
1.1742342519685038
11
0.8609246062992125
21
1.174268779527559
0
LINE
8
BLACK
6
CONTINUOUS
10
0.8609246062992125
20
1.174268779527559
11
0.8609960236220472
21
1.1742829133858268
0
LINE
8
BLACK
6
CONTINUOUS
10
0.8609960236220472
20
1.1742829133858268
11
0.8613355511811024
21
1.1744042125984251
0
LINE
8
BLACK
6
CONTINUOUS
10
0.8613355511811024
20
1.1744042125984251
11
0.8688346062992126
21
1.1762789763779526
0
LINE
8
BLACK
6
CONTINUOUS
10
0.8688346062992126
20
1.1762789763779526
11
0.8689344488188976
21
1.176293779527559
0
LINE
8
BLACK
6
CONTINUOUS
10
0.8689344488188976
20
1.176293779527559
11
0.86897468503937
21
1.1763103937007873
0
LINE
8
BLACK
6
CONTINUOUS
10
0.86897468503937
20
1.1763103937007873
11
0.8691916929133858
21
1.1763317716535433
0
LINE
8
BLACK
6
CONTINUOUS
10
0.8691916929133858
20
1.1763317716535433
11
0.8694072047244095
21
1.176363622047244
0
LINE
8
BLACK
6
CONTINUOUS
10
0.8694072047244095
20
1.176363622047244
11
0.8694501968503937
21
1.1763572440944881
0
LINE
8
BLACK
6
CONTINUOUS
10
0.8694501968503937
20
1.1763572440944881
11
0.869550748031496
21
1.1763671259842519
0
LINE
8
BLACK
6
CONTINUOUS
10
0.869550748031496
20
1.1763671259842519
11
0.8845488582677166
21
1.1763671259842519
0
LINE
8
BLACK
6
CONTINUOUS
10
0.8845488582677166
20
1.1763671259842519
11
0.8851249212598425
21
1.1763103937007873
0
LINE
8
BLACK
6
CONTINUOUS
10
0.8731746062992126
20
1.1691128740157479
11
0.8719774803149606
21
1.1679157480314961
0
LINE
8
BLACK
6
CONTINUOUS
10
0.8719774803149606
20
1.1679157480314961
11
0.8706287401574803
21
1.1652182677165355
0
LINE
8
BLACK
6
CONTINUOUS
10
0.8706287401574803
20
1.1652182677165355
11
0.8706287401574803
21
1.1591133070866142
0
LINE
8
BLACK
6
CONTINUOUS
10
0.8706287401574803
20
1.1591133070866142
11
0.8719774803149606
21
1.1564158267716536
0
LINE
8
BLACK
6
CONTINUOUS
10
0.8719774803149606
20
1.1564158267716536
11
0.8731746062992126
21
1.1552187007874015
0
LINE
8
BLACK
6
CONTINUOUS
10
0.8731746062992126
20
1.1552187007874015
11
0.8758720866141733
21
1.1538699606299212
0
LINE
8
BLACK
6
CONTINUOUS
10
0.8758720866141733
20
1.1538699606299212
11
0.883851811023622
21
1.1538699606299212
0
LINE
8
BLACK
6
CONTINUOUS
10
0.883851811023622
20
1.1538699606299212
11
0.8865492913385826
21
1.1552187401574803
0
LINE
8
BLACK
6
CONTINUOUS
10
0.8865492913385826
20
1.1552187401574803
11
0.8877464566929134
21
1.1564158661417323
0
LINE
8
BLACK
6
CONTINUOUS
10
0.8877464566929134
20
1.1564158661417323
11
0.8890951968503937
21
1.1591133070866142
0
LINE
8
BLACK
6
CONTINUOUS
10
0.8890951968503937
20
1.1591133070866142
11
0.8890951968503937
21
1.1652182677165355
0
LINE
8
BLACK
6
CONTINUOUS
10
0.8890951968503937
20
1.1652182677165355
11
0.8877464566929134
21
1.1679157480314961
0
LINE
8
BLACK
6
CONTINUOUS
10
0.8877464566929134
20
1.1679157480314961
11
0.8865492913385826
21
1.1691128740157479
0
LINE
8
BLACK
6
CONTINUOUS
10
0.8865492913385826
20
1.1691128740157479
11
0.883851811023622
21
1.1704616141732282
0
LINE
8
BLACK
6
CONTINUOUS
10
0.883851811023622
20
1.1704616141732282
11
0.8758720866141733
21
1.1704616141732282
0
LINE
8
BLACK
6
CONTINUOUS
10
0.8758720866141733
20
1.1704616141732282
11
0.8731746062992126
21
1.1691128740157479
0
LINE
8
BLACK
6
CONTINUOUS
10
0.7462024015748031
20
1.2137575590551182
11
0.7472329133858268
21
1.2132422834645669
0
LINE
8
BLACK
6
CONTINUOUS
10
0.7472329133858268
20
1.2132422834645669
11
0.7479877559055118
21
1.2123719291338582
0
LINE
8
BLACK
6
CONTINUOUS
10
0.7479877559055118
20
1.2123719291338582
11
0.7483520866141732
21
1.211278937007874
0
LINE
8
BLACK
6
CONTINUOUS
10
0.7483520866141732
20
1.211278937007874
11
0.7482704330708662
21
1.2101297244094489
0
LINE
8
BLACK
6
CONTINUOUS
10
0.7482704330708662
20
1.2101297244094489
11
0.7480635433070866
21
1.2095891338582676
0
LINE
8
BLACK
6
CONTINUOUS
10
0.7480635433070866
20
1.2095891338582676
11
0.746188779527559
21
1.2058396062992125
0
LINE
8
BLACK
6
CONTINUOUS
10
0.746188779527559
20
1.2058396062992125
11
0.7460327559055118
21
1.2055918110236221
0
LINE
8
BLACK
6
CONTINUOUS
10
0.7460327559055118
20
1.2055918110236221
11
0.7460029133858268
21
1.2055196456692914
0
LINE
8
BLACK
6
CONTINUOUS
10
0.7460029133858268
20
1.2055196456692914
11
0.7459362992125984
21
1.2054385039370079
0
LINE
8
BLACK
6
CONTINUOUS
10
0.7459362992125984
20
1.2054385039370079
11
0.7458804330708662
21
1.2053497244094489
0
LINE
8
BLACK
6
CONTINUOUS
10
0.7458804330708662
20
1.2053497244094489
11
0.7458214960629921
21
1.2052986220472441
0
LINE
8
BLACK
6
CONTINUOUS
10
0.7458214960629921
20
1.2052986220472441
11
0.7456356692913386
21
1.2050722047244093
0
LINE
8
BLACK
6
CONTINUOUS
10
0.7456356692913386
20
1.2050722047244093
11
0.7431772834645669
21
1.2026138188976379
0
LINE
8
BLACK
6
CONTINUOUS
10
0.7431772834645669
20
1.2026138188976379
11
0.7705912598425196
21
1.2026138188976379
0
LINE
8
BLACK
6
CONTINUOUS
10
0.7705912598425196
20
1.2026138188976379
11
0.7705912598425196
21
1.2109096456692914
0
LINE
8
BLACK
6
CONTINUOUS
10
0.7705912598425196
20
1.2109096456692914
11
0.7706479921259842
21
1.2114857086614172
0
LINE
8
BLACK
6
CONTINUOUS
10
0.7706479921259842
20
1.2114857086614172
11
0.7710888976377953
21
1.2125501181102363
0
LINE
8
BLACK
6
CONTINUOUS
10
0.7710888976377953
20
1.2125501181102363
11
0.7719035433070865
21
1.2133647637795275
0
LINE
8
BLACK
6
CONTINUOUS
10
0.7719035433070865
20
1.2133647637795275
11
0.7729679527559055
21
1.2138056692913386
0
LINE
8
BLACK
6
CONTINUOUS
10
0.7729679527559055
20
1.2138056692913386
11
0.7741200787401574
21
1.2138056692913386
0
LINE
8
BLACK
6
CONTINUOUS
10
0.7741200787401574
20
1.2138056692913386
11
0.7751844881889763
21
1.2133647637795275
0
LINE
8
BLACK
6
CONTINUOUS
10
0.7751844881889763
20
1.2133647637795275
11
0.7759991338582677
21
1.2125501181102363
0
LINE
8
BLACK
6
CONTINUOUS
10
0.7759991338582677
20
1.2125501181102363
11
0.7764400393700788
21
1.2114857086614172
0
LINE
8
BLACK
6
CONTINUOUS
10
0.7764400393700788
20
1.2114857086614172
11
0.7764967716535432
21
1.2109096456692914
0
LINE
8
BLACK
6
CONTINUOUS
10
0.7764967716535432
20
1.2109096456692914
11
0.7764967716535432
21
1.1884124803149605
0
LINE
8
BLACK
6
CONTINUOUS
10
0.7764967716535432
20
1.1884124803149605
11
0.7764400393700788
21
1.1878364173228346
0
LINE
8
BLACK
6
CONTINUOUS
10
0.7764400393700788
20
1.1878364173228346
11
0.7759991338582677
21
1.1867720078740158
0
LINE
8
BLACK
6
CONTINUOUS
10
0.7759991338582677
20
1.1867720078740158
11
0.7751844881889763
21
1.1859573622047244
0
LINE
8
BLACK
6
CONTINUOUS
10
0.7751844881889763
20
1.1859573622047244
11
0.7741200787401574
21
1.1855164566929133
0
LINE
8
BLACK
6
CONTINUOUS
10
0.7741200787401574
20
1.1855164566929133
11
0.7729679527559055
21
1.1855164566929133
0
LINE
8
BLACK
6
CONTINUOUS
10
0.7729679527559055
20
1.1855164566929133
11
0.7719035433070865
21
1.1859573622047244
0
LINE
8
BLACK
6
CONTINUOUS
10
0.7719035433070865
20
1.1859573622047244
11
0.7710888976377953
21
1.1867720078740158
0
LINE
8
BLACK
6
CONTINUOUS
10
0.7710888976377953
20
1.1867720078740158
11
0.7706479921259842
21
1.1878364173228346
0
LINE
8
BLACK
6
CONTINUOUS
10
0.7706479921259842
20
1.1878364173228346
11
0.7705912598425196
21
1.1884124803149605
0
LINE
8
BLACK
6
CONTINUOUS
10
0.7705912598425196
20
1.1884124803149605
11
0.7705912598425196
21
1.1967083070866142
0
LINE
8
BLACK
6
CONTINUOUS
10
0.7705912598425196
20
1.1967083070866142
11
0.734173937007874
21
1.1967083070866142
0
LINE
8
BLACK
6
CONTINUOUS
10
0.734173937007874
20
1.1967083070866142
11
0.7341718503937008
21
1.1967085433070865
0
LINE
8
BLACK
6
CONTINUOUS
10
0.7341718503937008
20
1.1967085433070865
11
0.7341708267716536
21
1.1967083070866142
0
LINE
8
BLACK
6
CONTINUOUS
10
0.7341708267716536
20
1.1967083070866142
11
0.7341677952755905
21
1.1967089370078741
0
LINE
8
BLACK
6
CONTINUOUS
10
0.7341677952755905
20
1.1967089370078741
11
0.7335978740157481
21
1.1967650393700786
0
LINE
8
BLACK
6
CONTINUOUS
10
0.7335978740157481
20
1.1967650393700786
11
0.7333277559055118
21
1.1968769291338583
0
LINE
8
BLACK
6
CONTINUOUS
10
0.7333277559055118
20
1.1968769291338583
11
0.7330411417322834
21
1.196934251968504
0
LINE
8
BLACK
6
CONTINUOUS
10
0.7330411417322834
20
1.196934251968504
11
0.7328007480314961
21
1.1970952362204723
0
LINE
8
BLACK
6
CONTINUOUS
10
0.7328007480314961
20
1.1970952362204723
11
0.7325334645669291
21
1.1972059448818897
0
LINE
8
BLACK
6
CONTINUOUS
10
0.7325334645669291
20
1.1972059448818897
11
0.7323267322834646
21
1.1974126771653544
0
LINE
8
BLACK
6
CONTINUOUS
10
0.7323267322834646
20
1.1974126771653544
11
0.7320838582677165
21
1.1975753149606299
0
LINE
8
BLACK
6
CONTINUOUS
10
0.7320838582677165
20
1.1975753149606299
11
0.7319233464566929
21
1.197816062992126
0
LINE
8
BLACK
6
CONTINUOUS
10
0.7319233464566929
20
1.197816062992126
11
0.7317188188976378
21
1.1980205905511812
0
LINE
8
BLACK
6
CONTINUOUS
10
0.7317188188976378
20
1.1980205905511812
11
0.7316069291338583
21
1.1982907086614174
0
LINE
8
BLACK
6
CONTINUOUS
10
0.7316069291338583
20
1.1982907086614174
11
0.7314447637795275
21
1.198533937007874
0
LINE
8
BLACK
6
CONTINUOUS
10
0.7314447637795275
20
1.198533937007874
11
0.7313886220472441
21
1.1988177559055118
0
LINE
8
BLACK
6
CONTINUOUS
10
0.7313886220472441
20
1.1988177559055118
11
0.7312779133858267
21
1.199085
0
LINE
8
BLACK
6
CONTINUOUS
10
0.7312779133858267
20
1.199085
11
0.7312779133858267
21
1.1993774015748031
0
LINE
8
BLACK
6
CONTINUOUS
10
0.7312779133858267
20
1.1993774015748031
11
0.7312211811023622
21
1.1996641732283464
0
LINE
8
BLACK
6
CONTINUOUS
10
0.7312211811023622
20
1.1996641732283464
11
0.7312779133858267
21
1.1999478346456693
0
LINE
8
BLACK
6
CONTINUOUS
10
0.7312779133858267
20
1.1999478346456693
11
0.7312779133858267
21
1.2002371259842519
0
LINE
8
BLACK
6
CONTINUOUS
10
0.7312779133858267
20
1.2002371259842519
11
0.7313897637795276
21
1.2005072440944882
0
LINE
8
BLACK
6
CONTINUOUS
10
0.7313897637795276
20
1.2005072440944882
11
0.731447125984252
21
1.2007938582677165
0
LINE
8
BLACK
6
CONTINUOUS
10
0.731447125984252
20
1.2007938582677165
11
0.7316080708661418
21
1.201034251968504
0
LINE
8
BLACK
6
CONTINUOUS
10
0.7316080708661418
20
1.201034251968504
11
0.7317188188976378
21
1.2013015354330709
0
LINE
8
BLACK
6
CONTINUOUS
10
0.7317188188976378
20
1.2013015354330709
11
0.7319255118110236
21
1.2015082677165354
0
LINE
8
BLACK
6
CONTINUOUS
10
0.7319255118110236
20
1.2015082677165354
11
0.732088188976378
21
1.2017511417322835
0
LINE
8
BLACK
6
CONTINUOUS
10
0.732088188976378
20
1.2017511417322835
11
0.7325314173228347
21
1.2021141732283465
0
LINE
8
BLACK
6
CONTINUOUS
10
0.7325314173228347
20
1.2021141732283465
11
0.7325334645669291
21
1.2021161811023622
0
LINE
8
BLACK
6
CONTINUOUS
10
0.7325334645669291
20
1.2021161811023622
11
0.7325343307086614
21
1.2021165748031495
0
LINE
8
BLACK
6
CONTINUOUS
10
0.7325343307086614
20
1.2021165748031495
11
0.7325360236220472
21
1.2021179133858269
0
LINE
8
BLACK
6
CONTINUOUS
10
0.7325360236220472
20
1.2021179133858269
11
0.7379170472440945
21
1.2057052755905511
0
LINE
8
BLACK
6
CONTINUOUS
10
0.7379170472440945
20
1.2057052755905511
11
0.7411210236220472
21
1.2089092125984251
0
LINE
8
BLACK
6
CONTINUOUS
10
0.7411210236220472
20
1.2089092125984251
11
0.7427814960629922
21
1.2122301574803149
0
LINE
8
BLACK
6
CONTINUOUS
10
0.7427814960629922
20
1.2122301574803149
11
0.743089842519685
21
1.2127200393700788
0
LINE
8
BLACK
6
CONTINUOUS
10
0.743089842519685
20
1.2127200393700788
11
0.7439602362204725
21
1.2134748818897638
0
LINE
8
BLACK
6
CONTINUOUS
10
0.7439602362204725
20
1.2134748818897638
11
0.745053188976378
21
1.2138392125984252
0
LINE
8
BLACK
6
CONTINUOUS
10
0.745053188976378
20
1.2138392125984252
11
0.7462024015748031
21
1.2137575590551182
0
LINE
8
BLACK
6
CONTINUOUS
10
0.8647063385826771
20
1.2137575984251969
11
0.8657368503937007
21
1.2132423228346456
0
LINE
8
BLACK
6
CONTINUOUS
10
0.8657368503937007
20
1.2132423228346456
11
0.8664916929133858
21
1.2123719685039369
0
LINE
8
BLACK
6
CONTINUOUS
10
0.8664916929133858
20
1.2123719685039369
11
0.8668560236220473
21
1.2112789763779528
0
LINE
8
BLACK
6
CONTINUOUS
10
0.8668560236220473
20
1.2112789763779528
11
0.8667743700787401
21
1.2101297637795276
0
LINE
8
BLACK
6
CONTINUOUS
10
0.8667743700787401
20
1.2101297637795276
11
0.8665674803149606
21
1.2095891732283464
0
LINE
8
BLACK
6
CONTINUOUS
10
0.8665674803149606
20
1.2095891732283464
11
0.864692716535433
21
1.2058396456692912
0
LINE
8
BLACK
6
CONTINUOUS
10
0.864692716535433
20
1.2058396456692912
11
0.8645366929133859
21
1.2055918503937009
0
LINE
8
BLACK
6
CONTINUOUS
10
0.8645366929133859
20
1.2055918503937009
11
0.8645068503937008
21
1.2055196850393701
0
LINE
8
BLACK
6
CONTINUOUS
10
0.8645068503937008
20
1.2055196850393701
11
0.8644402362204724
21
1.2054385433070867
0
LINE
8
BLACK
6
CONTINUOUS
10
0.8644402362204724
20
1.2054385433070867
11
0.8643843700787401
21
1.2053497637795276
0
LINE
8
BLACK
6
CONTINUOUS
10
0.8643843700787401
20
1.2053497637795276
11
0.8643254330708661
21
1.2052986614173229
0
LINE
8
BLACK
6
CONTINUOUS
10
0.8643254330708661
20
1.2052986614173229
11
0.8641396062992126
21
1.2050722440944881
0
LINE
8
BLACK
6
CONTINUOUS
10
0.8641396062992126
20
1.2050722440944881
11
0.8616812204724409
21
1.2026138582677166
0
LINE
8
BLACK
6
CONTINUOUS
10
0.8616812204724409
20
1.2026138582677166
11
0.8890951968503937
21
1.2026138582677166
0
LINE
8
BLACK
6
CONTINUOUS
10
0.8890951968503937
20
1.2026138582677166
11
0.8890951968503937
21
1.2109096850393701
0
LINE
8
BLACK
6
CONTINUOUS
10
0.8890951968503937
20
1.2109096850393701
11
0.8891519291338582
21
1.211485748031496
0
LINE
8
BLACK
6
CONTINUOUS
10
0.8891519291338582
20
1.211485748031496
11
0.8895928346456693
21
1.212550157480315
0
LINE
8
BLACK
6
CONTINUOUS
10
0.8895928346456693
20
1.212550157480315
11
0.8904074803149606
21
1.2133648031496063
0
LINE
8
BLACK
6
CONTINUOUS
10
0.8904074803149606
20
1.2133648031496063
11
0.8914718897637796
21
1.2138057086614173
0
LINE
8
BLACK
6
CONTINUOUS
10
0.8914718897637796
20
1.2138057086614173
11
0.8926240157480315
21
1.2138057086614173
0
LINE
8
BLACK
6
CONTINUOUS
10
0.8926240157480315
20
1.2138057086614173
11
0.8936884251968503
21
1.2133648031496063
0
LINE
8
BLACK
6
CONTINUOUS
10
0.8936884251968503
20
1.2133648031496063
11
0.8945030708661417
21
1.212550157480315
0
LINE
8
BLACK
6
CONTINUOUS
10
0.8945030708661417
20
1.212550157480315
11
0.8949439763779528
21
1.211485748031496
0
LINE
8
BLACK
6
CONTINUOUS
10
0.8949439763779528
20
1.211485748031496
11
0.8950007086614173
21
1.2109096850393701
0
LINE
8
BLACK
6
CONTINUOUS
10
0.8950007086614173
20
1.2109096850393701
11
0.8950007086614173
21
1.1884125196850392
0
LINE
8
BLACK
6
CONTINUOUS
10
0.8950007086614173
20
1.1884125196850392
11
0.8949439763779528
21
1.1878364566929134
0
LINE
8
BLACK
6
CONTINUOUS
10
0.8949439763779528
20
1.1878364566929134
11
0.8945030708661417
21
1.1867720472440944
0
LINE
8
BLACK
6
CONTINUOUS
10
0.8945030708661417
20
1.1867720472440944
11
0.8936884251968503
21
1.1859574015748031
0
LINE
8
BLACK
6
CONTINUOUS
10
0.8936884251968503
20
1.1859574015748031
11
0.8926240157480315
21
1.185516496062992
0
LINE
8
BLACK
6
CONTINUOUS
10
0.8926240157480315
20
1.185516496062992
11
0.8914718897637796
21
1.185516496062992
0
LINE
8
BLACK
6
CONTINUOUS
10
0.8914718897637796
20
1.185516496062992
11
0.8904074803149606
21
1.1859574015748031
0
LINE
8
BLACK
6
CONTINUOUS
10
0.8904074803149606
20
1.1859574015748031
11
0.8895928346456693
21
1.1867720472440944
0
LINE
8
BLACK
6
CONTINUOUS
10
0.8895928346456693
20
1.1867720472440944
11
0.8891519291338582
21
1.1878364566929134
0
LINE
8
BLACK
6
CONTINUOUS
10
0.8891519291338582
20
1.1878364566929134
11
0.8890951968503937
21
1.1884125196850392
0
LINE
8
BLACK
6
CONTINUOUS
10
0.8890951968503937
20
1.1884125196850392
11
0.8890951968503937
21
1.196708346456693
0
LINE
8
BLACK
6
CONTINUOUS
10
0.8890951968503937
20
1.196708346456693
11
0.852677874015748
21
1.196708346456693
0
LINE
8
BLACK
6
CONTINUOUS
10
0.852677874015748
20
1.196708346456693
11
0.8526757874015748
21
1.1967085826771653
0
LINE
8
BLACK
6
CONTINUOUS
10
0.8526757874015748
20
1.1967085826771653
11
0.8526747637795276
21
1.196708346456693
0
LINE
8
BLACK
6
CONTINUOUS
10
0.8526747637795276
20
1.196708346456693
11
0.8526717322834646
21
1.1967089763779528
0
LINE
8
BLACK
6
CONTINUOUS
10
0.8526717322834646
20
1.1967089763779528
11
0.852101811023622
21
1.1967650787401574
0
LINE
8
BLACK
6
CONTINUOUS
10
0.852101811023622
20
1.1967650787401574
11
0.8518316929133858
21
1.1968769685039369
0
LINE
8
BLACK
6
CONTINUOUS
10
0.8518316929133858
20
1.1968769685039369
11
0.8515450787401575
21
1.1969342913385828
0
LINE
8
BLACK
6
CONTINUOUS
10
0.8515450787401575
20
1.1969342913385828
11
0.8513046850393701
21
1.1970952755905511
0
LINE
8
BLACK
6
CONTINUOUS
10
0.8513046850393701
20
1.1970952755905511
11
0.8510374015748031
21
1.1972059842519684
0
LINE
8
BLACK
6
CONTINUOUS
10
0.8510374015748031
20
1.1972059842519684
11
0.8508306692913385
21
1.1974127165354331
0
LINE
8
BLACK
6
CONTINUOUS
10
0.8508306692913385
20
1.1974127165354331
11
0.8505877952755906
21
1.1975753543307086
0
LINE
8
BLACK
6
CONTINUOUS
10
0.8505877952755906
20
1.1975753543307086
11
0.8504272834645669
21
1.1978161023622047
0
LINE
8
BLACK
6
CONTINUOUS
10
0.8504272834645669
20
1.1978161023622047
11
0.8502227559055118
21
1.1980206299212599
0
LINE
8
BLACK
6
CONTINUOUS
10
0.8502227559055118
20
1.1980206299212599
11
0.8501108661417323
21
1.1982907480314959
0
LINE
8
BLACK
6
CONTINUOUS
10
0.8501108661417323
20
1.1982907480314959
11
0.8499487007874016
21
1.1985339763779528
0
LINE
8
BLACK
6
CONTINUOUS
10
0.8499487007874016
20
1.1985339763779528
11
0.8498925590551181
21
1.1988177952755905
0
LINE
8
BLACK
6
CONTINUOUS
10
0.8498925590551181
20
1.1988177952755905
11
0.8497818503937008
21
1.1990850393700787
0
LINE
8
BLACK
6
CONTINUOUS
10
0.8497818503937008
20
1.1990850393700787
11
0.8497818503937008
21
1.1993774409448819
0
LINE
8
BLACK
6
CONTINUOUS
10
0.8497818503937008
20
1.1993774409448819
11
0.8497251181102362
21
1.1996642125984252
0
LINE
8
BLACK
6
CONTINUOUS
10
0.8497251181102362
20
1.1996642125984252
11
0.8497818503937008
21
1.1999478740157481
0
LINE
8
BLACK
6
CONTINUOUS
10
0.8497818503937008
20
1.1999478740157481
11
0.8497818503937008
21
1.2002371653543307
0
LINE
8
BLACK
6
CONTINUOUS
10
0.8497818503937008
20
1.2002371653543307
11
0.8498937007874016
21
1.2005072834645669
0
LINE
8
BLACK
6
CONTINUOUS
10
0.8498937007874016
20
1.2005072834645669
11
0.849951062992126
21
1.2007938976377952
0
LINE
8
BLACK
6
CONTINUOUS
10
0.849951062992126
20
1.2007938976377952
11
0.8501120078740158
21
1.2010342913385827
0
LINE
8
BLACK
6
CONTINUOUS
10
0.8501120078740158
20
1.2010342913385827
11
0.8502227559055118
21
1.2013015748031495
0
LINE
8
BLACK
6
CONTINUOUS
10
0.8502227559055118
20
1.2013015748031495
11
0.8504294488188976
21
1.2015083070866142
0
LINE
8
BLACK
6
CONTINUOUS
10
0.8504294488188976
20
1.2015083070866142
11
0.8505921259842519
21
1.2017511811023622
0
LINE
8
BLACK
6
CONTINUOUS
10
0.8505921259842519
20
1.2017511811023622
11
0.8510353543307086
21
1.2021142125984252
0
LINE
8
BLACK
6
CONTINUOUS
10
0.8510353543307086
20
1.2021142125984252
11
0.8510374015748031
21
1.2021162204724409
0
LINE
8
BLACK
6
CONTINUOUS
10
0.8510374015748031
20
1.2021162204724409
11
0.8510382677165355
21
1.2021166141732282
0
LINE
8
BLACK
6
CONTINUOUS
10
0.8510382677165355
20
1.2021166141732282
11
0.8510399606299213
21
1.2021179527559054
0
LINE
8
BLACK
6
CONTINUOUS
10
0.8510399606299213
20
1.2021179527559054
11
0.8564209842519684
21
1.2057053149606298
0
LINE
8
BLACK
6
CONTINUOUS
10
0.8564209842519684
20
1.2057053149606298
11
0.8596249606299212
21
1.2089092519685039
0
LINE
8
BLACK
6
CONTINUOUS
10
0.8596249606299212
20
1.2089092519685039
11
0.8612854330708661
21
1.2122301968503937
0
LINE
8
BLACK
6
CONTINUOUS
10
0.8612854330708661
20
1.2122301968503937
11
0.861593779527559
21
1.2127200787401575
0
LINE
8
BLACK
6
CONTINUOUS
10
0.861593779527559
20
1.2127200787401575
11
0.8624641732283465
21
1.2134749212598426
0
LINE
8
BLACK
6
CONTINUOUS
10
0.8624641732283465
20
1.2134749212598426
11
0.8635571259842519
21
1.213839251968504
0
LINE
8
BLACK
6
CONTINUOUS
10
0.8635571259842519
20
1.213839251968504
11
0.8647063385826771
21
1.2137575984251969
0
LINE
8
BLACK
6
CONTINUOUS
10
0.6627414566929134
20
1.2117879527559055
11
0.6629212598425197
21
1.2108839763779526
0
LINE
8
BLACK
6
CONTINUOUS
10
0.6629212598425197
20
1.2108839763779526
11
0.6629212598425197
21
1.190312874015748
0
LINE
8
BLACK
6
CONTINUOUS
10
0.6629212598425197
20
1.190312874015748
11
0.6627414566929134
21
1.1894088976377952
0
LINE
8
BLACK
6
CONTINUOUS
10
0.6627414566929134
20
1.1894088976377952
11
0.661463031496063
21
1.1881304724409449
0
LINE
8
BLACK
6
CONTINUOUS
10
0.661463031496063
20
1.1881304724409449
11
0.6596550787401575
21
1.1881304724409449
0
LINE
8
BLACK
6
CONTINUOUS
10
0.6596550787401575
20
1.1881304724409449
11
0.6583766535433071
21
1.1894088976377952
0
LINE
8
BLACK
6
CONTINUOUS
10
0.6583766535433071
20
1.1894088976377952
11
0.6581968503937008
21
1.190312874015748
0
LINE
8
BLACK
6
CONTINUOUS
10
0.6581968503937008
20
1.190312874015748
11
0.6581968503937008
21
1.2108839763779526
0
LINE
8
BLACK
6
CONTINUOUS
10
0.6581968503937008
20
1.2108839763779526
11
0.6583766535433071
21
1.2117879527559055
0
LINE
8
BLACK
6
CONTINUOUS
10
0.6583766535433071
20
1.2117879527559055
11
0.6596550787401575
21
1.213066377952756
0
LINE
8
BLACK
6
CONTINUOUS
10
0.6596550787401575
20
1.213066377952756
11
0.661463031496063
21
1.213066377952756
0
LINE
8
BLACK
6
CONTINUOUS
10
0.661463031496063
20
1.213066377952756
11
0.6627414566929134
21
1.2117879527559055
0
LINE
8
BLACK
6
CONTINUOUS
10
0.7206154724409448
20
1.2117879527559055
11
0.7207952755905511
21
1.2108839763779526
0
LINE
8
BLACK
6
CONTINUOUS
10
0.7207952755905511
20
1.2108839763779526
11
0.7207952755905511
21
1.190312874015748
0
LINE
8
BLACK
6
CONTINUOUS
10
0.7207952755905511
20
1.190312874015748
11
0.7206154724409448
21
1.1894088976377952
0
LINE
8
BLACK
6
CONTINUOUS
10
0.7206154724409448
20
1.1894088976377952
11
0.7193370472440944
21
1.1881304724409449
0
LINE
8
BLACK
6
CONTINUOUS
10
0.7193370472440944
20
1.1881304724409449
11
0.7175290944881889
21
1.1881304724409449
0
LINE
8
BLACK
6
CONTINUOUS
10
0.7175290944881889
20
1.1881304724409449
11
0.7162506692913385
21
1.1894088976377952
0
LINE
8
BLACK
6
CONTINUOUS
10
0.7162506692913385
20
1.1894088976377952
11
0.7160708661417323
21
1.190312874015748
0
LINE
8
BLACK
6
CONTINUOUS
10
0.7160708661417323
20
1.190312874015748
11
0.7160708661417323
21
1.2108839763779526
0
LINE
8
BLACK
6
CONTINUOUS
10
0.7160708661417323
20
1.2108839763779526
11
0.7162506692913385
21
1.2117879527559055
0
LINE
8
BLACK
6
CONTINUOUS
10
0.7162506692913385
20
1.2117879527559055
11
0.7175290944881889
21
1.213066377952756
0
LINE
8
BLACK
6
CONTINUOUS
10
0.7175290944881889
20
1.213066377952756
11
0.7193370472440944
21
1.213066377952756
0
LINE
8
BLACK
6
CONTINUOUS
10
0.7193370472440944
20
1.213066377952756
11
0.7206154724409448
21
1.2117879527559055
0
LINE
8
BLACK
6
CONTINUOUS
10
0.7812453937007874
20
1.2117879921259842
11
0.7814251968503937
21
1.2108840157480314
0
LINE
8
BLACK
6
CONTINUOUS
10
0.7814251968503937
20
1.2108840157480314
11
0.7814251968503937
21
1.1903129133858268
0
LINE
8
BLACK
6
CONTINUOUS
10
0.7814251968503937
20
1.1903129133858268
11
0.7812453937007874
21
1.189408937007874
0
LINE
8
BLACK
6
CONTINUOUS
10
0.7812453937007874
20
1.189408937007874
11
0.779966968503937
21
1.1881305118110237
0
LINE
8
BLACK
6
CONTINUOUS
10
0.779966968503937
20
1.1881305118110237
11
0.7781590157480315
21
1.1881305118110237
0
LINE
8
BLACK
6
CONTINUOUS
10
0.7781590157480315
20
1.1881305118110237
11
0.7768805905511811
21
1.189408937007874
0
LINE
8
BLACK
6
CONTINUOUS
10
0.7768805905511811
20
1.189408937007874
11
0.7767007874015748
21
1.1903129133858268
0
LINE
8
BLACK
6
CONTINUOUS
10
0.7767007874015748
20
1.1903129133858268
11
0.7767007874015748
21
1.2108840157480314
0
LINE
8
BLACK
6
CONTINUOUS
10
0.7767007874015748
20
1.2108840157480314
11
0.7768805905511811
21
1.2117879921259842
0
LINE
8
BLACK
6
CONTINUOUS
10
0.7768805905511811
20
1.2117879921259842
11
0.7781590157480315
21
1.2130664173228347
0
LINE
8
BLACK
6
CONTINUOUS
10
0.7781590157480315
20
1.2130664173228347
11
0.779966968503937
21
1.2130664173228347
0
LINE
8
BLACK
6
CONTINUOUS
10
0.779966968503937
20
1.2130664173228347
11
0.7812453937007874
21
1.2117879921259842
0
LINE
8
BLACK
6
CONTINUOUS
10
0.8391194094488189
20
1.2117879921259842
11
0.8392992125984252
21
1.2108840157480314
0
LINE
8
BLACK
6
CONTINUOUS
10
0.8392992125984252
20
1.2108840157480314
11
0.8392992125984252
21
1.1903129133858268
0
LINE
8
BLACK
6
CONTINUOUS
10
0.8392992125984252
20
1.1903129133858268
11
0.8391194094488189
21
1.189408937007874
0
LINE
8
BLACK
6
CONTINUOUS
10
0.8391194094488189
20
1.189408937007874
11
0.8378409842519685
21
1.1881305118110237
0
LINE
8
BLACK
6
CONTINUOUS
10
0.8378409842519685
20
1.1881305118110237
11
0.836033031496063
21
1.1881305118110237
0
LINE
8
BLACK
6
CONTINUOUS
10
0.836033031496063
20
1.1881305118110237
11
0.8347546062992126
21
1.189408937007874
0
LINE
8
BLACK
6
CONTINUOUS
10
0.8347546062992126
20
1.189408937007874
11
0.8345748031496063
21
1.1903129133858268
0
LINE
8
BLACK
6
CONTINUOUS
10
0.8345748031496063
20
1.1903129133858268
11
0.8345748031496063
21
1.2108840157480314
0
LINE
8
BLACK
6
CONTINUOUS
10
0.8345748031496063
20
1.2108840157480314
11
0.8347546062992126
21
1.2117879921259842
0
LINE
8
BLACK
6
CONTINUOUS
10
0.8347546062992126
20
1.2117879921259842
11
0.836033031496063
21
1.2130664173228347
0
LINE
8
BLACK
6
CONTINUOUS
10
0.836033031496063
20
1.2130664173228347
11
0.8378409842519685
21
1.2130664173228347
0
LINE
8
BLACK
6
CONTINUOUS
10
0.8378409842519685
20
1.2130664173228347
11
0.8391194094488189
21
1.2117879921259842
0
LINE
8
BLACK
6
CONTINUOUS
10
0.7567716141732284
20
1.2532225984251968
11
0.7568146456692914
21
1.2532289763779527
0
LINE
8
BLACK
6
CONTINUOUS
10
0.7568146456692914
20
1.2532289763779527
11
0.7570301181102362
21
1.253197125984252
0
LINE
8
BLACK
6
CONTINUOUS
10
0.7570301181102362
20
1.253197125984252
11
0.7572471653543307
21
1.253175748031496
0
LINE
8
BLACK
6
CONTINUOUS
10
0.7572471653543307
20
1.253175748031496
11
0.7572873622047244
21
1.2531591338582677
0
LINE
8
BLACK
6
CONTINUOUS
10
0.7572873622047244
20
1.2531591338582677
11
0.7573872440944882
21
1.2531443307086614
0
LINE
8
BLACK
6
CONTINUOUS
10
0.7573872440944882
20
1.2531443307086614
11
0.7648862992125984
21
1.2512695669291338
0
LINE
8
BLACK
6
CONTINUOUS
10
0.7648862992125984
20
1.2512695669291338
11
0.764928779527559
21
1.2512544094488189
0
LINE
8
BLACK
6
CONTINUOUS
10
0.764928779527559
20
1.2512544094488189
11
0.7649500393700788
21
1.251252874015748
0
LINE
8
BLACK
6
CONTINUOUS
10
0.7649500393700788
20
1.251252874015748
11
0.7651894488188976
21
1.2511612598425197
0
LINE
8
BLACK
6
CONTINUOUS
10
0.7651894488188976
20
1.2511612598425197
11
0.7654314173228346
21
1.2510748031496062
0
LINE
8
BLACK
6
CONTINUOUS
10
0.7654314173228346
20
1.2510748031496062
11
0.7654485433070866
21
1.251062125984252
0
LINE
8
BLACK
6
CONTINUOUS
10
0.7654485433070866
20
1.251062125984252
11
0.7654906692913386
21
1.2510459842519686
0
LINE
8
BLACK
6
CONTINUOUS
10
0.7654906692913386
20
1.2510459842519686
11
0.7692401968503937
21
1.249171220472441
0
LINE
8
BLACK
6
CONTINUOUS
10
0.7692401968503937
20
1.249171220472441
11
0.7694880708661417
21
1.2490151968503937
0
LINE
8
BLACK
6
CONTINUOUS
10
0.7694880708661417
20
1.2490151968503937
11
0.7695601181102362
21
1.2489853543307086
0
LINE
8
BLACK
6
CONTINUOUS
10
0.7695601181102362
20
1.2489853543307086
11
0.7696411417322835
21
1.2489188582677164
0
LINE
8
BLACK
6
CONTINUOUS
10
0.7696411417322835
20
1.2489188582677164
11
0.7697300787401574
21
1.2488628740157479
0
LINE
8
BLACK
6
CONTINUOUS
10
0.7697300787401574
20
1.2488628740157479
11
0.7697812204724409
21
1.2488038976377953
0
LINE
8
BLACK
6
CONTINUOUS
10
0.7697812204724409
20
1.2488038976377953
11
0.7700075984251968
21
1.2486181102362204
0
LINE
8
BLACK
6
CONTINUOUS
10
0.7700075984251968
20
1.2486181102362204
11
0.7737571653543307
21
1.2448685826771653
0
LINE
8
BLACK
6
CONTINUOUS
10
0.7737571653543307
20
1.2448685826771653
11
0.7741244094488189
21
1.2444211417322835
0
LINE
8
BLACK
6
CONTINUOUS
10
0.7741244094488189
20
1.2444211417322835
11
0.774165
21
1.2443231102362204
0
LINE
8
BLACK
6
CONTINUOUS
10
0.774165
20
1.2443231102362204
11
0.7742344881889763
21
1.2442429921259843
0
LINE
8
BLACK
6
CONTINUOUS
10
0.7742344881889763
20
1.2442429921259843
11
0.7744704724409449
21
1.2437144094488188
0
LINE
8
BLACK
6
CONTINUOUS
10
0.7744704724409449
20
1.2437144094488188
11
0.7763452362204725
21
1.2380901574803149
0
LINE
8
BLACK
6
CONTINUOUS
10
0.7763452362204725
20
1.2380901574803149
11
0.7764101574803149
21
1.237804527559055
0
LINE
8
BLACK
6
CONTINUOUS
10
0.7764101574803149
20
1.237804527559055
11
0.7764400393700788
21
1.2377324409448818
0
LINE
8
BLACK
6
CONTINUOUS
10
0.7764400393700788
20
1.2377324409448818
11
0.7764503149606299
21
1.2376279921259843
0
LINE
8
BLACK
6
CONTINUOUS
10
0.7764503149606299
20
1.2376279921259843
11
0.7764735826771654
21
1.2375257086614173
0
LINE
8
BLACK
6
CONTINUOUS
10
0.7764735826771654
20
1.2375257086614173
11
0.776468031496063
21
1.2374479921259842
0
LINE
8
BLACK
6
CONTINUOUS
10
0.776468031496063
20
1.2374479921259842
11
0.7764967716535432
21
1.2371563779527559
0
LINE
8
BLACK
6
CONTINUOUS
10
0.7764967716535432
20
1.2371563779527559
11
0.7764967716535432
21
1.2334068503937008
0
LINE
8
BLACK
6
CONTINUOUS
10
0.7764967716535432
20
1.2334068503937008
11
0.776468031496063
21
1.2331152755905512
0
LINE
8
BLACK
6
CONTINUOUS
10
0.776468031496063
20
1.2331152755905512
11
0.7764735826771654
21
1.2330375196850394
0
LINE
8
BLACK
6
CONTINUOUS
10
0.7764735826771654
20
1.2330375196850394
11
0.7764503149606299
21
1.2329352755905512
0
LINE
8
BLACK
6
CONTINUOUS
10
0.7764503149606299
20
1.2329352755905512
11
0.7764400393700788
21
1.2328307874015747
0
LINE
8
BLACK
6
CONTINUOUS
10
0.7764400393700788
20
1.2328307874015747
11
0.7764101574803149
21
1.2327587401574802
0
LINE
8
BLACK
6
CONTINUOUS
10
0.7764101574803149
20
1.2327587401574802
11
0.7763452362204725
21
1.2324730708661418
0
LINE
8
BLACK
6
CONTINUOUS
10
0.7763452362204725
20
1.2324730708661418
11
0.7744704724409449
21
1.2268488188976379
0
LINE
8
BLACK
6
CONTINUOUS
10
0.7744704724409449
20
1.2268488188976379
11
0.7742344881889763
21
1.2263202362204724
0
LINE
8
BLACK
6
CONTINUOUS
10
0.7742344881889763
20
1.2263202362204724
11
0.7741649212598425
21
1.2262400787401575
0
LINE
8
BLACK
6
CONTINUOUS
10
0.7741649212598425
20
1.2262400787401575
11
0.7741243700787401
21
1.2261420866141732
0
LINE
8
BLACK
6
CONTINUOUS
10
0.7741243700787401
20
1.2261420866141732
11
0.7737571259842519
21
1.2256946062992127
0
LINE
8
BLACK
6
CONTINUOUS
10
0.7737571259842519
20
1.2256946062992127
11
0.7718823228346456
21
1.2238198425196851
0
LINE
8
BLACK
6
CONTINUOUS
10
0.7718823228346456
20
1.2238198425196851
11
0.7714348818897637
21
1.2234526377952755
0
LINE
8
BLACK
6
CONTINUOUS
10
0.7714348818897637
20
1.2234526377952755
11
0.7703704724409448
21
1.2230117716535434
0
LINE
8
BLACK
6
CONTINUOUS
10
0.7703704724409448
20
1.2230117716535434
11
0.7692183858267716
21
1.2230117716535434
0
LINE
8
BLACK
6
CONTINUOUS
10
0.7692183858267716
20
1.2230117716535434
11
0.7681539763779527
21
1.2234526771653542
0
LINE
8
BLACK
6
CONTINUOUS
10
0.7681539763779527
20
1.2234526771653542
11
0.7673392913385827
21
1.2242673622047244
0
LINE
8
BLACK
6
CONTINUOUS
10
0.7673392913385827
20
1.2242673622047244
11
0.7668984251968504
21
1.2253317716535432
0
LINE
8
BLACK
6
CONTINUOUS
10
0.7668984251968504
20
1.2253317716535432
11
0.7668984251968504
21
1.2264838582677164
0
LINE
8
BLACK
6
CONTINUOUS
10
0.7668984251968504
20
1.2264838582677164
11
0.7673393307086614
21
1.2275482677165355
0
LINE
8
BLACK
6
CONTINUOUS
10
0.7673393307086614
20
1.2275482677165355
11
0.7677065748031496
21
1.227995748031496
0
LINE
8
BLACK
6
CONTINUOUS
10
0.7677065748031496
20
1.227995748031496
11
0.7690884645669291
21
1.2293776377952756
0
LINE
8
BLACK
6
CONTINUOUS
10
0.7690884645669291
20
1.2293776377952756
11
0.7705912598425196
21
1.2338859842519685
0
LINE
8
BLACK
6
CONTINUOUS
10
0.7705912598425196
20
1.2338859842519685
11
0.7705912598425196
21
1.2366772440944882
0
LINE
8
BLACK
6
CONTINUOUS
10
0.7705912598425196
20
1.2366772440944882
11
0.7690884645669291
21
1.2411856299212598
0
LINE
8
BLACK
6
CONTINUOUS
10
0.7690884645669291
20
1.2411856299212598
11
0.7661705905511811
21
1.2441034645669291
0
LINE
8
BLACK
6
CONTINUOUS
10
0.7661705905511811
20
1.2441034645669291
11
0.7631396062992126
21
1.2456189763779528
0
LINE
8
BLACK
6
CONTINUOUS
10
0.7631396062992126
20
1.2456189763779528
11
0.756307559055118
21
1.247326968503937
0
LINE
8
BLACK
6
CONTINUOUS
10
0.756307559055118
20
1.247326968503937
11
0.7514103543307087
21
1.247326968503937
0
LINE
8
BLACK
6
CONTINUOUS
10
0.7514103543307087
20
1.247326968503937
11
0.7445783070866142
21
1.2456189763779528
0
LINE
8
BLACK
6
CONTINUOUS
10
0.7445783070866142
20
1.2456189763779528
11
0.7415473228346456
21
1.2441034645669291
0
LINE
8
BLACK
6
CONTINUOUS
10
0.7415473228346456
20
1.2441034645669291
11
0.7386294881889763
21
1.2411856692913386
0
LINE
8
BLACK
6
CONTINUOUS
10
0.7386294881889763
20
1.2411856692913386
11
0.7371266929133858
21
1.2366772440944882
0
LINE
8
BLACK
6
CONTINUOUS
10
0.7371266929133858
20
1.2366772440944882
11
0.7371266929133858
21
1.2338860236220472
0
LINE
8
BLACK
6
CONTINUOUS
10
0.7371266929133858
20
1.2338860236220472
11
0.7386294881889763
21
1.2293775984251969
0
LINE
8
BLACK
6
CONTINUOUS
10
0.7386294881889763
20
1.2293775984251969
11
0.7400113779527558
21
1.2279957086614173
0
LINE
8
BLACK
6
CONTINUOUS
10
0.7400113779527558
20
1.2279957086614173
11
0.7403785826771654
21
1.2275482677165355
0
LINE
8
BLACK
6
CONTINUOUS
10
0.7403785826771654
20
1.2275482677165355
11
0.7408194881889764
21
1.2264838582677164
0
LINE
8
BLACK
6
CONTINUOUS
10
0.7408194881889764
20
1.2264838582677164
11
0.7408194881889764
21
1.2253317716535432
0
LINE
8
BLACK
6
CONTINUOUS
10
0.7408194881889764
20
1.2253317716535432
11
0.7403785826771654
21
1.2242673622047244
0
LINE
8
BLACK
6
CONTINUOUS
10
0.7403785826771654
20
1.2242673622047244
11
0.7395638976377953
21
1.2234526771653542
0
LINE
8
BLACK
6
CONTINUOUS
10
0.7395638976377953
20
1.2234526771653542
11
0.7384994881889764
21
1.2230117716535434
0
LINE
8
BLACK
6
CONTINUOUS
10
0.7384994881889764
20
1.2230117716535434
11
0.7373474015748032
21
1.2230117716535434
0
LINE
8
BLACK
6
CONTINUOUS
10
0.7373474015748032
20
1.2230117716535434
11
0.7362829921259842
21
1.2234526771653542
0
LINE
8
BLACK
6
CONTINUOUS
10
0.7362829921259842
20
1.2234526771653542
11
0.7358355511811023
21
1.2238198818897636
0
LINE
8
BLACK
6
CONTINUOUS
10
0.7358355511811023
20
1.2238198818897636
11
0.7339607874015748
21
1.2256946456692912
0
LINE
8
BLACK
6
CONTINUOUS
10
0.7339607874015748
20
1.2256946456692912
11
0.7335935826771653
21
1.2261420866141732
0
LINE
8
BLACK
6
CONTINUOUS
10
0.7335935826771653
20
1.2261420866141732
11
0.7335529527559055
21
1.226240157480315
0
LINE
8
BLACK
6
CONTINUOUS
10
0.7335529527559055
20
1.226240157480315
11
0.7334834645669291
21
1.2263202755905511
0
LINE
8
BLACK
6
CONTINUOUS
10
0.7334834645669291
20
1.2263202755905511
11
0.7332474803149606
21
1.2268488188976379
0
LINE
8
BLACK
6
CONTINUOUS
10
0.7332474803149606
20
1.2268488188976379
11
0.731372716535433
21
1.2324731102362205
0
LINE
8
BLACK
6
CONTINUOUS
10
0.731372716535433
20
1.2324731102362205
11
0.7313077559055118
21
1.2327587007874015
0
LINE
8
BLACK
6
CONTINUOUS
10
0.7313077559055118
20
1.2327587007874015
11
0.7312779133858267
21
1.2328307874015747
0
LINE
8
BLACK
6
CONTINUOUS
10
0.7312779133858267
20
1.2328307874015747
11
0.7312675984251968
21
1.2329353149606299
0
LINE
8
BLACK
6
CONTINUOUS
10
0.7312675984251968
20
1.2329353149606299
11
0.7312443700787401
21
1.2330375590551181
0
LINE
8
BLACK
6
CONTINUOUS
10
0.7312443700787401
20
1.2330375590551181
11
0.7312498818897638
21
1.23311531496063
0
LINE
8
BLACK
6
CONTINUOUS
10
0.7312498818897638
20
1.23311531496063
11
0.7312211811023622
21
1.2334068503937008
0
LINE
8
BLACK
6
CONTINUOUS
10
0.7312211811023622
20
1.2334068503937008
11
0.7312211811023622
21
1.2371563779527559
0
LINE
8
BLACK
6
CONTINUOUS
10
0.7312211811023622
20
1.2371563779527559
11
0.7312498818897638
21
1.2374479527559055
0
LINE
8
BLACK
6
CONTINUOUS
10
0.7312498818897638
20
1.2374479527559055
11
0.7312443700787401
21
1.2375256692913386
0
LINE
8
BLACK
6
CONTINUOUS
10
0.7312443700787401
20
1.2375256692913386
11
0.7312675984251968
21
1.2376279527559055
0
LINE
8
BLACK
6
CONTINUOUS
10
0.7312675984251968
20
1.2376279527559055
11
0.7312779133858267
21
1.2377324409448818
0
LINE
8
BLACK
6
CONTINUOUS
10
0.7312779133858267
20
1.2377324409448818
11
0.7313077559055118
21
1.2378045669291338
0
LINE
8
BLACK
6
CONTINUOUS
10
0.7313077559055118
20
1.2378045669291338
11
0.731372716535433
21
1.2380901181102362
0
LINE
8
BLACK
6
CONTINUOUS
10
0.731372716535433
20
1.2380901181102362
11
0.7332474803149606
21
1.2437144094488188
0
LINE
8
BLACK
6
CONTINUOUS
10
0.7332474803149606
20
1.2437144094488188
11
0.7334834645669291
21
1.2442429527559056
0
LINE
8
BLACK
6
CONTINUOUS
10
0.7334834645669291
20
1.2442429527559056
11
0.7335529527559055
21
1.2443231102362204
0
LINE
8
BLACK
6
CONTINUOUS
10
0.7335529527559055
20
1.2443231102362204
11
0.7335935826771653
21
1.2444211417322835
0
LINE
8
BLACK
6
CONTINUOUS
10
0.7335935826771653
20
1.2444211417322835
11
0.7339607874015748
21
1.2448685826771653
0
LINE
8
BLACK
6
CONTINUOUS
10
0.7339607874015748
20
1.2448685826771653
11
0.7377103149606299
21
1.2486181102362204
0
LINE
8
BLACK
6
CONTINUOUS
10
0.7377103149606299
20
1.2486181102362204
11
0.7379366929133858
21
1.2488039763779528
0
LINE
8
BLACK
6
CONTINUOUS
10
0.7379366929133858
20
1.2488039763779528
11
0.7379878346456693
21
1.2488628740157479
0
LINE
8
BLACK
6
CONTINUOUS
10
0.7379878346456693
20
1.2488628740157479
11
0.7380765748031496
21
1.2489187795275589
0
LINE
8
BLACK
6
CONTINUOUS
10
0.7380765748031496
20
1.2489187795275589
11
0.7381577559055118
21
1.2489853543307086
0
LINE
8
BLACK
6
CONTINUOUS
10
0.7381577559055118
20
1.2489853543307086
11
0.7382298818897638
21
1.2490152362204725
0
LINE
8
BLACK
6
CONTINUOUS
10
0.7382298818897638
20
1.2490152362204725
11
0.738477716535433
21
1.249171220472441
0
LINE
8
BLACK
6
CONTINUOUS
10
0.738477716535433
20
1.249171220472441
11
0.7422272440944881
21
1.2510459842519686
0
LINE
8
BLACK
6
CONTINUOUS
10
0.7422272440944881
20
1.2510459842519686
11
0.7422693307086614
21
1.251062125984252
0
LINE
8
BLACK
6
CONTINUOUS
10
0.7422693307086614
20
1.251062125984252
11
0.7422864960629921
21
1.2510748031496062
0
LINE
8
BLACK
6
CONTINUOUS
10
0.7422864960629921
20
1.2510748031496062
11
0.7425280708661417
21
1.2511611417322834
0
LINE
8
BLACK
6
CONTINUOUS
10
0.7425280708661417
20
1.2511611417322834
11
0.7427678346456693
21
1.251252874015748
0
LINE
8
BLACK
6
CONTINUOUS
10
0.7427678346456693
20
1.251252874015748
11
0.742789094488189
21
1.2512544094488189
0
LINE
8
BLACK
6
CONTINUOUS
10
0.742789094488189
20
1.2512544094488189
11
0.7428316141732283
21
1.2512695669291338
0
LINE
8
BLACK
6
CONTINUOUS
10
0.7428316141732283
20
1.2512695669291338
11
0.7503306692913385
21
1.2531443307086614
0
LINE
8
BLACK
6
CONTINUOUS
10
0.7503306692913385
20
1.2531443307086614
11
0.7504305118110236
21
1.2531591338582677
0
LINE
8
BLACK
6
CONTINUOUS
10
0.7504305118110236
20
1.2531591338582677
11
0.750470748031496
21
1.253175748031496
0
LINE
8
BLACK
6
CONTINUOUS
10
0.750470748031496
20
1.253175748031496
11
0.7506877559055118
21
1.253197125984252
0
LINE
8
BLACK
6
CONTINUOUS
10
0.7506877559055118
20
1.253197125984252
11
0.7509032677165354
21
1.2532289763779527
0
LINE
8
BLACK
6
CONTINUOUS
10
0.7509032677165354
20
1.2532289763779527
11
0.7509462598425196
21
1.2532225984251968
0
LINE
8
BLACK
6
CONTINUOUS
10
0.7509462598425196
20
1.2532225984251968
11
0.751046811023622
21
1.2532324803149606
0
LINE
8
BLACK
6
CONTINUOUS
10
0.751046811023622
20
1.2532324803149606
11
0.7566711023622047
21
1.2532324803149606
0
LINE
8
BLACK
6
CONTINUOUS
10
0.7566711023622047
20
1.2532324803149606
11
0.7567716141732284
21
1.2532225984251968
0
LINE
8
BLACK
6
CONTINUOUS
10
0.8752755511811023
20
1.2532226377952755
11
0.8753185826771653
21
1.2532290157480315
0
LINE
8
BLACK
6
CONTINUOUS
10
0.8753185826771653
20
1.2532290157480315
11
0.8755340551181102
21
1.2531971653543308
0
LINE
8
BLACK
6
CONTINUOUS
10
0.8755340551181102
20
1.2531971653543308
11
0.8757511023622047
21
1.2531757874015748
0
LINE
8
BLACK
6
CONTINUOUS
10
0.8757511023622047
20
1.2531757874015748
11
0.8757912992125984
21
1.2531591732283465
0
LINE
8
BLACK
6
CONTINUOUS
10
0.8757912992125984
20
1.2531591732283465
11
0.8758911811023622
21
1.2531443700787401
0
LINE
8
BLACK
6
CONTINUOUS
10
0.8758911811023622
20
1.2531443700787401
11
0.8833902362204724
21
1.2512696062992126
0
LINE
8
BLACK
6
CONTINUOUS
10
0.8833902362204724
20
1.2512696062992126
11
0.8834327165354331
21
1.2512544488188977
0
LINE
8
BLACK
6
CONTINUOUS
10
0.8834327165354331
20
1.2512544488188977
11
0.8834539763779528
21
1.2512529133858268
0
LINE
8
BLACK
6
CONTINUOUS
10
0.8834539763779528
20
1.2512529133858268
11
0.8836933858267716
21
1.2511612992125984
0
LINE
8
BLACK
6
CONTINUOUS
10
0.8836933858267716
20
1.2511612992125984
11
0.8839353543307087
21
1.2510748425196849
0
LINE
8
BLACK
6
CONTINUOUS
10
0.8839353543307087
20
1.2510748425196849
11
0.8839524803149607
21
1.2510621653543308
0
LINE
8
BLACK
6
CONTINUOUS
10
0.8839524803149607
20
1.2510621653543308
11
0.8839946062992126
21
1.2510460236220473
0
LINE
8
BLACK
6
CONTINUOUS
10
0.8839946062992126
20
1.2510460236220473
11
0.8877441338582677
21
1.2491712598425198
0
LINE
8
BLACK
6
CONTINUOUS
10
0.8877441338582677
20
1.2491712598425198
11
0.8879920078740158
21
1.2490152362204725
0
LINE
8
BLACK
6
CONTINUOUS
10
0.8879920078740158
20
1.2490152362204725
11
0.8880640551181103
21
1.2489853937007873
0
LINE
8
BLACK
6
CONTINUOUS
10
0.8880640551181103
20
1.2489853937007873
11
0.8881450787401575
21
1.2489188976377952
0
LINE
8
BLACK
6
CONTINUOUS
10
0.8881450787401575
20
1.2489188976377952
11
0.8882340157480315
21
1.2488629133858267
0
LINE
8
BLACK
6
CONTINUOUS
10
0.8882340157480315
20
1.2488629133858267
11
0.8882851574803149
21
1.2488039370078741
0
LINE
8
BLACK
6
CONTINUOUS
10
0.8882851574803149
20
1.2488039370078741
11
0.8885115354330708
21
1.2486181496062991
0
LINE
8
BLACK
6
CONTINUOUS
10
0.8885115354330708
20
1.2486181496062991
11
0.8922611023622047
21
1.244868622047244
0
LINE
8
BLACK
6
CONTINUOUS
10
0.8922611023622047
20
1.244868622047244
11
0.8926283464566929
21
1.2444211811023622
0
LINE
8
BLACK
6
CONTINUOUS
10
0.8926283464566929
20
1.2444211811023622
11
0.892668937007874
21
1.2443231496062992
0
LINE
8
BLACK
6
CONTINUOUS
10
0.892668937007874
20
1.2443231496062992
11
0.8927384251968504
21
1.2442430314960629
0
LINE
8
BLACK
6
CONTINUOUS
10
0.8927384251968504
20
1.2442430314960629
11
0.8929744094488189
21
1.2437144488188976
0
LINE
8
BLACK
6
CONTINUOUS
10
0.8929744094488189
20
1.2437144488188976
11
0.8948491732283465
21
1.2380901968503937
0
LINE
8
BLACK
6
CONTINUOUS
10
0.8948491732283465
20
1.2380901968503937
11
0.8949140944881889
21
1.2378045669291338
0
LINE
8
BLACK
6
CONTINUOUS
10
0.8949140944881889
20
1.2378045669291338
11
0.8949439763779528
21
1.2377324803149605
0
LINE
8
BLACK
6
CONTINUOUS
10
0.8949439763779528
20
1.2377324803149605
11
0.8949542519685039
21
1.237628031496063
0
LINE
8
BLACK
6
CONTINUOUS
10
0.8949542519685039
20
1.237628031496063
11
0.8949775196850394
21
1.2375257480314961
0
LINE
8
BLACK
6
CONTINUOUS
10
0.8949775196850394
20
1.2375257480314961
11
0.894971968503937
21
1.237448031496063
0
LINE
8
BLACK
6
CONTINUOUS
10
0.894971968503937
20
1.237448031496063
11
0.8950007086614173
21
1.2371564173228347
0
LINE
8
BLACK
6
CONTINUOUS
10
0.8950007086614173
20
1.2371564173228347
11
0.8950007086614173
21
1.2334068897637795
0
LINE
8
BLACK
6
CONTINUOUS
10
0.8950007086614173
20
1.2334068897637795
11
0.894971968503937
21
1.23311531496063
0
LINE
8
BLACK
6
CONTINUOUS
10
0.894971968503937
20
1.23311531496063
11
0.8949775196850394
21
1.2330375590551181
0
LINE
8
BLACK
6
CONTINUOUS
10
0.8949775196850394
20
1.2330375590551181
11
0.8949542519685039
21
1.2329353149606299
0
LINE
8
BLACK
6
CONTINUOUS
10
0.8949542519685039
20
1.2329353149606299
11
0.8949439763779528
21
1.2328308267716535
0
LINE
8
BLACK
6
CONTINUOUS
10
0.8949439763779528
20
1.2328308267716535
11
0.8949140944881889
21
1.232758779527559
0
LINE
8
BLACK
6
CONTINUOUS
10
0.8949140944881889
20
1.232758779527559
11
0.8948491732283465
21
1.2324731102362205
0
LINE
8
BLACK
6
CONTINUOUS
10
0.8948491732283465
20
1.2324731102362205
11
0.8929744094488189
21
1.2268488582677166
0
LINE
8
BLACK
6
CONTINUOUS
10
0.8929744094488189
20
1.2268488582677166
11
0.8927384251968504
21
1.2263202755905511
0
LINE
8
BLACK
6
CONTINUOUS
10
0.8927384251968504
20
1.2263202755905511
11
0.8926688582677165
21
1.2262401181102363
0
LINE
8
BLACK
6
CONTINUOUS
10
0.8926688582677165
20
1.2262401181102363
11
0.8926283070866141
21
1.226142125984252
0
LINE
8
BLACK
6
CONTINUOUS
10
0.8926283070866141
20
1.226142125984252
11
0.8922610629921259
21
1.2256946456692912
0
LINE
8
BLACK
6
CONTINUOUS
10
0.8922610629921259
20
1.2256946456692912
11
0.8903862598425196
21
1.2238198818897636
0
LINE
8
BLACK
6
CONTINUOUS
10
0.8903862598425196
20
1.2238198818897636
11
0.8899388188976378
21
1.2234526771653542
0
LINE
8
BLACK
6
CONTINUOUS
10
0.8899388188976378
20
1.2234526771653542
11
0.8888744094488189
21
1.2230118110236221
0
LINE
8
BLACK
6
CONTINUOUS
10
0.8888744094488189
20
1.2230118110236221
11
0.8877223228346457
21
1.2230118110236221
0
LINE
8
BLACK
6
CONTINUOUS
10
0.8877223228346457
20
1.2230118110236221
11
0.8866579133858268
21
1.223452716535433
0
LINE
8
BLACK
6
CONTINUOUS
10
0.8866579133858268
20
1.223452716535433
11
0.8858432283464567
21
1.2242674015748032
0
LINE
8
BLACK
6
CONTINUOUS
10
0.8858432283464567
20
1.2242674015748032
11
0.8854023622047243
21
1.225331811023622
0
LINE
8
BLACK
6
CONTINUOUS
10
0.8854023622047243
20
1.225331811023622
11
0.8854023622047243
21
1.2264838976377952
0
LINE
8
BLACK
6
CONTINUOUS
10
0.8854023622047243
20
1.2264838976377952
11
0.8858432677165354
21
1.2275483070866142
0
LINE
8
BLACK
6
CONTINUOUS
10
0.8858432677165354
20
1.2275483070866142
11
0.8862105118110236
21
1.2279957874015748
0
LINE
8
BLACK
6
CONTINUOUS
10
0.8862105118110236
20
1.2279957874015748
11
0.8875924015748031
21
1.2293776771653544
0
LINE
8
BLACK
6
CONTINUOUS
10
0.8875924015748031
20
1.2293776771653544
11
0.8890951968503937
21
1.2338860236220472
0
LINE
8
BLACK
6
CONTINUOUS
10
0.8890951968503937
20
1.2338860236220472
11
0.8890951968503937
21
1.236677283464567
0
LINE
8
BLACK
6
CONTINUOUS
10
0.8890951968503937
20
1.236677283464567
11
0.8875924015748031
21
1.2411856692913386
0
LINE
8
BLACK
6
CONTINUOUS
10
0.8875924015748031
20
1.2411856692913386
11
0.8846745275590551
21
1.2441035039370079
0
LINE
8
BLACK
6
CONTINUOUS
10
0.8846745275590551
20
1.2441035039370079
11
0.8816435433070866
21
1.2456190157480316
0
LINE
8
BLACK
6
CONTINUOUS
10
0.8816435433070866
20
1.2456190157480316
11
0.8748114960629921
21
1.2473270078740157
0
LINE
8
BLACK
6
CONTINUOUS
10
0.8748114960629921
20
1.2473270078740157
11
0.8699142913385827
21
1.2473270078740157
0
LINE
8
BLACK
6
CONTINUOUS
10
0.8699142913385827
20
1.2473270078740157
11
0.8630822440944882
21
1.2456190157480316
0
LINE
8
BLACK
6
CONTINUOUS
10
0.8630822440944882
20
1.2456190157480316
11
0.8600512598425196
21
1.2441035039370079
0
LINE
8
BLACK
6
CONTINUOUS
10
0.8600512598425196
20
1.2441035039370079
11
0.8571334251968504
21
1.2411857086614173
0
LINE
8
BLACK
6
CONTINUOUS
10
0.8571334251968504
20
1.2411857086614173
11
0.8556306299212598
21
1.236677283464567
0
LINE
8
BLACK
6
CONTINUOUS
10
0.8556306299212598
20
1.236677283464567
11
0.8556306299212598
21
1.233886062992126
0
LINE
8
BLACK
6
CONTINUOUS
10
0.8556306299212598
20
1.233886062992126
11
0.8571334251968504
21
1.2293776377952756
0
LINE
8
BLACK
6
CONTINUOUS
10
0.8571334251968504
20
1.2293776377952756
11
0.8585153149606299
21
1.227995748031496
0
LINE
8
BLACK
6
CONTINUOUS
10
0.8585153149606299
20
1.227995748031496
11
0.8588825196850394
21
1.2275483070866142
0
LINE
8
BLACK
6
CONTINUOUS
10
0.8588825196850394
20
1.2275483070866142
11
0.8593234251968503
21
1.2264838976377952
0
LINE
8
BLACK
6
CONTINUOUS
10
0.8593234251968503
20
1.2264838976377952
11
0.8593234251968503
21
1.225331811023622
0
LINE
8
BLACK
6
CONTINUOUS
10
0.8593234251968503
20
1.225331811023622
11
0.8588825196850394
21
1.2242674015748032
0
LINE
8
BLACK
6
CONTINUOUS
10
0.8588825196850394
20
1.2242674015748032
11
0.8580678346456693
21
1.223452716535433
0
LINE
8
BLACK
6
CONTINUOUS
10
0.8580678346456693
20
1.223452716535433
11
0.8570034251968504
21
1.2230118110236221
0
LINE
8
BLACK
6
CONTINUOUS
10
0.8570034251968504
20
1.2230118110236221
11
0.8558513385826771
21
1.2230118110236221
0
LINE
8
BLACK
6
CONTINUOUS
10
0.8558513385826771
20
1.2230118110236221
11
0.8547869291338582
21
1.223452716535433
0
LINE
8
BLACK
6
CONTINUOUS
10
0.8547869291338582
20
1.223452716535433
11
0.8543394881889763
21
1.2238199212598424
0
LINE
8
BLACK
6
CONTINUOUS
10
0.8543394881889763
20
1.2238199212598424
11
0.8524647244094488
21
1.22569468503937
0
LINE
8
BLACK
6
CONTINUOUS
10
0.8524647244094488
20
1.22569468503937
11
0.8520975196850393
21
1.226142125984252
0
LINE
8
BLACK
6
CONTINUOUS
10
0.8520975196850393
20
1.226142125984252
11
0.8520568897637795
21
1.2262401968503938
0
LINE
8
BLACK
6
CONTINUOUS
10
0.8520568897637795
20
1.2262401968503938
11
0.8519874015748031
21
1.2263203149606299
0
LINE
8
BLACK
6
CONTINUOUS
10
0.8519874015748031
20
1.2263203149606299
11
0.8517514173228347
21
1.2268488582677166
0
LINE
8
BLACK
6
CONTINUOUS
10
0.8517514173228347
20
1.2268488582677166
11
0.8498766535433071
21
1.2324731496062993
0
LINE
8
BLACK
6
CONTINUOUS
10
0.8498766535433071
20
1.2324731496062993
11
0.8498116929133858
21
1.2327587401574802
0
LINE
8
BLACK
6
CONTINUOUS
10
0.8498116929133858
20
1.2327587401574802
11
0.8497818503937008
21
1.2328308267716535
0
LINE
8
BLACK
6
CONTINUOUS
10
0.8497818503937008
20
1.2328308267716535
11
0.8497715354330708
21
1.2329353543307087
0
LINE
8
BLACK
6
CONTINUOUS
10
0.8497715354330708
20
1.2329353543307087
11
0.8497483070866142
21
1.2330375984251969
0
LINE
8
BLACK
6
CONTINUOUS
10
0.8497483070866142
20
1.2330375984251969
11
0.8497538188976378
21
1.2331153543307087
0
LINE
8
BLACK
6
CONTINUOUS
10
0.8497538188976378
20
1.2331153543307087
11
0.8497251181102362
21
1.2334068897637795
0
LINE
8
BLACK
6
CONTINUOUS
10
0.8497251181102362
20
1.2334068897637795
11
0.8497251181102362
21
1.2371564173228347
0
LINE
8
BLACK
6
CONTINUOUS
10
0.8497251181102362
20
1.2371564173228347
11
0.8497538188976378
21
1.2374479921259842
0
LINE
8
BLACK
6
CONTINUOUS
10
0.8497538188976378
20
1.2374479921259842
11
0.8497483070866142
21
1.2375257086614173
0
LINE
8
BLACK
6
CONTINUOUS
10
0.8497483070866142
20
1.2375257086614173
11
0.8497715354330708
21
1.2376279921259843
0
LINE
8
BLACK
6
CONTINUOUS
10
0.8497715354330708
20
1.2376279921259843
11
0.8497818503937008
21
1.2377324803149605
0
LINE
8
BLACK
6
CONTINUOUS
10
0.8497818503937008
20
1.2377324803149605
11
0.8498116929133858
21
1.2378046062992125
0
LINE
8
BLACK
6
CONTINUOUS
10
0.8498116929133858
20
1.2378046062992125
11
0.8498766535433071
21
1.2380901574803149
0
LINE
8
BLACK
6
CONTINUOUS
10
0.8498766535433071
20
1.2380901574803149
11
0.8517514173228347
21
1.2437144488188976
0
LINE
8
BLACK
6
CONTINUOUS
10
0.8517514173228347
20
1.2437144488188976
11
0.8519874015748031
21
1.2442429921259843
0
LINE
8
BLACK
6
CONTINUOUS
10
0.8519874015748031
20
1.2442429921259843
11
0.8520568897637795
21
1.2443231496062992
0
LINE
8
BLACK
6
CONTINUOUS
10
0.8520568897637795
20
1.2443231496062992
11
0.8520975196850393
21
1.2444211811023622
0
LINE
8
BLACK
6
CONTINUOUS
10
0.8520975196850393
20
1.2444211811023622
11
0.8524647244094488
21
1.244868622047244
0
LINE
8
BLACK
6
CONTINUOUS
10
0.8524647244094488
20
1.244868622047244
11
0.8562142519685039
21
1.2486181496062991
0
LINE
8
BLACK
6
CONTINUOUS
10
0.8562142519685039
20
1.2486181496062991
11
0.8564406299212598
21
1.2488040157480316
0
LINE
8
BLACK
6
CONTINUOUS
10
0.8564406299212598
20
1.2488040157480316
11
0.8564917716535433
21
1.2488629133858267
0
LINE
8
BLACK
6
CONTINUOUS
10
0.8564917716535433
20
1.2488629133858267
11
0.8565805118110236
21
1.2489188188976377
0
LINE
8
BLACK
6
CONTINUOUS
10
0.8565805118110236
20
1.2489188188976377
11
0.8566616929133858
21
1.2489853937007873
0
LINE
8
BLACK
6
CONTINUOUS
10
0.8566616929133858
20
1.2489853937007873
11
0.8567338188976378
21
1.2490152755905513
0
LINE
8
BLACK
6
CONTINUOUS
10
0.8567338188976378
20
1.2490152755905513
11
0.856981653543307
21
1.2491712598425198
0
LINE
8
BLACK
6
CONTINUOUS
10
0.856981653543307
20
1.2491712598425198
11
0.8607311811023621
21
1.2510460236220473
0
LINE
8
BLACK
6
CONTINUOUS
10
0.8607311811023621
20
1.2510460236220473
11
0.8607732677165354
21
1.2510621653543308
0
LINE
8
BLACK
6
CONTINUOUS
10
0.8607732677165354
20
1.2510621653543308
11
0.8607904330708661
21
1.2510748425196849
0
LINE
8
BLACK
6
CONTINUOUS
10
0.8607904330708661
20
1.2510748425196849
11
0.8610320078740157
21
1.2511611811023622
0
LINE
8
BLACK
6
CONTINUOUS
10
0.8610320078740157
20
1.2511611811023622
11
0.8612717716535433
21
1.2512529133858268
0
LINE
8
BLACK
6
CONTINUOUS
10
0.8612717716535433
20
1.2512529133858268
11
0.861293031496063
21
1.2512544488188977
0
LINE
8
BLACK
6
CONTINUOUS
10
0.861293031496063
20
1.2512544488188977
11
0.8613355511811024
21
1.2512696062992126
0
LINE
8
BLACK
6
CONTINUOUS
10
0.8613355511811024
20
1.2512696062992126
11
0.8688346062992126
21
1.2531443700787401
0
LINE
8
BLACK
6
CONTINUOUS
10
0.8688346062992126
20
1.2531443700787401
11
0.8689344488188976
21
1.2531591732283465
0
LINE
8
BLACK
6
CONTINUOUS
10
0.8689344488188976
20
1.2531591732283465
11
0.86897468503937
21
1.2531757874015748
0
LINE
8
BLACK
6
CONTINUOUS
10
0.86897468503937
20
1.2531757874015748
11
0.8691916929133858
21
1.2531971653543308
0
LINE
8
BLACK
6
CONTINUOUS
10
0.8691916929133858
20
1.2531971653543308
11
0.8694072047244095
21
1.2532290157480315
0
LINE
8
BLACK
6
CONTINUOUS
10
0.8694072047244095
20
1.2532290157480315
11
0.8694501968503937
21
1.2532226377952755
0
LINE
8
BLACK
6
CONTINUOUS
10
0.8694501968503937
20
1.2532226377952755
11
0.869550748031496
21
1.2532325196850393
0
LINE
8
BLACK
6
CONTINUOUS
10
0.869550748031496
20
1.2532325196850393
11
0.8751750393700787
21
1.2532325196850393
0
LINE
8
BLACK
6
CONTINUOUS
10
0.8751750393700787
20
1.2532325196850393
11
0.8752755511811023
21
1.2532226377952755
0
LINE
8
BLACK
6
CONTINUOUS
10
-0.159889094488189
20
1.464351968503937
11
-0.1595998031496063
21
1.464351968503937
0
LINE
8
BLACK
6
CONTINUOUS
10
-0.1595998031496063
20
1.464351968503937
11
-0.1593297244094488
21
1.4642401181102362
0
LINE
8
BLACK
6
CONTINUOUS
10
-0.1593297244094488
20
1.4642401181102362
11
-0.1590430708661417
21
1.4641827559055118
0
LINE
8
BLACK
6
CONTINUOUS
10
-0.1590430708661417
20
1.4641827559055118
11
-0.1588027165354331
21
1.4640218110236221
0
LINE
8
BLACK
6
CONTINUOUS
10
-0.1588027165354331
20
1.4640218110236221
11
-0.1585353937007874
21
1.4639110629921259
0
LINE
8
BLACK
6
CONTINUOUS
10
-0.1585353937007874
20
1.4639110629921259
11
-0.1583287007874016
21
1.4637043700787402
0
LINE
8
BLACK
6
CONTINUOUS
10
-0.1583287007874016
20
1.4637043700787402
11
-0.1580857874015748
21
1.4635416929133858
0
LINE
8
BLACK
6
CONTINUOUS
10
-0.1580857874015748
20
1.4635416929133858
11
-0.1577227952755905
21
1.4630984645669292
0
LINE
8
BLACK
6
CONTINUOUS
10
-0.1577227952755905
20
1.4630984645669292
11
-0.157720748031496
21
1.4630964173228347
0
LINE
8
BLACK
6
CONTINUOUS
10
-0.157720748031496
20
1.4630964173228347
11
-0.1577203937007874
21
1.4630955511811023
0
LINE
8
BLACK
6
CONTINUOUS
10
-0.1577203937007874
20
1.4630955511811023
11
-0.1577190157480315
21
1.4630938582677164
0
LINE
8
BLACK
6
CONTINUOUS
10
-0.1577190157480315
20
1.4630938582677164
11
-0.1541316929133858
21
1.4577128346456694
0
LINE
8
BLACK
6
CONTINUOUS
10
-0.1541316929133858
20
1.4577128346456694
11
-0.1509277165354331
21
1.4545088582677166
0
LINE
8
BLACK
6
CONTINUOUS
10
-0.1509277165354331
20
1.4545088582677166
11
-0.1476067716535433
21
1.4528483858267716
0
LINE
8
BLACK
6
CONTINUOUS
10
-0.1476067716535433
20
1.4528483858267716
11
-0.1471168897637795
21
1.4525400393700787
0
LINE
8
BLACK
6
CONTINUOUS
10
-0.1471168897637795
20
1.4525400393700787
11
-0.1463620472440945
21
1.4516696456692912
0
LINE
8
BLACK
6
CONTINUOUS
10
-0.1463620472440945
20
1.4516696456692912
11
-0.1459977165354331
21
1.4505766929133859
0
LINE
8
BLACK
6
CONTINUOUS
10
-0.1459977165354331
20
1.4505766929133859
11
-0.1460793700787402
21
1.4494274803149605
0
LINE
8
BLACK
6
CONTINUOUS
10
-0.1460793700787402
20
1.4494274803149605
11
-0.1465946456692913
21
1.4483969685039371
0
LINE
8
BLACK
6
CONTINUOUS
10
-0.1465946456692913
20
1.4483969685039371
11
-0.147465
21
1.447642125984252
0
LINE
8
BLACK
6
CONTINUOUS
10
-0.147465
20
1.447642125984252
11
-0.1485579921259843
21
1.4472777952755904
0
LINE
8
BLACK
6
CONTINUOUS
10
-0.1485579921259843
20
1.4472777952755904
11
-0.1497072047244094
21
1.4473594488188977
0
LINE
8
BLACK
6
CONTINUOUS
10
-0.1497072047244094
20
1.4473594488188977
11
-0.1502477952755905
21
1.4475663385826771
0
LINE
8
BLACK
6
CONTINUOUS
10
-0.1502477952755905
20
1.4475663385826771
11
-0.1539973228346457
21
1.4494411023622047
0
LINE
8
BLACK
6
CONTINUOUS
10
-0.1539973228346457
20
1.4494411023622047
11
-0.1542451574803149
21
1.4495971259842519
0
LINE
8
BLACK
6
CONTINUOUS
10
-0.1542451574803149
20
1.4495971259842519
11
-0.1543172834645669
21
1.4496269685039369
0
LINE
8
BLACK
6
CONTINUOUS
10
-0.1543172834645669
20
1.4496269685039369
11
-0.1543984645669291
21
1.4496935826771653
0
LINE
8
BLACK
6
CONTINUOUS
10
-0.1543984645669291
20
1.4496935826771653
11
-0.1544872047244094
21
1.4497494488188976
0
LINE
8
BLACK
6
CONTINUOUS
10
-0.1544872047244094
20
1.4497494488188976
11
-0.1545383464566929
21
1.4498083858267716
0
LINE
8
BLACK
6
CONTINUOUS
10
-0.1545383464566929
20
1.4498083858267716
11
-0.1547647244094488
21
1.4499942125984251
0
LINE
8
BLACK
6
CONTINUOUS
10
-0.1547647244094488
20
1.4499942125984251
11
-0.1572231102362205
21
1.4524525984251968
0
LINE
8
BLACK
6
CONTINUOUS
10
-0.1572231102362205
20
1.4524525984251968
11
-0.1572231102362205
21
1.425038622047244
0
LINE
8
BLACK
6
CONTINUOUS
10
-0.1572231102362205
20
1.425038622047244
11
-0.1489272834645669
21
1.425038622047244
0
LINE
8
BLACK
6
CONTINUOUS
10
-0.1489272834645669
20
1.425038622047244
11
-0.148351220472441
21
1.4249818897637796
0
LINE
8
BLACK
6
CONTINUOUS
10
-0.148351220472441
20
1.4249818897637796
11
-0.147286811023622
21
1.4245409842519685
0
LINE
8
BLACK
6
CONTINUOUS
10
-0.147286811023622
20
1.4245409842519685
11
-0.1464721653543307
21
1.4237263385826771
0
LINE
8
BLACK
6
CONTINUOUS
10
-0.1464721653543307
20
1.4237263385826771
11
-0.1460312598425197
21
1.4226619291338582
0
LINE
8
BLACK
6
CONTINUOUS
10
-0.1460312598425197
20
1.4226619291338582
11
-0.1460312598425197
21
1.4215098031496063
0
LINE
8
BLACK
6
CONTINUOUS
10
-0.1460312598425197
20
1.4215098031496063
11
-0.1464721653543307
21
1.4204453937007873
0
LINE
8
BLACK
6
CONTINUOUS
10
-0.1464721653543307
20
1.4204453937007873
11
-0.147286811023622
21
1.419630748031496
0
LINE
8
BLACK
6
CONTINUOUS
10
-0.147286811023622
20
1.419630748031496
11
-0.148351220472441
21
1.4191898425196849
0
LINE
8
BLACK
6
CONTINUOUS
10
-0.148351220472441
20
1.4191898425196849
11
-0.1489272834645669
21
1.4191331102362204
0
LINE
8
BLACK
6
CONTINUOUS
10
-0.1489272834645669
20
1.4191331102362204
11
-0.1714244488188976
21
1.4191331102362204
0
LINE
8
BLACK
6
CONTINUOUS
10
-0.1714244488188976
20
1.4191331102362204
11
-0.1720005118110236
21
1.4191898425196849
0
LINE
8
BLACK
6
CONTINUOUS
10
-0.1720005118110236
20
1.4191898425196849
11
-0.1730649212598425
21
1.419630748031496
0
LINE
8
BLACK
6
CONTINUOUS
10
-0.1730649212598425
20
1.419630748031496
11
-0.1738795669291339
21
1.4204453937007873
0
LINE
8
BLACK
6
CONTINUOUS
10
-0.1738795669291339
20
1.4204453937007873
11
-0.1743204724409449
21
1.4215098031496063
0
LINE
8
BLACK
6
CONTINUOUS
10
-0.1743204724409449
20
1.4215098031496063
11
-0.1743204724409449
21
1.4226619291338582
0
LINE
8
BLACK
6
CONTINUOUS
10
-0.1743204724409449
20
1.4226619291338582
11
-0.1738795669291339
21
1.4237263385826771
0
LINE
8
BLACK
6
CONTINUOUS
10
-0.1738795669291339
20
1.4237263385826771
11
-0.1730649212598425
21
1.4245409842519685
0
LINE
8
BLACK
6
CONTINUOUS
10
-0.1730649212598425
20
1.4245409842519685
11
-0.1720005118110236
21
1.4249818897637796
0
LINE
8
BLACK
6
CONTINUOUS
10
-0.1720005118110236
20
1.4249818897637796
11
-0.1714244488188976
21
1.425038622047244
0
LINE
8
BLACK
6
CONTINUOUS
10
-0.1714244488188976
20
1.425038622047244
11
-0.1631286220472441
21
1.425038622047244
0
LINE
8
BLACK
6
CONTINUOUS
10
-0.1631286220472441
20
1.425038622047244
11
-0.1631286220472441
21
1.4614559448818898
0
LINE
8
BLACK
6
CONTINUOUS
10
-0.1631286220472441
20
1.4614559448818898
11
-0.1631284251968504
21
1.461458031496063
0
LINE
8
BLACK
6
CONTINUOUS
10
-0.1631284251968504
20
1.461458031496063
11
-0.1631286220472441
21
1.4614590551181101
0
LINE
8
BLACK
6
CONTINUOUS
10
-0.1631286220472441
20
1.4614590551181101
11
-0.163128031496063
21
1.4614620866141732
0
LINE
8
BLACK
6
CONTINUOUS
10
-0.163128031496063
20
1.4614620866141732
11
-0.1630718897637795
21
1.4620320078740157
0
LINE
8
BLACK
6
CONTINUOUS
10
-0.1630718897637795
20
1.4620320078740157
11
-0.1629600393700787
21
1.4623021259842519
0
LINE
8
BLACK
6
CONTINUOUS
10
-0.1629600393700787
20
1.4623021259842519
11
-0.1629026771653543
21
1.4625887401574802
0
LINE
8
BLACK
6
CONTINUOUS
10
-0.1629026771653543
20
1.4625887401574802
11
-0.1627417322834646
21
1.4628291338582677
0
LINE
8
BLACK
6
CONTINUOUS
10
-0.1627417322834646
20
1.4628291338582677
11
-0.1626309842519685
21
1.4630964173228347
0
LINE
8
BLACK
6
CONTINUOUS
10
-0.1626309842519685
20
1.4630964173228347
11
-0.1624242913385827
21
1.4633031496062991
0
LINE
8
BLACK
6
CONTINUOUS
10
-0.1624242913385827
20
1.4633031496062991
11
-0.1622616141732283
21
1.4635460236220472
0
LINE
8
BLACK
6
CONTINUOUS
10
-0.1622616141732283
20
1.4635460236220472
11
-0.162020905511811
21
1.4637065354330709
0
LINE
8
BLACK
6
CONTINUOUS
10
-0.162020905511811
20
1.4637065354330709
11
-0.1618163385826772
21
1.4639110629921259
0
LINE
8
BLACK
6
CONTINUOUS
10
-0.1618163385826772
20
1.4639110629921259
11
-0.1615462598425197
21
1.4640229527559054
0
LINE
8
BLACK
6
CONTINUOUS
10
-0.1615462598425197
20
1.4640229527559054
11
-0.1613029921259843
21
1.4641851181102361
0
LINE
8
BLACK
6
CONTINUOUS
10
-0.1613029921259843
20
1.4641851181102361
11
-0.1610192125984252
21
1.4642412598425196
0
LINE
8
BLACK
6
CONTINUOUS
10
-0.1610192125984252
20
1.4642412598425196
11
-0.1607519291338583
21
1.464351968503937
0
LINE
8
BLACK
6
CONTINUOUS
10
-0.1607519291338583
20
1.464351968503937
11
-0.1604595275590551
21
1.464351968503937
0
LINE
8
BLACK
6
CONTINUOUS
10
-0.1604595275590551
20
1.464351968503937
11
-0.1601727559055118
21
1.4644087007874016
0
LINE
8
BLACK
6
CONTINUOUS
10
-0.1601727559055118
20
1.4644087007874016
11
-0.159889094488189
21
1.464351968503937
0
LINE
8
BLACK
6
CONTINUOUS
10
-0.110855905511811
20
1.464351968503937
11
-0.1097914960629921
21
1.4639110629921259
0
LINE
8
BLACK
6
CONTINUOUS
10
-0.1097914960629921
20
1.4639110629921259
11
-0.1089768503937008
21
1.4630964173228347
0
LINE
8
BLACK
6
CONTINUOUS
10
-0.1089768503937008
20
1.4630964173228347
11
-0.1085359448818898
21
1.4620320078740157
0
LINE
8
BLACK
6
CONTINUOUS
10
-0.1085359448818898
20
1.4620320078740157
11
-0.1084792125984252
21
1.4614559448818898
0
LINE
8
BLACK
6
CONTINUOUS
10
-0.1084792125984252
20
1.4614559448818898
11
-0.1084792125984252
21
1.4220858661417322
0
LINE
8
BLACK
6
CONTINUOUS
10
-0.1084792125984252
20
1.4220858661417322
11
-0.1085359448818898
21
1.4215098031496063
0
LINE
8
BLACK
6
CONTINUOUS
10
-0.1085359448818898
20
1.4215098031496063
11
-0.1089768503937008
21
1.4204453937007873
0
LINE
8
BLACK
6
CONTINUOUS
10
-0.1089768503937008
20
1.4204453937007873
11
-0.1097914960629921
21
1.419630748031496
0
LINE
8
BLACK
6
CONTINUOUS
10
-0.1097914960629921
20
1.419630748031496
11
-0.110855905511811
21
1.4191898425196849
0
LINE
8
BLACK
6
CONTINUOUS
10
-0.110855905511811
20
1.4191898425196849
11
-0.111431968503937
21
1.4191331102362204
0
LINE
8
BLACK
6
CONTINUOUS
10
-0.111431968503937
20
1.4191331102362204
11
-0.1208057874015748
21
1.4191331102362204
0
LINE
8
BLACK
6
CONTINUOUS
10
-0.1208057874015748
20
1.4191331102362204
11
-0.1210974015748031
21
1.4191618503937007
0
LINE
8
BLACK
6
CONTINUOUS
10
-0.1210974015748031
20
1.4191618503937007
11
-0.1211751181102362
21
1.4191562992125983
0
LINE
8
BLACK
6
CONTINUOUS
10
-0.1211751181102362
20
1.4191562992125983
11
-0.1212774015748031
21
1.4191795669291338
0
LINE
8
BLACK
6
CONTINUOUS
10
-0.1212774015748031
20
1.4191795669291338
11
-0.1213818503937008
21
1.4191898425196849
0
LINE
8
BLACK
6
CONTINUOUS
10
-0.1213818503937008
20
1.4191898425196849
11
-0.121453937007874
21
1.4192197244094489
0
LINE
8
BLACK
6
CONTINUOUS
10
-0.121453937007874
20
1.4192197244094489
11
-0.1217395669291339
21
1.4192846456692914
0
LINE
8
BLACK
6
CONTINUOUS
10
-0.1217395669291339
20
1.4192846456692914
11
-0.1273638188976378
21
1.4211594094488189
0
LINE
8
BLACK
6
CONTINUOUS
10
-0.1273638188976378
20
1.4211594094488189
11
-0.1278924015748031
21
1.4213953937007873
0
LINE
8
BLACK
6
CONTINUOUS
10
-0.1278924015748031
20
1.4213953937007873
11
-0.1279725196850394
21
1.4214648818897637
0
LINE
8
BLACK
6
CONTINUOUS
10
-0.1279725196850394
20
1.4214648818897637
11
-0.1280705511811024
21
1.4215054724409448
0
LINE
8
BLACK
6
CONTINUOUS
10
-0.1280705511811024
20
1.4215054724409448
11
-0.1285179921259842
21
1.421872716535433
0
LINE
8
BLACK
6
CONTINUOUS
10
-0.1285179921259842
20
1.421872716535433
11
-0.1322675196850394
21
1.4256222834645669
0
LINE
8
BLACK
6
CONTINUOUS
10
-0.1322675196850394
20
1.4256222834645669
11
-0.1324533070866142
21
1.4258486614173227
0
LINE
8
BLACK
6
CONTINUOUS
10
-0.1324533070866142
20
1.4258486614173227
11
-0.1325122834645669
21
1.4258998031496062
0
LINE
8
BLACK
6
CONTINUOUS
10
-0.1325122834645669
20
1.4258998031496062
11
-0.1325682677165354
21
1.4259887401574802
0
LINE
8
BLACK
6
CONTINUOUS
10
-0.1325682677165354
20
1.4259887401574802
11
-0.1326347637795275
21
1.4260697637795274
0
LINE
8
BLACK
6
CONTINUOUS
10
-0.1326347637795275
20
1.4260697637795274
11
-0.1326646062992126
21
1.4261418110236219
0
LINE
8
BLACK
6
CONTINUOUS
10
-0.1326646062992126
20
1.4261418110236219
11
-0.1328206299212598
21
1.42638968503937
0
LINE
8
BLACK
6
CONTINUOUS
10
-0.1328206299212598
20
1.42638968503937
11
-0.1346953937007874
21
1.4301392125984251
0
LINE
8
BLACK
6
CONTINUOUS
10
-0.1346953937007874
20
1.4301392125984251
11
-0.1347115354330709
21
1.4301813385826772
0
LINE
8
BLACK
6
CONTINUOUS
10
-0.1347115354330709
20
1.4301813385826772
11
-0.1347242125984252
21
1.430198464566929
0
LINE
8
BLACK
6
CONTINUOUS
10
-0.1347242125984252
20
1.430198464566929
11
-0.1348106692913386
21
1.4304404330708662
0
LINE
8
BLACK
6
CONTINUOUS
10
-0.1348106692913386
20
1.4304404330708662
11
-0.1349022834645669
21
1.4306798425196849
0
LINE
8
BLACK
6
CONTINUOUS
10
-0.1349022834645669
20
1.4306798425196849
11
-0.1349038188976378
21
1.4307011023622047
0
LINE
8
BLACK
6
CONTINUOUS
10
-0.1349038188976378
20
1.4307011023622047
11
-0.1349189763779527
21
1.4307435826771653
0
LINE
8
BLACK
6
CONTINUOUS
10
-0.1349189763779527
20
1.4307435826771653
11
-0.1367937401574803
21
1.4382426377952755
0
LINE
8
BLACK
6
CONTINUOUS
10
-0.1367937401574803
20
1.4382426377952755
11
-0.1368085433070866
21
1.4383425196850392
0
LINE
8
BLACK
6
CONTINUOUS
10
-0.1368085433070866
20
1.4383425196850392
11
-0.136825157480315
21
1.438382716535433
0
LINE
8
BLACK
6
CONTINUOUS
10
-0.136825157480315
20
1.438382716535433
11
-0.1368465354330709
21
1.4385997637795276
0
LINE
8
BLACK
6
CONTINUOUS
10
-0.1368465354330709
20
1.4385997637795276
11
-0.1368783858267716
21
1.4388152362204725
0
LINE
8
BLACK
6
CONTINUOUS
10
-0.1368783858267716
20
1.4388152362204725
11
-0.1368720078740157
21
1.4388582677165354
0
LINE
8
BLACK
6
CONTINUOUS
10
-0.1368720078740157
20
1.4388582677165354
11
-0.1368818897637795
21
1.4389587795275591
0
LINE
8
BLACK
6
CONTINUOUS
10
-0.1368818897637795
20
1.4389587795275591
11
-0.1368818897637795
21
1.4445830708661418
0
LINE
8
BLACK
6
CONTINUOUS
10
-0.1368818897637795
20
1.4445830708661418
11
-0.1368720078740157
21
1.4446836220472441
0
LINE
8
BLACK
6
CONTINUOUS
10
-0.1368720078740157
20
1.4446836220472441
11
-0.1368783858267716
21
1.4447266141732282
0
LINE
8
BLACK
6
CONTINUOUS
10
-0.1368783858267716
20
1.4447266141732282
11
-0.1368465354330709
21
1.4449421259842519
0
LINE
8
BLACK
6
CONTINUOUS
10
-0.1368465354330709
20
1.4449421259842519
11
-0.136825157480315
21
1.4451591338582677
0
LINE
8
BLACK
6
CONTINUOUS
10
-0.136825157480315
20
1.4451591338582677
11
-0.1368085433070866
21
1.4451993700787402
0
LINE
8
BLACK
6
CONTINUOUS
10
-0.1368085433070866
20
1.4451993700787402
11
-0.1367937401574803
21
1.4452992125984252
0
LINE
8
BLACK
6
CONTINUOUS
10
-0.1367937401574803
20
1.4452992125984252
11
-0.1349189763779527
21
1.4527982677165354
0
LINE
8
BLACK
6
CONTINUOUS
10
-0.1349189763779527
20
1.4527982677165354
11
-0.1349038188976378
21
1.4528407874015747
0
LINE
8
BLACK
6
CONTINUOUS
10
-0.1349038188976378
20
1.4528407874015747
11
-0.1349022834645669
21
1.4528620078740158
0
LINE
8
BLACK
6
CONTINUOUS
10
-0.1349022834645669
20
1.4528620078740158
11
-0.1348102755905512
21
1.4531024803149606
0
LINE
8
BLACK
6
CONTINUOUS
10
-0.1348102755905512
20
1.4531024803149606
11
-0.1347242125984252
21
1.4533433858267717
0
LINE
8
BLACK
6
CONTINUOUS
10
-0.1347242125984252
20
1.4533433858267717
11
-0.1347115354330709
21
1.4533605511811023
0
LINE
8
BLACK
6
CONTINUOUS
10
-0.1347115354330709
20
1.4533605511811023
11
-0.1346953937007874
21
1.4534026377952756
0
LINE
8
BLACK
6
CONTINUOUS
10
-0.1346953937007874
20
1.4534026377952756
11
-0.1328206299212598
21
1.4571521653543307
0
LINE
8
BLACK
6
CONTINUOUS
10
-0.1328206299212598
20
1.4571521653543307
11
-0.1326645669291339
21
1.4574001968503936
0
LINE
8
BLACK
6
CONTINUOUS
10
-0.1326645669291339
20
1.4574001968503936
11
-0.1326347244094488
21
1.457472125984252
0
LINE
8
BLACK
6
CONTINUOUS
10
-0.1326347244094488
20
1.457472125984252
11
-0.1325682677165354
21
1.4575531102362205
0
LINE
8
BLACK
6
CONTINUOUS
10
-0.1325682677165354
20
1.4575531102362205
11
-0.1325122834645669
21
1.4576420472440945
0
LINE
8
BLACK
6
CONTINUOUS
10
-0.1325122834645669
20
1.4576420472440945
11
-0.1324533070866142
21
1.4576932283464568
0
LINE
8
BLACK
6
CONTINUOUS
10
-0.1324533070866142
20
1.4576932283464568
11
-0.1322675196850394
21
1.4579195669291338
0
LINE
8
BLACK
6
CONTINUOUS
10
-0.1322675196850394
20
1.4579195669291338
11
-0.1285179921259842
21
1.4616690944881889
0
LINE
8
BLACK
6
CONTINUOUS
10
-0.1285179921259842
20
1.4616690944881889
11
-0.1280705511811024
21
1.4620363385826771
0
LINE
8
BLACK
6
CONTINUOUS
10
-0.1280705511811024
20
1.4620363385826771
11
-0.1279725196850394
21
1.462076968503937
0
LINE
8
BLACK
6
CONTINUOUS
10
-0.1279725196850394
20
1.462076968503937
11
-0.1278924015748031
21
1.4621464173228347
0
LINE
8
BLACK
6
CONTINUOUS
10
-0.1278924015748031
20
1.4621464173228347
11
-0.1273638188976378
21
1.462382401574803
0
LINE
8
BLACK
6
CONTINUOUS
10
-0.1273638188976378
20
1.462382401574803
11
-0.1217395669291339
21
1.4642571653543306
0
LINE
8
BLACK
6
CONTINUOUS
10
-0.1217395669291339
20
1.4642571653543306
11
-0.121453937007874
21
1.464322125984252
0
LINE
8
BLACK
6
CONTINUOUS
10
-0.121453937007874
20
1.464322125984252
11
-0.1213818503937008
21
1.464351968503937
0
LINE
8
BLACK
6
CONTINUOUS
10
-0.1213818503937008
20
1.464351968503937
11
-0.1212774015748031
21
1.4643622834645669
0
LINE
8
BLACK
6
CONTINUOUS
10
-0.1212774015748031
20
1.4643622834645669
11
-0.1211751181102362
21
1.4643855118110236
0
LINE
8
BLACK
6
CONTINUOUS
10
-0.1211751181102362
20
1.4643855118110236
11
-0.1210974015748031
21
1.46438
0
LINE
8
BLACK
6
CONTINUOUS
10
-0.1210974015748031
20
1.46438
11
-0.1208057874015748
21
1.4644087007874016
0
LINE
8
BLACK
6
CONTINUOUS
10
-0.1208057874015748
20
1.4644087007874016
11
-0.111431968503937
21
1.4644087007874016
0
LINE
8
BLACK
6
CONTINUOUS
10
-0.111431968503937
20
1.4644087007874016
11
-0.110855905511811
21
1.464351968503937
0
LINE
8
BLACK
6
CONTINUOUS
10
-0.1248350393700787
20
1.4570003937007874
11
-0.127752874015748
21
1.4540825590551181
0
LINE
8
BLACK
6
CONTINUOUS
10
-0.127752874015748
20
1.4540825590551181
11
-0.1292683858267716
21
1.4510515748031496
0
LINE
8
BLACK
6
CONTINUOUS
10
-0.1292683858267716
20
1.4510515748031496
11
-0.1309763779527559
21
1.444219527559055
0
LINE
8
BLACK
6
CONTINUOUS
10
-0.1309763779527559
20
1.444219527559055
11
-0.1309763779527559
21
1.4393223228346457
0
LINE
8
BLACK
6
CONTINUOUS
10
-0.1309763779527559
20
1.4393223228346457
11
-0.1292683858267716
21
1.4324902755905511
0
LINE
8
BLACK
6
CONTINUOUS
10
-0.1292683858267716
20
1.4324902755905511
11
-0.127752874015748
21
1.4294592913385826
0
LINE
8
BLACK
6
CONTINUOUS
10
-0.127752874015748
20
1.4294592913385826
11
-0.1248350393700787
21
1.4265414173228346
0
LINE
8
BLACK
6
CONTINUOUS
10
-0.1248350393700787
20
1.4265414173228346
11
-0.1203266535433071
21
1.425038622047244
0
LINE
8
BLACK
6
CONTINUOUS
10
-0.1203266535433071
20
1.425038622047244
11
-0.1143847244094488
21
1.425038622047244
0
LINE
8
BLACK
6
CONTINUOUS
10
-0.1143847244094488
20
1.425038622047244
11
-0.1143847244094488
21
1.458503188976378
0
LINE
8
BLACK
6
CONTINUOUS
10
-0.1143847244094488
20
1.458503188976378
11
-0.1203266535433071
21
1.458503188976378
0
LINE
8
BLACK
6
CONTINUOUS
10
-0.1203266535433071
20
1.458503188976378
11
-0.1248350393700787
21
1.4570003937007874
0
LINE
8
BLACK
6
CONTINUOUS
10
-0.0910438582677165
20
1.4639110629921259
11
-0.0902292125984252
21
1.4630964173228347
0
LINE
8
BLACK
6
CONTINUOUS
10
-0.0902292125984252
20
1.4630964173228347
11
-0.0897883070866142
21
1.4620320078740157
0
LINE
8
BLACK
6
CONTINUOUS
10
-0.0897883070866142
20
1.4620320078740157
11
-0.0897315748031496
21
1.4614559448818898
0
LINE
8
BLACK
6
CONTINUOUS
10
-0.0897315748031496
20
1.4614559448818898
11
-0.0897315748031496
21
1.4220858661417322
0
LINE
8
BLACK
6
CONTINUOUS
10
-0.0897315748031496
20
1.4220858661417322
11
-0.0897883070866142
21
1.4215098031496063
0
LINE
8
BLACK
6
CONTINUOUS
10
-0.0897883070866142
20
1.4215098031496063
11
-0.0902292125984252
21
1.4204453937007873
0
LINE
8
BLACK
6
CONTINUOUS
10
-0.0902292125984252
20
1.4204453937007873
11
-0.0910438582677165
21
1.419630748031496
0
LINE
8
BLACK
6
CONTINUOUS
10
-0.0910438582677165
20
1.419630748031496
11
-0.0921082677165354
21
1.4191898425196849
0
LINE
8
BLACK
6
CONTINUOUS
10
-0.0921082677165354
20
1.4191898425196849
11
-0.0932603937007874
21
1.4191898425196849
0
LINE
8
BLACK
6
CONTINUOUS
10
-0.0932603937007874
20
1.4191898425196849
11
-0.0943248031496063
21
1.419630748031496
0
LINE
8
BLACK
6
CONTINUOUS
10
-0.0943248031496063
20
1.419630748031496
11
-0.0951394488188976
21
1.4204453937007873
0
LINE
8
BLACK
6
CONTINUOUS
10
-0.0951394488188976
20
1.4204453937007873
11
-0.0955803543307087
21
1.4215098031496063
0
LINE
8
BLACK
6
CONTINUOUS
10
-0.0955803543307087
20
1.4215098031496063
11
-0.0956370866141732
21
1.4220858661417322
0
LINE
8
BLACK
6
CONTINUOUS
10
-0.0956370866141732
20
1.4220858661417322
11
-0.0956370866141732
21
1.4614559448818898
0
LINE
8
BLACK
6
CONTINUOUS
10
-0.0956370866141732
20
1.4614559448818898
11
-0.0955803543307087
21
1.4620320078740157
0
LINE
8
BLACK
6
CONTINUOUS
10
-0.0955803543307087
20
1.4620320078740157
11
-0.0951394488188976
21
1.4630964173228347
0
LINE
8
BLACK
6
CONTINUOUS
10
-0.0951394488188976
20
1.4630964173228347
11
-0.0943248031496063
21
1.4639110629921259
0
LINE
8
BLACK
6
CONTINUOUS
10
-0.0943248031496063
20
1.4639110629921259
11
-0.0932603937007874
21
1.464351968503937
0
LINE
8
BLACK
6
CONTINUOUS
10
-0.0932603937007874
20
1.464351968503937
11
-0.0921082677165354
21
1.464351968503937
0
LINE
8
BLACK
6
CONTINUOUS
10
-0.0921082677165354
20
1.464351968503937
11
-0.0910438582677165
21
1.4639110629921259
0
LINE
8
BLACK
6
CONTINUOUS
10
-0.0583624803149606
20
1.464351968503937
11
-0.0572980708661417
21
1.4639110629921259
0
LINE
8
BLACK
6
CONTINUOUS
10
-0.0572980708661417
20
1.4639110629921259
11
-0.0564834251968504
21
1.4630964173228347
0
LINE
8
BLACK
6
CONTINUOUS
10
-0.0564834251968504
20
1.4630964173228347
11
-0.0560425196850394
21
1.4620320078740157
0
LINE
8
BLACK
6
CONTINUOUS
10
-0.0560425196850394
20
1.4620320078740157
11
-0.0559857874015748
21
1.4614559448818898
0
LINE
8
BLACK
6
CONTINUOUS
10
-0.0559857874015748
20
1.4614559448818898
11
-0.0559857874015748
21
1.4220858661417322
0
LINE
8
BLACK
6
CONTINUOUS
10
-0.0559857874015748
20
1.4220858661417322
11
-0.0560425196850394
21
1.4215098031496063
0
LINE
8
BLACK
6
CONTINUOUS
10
-0.0560425196850394
20
1.4215098031496063
11
-0.0564834251968504
21
1.4204453937007873
0
LINE
8
BLACK
6
CONTINUOUS
10
-0.0564834251968504
20
1.4204453937007873
11
-0.0572980708661417
21
1.419630748031496
0
LINE
8
BLACK
6
CONTINUOUS
10
-0.0572980708661417
20
1.419630748031496
11
-0.0583624803149606
21
1.4191898425196849
0
LINE
8
BLACK
6
CONTINUOUS
10
-0.0583624803149606
20
1.4191898425196849
11
-0.0595146062992126
21
1.4191898425196849
0
LINE
8
BLACK
6
CONTINUOUS
10
-0.0595146062992126
20
1.4191898425196849
11
-0.0605790157480315
21
1.419630748031496
0
LINE
8
BLACK
6
CONTINUOUS
10
-0.0605790157480315
20
1.419630748031496
11
-0.0613936614173228
21
1.4204453937007873
0
LINE
8
BLACK
6
CONTINUOUS
10
-0.0613936614173228
20
1.4204453937007873
11
-0.0618345669291339
21
1.4215098031496063
0
LINE
8
BLACK
6
CONTINUOUS
10
-0.0618345669291339
20
1.4215098031496063
11
-0.0618912992125984
21
1.4220858661417322
0
LINE
8
BLACK
6
CONTINUOUS
10
-0.0618912992125984
20
1.4220858661417322
11
-0.0618912992125984
21
1.4397555511811024
0
LINE
8
BLACK
6
CONTINUOUS
10
-0.0618912992125984
20
1.4397555511811024
11
-0.0720618897637795
21
1.4397555511811024
0
LINE
8
BLACK
6
CONTINUOUS
10
-0.0720618897637795
20
1.4397555511811024
11
-0.0726379527559055
21
1.4398122834645668
0
LINE
8
BLACK
6
CONTINUOUS
10
-0.0726379527559055
20
1.4398122834645668
11
-0.0737023622047244
21
1.4402531889763779
0
LINE
8
BLACK
6
CONTINUOUS
10
-0.0737023622047244
20
1.4402531889763779
11
-0.0745170078740157
21
1.4410678346456693
0
LINE
8
BLACK
6
CONTINUOUS
10
-0.0745170078740157
20
1.4410678346456693
11
-0.0749579133858268
21
1.4421322440944881
0
LINE
8
BLACK
6
CONTINUOUS
10
-0.0749579133858268
20
1.4421322440944881
11
-0.0749579133858268
21
1.4432843700787401
0
LINE
8
BLACK
6
CONTINUOUS
10
-0.0749579133858268
20
1.4432843700787401
11
-0.0745170078740157
21
1.4443487795275589
0
LINE
8
BLACK
6
CONTINUOUS
10
-0.0745170078740157
20
1.4443487795275589
11
-0.0737023622047244
21
1.4451634251968504
0
LINE
8
BLACK
6
CONTINUOUS
10
-0.0737023622047244
20
1.4451634251968504
11
-0.0726379527559055
21
1.4456043307086615
0
LINE
8
BLACK
6
CONTINUOUS
10
-0.0726379527559055
20
1.4456043307086615
11
-0.0720618897637795
21
1.445661062992126
0
LINE
8
BLACK
6
CONTINUOUS
10
-0.0720618897637795
20
1.445661062992126
11
-0.0618912992125984
21
1.445661062992126
0
LINE
8
BLACK
6
CONTINUOUS
10
-0.0618912992125984
20
1.445661062992126
11
-0.0618912992125984
21
1.458503188976378
0
LINE
8
BLACK
6
CONTINUOUS
10
-0.0618912992125984
20
1.458503188976378
11
-0.0776861811023622
21
1.458503188976378
0
LINE
8
BLACK
6
CONTINUOUS
10
-0.0776861811023622
20
1.458503188976378
11
-0.0782622440944882
21
1.4585599212598426
0
LINE
8
BLACK
6
CONTINUOUS
10
-0.0782622440944882
20
1.4585599212598426
11
-0.0793266535433071
21
1.4590008267716534
0
LINE
8
BLACK
6
CONTINUOUS
10
-0.0793266535433071
20
1.4590008267716534
11
-0.0801412992125984
21
1.4598154724409449
0
LINE
8
BLACK
6
CONTINUOUS
10
-0.0801412992125984
20
1.4598154724409449
11
-0.0805822047244095
21
1.4608798818897637
0
LINE
8
BLACK
6
CONTINUOUS
10
-0.0805822047244095
20
1.4608798818897637
11
-0.0805822047244095
21
1.4620320078740157
0
LINE
8
BLACK
6
CONTINUOUS
10
-0.0805822047244095
20
1.4620320078740157
11
-0.0801412992125984
21
1.4630964173228347
0
LINE
8
BLACK
6
CONTINUOUS
10
-0.0801412992125984
20
1.4630964173228347
11
-0.0793266535433071
21
1.4639110629921259
0
LINE
8
BLACK
6
CONTINUOUS
10
-0.0793266535433071
20
1.4639110629921259
11
-0.0782622440944882
21
1.464351968503937
0
LINE
8
BLACK
6
CONTINUOUS
10
-0.0782622440944882
20
1.464351968503937
11
-0.0776861811023622
21
1.4644087007874016
0
LINE
8
BLACK
6
CONTINUOUS
10
-0.0776861811023622
20
1.4644087007874016
11
-0.0589385433070866
21
1.4644087007874016
0
LINE
8
BLACK
6
CONTINUOUS
10
-0.0589385433070866
20
1.4644087007874016
11
-0.0583624803149606
21
1.464351968503937
0
LINE
8
BLACK
6
CONTINUOUS
10
-0.1539755118110236
20
1.604115748031496
11
-0.1538775196850394
21
1.6040751574803149
0
LINE
8
BLACK
6
CONTINUOUS
10
-0.1538775196850394
20
1.6040751574803149
11
-0.1537716929133858
21
1.6040676377952756
0
LINE
8
BLACK
6
CONTINUOUS
10
-0.1537716929133858
20
1.6040676377952756
11
-0.153231062992126
21
1.6038607480314959
0
LINE
8
BLACK
6
CONTINUOUS
10
-0.153231062992126
20
1.6038607480314959
11
-0.1494815354330709
21
1.6019859842519684
0
LINE
8
BLACK
6
CONTINUOUS
10
-0.1494815354330709
20
1.6019859842519684
11
-0.1492335433070866
21
1.6018299212598426
0
LINE
8
BLACK
6
CONTINUOUS
10
-0.1492335433070866
20
1.6018299212598426
11
-0.1491615748031496
21
1.6018000787401574
0
LINE
8
BLACK
6
CONTINUOUS
10
-0.1491615748031496
20
1.6018000787401574
11
-0.1490806299212598
21
1.601733622047244
0
LINE
8
BLACK
6
CONTINUOUS
10
-0.1490806299212598
20
1.601733622047244
11
-0.1489916535433071
21
1.6016776377952755
0
LINE
8
BLACK
6
CONTINUOUS
10
-0.1489916535433071
20
1.6016776377952755
11
-0.1489405118110236
21
1.6016186614173229
0
LINE
8
BLACK
6
CONTINUOUS
10
-0.1489405118110236
20
1.6016186614173229
11
-0.1487141338582677
21
1.601432874015748
0
LINE
8
BLACK
6
CONTINUOUS
10
-0.1487141338582677
20
1.601432874015748
11
-0.1468393700787402
21
1.5995581102362204
0
LINE
8
BLACK
6
CONTINUOUS
10
-0.1468393700787402
20
1.5995581102362204
11
-0.1464721653543307
21
1.5991106692913386
0
LINE
8
BLACK
6
CONTINUOUS
10
-0.1464721653543307
20
1.5991106692913386
11
-0.1460312598425197
21
1.5980462598425196
0
LINE
8
BLACK
6
CONTINUOUS
10
-0.1460312598425197
20
1.5980462598425196
11
-0.1460312598425197
21
1.5968941732283464
0
LINE
8
BLACK
6
CONTINUOUS
10
-0.1460312598425197
20
1.5968941732283464
11
-0.1464721653543307
21
1.5958297637795276
0
LINE
8
BLACK
6
CONTINUOUS
10
-0.1464721653543307
20
1.5958297637795276
11
-0.1472868503937008
21
1.5950150787401574
0
LINE
8
BLACK
6
CONTINUOUS
10
-0.1472868503937008
20
1.5950150787401574
11
-0.1483512598425197
21
1.5945741732283465
0
LINE
8
BLACK
6
CONTINUOUS
10
-0.1483512598425197
20
1.5945741732283465
11
-0.1495033464566929
21
1.5945741732283465
0
LINE
8
BLACK
6
CONTINUOUS
10
-0.1495033464566929
20
1.5945741732283465
11
-0.1505677559055118
21
1.5950150787401574
0
LINE
8
BLACK
6
CONTINUOUS
10
-0.1505677559055118
20
1.5950150787401574
11
-0.1510151968503937
21
1.5953822834645668
0
LINE
8
BLACK
6
CONTINUOUS
10
-0.1510151968503937
20
1.5953822834645668
11
-0.1525511417322835
21
1.5969182283464567
0
LINE
8
BLACK
6
CONTINUOUS
10
-0.1525511417322835
20
1.5969182283464567
11
-0.1552486220472441
21
1.598266968503937
0
LINE
8
BLACK
6
CONTINUOUS
10
-0.1552486220472441
20
1.598266968503937
11
-0.1632283464566929
21
1.598266968503937
0
LINE
8
BLACK
6
CONTINUOUS
10
-0.1632283464566929
20
1.598266968503937
11
-0.1659258267716535
21
1.5969182283464567
0
LINE
8
BLACK
6
CONTINUOUS
10
-0.1659258267716535
20
1.5969182283464567
11
-0.1671229527559055
21
1.5957211023622047
0
LINE
8
BLACK
6
CONTINUOUS
10
-0.1671229527559055
20
1.5957211023622047
11
-0.1684716929133858
21
1.593023622047244
0
LINE
8
BLACK
6
CONTINUOUS
10
-0.1684716929133858
20
1.593023622047244
11
-0.1684716929133858
21
1.5904503149606299
0
LINE
8
BLACK
6
CONTINUOUS
10
-0.1684716929133858
20
1.5904503149606299
11
-0.1669688976377953
21
1.5859418897637796
0
LINE
8
BLACK
6
CONTINUOUS
10
-0.1669688976377953
20
1.5859418897637796
11
-0.1449646062992126
21
1.5639375590551181
0
LINE
8
BLACK
6
CONTINUOUS
10
-0.1449646062992126
20
1.5639375590551181
11
-0.1445973622047244
21
1.5634901181102361
0
LINE
8
BLACK
6
CONTINUOUS
10
-0.1445973622047244
20
1.5634901181102361
11
-0.1441564960629921
21
1.5624256692913385
0
LINE
8
BLACK
6
CONTINUOUS
10
-0.1441564960629921
20
1.5624256692913385
11
-0.1441564960629921
21
1.5612735826771653
0
LINE
8
BLACK
6
CONTINUOUS
10
-0.1441564960629921
20
1.5612735826771653
11
-0.1445974015748031
21
1.5602091732283465
0
LINE
8
BLACK
6
CONTINUOUS
10
-0.1445974015748031
20
1.5602091732283465
11
-0.1454120472440945
21
1.5593944881889763
0
LINE
8
BLACK
6
CONTINUOUS
10
-0.1454120472440945
20
1.5593944881889763
11
-0.1461647244094488
21
1.5590827559055118
0
LINE
8
BLACK
6
CONTINUOUS
10
-0.1461647244094488
20
1.5590827559055118
11
-0.1464764566929134
21
1.558953622047244
0
LINE
8
BLACK
6
CONTINUOUS
10
-0.1464764566929134
20
1.558953622047244
11
-0.1470525196850394
21
1.5588968897637796
0
LINE
8
BLACK
6
CONTINUOUS
10
-0.1470525196850394
20
1.5588968897637796
11
-0.1714244488188976
21
1.5588968897637796
0
LINE
8
BLACK
6
CONTINUOUS
10
-0.1714244488188976
20
1.5588968897637796
11
-0.1720005118110236
21
1.558953622047244
0
LINE
8
BLACK
6
CONTINUOUS
10
-0.1720005118110236
20
1.558953622047244
11
-0.1730649212598425
21
1.5593945275590551
0
LINE
8
BLACK
6
CONTINUOUS
10
-0.1730649212598425
20
1.5593945275590551
11
-0.1738795669291339
21
1.5602091732283465
0
LINE
8
BLACK
6
CONTINUOUS
10
-0.1738795669291339
20
1.5602091732283465
11
-0.1743204724409449
21
1.5612735826771653
0
LINE
8
BLACK
6
CONTINUOUS
10
-0.1743204724409449
20
1.5612735826771653
11
-0.1743204724409449
21
1.5624257086614173
0
LINE
8
BLACK
6
CONTINUOUS
10
-0.1743204724409449
20
1.5624257086614173
11
-0.1738795669291339
21
1.5634901181102361
0
LINE
8
BLACK
6
CONTINUOUS
10
-0.1738795669291339
20
1.5634901181102361
11
-0.1730649212598425
21
1.5643047637795275
0
LINE
8
BLACK
6
CONTINUOUS
10
-0.1730649212598425
20
1.5643047637795275
11
-0.1720005118110236
21
1.5647456692913386
0
LINE
8
BLACK
6
CONTINUOUS
10
-0.1720005118110236
20
1.5647456692913386
11
-0.1714244488188976
21
1.5648024015748032
0
LINE
8
BLACK
6
CONTINUOUS
10
-0.1714244488188976
20
1.5648024015748032
11
-0.1541811023622047
21
1.5648024015748032
0
LINE
8
BLACK
6
CONTINUOUS
10
-0.1541811023622047
20
1.5648024015748032
11
-0.1716375984251969
21
1.5822589370078739
0
LINE
8
BLACK
6
CONTINUOUS
10
-0.1716375984251969
20
1.5822589370078739
11
-0.1720048031496063
21
1.5827063779527559
0
LINE
8
BLACK
6
CONTINUOUS
10
-0.1720048031496063
20
1.5827063779527559
11
-0.1720454330708661
21
1.5828044488188977
0
LINE
8
BLACK
6
CONTINUOUS
10
-0.1720454330708661
20
1.5828044488188977
11
-0.1721149212598425
21
1.5828845669291338
0
LINE
8
BLACK
6
CONTINUOUS
10
-0.1721149212598425
20
1.5828845669291338
11
-0.172350905511811
21
1.5834131102362203
0
LINE
8
BLACK
6
CONTINUOUS
10
-0.172350905511811
20
1.5834131102362203
11
-0.1742256692913386
21
1.5890374015748032
0
LINE
8
BLACK
6
CONTINUOUS
10
-0.1742256692913386
20
1.5890374015748032
11
-0.1742906299212598
21
1.5893229921259842
0
LINE
8
BLACK
6
CONTINUOUS
10
-0.1742906299212598
20
1.5893229921259842
11
-0.1743204724409449
21
1.5893950787401574
0
LINE
8
BLACK
6
CONTINUOUS
10
-0.1743204724409449
20
1.5893950787401574
11
-0.1743307874015748
21
1.5894996062992126
0
LINE
8
BLACK
6
CONTINUOUS
10
-0.1743307874015748
20
1.5894996062992126
11
-0.1743540157480315
21
1.5896018503937008
0
LINE
8
BLACK
6
CONTINUOUS
10
-0.1743540157480315
20
1.5896018503937008
11
-0.1743485039370079
21
1.5896796062992125
0
LINE
8
BLACK
6
CONTINUOUS
10
-0.1743485039370079
20
1.5896796062992125
11
-0.1743772047244095
21
1.5899711417322835
0
LINE
8
BLACK
6
CONTINUOUS
10
-0.1743772047244095
20
1.5899711417322835
11
-0.1743772047244095
21
1.5937206692913386
0
LINE
8
BLACK
6
CONTINUOUS
10
-0.1743772047244095
20
1.5937206692913386
11
-0.1743204724409449
21
1.5942967322834645
0
LINE
8
BLACK
6
CONTINUOUS
10
-0.1743204724409449
20
1.5942967322834645
11
-0.1742798818897638
21
1.5943947637795275
0
LINE
8
BLACK
6
CONTINUOUS
10
-0.1742798818897638
20
1.5943947637795275
11
-0.1742723622047244
21
1.5945005511811023
0
LINE
8
BLACK
6
CONTINUOUS
10
-0.1742723622047244
20
1.5945005511811023
11
-0.1740654724409449
21
1.5950411811023621
0
LINE
8
BLACK
6
CONTINUOUS
10
-0.1740654724409449
20
1.5950411811023621
11
-0.1721907086614173
21
1.5987907086614173
0
LINE
8
BLACK
6
CONTINUOUS
10
-0.1721907086614173
20
1.5987907086614173
11
-0.1720346456692913
21
1.5990387401574804
0
LINE
8
BLACK
6
CONTINUOUS
10
-0.1720346456692913
20
1.5990387401574804
11
-0.1720048031496063
21
1.5991106692913386
0
LINE
8
BLACK
6
CONTINUOUS
10
-0.1720048031496063
20
1.5991106692913386
11
-0.1719383464566929
21
1.5991916535433071
0
LINE
8
BLACK
6
CONTINUOUS
10
-0.1719383464566929
20
1.5991916535433071
11
-0.1718823622047244
21
1.5992805905511811
0
LINE
8
BLACK
6
CONTINUOUS
10
-0.1718823622047244
20
1.5992805905511811
11
-0.1718233858267716
21
1.5993317716535433
0
LINE
8
BLACK
6
CONTINUOUS
10
-0.1718233858267716
20
1.5993317716535433
11
-0.1716375984251969
21
1.5995581102362204
0
LINE
8
BLACK
6
CONTINUOUS
10
-0.1716375984251969
20
1.5995581102362204
11
-0.1697628346456693
21
1.601432874015748
0
LINE
8
BLACK
6
CONTINUOUS
10
-0.1697628346456693
20
1.601432874015748
11
-0.1695364960629921
21
1.6016186614173229
0
LINE
8
BLACK
6
CONTINUOUS
10
-0.1695364960629921
20
1.6016186614173229
11
-0.1694853149606299
21
1.6016776377952755
0
LINE
8
BLACK
6
CONTINUOUS
10
-0.1694853149606299
20
1.6016776377952755
11
-0.1693963779527559
21
1.601733622047244
0
LINE
8
BLACK
6
CONTINUOUS
10
-0.1693963779527559
20
1.601733622047244
11
-0.1693153937007874
21
1.6018000787401574
0
LINE
8
BLACK
6
CONTINUOUS
10
-0.1693153937007874
20
1.6018000787401574
11
-0.1692434645669291
21
1.6018299212598426
0
LINE
8
BLACK
6
CONTINUOUS
10
-0.1692434645669291
20
1.6018299212598426
11
-0.1689954330708661
21
1.6019859842519684
0
LINE
8
BLACK
6
CONTINUOUS
10
-0.1689954330708661
20
1.6019859842519684
11
-0.165245905511811
21
1.6038607480314959
0
LINE
8
BLACK
6
CONTINUOUS
10
-0.165245905511811
20
1.6038607480314959
11
-0.1647053149606299
21
1.6040676377952756
0
LINE
8
BLACK
6
CONTINUOUS
10
-0.1647053149606299
20
1.6040676377952756
11
-0.1645994488188976
21
1.6040751968503937
0
LINE
8
BLACK
6
CONTINUOUS
10
-0.1645994488188976
20
1.6040751968503937
11
-0.1645014566929134
21
1.604115748031496
0
LINE
8
BLACK
6
CONTINUOUS
10
-0.1645014566929134
20
1.604115748031496
11
-0.1639253937007874
21
1.6041724803149606
0
LINE
8
BLACK
6
CONTINUOUS
10
-0.1639253937007874
20
1.6041724803149606
11
-0.1545515748031496
21
1.6041724803149606
0
LINE
8
BLACK
6
CONTINUOUS
10
-0.1545515748031496
20
1.6041724803149606
11
-0.1539755118110236
21
1.604115748031496
0
LINE
8
BLACK
6
CONTINUOUS
10
-0.110855905511811
20
1.604115748031496
11
-0.1097914960629921
21
1.603674842519685
0
LINE
8
BLACK
6
CONTINUOUS
10
-0.1097914960629921
20
1.603674842519685
11
-0.1089768503937008
21
1.6028601968503937
0
LINE
8
BLACK
6
CONTINUOUS
10
-0.1089768503937008
20
1.6028601968503937
11
-0.1085359448818898
21
1.6017957874015747
0
LINE
8
BLACK
6
CONTINUOUS
10
-0.1085359448818898
20
1.6017957874015747
11
-0.1084792125984252
21
1.6012197244094488
0
LINE
8
BLACK
6
CONTINUOUS
10
-0.1084792125984252
20
1.6012197244094488
11
-0.1084792125984252
21
1.5618496456692914
0
LINE
8
BLACK
6
CONTINUOUS
10
-0.1084792125984252
20
1.5618496456692914
11
-0.1085359448818898
21
1.5612735826771653
0
LINE
8
BLACK
6
CONTINUOUS
10
-0.1085359448818898
20
1.5612735826771653
11
-0.1089768503937008
21
1.5602091732283465
0
LINE
8
BLACK
6
CONTINUOUS
10
-0.1089768503937008
20
1.5602091732283465
11
-0.1097914960629921
21
1.5593945275590551
0
LINE
8
BLACK
6
CONTINUOUS
10
-0.1097914960629921
20
1.5593945275590551
11
-0.110855905511811
21
1.558953622047244
0
LINE
8
BLACK
6
CONTINUOUS
10
-0.110855905511811
20
1.558953622047244
11
-0.111431968503937
21
1.5588968897637796
0
LINE
8
BLACK
6
CONTINUOUS
10
-0.111431968503937
20
1.5588968897637796
11
-0.1208057874015748
21
1.5588968897637796
0
LINE
8
BLACK
6
CONTINUOUS
10
-0.1208057874015748
20
1.5588968897637796
11
-0.1210974015748031
21
1.5589256299212597
0
LINE
8
BLACK
6
CONTINUOUS
10
-0.1210974015748031
20
1.5589256299212597
11
-0.1211751181102362
21
1.5589200787401574
0
LINE
8
BLACK
6
CONTINUOUS
10
-0.1211751181102362
20
1.5589200787401574
11
-0.1212774015748031
21
1.5589433464566929
0
LINE
8
BLACK
6
CONTINUOUS
10
-0.1212774015748031
20
1.5589433464566929
11
-0.1213818503937008
21
1.558953622047244
0
LINE
8
BLACK
6
CONTINUOUS
10
-0.1213818503937008
20
1.558953622047244
11
-0.121453937007874
21
1.5589835039370079
0
LINE
8
BLACK
6
CONTINUOUS
10
-0.121453937007874
20
1.5589835039370079
11
-0.1217395669291339
21
1.5590484251968504
0
LINE
8
BLACK
6
CONTINUOUS
10
-0.1217395669291339
20
1.5590484251968504
11
-0.1273638188976378
21
1.5609231889763779
0
LINE
8
BLACK
6
CONTINUOUS
10
-0.1273638188976378
20
1.5609231889763779
11
-0.1278924015748031
21
1.5611591732283465
0
LINE
8
BLACK
6
CONTINUOUS
10
-0.1278924015748031
20
1.5611591732283465
11
-0.1279725196850394
21
1.5612286614173227
0
LINE
8
BLACK
6
CONTINUOUS
10
-0.1279725196850394
20
1.5612286614173227
11
-0.1280705511811024
21
1.5612692519685039
0
LINE
8
BLACK
6
CONTINUOUS
10
-0.1280705511811024
20
1.5612692519685039
11
-0.1285179921259842
21
1.561636496062992
0
LINE
8
BLACK
6
CONTINUOUS
10
-0.1285179921259842
20
1.561636496062992
11
-0.1322675196850394
21
1.5653860629921259
0
LINE
8
BLACK
6
CONTINUOUS
10
-0.1322675196850394
20
1.5653860629921259
11
-0.1324533070866142
21
1.5656124409448819
0
LINE
8
BLACK
6
CONTINUOUS
10
-0.1324533070866142
20
1.5656124409448819
11
-0.1325122834645669
21
1.5656635826771652
0
LINE
8
BLACK
6
CONTINUOUS
10
-0.1325122834645669
20
1.5656635826771652
11
-0.1325682677165354
21
1.5657525196850393
0
LINE
8
BLACK
6
CONTINUOUS
10
-0.1325682677165354
20
1.5657525196850393
11
-0.1326347637795275
21
1.5658335433070867
0
LINE
8
BLACK
6
CONTINUOUS
10
-0.1326347637795275
20
1.5658335433070867
11
-0.1326646062992126
21
1.5659055905511812
0
LINE
8
BLACK
6
CONTINUOUS
10
-0.1326646062992126
20
1.5659055905511812
11
-0.1328206299212598
21
1.5661534645669291
0
LINE
8
BLACK
6
CONTINUOUS
10
-0.1328206299212598
20
1.5661534645669291
11
-0.1346953937007874
21
1.5699029921259842
0
LINE
8
BLACK
6
CONTINUOUS
10
-0.1346953937007874
20
1.5699029921259842
11
-0.1347115354330709
21
1.5699451181102362
0
LINE
8
BLACK
6
CONTINUOUS
10
-0.1347115354330709
20
1.5699451181102362
11
-0.1347242125984252
21
1.5699622440944883
0
LINE
8
BLACK
6
CONTINUOUS
10
-0.1347242125984252
20
1.5699622440944883
11
-0.1348106692913386
21
1.5702042125984252
0
LINE
8
BLACK
6
CONTINUOUS
10
-0.1348106692913386
20
1.5702042125984252
11
-0.1349022834645669
21
1.570443622047244
0
LINE
8
BLACK
6
CONTINUOUS
10
-0.1349022834645669
20
1.570443622047244
11
-0.1349038188976378
21
1.5704648818897637
0
LINE
8
BLACK
6
CONTINUOUS
10
-0.1349038188976378
20
1.5704648818897637
11
-0.1349189763779527
21
1.5705073622047243
0
LINE
8
BLACK
6
CONTINUOUS
10
-0.1349189763779527
20
1.5705073622047243
11
-0.1367937401574803
21
1.5780064173228345
0
LINE
8
BLACK
6
CONTINUOUS
10
-0.1367937401574803
20
1.5780064173228345
11
-0.1368085433070866
21
1.5781062992125985
0
LINE
8
BLACK
6
CONTINUOUS
10
-0.1368085433070866
20
1.5781062992125985
11
-0.136825157480315
21
1.5781464960629921
0
LINE
8
BLACK
6
CONTINUOUS
10
-0.136825157480315
20
1.5781464960629921
11
-0.1368465354330709
21
1.5783635433070866
0
LINE
8
BLACK
6
CONTINUOUS
10
-0.1368465354330709
20
1.5783635433070866
11
-0.1368783858267716
21
1.5785790157480315
0
LINE
8
BLACK
6
CONTINUOUS
10
-0.1368783858267716
20
1.5785790157480315
11
-0.1368720078740157
21
1.5786220472440944
0
LINE
8
BLACK
6
CONTINUOUS
10
-0.1368720078740157
20
1.5786220472440944
11
-0.1368818897637795
21
1.5787225590551182
0
LINE
8
BLACK
6
CONTINUOUS
10
-0.1368818897637795
20
1.5787225590551182
11
-0.1368818897637795
21
1.5843468503937008
0
LINE
8
BLACK
6
CONTINUOUS
10
-0.1368818897637795
20
1.5843468503937008
11
-0.1368720078740157
21
1.5844474015748031
0
LINE
8
BLACK
6
CONTINUOUS
10
-0.1368720078740157
20
1.5844474015748031
11
-0.1368783858267716
21
1.5844903937007873
0
LINE
8
BLACK
6
CONTINUOUS
10
-0.1368783858267716
20
1.5844903937007873
11
-0.1368465354330709
21
1.5847059055118109
0
LINE
8
BLACK
6
CONTINUOUS
10
-0.1368465354330709
20
1.5847059055118109
11
-0.136825157480315
21
1.5849229133858267
0
LINE
8
BLACK
6
CONTINUOUS
10
-0.136825157480315
20
1.5849229133858267
11
-0.1368085433070866
21
1.5849631496062992
0
LINE
8
BLACK
6
CONTINUOUS
10
-0.1368085433070866
20
1.5849631496062992
11
-0.1367937401574803
21
1.5850629921259842
0
LINE
8
BLACK
6
CONTINUOUS
10
-0.1367937401574803
20
1.5850629921259842
11
-0.1349189763779527
21
1.5925620472440944
0
LINE
8
BLACK
6
CONTINUOUS
10
-0.1349189763779527
20
1.5925620472440944
11
-0.1349038188976378
21
1.5926045669291338
0
LINE
8
BLACK
6
CONTINUOUS
10
-0.1349038188976378
20
1.5926045669291338
11
-0.1349022834645669
21
1.5926257874015748
0
LINE
8
BLACK
6
CONTINUOUS
10
-0.1349022834645669
20
1.5926257874015748
11
-0.1348106692913386
21
1.5928652362204725
0
LINE
8
BLACK
6
CONTINUOUS
10
-0.1348106692913386
20
1.5928652362204725
11
-0.1347242125984252
21
1.5931071653543307
0
LINE
8
BLACK
6
CONTINUOUS
10
-0.1347242125984252
20
1.5931071653543307
11
-0.1347115354330709
21
1.5931243307086613
0
LINE
8
BLACK
6
CONTINUOUS
10
-0.1347115354330709
20
1.5931243307086613
11
-0.1346953937007874
21
1.5931664173228346
0
LINE
8
BLACK
6
CONTINUOUS
10
-0.1346953937007874
20
1.5931664173228346
11
-0.1328206299212598
21
1.5969159448818897
0
LINE
8
BLACK
6
CONTINUOUS
10
-0.1328206299212598
20
1.5969159448818897
11
-0.1326645669291339
21
1.5971639763779528
0
LINE
8
BLACK
6
CONTINUOUS
10
-0.1326645669291339
20
1.5971639763779528
11
-0.1326347244094488
21
1.597235905511811
0
LINE
8
BLACK
6
CONTINUOUS
10
-0.1326347244094488
20
1.597235905511811
11
-0.1325682677165354
21
1.5973168897637795
0
LINE
8
BLACK
6
CONTINUOUS
10
-0.1325682677165354
20
1.5973168897637795
11
-0.1325122834645669
21
1.5974058267716535
0
LINE
8
BLACK
6
CONTINUOUS
10
-0.1325122834645669
20
1.5974058267716535
11
-0.1324533070866142
21
1.5974570078740158
0
LINE
8
BLACK
6
CONTINUOUS
10
-0.1324533070866142
20
1.5974570078740158
11
-0.1322675196850394
21
1.5976833464566929
0
LINE
8
BLACK
6
CONTINUOUS
10
-0.1322675196850394
20
1.5976833464566929
11
-0.1285179921259842
21
1.601432874015748
0
LINE
8
BLACK
6
CONTINUOUS
10
-0.1285179921259842
20
1.601432874015748
11
-0.1280705511811024
21
1.6018001181102361
0
LINE
8
BLACK
6
CONTINUOUS
10
-0.1280705511811024
20
1.6018001181102361
11
-0.1279725196850394
21
1.601840748031496
0
LINE
8
BLACK
6
CONTINUOUS
10
-0.1279725196850394
20
1.601840748031496
11
-0.1278924015748031
21
1.6019101968503937
0
LINE
8
BLACK
6
CONTINUOUS
10
-0.1278924015748031
20
1.6019101968503937
11
-0.1273638188976378
21
1.6021461811023621
0
LINE
8
BLACK
6
CONTINUOUS
10
-0.1273638188976378
20
1.6021461811023621
11
-0.1217395669291339
21
1.6040209448818896
0
LINE
8
BLACK
6
CONTINUOUS
10
-0.1217395669291339
20
1.6040209448818896
11
-0.121453937007874
21
1.6040859055118111
0
LINE
8
BLACK
6
CONTINUOUS
10
-0.121453937007874
20
1.6040859055118111
11
-0.1213818503937008
21
1.604115748031496
0
LINE
8
BLACK
6
CONTINUOUS
10
-0.1213818503937008
20
1.604115748031496
11
-0.1212774015748031
21
1.6041260629921259
0
LINE
8
BLACK
6
CONTINUOUS
10
-0.1212774015748031
20
1.6041260629921259
11
-0.1211751181102362
21
1.6041492913385826
0
LINE
8
BLACK
6
CONTINUOUS
10
-0.1211751181102362
20
1.6041492913385826
11
-0.1210974015748031
21
1.604143779527559
0
LINE
8
BLACK
6
CONTINUOUS
10
-0.1210974015748031
20
1.604143779527559
11
-0.1208057874015748
21
1.6041724803149606
0
LINE
8
BLACK
6
CONTINUOUS
10
-0.1208057874015748
20
1.6041724803149606
11
-0.111431968503937
21
1.6041724803149606
0
LINE
8
BLACK
6
CONTINUOUS
10
-0.111431968503937
20
1.6041724803149606
11
-0.110855905511811
21
1.604115748031496
0
LINE
8
BLACK
6
CONTINUOUS
10
-0.1248350393700787
20
1.5967641732283464
11
-0.127752874015748
21
1.5938463385826771
0
LINE
8
BLACK
6
CONTINUOUS
10
-0.127752874015748
20
1.5938463385826771
11
-0.1292683858267716
21
1.5908153543307086
0
LINE
8
BLACK
6
CONTINUOUS
10
-0.1292683858267716
20
1.5908153543307086
11
-0.1309763779527559
21
1.5839833070866141
0
LINE
8
BLACK
6
CONTINUOUS
10
-0.1309763779527559
20
1.5839833070866141
11
-0.1309763779527559
21
1.5790861023622047
0
LINE
8
BLACK
6
CONTINUOUS
10
-0.1309763779527559
20
1.5790861023622047
11
-0.1292683858267716
21
1.5722540551181101
0
LINE
8
BLACK
6
CONTINUOUS
10
-0.1292683858267716
20
1.5722540551181101
11
-0.127752874015748
21
1.5692230708661417
0
LINE
8
BLACK
6
CONTINUOUS
10
-0.127752874015748
20
1.5692230708661417
11
-0.1248350393700787
21
1.5663051968503936
0
LINE
8
BLACK
6
CONTINUOUS
10
-0.1248350393700787
20
1.5663051968503936
11
-0.1203266535433071
21
1.5648024015748032
0
LINE
8
BLACK
6
CONTINUOUS
10
-0.1203266535433071
20
1.5648024015748032
11
-0.1143847244094488
21
1.5648024015748032
0
LINE
8
BLACK
6
CONTINUOUS
10
-0.1143847244094488
20
1.5648024015748032
11
-0.1143847244094488
21
1.598266968503937
0
LINE
8
BLACK
6
CONTINUOUS
10
-0.1143847244094488
20
1.598266968503937
11
-0.1203266535433071
21
1.598266968503937
0
LINE
8
BLACK
6
CONTINUOUS
10
-0.1203266535433071
20
1.598266968503937
11
-0.1248350393700787
21
1.5967641732283464
0
LINE
8
BLACK
6
CONTINUOUS
10
-0.0910438582677165
20
1.603674842519685
11
-0.0902292125984252
21
1.6028601968503937
0
LINE
8
BLACK
6
CONTINUOUS
10
-0.0902292125984252
20
1.6028601968503937
11
-0.0897883070866142
21
1.6017957874015747
0
LINE
8
BLACK
6
CONTINUOUS
10
-0.0897883070866142
20
1.6017957874015747
11
-0.0897315748031496
21
1.6012197244094488
0
LINE
8
BLACK
6
CONTINUOUS
10
-0.0897315748031496
20
1.6012197244094488
11
-0.0897315748031496
21
1.5618496456692914
0
LINE
8
BLACK
6
CONTINUOUS
10
-0.0897315748031496
20
1.5618496456692914
11
-0.0897883070866142
21
1.5612735826771653
0
LINE
8
BLACK
6
CONTINUOUS
10
-0.0897883070866142
20
1.5612735826771653
11
-0.0902292125984252
21
1.5602091732283465
0
LINE
8
BLACK
6
CONTINUOUS
10
-0.0902292125984252
20
1.5602091732283465
11
-0.0910438582677165
21
1.5593945275590551
0
LINE
8
BLACK
6
CONTINUOUS
10
-0.0910438582677165
20
1.5593945275590551
11
-0.0921082677165354
21
1.558953622047244
0
LINE
8
BLACK
6
CONTINUOUS
10
-0.0921082677165354
20
1.558953622047244
11
-0.0932603937007874
21
1.558953622047244
0
LINE
8
BLACK
6
CONTINUOUS
10
-0.0932603937007874
20
1.558953622047244
11
-0.0943248031496063
21
1.5593945275590551
0
LINE
8
BLACK
6
CONTINUOUS
10
-0.0943248031496063
20
1.5593945275590551
11
-0.0951394488188976
21
1.5602091732283465
0
LINE
8
BLACK
6
CONTINUOUS
10
-0.0951394488188976
20
1.5602091732283465
11
-0.0955803543307087
21
1.5612735826771653
0
LINE
8
BLACK
6
CONTINUOUS
10
-0.0955803543307087
20
1.5612735826771653
11
-0.0956370866141732
21
1.5618496456692914
0
LINE
8
BLACK
6
CONTINUOUS
10
-0.0956370866141732
20
1.5618496456692914
11
-0.0956370866141732
21
1.6012197244094488
0
LINE
8
BLACK
6
CONTINUOUS
10
-0.0956370866141732
20
1.6012197244094488
11
-0.0955803543307087
21
1.6017957874015747
0
LINE
8
BLACK
6
CONTINUOUS
10
-0.0955803543307087
20
1.6017957874015747
11
-0.0951394488188976
21
1.6028601968503937
0
LINE
8
BLACK
6
CONTINUOUS
10
-0.0951394488188976
20
1.6028601968503937
11
-0.0943248031496063
21
1.603674842519685
0
LINE
8
BLACK
6
CONTINUOUS
10
-0.0943248031496063
20
1.603674842519685
11
-0.0932603937007874
21
1.604115748031496
0
LINE
8
BLACK
6
CONTINUOUS
10
-0.0932603937007874
20
1.604115748031496
11
-0.0921082677165354
21
1.604115748031496
0
LINE
8
BLACK
6
CONTINUOUS
10
-0.0921082677165354
20
1.604115748031496
11
-0.0910438582677165
21
1.603674842519685
0
LINE
8
BLACK
6
CONTINUOUS
10
-0.0583624803149606
20
1.604115748031496
11
-0.0572980708661417
21
1.603674842519685
0
LINE
8
BLACK
6
CONTINUOUS
10
-0.0572980708661417
20
1.603674842519685
11
-0.0564834251968504
21
1.6028601968503937
0
LINE
8
BLACK
6
CONTINUOUS
10
-0.0564834251968504
20
1.6028601968503937
11
-0.0560425196850394
21
1.6017957874015747
0
LINE
8
BLACK
6
CONTINUOUS
10
-0.0560425196850394
20
1.6017957874015747
11
-0.0559857874015748
21
1.6012197244094488
0
LINE
8
BLACK
6
CONTINUOUS
10
-0.0559857874015748
20
1.6012197244094488
11
-0.0559857874015748
21
1.5618496456692914
0
LINE
8
BLACK
6
CONTINUOUS
10
-0.0559857874015748
20
1.5618496456692914
11
-0.0560425196850394
21
1.5612735826771653
0
LINE
8
BLACK
6
CONTINUOUS
10
-0.0560425196850394
20
1.5612735826771653
11
-0.0564834251968504
21
1.5602091732283465
0
LINE
8
BLACK
6
CONTINUOUS
10
-0.0564834251968504
20
1.5602091732283465
11
-0.0572980708661417
21
1.5593945275590551
0
LINE
8
BLACK
6
CONTINUOUS
10
-0.0572980708661417
20
1.5593945275590551
11
-0.0583624803149606
21
1.558953622047244
0
LINE
8
BLACK
6
CONTINUOUS
10
-0.0583624803149606
20
1.558953622047244
11
-0.0595146062992126
21
1.558953622047244
0
LINE
8
BLACK
6
CONTINUOUS
10
-0.0595146062992126
20
1.558953622047244
11
-0.0605790157480315
21
1.5593945275590551
0
LINE
8
BLACK
6
CONTINUOUS
10
-0.0605790157480315
20
1.5593945275590551
11
-0.0613936614173228
21
1.5602091732283465
0
LINE
8
BLACK
6
CONTINUOUS
10
-0.0613936614173228
20
1.5602091732283465
11
-0.0618345669291339
21
1.5612735826771653
0
LINE
8
BLACK
6
CONTINUOUS
10
-0.0618345669291339
20
1.5612735826771653
11
-0.0618912992125984
21
1.5618496456692914
0
LINE
8
BLACK
6
CONTINUOUS
10
-0.0618912992125984
20
1.5618496456692914
11
-0.0618912992125984
21
1.5795193307086615
0
LINE
8
BLACK
6
CONTINUOUS
10
-0.0618912992125984
20
1.5795193307086615
11
-0.0720618897637795
21
1.5795193307086615
0
LINE
8
BLACK
6
CONTINUOUS
10
-0.0720618897637795
20
1.5795193307086615
11
-0.0726379527559055
21
1.5795760629921261
0
LINE
8
BLACK
6
CONTINUOUS
10
-0.0726379527559055
20
1.5795760629921261
11
-0.0737023622047244
21
1.5800169685039369
0
LINE
8
BLACK
6
CONTINUOUS
10
-0.0737023622047244
20
1.5800169685039369
11
-0.0745170078740157
21
1.5808316141732284
0
LINE
8
BLACK
6
CONTINUOUS
10
-0.0745170078740157
20
1.5808316141732284
11
-0.0749579133858268
21
1.5818960236220472
0
LINE
8
BLACK
6
CONTINUOUS
10
-0.0749579133858268
20
1.5818960236220472
11
-0.0749579133858268
21
1.5830481496062991
0
LINE
8
BLACK
6
CONTINUOUS
10
-0.0749579133858268
20
1.5830481496062991
11
-0.0745170078740157
21
1.5841125590551182
0
LINE
8
BLACK
6
CONTINUOUS
10
-0.0745170078740157
20
1.5841125590551182
11
-0.0737023622047244
21
1.5849272047244094
0
LINE
8
BLACK
6
CONTINUOUS
10
-0.0737023622047244
20
1.5849272047244094
11
-0.0726379527559055
21
1.5853681102362205
0
LINE
8
BLACK
6
CONTINUOUS
10
-0.0726379527559055
20
1.5853681102362205
11
-0.0720618897637795
21
1.5854248425196851
0
LINE
8
BLACK
6
CONTINUOUS
10
-0.0720618897637795
20
1.5854248425196851
11
-0.0618912992125984
21
1.5854248425196851
0
LINE
8
BLACK
6
CONTINUOUS
10
-0.0618912992125984
20
1.5854248425196851
11
-0.0618912992125984
21
1.598266968503937
0
LINE
8
BLACK
6
CONTINUOUS
10
-0.0618912992125984
20
1.598266968503937
11
-0.0776861811023622
21
1.598266968503937
0
LINE
8
BLACK
6
CONTINUOUS
10
-0.0776861811023622
20
1.598266968503937
11
-0.0782622440944882
21
1.5983237007874016
0
LINE
8
BLACK
6
CONTINUOUS
10
-0.0782622440944882
20
1.5983237007874016
11
-0.0793266535433071
21
1.5987646062992125
0
LINE
8
BLACK
6
CONTINUOUS
10
-0.0793266535433071
20
1.5987646062992125
11
-0.0801412992125984
21
1.5995792519685039
0
LINE
8
BLACK
6
CONTINUOUS
10
-0.0801412992125984
20
1.5995792519685039
11
-0.0805822047244095
21
1.6006436614173227
0
LINE
8
BLACK
6
CONTINUOUS
10
-0.0805822047244095
20
1.6006436614173227
11
-0.0805822047244095
21
1.6017957874015747
0
LINE
8
BLACK
6
CONTINUOUS
10
-0.0805822047244095
20
1.6017957874015747
11
-0.0801412992125984
21
1.6028601968503937
0
LINE
8
BLACK
6
CONTINUOUS
10
-0.0801412992125984
20
1.6028601968503937
11
-0.0793266535433071
21
1.603674842519685
0
LINE
8
BLACK
6
CONTINUOUS
10
-0.0793266535433071
20
1.603674842519685
11
-0.0782622440944882
21
1.604115748031496
0
LINE
8
BLACK
6
CONTINUOUS
10
-0.0782622440944882
20
1.604115748031496
11
-0.0776861811023622
21
1.6041724803149606
0
LINE
8
BLACK
6
CONTINUOUS
10
-0.0776861811023622
20
1.6041724803149606
11
-0.0589385433070866
21
1.6041724803149606
0
LINE
8
BLACK
6
CONTINUOUS
10
-0.0589385433070866
20
1.6041724803149606
11
-0.0583624803149606
21
1.604115748031496
0
LINE
8
BLACK
6
CONTINUOUS
10
-0.1464764566929134
20
1.7438795275590551
11
-0.1454120472440945
21
1.743438622047244
0
LINE
8
BLACK
6
CONTINUOUS
10
-0.1454120472440945
20
1.743438622047244
11
-0.1445974015748031
21
1.7426239763779527
0
LINE
8
BLACK
6
CONTINUOUS
10
-0.1445974015748031
20
1.7426239763779527
11
-0.1441564960629921
21
1.7415595669291337
0
LINE
8
BLACK
6
CONTINUOUS
10
-0.1441564960629921
20
1.7415595669291337
11
-0.1441564960629921
21
1.7404074409448818
0
LINE
8
BLACK
6
CONTINUOUS
10
-0.1441564960629921
20
1.7404074409448818
11
-0.1445974015748031
21
1.739343031496063
0
LINE
8
BLACK
6
CONTINUOUS
10
-0.1445974015748031
20
1.739343031496063
11
-0.1454120472440945
21
1.7385283858267717
0
LINE
8
BLACK
6
CONTINUOUS
10
-0.1454120472440945
20
1.7385283858267717
11
-0.1464764566929134
21
1.7380874803149606
0
LINE
8
BLACK
6
CONTINUOUS
10
-0.1464764566929134
20
1.7380874803149606
11
-0.1470525196850394
21
1.738030748031496
0
LINE
8
BLACK
6
CONTINUOUS
10
-0.1470525196850394
20
1.738030748031496
11
-0.1649172834645669
21
1.738030748031496
0
LINE
8
BLACK
6
CONTINUOUS
10
-0.1649172834645669
20
1.738030748031496
11
-0.156078937007874
21
1.7279298031496062
0
LINE
8
BLACK
6
CONTINUOUS
10
-0.156078937007874
20
1.7279298031496062
11
-0.1559009448818898
21
1.7276808267716535
0
LINE
8
BLACK
6
CONTINUOUS
10
-0.1559009448818898
20
1.7276808267716535
11
-0.1558459842519685
21
1.7276258661417323
0
LINE
8
BLACK
6
CONTINUOUS
10
-0.1558459842519685
20
1.7276258661417323
11
-0.1558244094488189
21
1.727573779527559
0
LINE
8
BLACK
6
CONTINUOUS
10
-0.1558244094488189
20
1.727573779527559
11
-0.1557422834645669
21
1.7274588976377951
0
LINE
8
BLACK
6
CONTINUOUS
10
-0.1557422834645669
20
1.7274588976377951
11
-0.1555887007874016
21
1.7270046850393701
0
LINE
8
BLACK
6
CONTINUOUS
10
-0.1555887007874016
20
1.7270046850393701
11
-0.1554050787401575
21
1.7265614566929133
0
LINE
8
BLACK
6
CONTINUOUS
10
-0.1554050787401575
20
1.7265614566929133
11
-0.1554050787401575
21
1.7264618503937008
0
LINE
8
BLACK
6
CONTINUOUS
10
-0.1554050787401575
20
1.7264618503937008
11
-0.1553731889763779
21
1.7263675196850394
0
LINE
8
BLACK
6
CONTINUOUS
10
-0.1553731889763779
20
1.7263675196850394
11
-0.1554050787401575
21
1.7258890551181103
0
LINE
8
BLACK
6
CONTINUOUS
10
-0.1554050787401575
20
1.7258890551181103
11
-0.1554050787401575
21
1.7254093307086613
0
LINE
8
BLACK
6
CONTINUOUS
10
-0.1554050787401575
20
1.7254093307086613
11
-0.155443188976378
21
1.7253173622047244
0
LINE
8
BLACK
6
CONTINUOUS
10
-0.155443188976378
20
1.7253173622047244
11
-0.1554498031496063
21
1.7252179921259843
0
LINE
8
BLACK
6
CONTINUOUS
10
-0.1554498031496063
20
1.7252179921259843
11
-0.1556625196850394
21
1.7247878740157481
0
LINE
8
BLACK
6
CONTINUOUS
10
-0.1556625196850394
20
1.7247878740157481
11
-0.1558459842519685
21
1.7243449212598425
0
LINE
8
BLACK
6
CONTINUOUS
10
-0.1558459842519685
20
1.7243449212598425
11
-0.1559163385826772
21
1.7242746062992125
0
LINE
8
BLACK
6
CONTINUOUS
10
-0.1559163385826772
20
1.7242746062992125
11
-0.1559605118110236
21
1.7241852362204724
0
LINE
8
BLACK
6
CONTINUOUS
10
-0.1559605118110236
20
1.7241852362204724
11
-0.1563216535433071
21
1.7238692913385827
0
LINE
8
BLACK
6
CONTINUOUS
10
-0.1563216535433071
20
1.7238692913385827
11
-0.1566606299212598
21
1.7235302755905511
0
LINE
8
BLACK
6
CONTINUOUS
10
-0.1566606299212598
20
1.7235302755905511
11
-0.1567526377952756
21
1.7234921653543307
0
LINE
8
BLACK
6
CONTINUOUS
10
-0.1567526377952756
20
1.7234921653543307
11
-0.1568275984251968
21
1.7234265748031496
0
LINE
8
BLACK
6
CONTINUOUS
10
-0.1568275984251968
20
1.7234265748031496
11
-0.1572818503937008
21
1.7232729921259842
0
LINE
8
BLACK
6
CONTINUOUS
10
-0.1572818503937008
20
1.7232729921259842
11
-0.1577250393700787
21
1.7230893700787402
0
LINE
8
BLACK
6
CONTINUOUS
10
-0.1577250393700787
20
1.7230893700787402
11
-0.1578656299212598
21
1.7230755511811022
0
LINE
8
BLACK
6
CONTINUOUS
10
-0.1578656299212598
20
1.7230755511811022
11
-0.1579189763779527
21
1.7230574803149605
0
LINE
8
BLACK
6
CONTINUOUS
10
-0.1579189763779527
20
1.7230574803149605
11
-0.1579964566929134
21
1.7230626771653543
0
LINE
8
BLACK
6
CONTINUOUS
10
-0.1579964566929134
20
1.7230626771653543
11
-0.1583011023622047
21
1.7230326377952756
0
LINE
8
BLACK
6
CONTINUOUS
10
-0.1583011023622047
20
1.7230326377952756
11
-0.1632283464566929
21
1.7230326377952756
0
LINE
8
BLACK
6
CONTINUOUS
10
-0.1632283464566929
20
1.7230326377952756
11
-0.1659258267716535
21
1.7216838976377953
0
LINE
8
BLACK
6
CONTINUOUS
10
-0.1659258267716535
20
1.7216838976377953
11
-0.1671229527559055
21
1.7204867716535432
0
LINE
8
BLACK
6
CONTINUOUS
10
-0.1671229527559055
20
1.7204867716535432
11
-0.1684716929133858
21
1.7177892913385826
0
LINE
8
BLACK
6
CONTINUOUS
10
-0.1684716929133858
20
1.7177892913385826
11
-0.1684716929133858
21
1.7098095669291338
0
LINE
8
BLACK
6
CONTINUOUS
10
-0.1684716929133858
20
1.7098095669291338
11
-0.1671229527559055
21
1.7071120866141731
0
LINE
8
BLACK
6
CONTINUOUS
10
-0.1671229527559055
20
1.7071120866141731
11
-0.1659258267716535
21
1.7059149212598426
0
LINE
8
BLACK
6
CONTINUOUS
10
-0.1659258267716535
20
1.7059149212598426
11
-0.1632283464566929
21
1.7045661811023622
0
LINE
8
BLACK
6
CONTINUOUS
10
-0.1632283464566929
20
1.7045661811023622
11
-0.1533738582677165
21
1.7045661811023622
0
LINE
8
BLACK
6
CONTINUOUS
10
-0.1533738582677165
20
1.7045661811023622
11
-0.1506764173228347
21
1.7059149212598426
0
LINE
8
BLACK
6
CONTINUOUS
10
-0.1506764173228347
20
1.7059149212598426
11
-0.1491404724409449
21
1.7074508661417322
0
LINE
8
BLACK
6
CONTINUOUS
10
-0.1491404724409449
20
1.7074508661417322
11
-0.1486929921259842
21
1.7078181102362204
0
LINE
8
BLACK
6
CONTINUOUS
10
-0.1486929921259842
20
1.7078181102362204
11
-0.1476285826771654
21
1.7082590157480315
0
LINE
8
BLACK
6
CONTINUOUS
10
-0.1476285826771654
20
1.7082590157480315
11
-0.1464764960629921
21
1.7082590157480315
0
LINE
8
BLACK
6
CONTINUOUS
10
-0.1464764960629921
20
1.7082590157480315
11
-0.1454120866141732
21
1.7078181496062992
0
LINE
8
BLACK
6
CONTINUOUS
10
-0.1454120866141732
20
1.7078181496062992
11
-0.1445974015748031
21
1.7070034645669292
0
LINE
8
BLACK
6
CONTINUOUS
10
-0.1445974015748031
20
1.7070034645669292
11
-0.1441564960629921
21
1.7059390551181102
0
LINE
8
BLACK
6
CONTINUOUS
10
-0.1441564960629921
20
1.7059390551181102
11
-0.1441564960629921
21
1.704786968503937
0
LINE
8
BLACK
6
CONTINUOUS
10
-0.1441564960629921
20
1.704786968503937
11
-0.1445973622047244
21
1.7037225590551182
0
LINE
8
BLACK
6
CONTINUOUS
10
-0.1445973622047244
20
1.7037225590551182
11
-0.1449646062992126
21
1.7032750787401574
0
LINE
8
BLACK
6
CONTINUOUS
10
-0.1449646062992126
20
1.7032750787401574
11
-0.1468393307086614
21
1.7014003149606298
0
LINE
8
BLACK
6
CONTINUOUS
10
-0.1468393307086614
20
1.7014003149606298
11
-0.1470657086614173
21
1.7012145669291339
0
LINE
8
BLACK
6
CONTINUOUS
10
-0.1470657086614173
20
1.7012145669291339
11
-0.1471168897637795
21
1.7011555118110235
0
LINE
8
BLACK
6
CONTINUOUS
10
-0.1471168897637795
20
1.7011555118110235
11
-0.1472058661417323
21
1.701099527559055
0
LINE
8
BLACK
6
CONTINUOUS
10
-0.1472058661417323
20
1.701099527559055
11
-0.147286811023622
21
1.7010330708661416
0
LINE
8
BLACK
6
CONTINUOUS
10
-0.147286811023622
20
1.7010330708661416
11
-0.147358779527559
21
1.7010032677165354
0
LINE
8
BLACK
6
CONTINUOUS
10
-0.147358779527559
20
1.7010032677165354
11
-0.1476067716535433
21
1.7008471653543307
0
LINE
8
BLACK
6
CONTINUOUS
10
-0.1476067716535433
20
1.7008471653543307
11
-0.1513562992125984
21
1.6989724015748031
0
LINE
8
BLACK
6
CONTINUOUS
10
-0.1513562992125984
20
1.6989724015748031
11
-0.1518969291338583
21
1.6987655118110236
0
LINE
8
BLACK
6
CONTINUOUS
10
-0.1518969291338583
20
1.6987655118110236
11
-0.1520027559055118
21
1.6987580314960629
0
LINE
8
BLACK
6
CONTINUOUS
10
-0.1520027559055118
20
1.6987580314960629
11
-0.1521007480314961
21
1.6987174015748032
0
LINE
8
BLACK
6
CONTINUOUS
10
-0.1521007480314961
20
1.6987174015748032
11
-0.152676811023622
21
1.6986606692913386
0
LINE
8
BLACK
6
CONTINUOUS
10
-0.152676811023622
20
1.6986606692913386
11
-0.1639253937007874
21
1.6986606692913386
0
LINE
8
BLACK
6
CONTINUOUS
10
-0.1639253937007874
20
1.6986606692913386
11
-0.1645014566929134
21
1.6987174015748032
0
LINE
8
BLACK
6
CONTINUOUS
10
-0.1645014566929134
20
1.6987174015748032
11
-0.1645994488188976
21
1.6987579921259841
0
LINE
8
BLACK
6
CONTINUOUS
10
-0.1645994488188976
20
1.6987579921259841
11
-0.1647053149606299
21
1.6987655118110236
0
LINE
8
BLACK
6
CONTINUOUS
10
-0.1647053149606299
20
1.6987655118110236
11
-0.165245905511811
21
1.6989724015748031
0
LINE
8
BLACK
6
CONTINUOUS
10
-0.165245905511811
20
1.6989724015748031
11
-0.1689954330708661
21
1.7008471653543307
0
LINE
8
BLACK
6
CONTINUOUS
10
-0.1689954330708661
20
1.7008471653543307
11
-0.1692434645669291
21
1.7010032677165354
0
LINE
8
BLACK
6
CONTINUOUS
10
-0.1692434645669291
20
1.7010032677165354
11
-0.1693153937007874
21
1.7010330708661416
0
LINE
8
BLACK
6
CONTINUOUS
10
-0.1693153937007874
20
1.7010330708661416
11
-0.1693963779527559
21
1.701099527559055
0
LINE
8
BLACK
6
CONTINUOUS
10
-0.1693963779527559
20
1.701099527559055
11
-0.1694853149606299
21
1.7011555118110235
0
LINE
8
BLACK
6
CONTINUOUS
10
-0.1694853149606299
20
1.7011555118110235
11
-0.1695365354330709
21
1.7012145669291339
0
LINE
8
BLACK
6
CONTINUOUS
10
-0.1695365354330709
20
1.7012145669291339
11
-0.169762874015748
21
1.7014003149606298
0
LINE
8
BLACK
6
CONTINUOUS
10
-0.169762874015748
20
1.7014003149606298
11
-0.1716376377952756
21
1.7032751181102361
0
LINE
8
BLACK
6
CONTINUOUS
10
-0.1716376377952756
20
1.7032751181102361
11
-0.1718233858267716
21
1.7035014566929134
0
LINE
8
BLACK
6
CONTINUOUS
10
-0.1718233858267716
20
1.7035014566929134
11
-0.1718823622047244
21
1.7035525984251969
0
LINE
8
BLACK
6
CONTINUOUS
10
-0.1718823622047244
20
1.7035525984251969
11
-0.1719383464566929
21
1.7036415354330707
0
LINE
8
BLACK
6
CONTINUOUS
10
-0.1719383464566929
20
1.7036415354330707
11
-0.172004842519685
21
1.7037225590551182
0
LINE
8
BLACK
6
CONTINUOUS
10
-0.172004842519685
20
1.7037225590551182
11
-0.1720346850393701
21
1.7037946062992126
0
LINE
8
BLACK
6
CONTINUOUS
10
-0.1720346850393701
20
1.7037946062992126
11
-0.1721907086614173
21
1.7040424803149605
0
LINE
8
BLACK
6
CONTINUOUS
10
-0.1721907086614173
20
1.7040424803149605
11
-0.1740654724409449
21
1.7077920078740156
0
LINE
8
BLACK
6
CONTINUOUS
10
-0.1740654724409449
20
1.7077920078740156
11
-0.1742723622047244
21
1.7083326377952754
0
LINE
8
BLACK
6
CONTINUOUS
10
-0.1742723622047244
20
1.7083326377952754
11
-0.1742798818897638
21
1.708438464566929
0
LINE
8
BLACK
6
CONTINUOUS
10
-0.1742798818897638
20
1.708438464566929
11
-0.1743204724409449
21
1.7085364566929133
0
LINE
8
BLACK
6
CONTINUOUS
10
-0.1743204724409449
20
1.7085364566929133
11
-0.1743772047244095
21
1.7091125196850394
0
LINE
8
BLACK
6
CONTINUOUS
10
-0.1743772047244095
20
1.7091125196850394
11
-0.1743772047244095
21
1.7184863385826772
0
LINE
8
BLACK
6
CONTINUOUS
10
-0.1743772047244095
20
1.7184863385826772
11
-0.1743204724409449
21
1.7190624015748031
0
LINE
8
BLACK
6
CONTINUOUS
10
-0.1743204724409449
20
1.7190624015748031
11
-0.1742798818897638
21
1.7191604330708661
0
LINE
8
BLACK
6
CONTINUOUS
10
-0.1742798818897638
20
1.7191604330708661
11
-0.1742723622047244
21
1.7192662204724409
0
LINE
8
BLACK
6
CONTINUOUS
10
-0.1742723622047244
20
1.7192662204724409
11
-0.1740654724409449
21
1.7198068503937007
0
LINE
8
BLACK
6
CONTINUOUS
10
-0.1740654724409449
20
1.7198068503937007
11
-0.1721907086614173
21
1.7235563779527558
0
LINE
8
BLACK
6
CONTINUOUS
10
-0.1721907086614173
20
1.7235563779527558
11
-0.1720346456692913
21
1.723804409448819
0
LINE
8
BLACK
6
CONTINUOUS
10
-0.1720346456692913
20
1.723804409448819
11
-0.1720048031496063
21
1.7238763385826772
0
LINE
8
BLACK
6
CONTINUOUS
10
-0.1720048031496063
20
1.7238763385826772
11
-0.1719383464566929
21
1.7239573228346456
0
LINE
8
BLACK
6
CONTINUOUS
10
-0.1719383464566929
20
1.7239573228346456
11
-0.1718823622047244
21
1.7240462598425197
0
LINE
8
BLACK
6
CONTINUOUS
10
-0.1718823622047244
20
1.7240462598425197
11
-0.1718233858267716
21
1.7240974409448819
0
LINE
8
BLACK
6
CONTINUOUS
10
-0.1718233858267716
20
1.7240974409448819
11
-0.1716375984251969
21
1.724323779527559
0
LINE
8
BLACK
6
CONTINUOUS
10
-0.1716375984251969
20
1.724323779527559
11
-0.1697628346456693
21
1.7261985433070866
0
LINE
8
BLACK
6
CONTINUOUS
10
-0.1697628346456693
20
1.7261985433070866
11
-0.1695364960629921
21
1.7263843307086615
0
LINE
8
BLACK
6
CONTINUOUS
10
-0.1695364960629921
20
1.7263843307086615
11
-0.1694853149606299
21
1.7264433070866141
0
LINE
8
BLACK
6
CONTINUOUS
10
-0.1694853149606299
20
1.7264433070866141
11
-0.1693963779527559
21
1.7264992913385826
0
LINE
8
BLACK
6
CONTINUOUS
10
-0.1693963779527559
20
1.7264992913385826
11
-0.1693153937007874
21
1.726565748031496
0
LINE
8
BLACK
6
CONTINUOUS
10
-0.1693153937007874
20
1.726565748031496
11
-0.1692434645669291
21
1.7265955905511812
0
LINE
8
BLACK
6
CONTINUOUS
10
-0.1692434645669291
20
1.7265955905511812
11
-0.1689954330708661
21
1.726751653543307
0
LINE
8
BLACK
6
CONTINUOUS
10
-0.1689954330708661
20
1.726751653543307
11
-0.165245905511811
21
1.7286264173228345
0
LINE
8
BLACK
6
CONTINUOUS
10
-0.165245905511811
20
1.7286264173228345
11
-0.1647137401574803
21
1.7288301181102361
0
LINE
8
BLACK
6
CONTINUOUS
10
-0.1647137401574803
20
1.7288301181102361
11
-0.1736466141732284
21
1.7390390944881888
0
LINE
8
BLACK
6
CONTINUOUS
10
-0.1736466141732284
20
1.7390390944881888
11
-0.1738246456692913
21
1.7392881102362205
0
LINE
8
BLACK
6
CONTINUOUS
10
-0.1738246456692913
20
1.7392881102362205
11
-0.1738795669291339
21
1.739343031496063
0
LINE
8
BLACK
6
CONTINUOUS
10
-0.1738795669291339
20
1.739343031496063
11
-0.1739011811023622
21
1.7393951574803148
0
LINE
8
BLACK
6
CONTINUOUS
10
-0.1739011811023622
20
1.7393951574803148
11
-0.1739832677165354
21
1.7395099999999999
0
LINE
8
BLACK
6
CONTINUOUS
10
-0.1739832677165354
20
1.7395099999999999
11
-0.1741368897637795
21
1.7399642519685039
0
LINE
8
BLACK
6
CONTINUOUS
10
-0.1741368897637795
20
1.7399642519685039
11
-0.1743204724409449
21
1.7404074409448818
0
LINE
8
BLACK
6
CONTINUOUS
10
-0.1743204724409449
20
1.7404074409448818
11
-0.1743204724409449
21
1.7405070866141732
0
LINE
8
BLACK
6
CONTINUOUS
10
-0.1743204724409449
20
1.7405070866141732
11
-0.1743523622047244
21
1.7406013779527558
0
LINE
8
BLACK
6
CONTINUOUS
10
-0.1743523622047244
20
1.7406013779527558
11
-0.1743204724409449
21
1.7410798818897637
0
LINE
8
BLACK
6
CONTINUOUS
10
-0.1743204724409449
20
1.7410798818897637
11
-0.1743204724409449
21
1.7415595669291337
0
LINE
8
BLACK
6
CONTINUOUS
10
-0.1743204724409449
20
1.7415595669291337
11
-0.1742824015748032
21
1.7416515748031496
0
LINE
8
BLACK
6
CONTINUOUS
10
-0.1742824015748032
20
1.7416515748031496
11
-0.1742757480314961
21
1.741750905511811
0
LINE
8
BLACK
6
CONTINUOUS
10
-0.1742757480314961
20
1.741750905511811
11
-0.1740630708661417
21
1.7421810629921259
0
LINE
8
BLACK
6
CONTINUOUS
10
-0.1740630708661417
20
1.7421810629921259
11
-0.1738795669291339
21
1.7426239763779527
0
LINE
8
BLACK
6
CONTINUOUS
10
-0.1738795669291339
20
1.7426239763779527
11
-0.1738092519685039
21
1.7426943307086613
0
LINE
8
BLACK
6
CONTINUOUS
10
-0.1738092519685039
20
1.7426943307086613
11
-0.1737650393700787
21
1.7427836614173229
0
LINE
8
BLACK
6
CONTINUOUS
10
-0.1737650393700787
20
1.7427836614173229
11
-0.173403937007874
21
1.7430996456692913
0
LINE
8
BLACK
6
CONTINUOUS
10
-0.173403937007874
20
1.7430996456692913
11
-0.1730649212598425
21
1.743438622047244
0
LINE
8
BLACK
6
CONTINUOUS
10
-0.1730649212598425
20
1.743438622047244
11
-0.1729729527559055
21
1.7434767716535433
0
LINE
8
BLACK
6
CONTINUOUS
10
-0.1729729527559055
20
1.7434767716535433
11
-0.1728979527559055
21
1.7435423228346456
0
LINE
8
BLACK
6
CONTINUOUS
10
-0.1728979527559055
20
1.7435423228346456
11
-0.1724437401574803
21
1.7436959448818896
0
LINE
8
BLACK
6
CONTINUOUS
10
-0.1724437401574803
20
1.7436959448818896
11
-0.1720005118110236
21
1.7438795275590551
0
LINE
8
BLACK
6
CONTINUOUS
10
-0.1720005118110236
20
1.7438795275590551
11
-0.1718599606299213
21
1.7438933858267716
0
LINE
8
BLACK
6
CONTINUOUS
10
-0.1718599606299213
20
1.7438933858267716
11
-0.1718065748031496
21
1.7439114173228345
0
LINE
8
BLACK
6
CONTINUOUS
10
-0.1718065748031496
20
1.7439114173228345
11
-0.1717291338582677
21
1.7439062598425197
0
LINE
8
BLACK
6
CONTINUOUS
10
-0.1717291338582677
20
1.7439062598425197
11
-0.1714244488188976
21
1.7439362598425197
0
LINE
8
BLACK
6
CONTINUOUS
10
-0.1714244488188976
20
1.7439362598425197
11
-0.1470525196850394
21
1.7439362598425197
0
LINE
8
BLACK
6
CONTINUOUS
10
-0.1470525196850394
20
1.7439362598425197
11
-0.1464764566929134
21
1.7438795275590551
0
LINE
8
BLACK
6
CONTINUOUS
10
-0.110855905511811
20
1.7438795275590551
11
-0.1097914960629921
21
1.743438622047244
0
LINE
8
BLACK
6
CONTINUOUS
10
-0.1097914960629921
20
1.743438622047244
11
-0.1089768503937008
21
1.7426239763779527
0
LINE
8
BLACK
6
CONTINUOUS
10
-0.1089768503937008
20
1.7426239763779527
11
-0.1085359448818898
21
1.7415595669291337
0
LINE
8
BLACK
6
CONTINUOUS
10
-0.1085359448818898
20
1.7415595669291337
11
-0.1084792125984252
21
1.7409835039370078
0
LINE
8
BLACK
6
CONTINUOUS
10
-0.1084792125984252
20
1.7409835039370078
11
-0.1084792125984252
21
1.7016134251968504
0
LINE
8
BLACK
6
CONTINUOUS
10
-0.1084792125984252
20
1.7016134251968504
11
-0.1085359448818898
21
1.7010373622047243
0
LINE
8
BLACK
6
CONTINUOUS
10
-0.1085359448818898
20
1.7010373622047243
11
-0.1089768503937008
21
1.6999729527559055
0
LINE
8
BLACK
6
CONTINUOUS
10
-0.1089768503937008
20
1.6999729527559055
11
-0.1097914960629921
21
1.6991583070866141
0
LINE
8
BLACK
6
CONTINUOUS
10
-0.1097914960629921
20
1.6991583070866141
11
-0.110855905511811
21
1.6987174015748032
0
LINE
8
BLACK
6
CONTINUOUS
10
-0.110855905511811
20
1.6987174015748032
11
-0.111431968503937
21
1.6986606692913386
0
LINE
8
BLACK
6
CONTINUOUS
10
-0.111431968503937
20
1.6986606692913386
11
-0.1208057874015748
21
1.6986606692913386
0
LINE
8
BLACK
6
CONTINUOUS
10
-0.1208057874015748
20
1.6986606692913386
11
-0.1210974015748031
21
1.698689409448819
0
LINE
8
BLACK
6
CONTINUOUS
10
-0.1210974015748031
20
1.698689409448819
11
-0.1211751181102362
21
1.6986838582677164
0
LINE
8
BLACK
6
CONTINUOUS
10
-0.1211751181102362
20
1.6986838582677164
11
-0.1212774015748031
21
1.6987071259842519
0
LINE
8
BLACK
6
CONTINUOUS
10
-0.1212774015748031
20
1.6987071259842519
11
-0.1213818503937008
21
1.6987174015748032
0
LINE
8
BLACK
6
CONTINUOUS
10
-0.1213818503937008
20
1.6987174015748032
11
-0.121453937007874
21
1.6987472834645669
0
LINE
8
BLACK
6
CONTINUOUS
10
-0.121453937007874
20
1.6987472834645669
11
-0.1217395669291339
21
1.6988122047244094
0
LINE
8
BLACK
6
CONTINUOUS
10
-0.1217395669291339
20
1.6988122047244094
11
-0.1273638188976378
21
1.700686968503937
0
LINE
8
BLACK
6
CONTINUOUS
10
-0.1273638188976378
20
1.700686968503937
11
-0.1278924015748031
21
1.7009229527559055
0
LINE
8
BLACK
6
CONTINUOUS
10
-0.1278924015748031
20
1.7009229527559055
11
-0.1279725196850394
21
1.7009924409448818
0
LINE
8
BLACK
6
CONTINUOUS
10
-0.1279725196850394
20
1.7009924409448818
11
-0.1280705511811024
21
1.7010330314960629
0
LINE
8
BLACK
6
CONTINUOUS
10
-0.1280705511811024
20
1.7010330314960629
11
-0.1285179921259842
21
1.7014002755905511
0
LINE
8
BLACK
6
CONTINUOUS
10
-0.1285179921259842
20
1.7014002755905511
11
-0.1322675196850394
21
1.7051498425196849
0
LINE
8
BLACK
6
CONTINUOUS
10
-0.1322675196850394
20
1.7051498425196849
11
-0.1324533070866142
21
1.705376220472441
0
LINE
8
BLACK
6
CONTINUOUS
10
-0.1324533070866142
20
1.705376220472441
11
-0.1325122834645669
21
1.7054273622047245
0
LINE
8
BLACK
6
CONTINUOUS
10
-0.1325122834645669
20
1.7054273622047245
11
-0.1325682677165354
21
1.7055162992125983
0
LINE
8
BLACK
6
CONTINUOUS
10
-0.1325682677165354
20
1.7055162992125983
11
-0.1326347637795275
21
1.7055973228346457
0
LINE
8
BLACK
6
CONTINUOUS
10
-0.1326347637795275
20
1.7055973228346457
11
-0.1326646062992126
21
1.7056693700787402
0
LINE
8
BLACK
6
CONTINUOUS
10
-0.1326646062992126
20
1.7056693700787402
11
-0.1328206299212598
21
1.7059172440944881
0
LINE
8
BLACK
6
CONTINUOUS
10
-0.1328206299212598
20
1.7059172440944881
11
-0.1346953937007874
21
1.7096667716535432
0
LINE
8
BLACK
6
CONTINUOUS
10
-0.1346953937007874
20
1.7096667716535432
11
-0.1347115354330709
21
1.7097088976377952
0
LINE
8
BLACK
6
CONTINUOUS
10
-0.1347115354330709
20
1.7097088976377952
11
-0.1347242125984252
21
1.7097260236220473
0
LINE
8
BLACK
6
CONTINUOUS
10
-0.1347242125984252
20
1.7097260236220473
11
-0.1348106692913386
21
1.7099679921259843
0
LINE
8
BLACK
6
CONTINUOUS
10
-0.1348106692913386
20
1.7099679921259843
11
-0.1349022834645669
21
1.7102074015748032
0
LINE
8
BLACK
6
CONTINUOUS
10
-0.1349022834645669
20
1.7102074015748032
11
-0.1349038188976378
21
1.7102286614173228
0
LINE
8
BLACK
6
CONTINUOUS
10
-0.1349038188976378
20
1.7102286614173228
11
-0.1349189763779527
21
1.7102711417322833
0
LINE
8
BLACK
6
CONTINUOUS
10
-0.1349189763779527
20
1.7102711417322833
11
-0.1367937401574803
21
1.7177701968503936
0
LINE
8
BLACK
6
CONTINUOUS
10
-0.1367937401574803
20
1.7177701968503936
11
-0.1368085433070866
21
1.7178700787401575
0
LINE
8
BLACK
6
CONTINUOUS
10
-0.1368085433070866
20
1.7178700787401575
11
-0.136825157480315
21
1.7179102755905511
0
LINE
8
BLACK
6
CONTINUOUS
10
-0.136825157480315
20
1.7179102755905511
11
-0.1368465354330709
21
1.7181273228346456
0
LINE
8
BLACK
6
CONTINUOUS
10
-0.1368465354330709
20
1.7181273228346456
11
-0.1368783858267716
21
1.7183427952755905
0
LINE
8
BLACK
6
CONTINUOUS
10
-0.1368783858267716
20
1.7183427952755905
11
-0.1368720078740157
21
1.7183858267716534
0
LINE
8
BLACK
6
CONTINUOUS
10
-0.1368720078740157
20
1.7183858267716534
11
-0.1368818897637795
21
1.7184863385826772
0
LINE
8
BLACK
6
CONTINUOUS
10
-0.1368818897637795
20
1.7184863385826772
11
-0.1368818897637795
21
1.7241106299212599
0
LINE
8
BLACK
6
CONTINUOUS
10
-0.1368818897637795
20
1.7241106299212599
11
-0.1368720078740157
21
1.7242111811023622
0
LINE
8
BLACK
6
CONTINUOUS
10
-0.1368720078740157
20
1.7242111811023622
11
-0.1368783858267716
21
1.7242541732283465
0
LINE
8
BLACK
6
CONTINUOUS
10
-0.1368783858267716
20
1.7242541732283465
11
-0.1368465354330709
21
1.7244696850393701
0
LINE
8
BLACK
6
CONTINUOUS
10
-0.1368465354330709
20
1.7244696850393701
11
-0.136825157480315
21
1.7246866929133857
0
LINE
8
BLACK
6
CONTINUOUS
10
-0.136825157480315
20
1.7246866929133857
11
-0.1368085433070866
21
1.7247269291338583
0
LINE
8
BLACK
6
CONTINUOUS
10
-0.1368085433070866
20
1.7247269291338583
11
-0.1367937401574803
21
1.7248267716535433
0
LINE
8
BLACK
6
CONTINUOUS
10
-0.1367937401574803
20
1.7248267716535433
11
-0.1349189763779527
21
1.7323258267716535
0
LINE
8
BLACK
6
CONTINUOUS
10
-0.1349189763779527
20
1.7323258267716535
11
-0.1349038188976378
21
1.7323683464566928
0
LINE
8
BLACK
6
CONTINUOUS
10
-0.1349038188976378
20
1.7323683464566928
11
-0.1349022834645669
21
1.7323895669291338
0
LINE
8
BLACK
6
CONTINUOUS
10
-0.1349022834645669
20
1.7323895669291338
11
-0.1348106692913386
21
1.7326290157480315
0
LINE
8
BLACK
6
CONTINUOUS
10
-0.1348106692913386
20
1.7326290157480315
11
-0.1347242125984252
21
1.7328709448818898
0
LINE
8
BLACK
6
CONTINUOUS
10
-0.1347242125984252
20
1.7328709448818898
11
-0.1347115354330709
21
1.7328881102362204
0
LINE
8
BLACK
6
CONTINUOUS
10
-0.1347115354330709
20
1.7328881102362204
11
-0.1346953937007874
21
1.7329301968503936
0
LINE
8
BLACK
6
CONTINUOUS
10
-0.1346953937007874
20
1.7329301968503936
11
-0.1328206299212598
21
1.7366797244094487
0
LINE
8
BLACK
6
CONTINUOUS
10
-0.1328206299212598
20
1.7366797244094487
11
-0.1326645669291339
21
1.7369277559055118
0
LINE
8
BLACK
6
CONTINUOUS
10
-0.1326645669291339
20
1.7369277559055118
11
-0.1326347244094488
21
1.7369996850393701
0
LINE
8
BLACK
6
CONTINUOUS
10
-0.1326347244094488
20
1.7369996850393701
11
-0.1325682677165354
21
1.7370806692913385
0
LINE
8
BLACK
6
CONTINUOUS
10
-0.1325682677165354
20
1.7370806692913385
11
-0.1325122834645669
21
1.7371696062992126
0
LINE
8
BLACK
6
CONTINUOUS
10
-0.1325122834645669
20
1.7371696062992126
11
-0.1324533070866142
21
1.7372207874015748
0
LINE
8
BLACK
6
CONTINUOUS
10
-0.1324533070866142
20
1.7372207874015748
11
-0.1322675196850394
21
1.7374471259842519
0
LINE
8
BLACK
6
CONTINUOUS
10
-0.1322675196850394
20
1.7374471259842519
11
-0.1285179921259842
21
1.741196653543307
0
LINE
8
BLACK
6
CONTINUOUS
10
-0.1285179921259842
20
1.741196653543307
11
-0.1280705511811024
21
1.7415638976377952
0
LINE
8
BLACK
6
CONTINUOUS
10
-0.1280705511811024
20
1.7415638976377952
11
-0.1279725196850394
21
1.741604527559055
0
LINE
8
BLACK
6
CONTINUOUS
10
-0.1279725196850394
20
1.741604527559055
11
-0.1278924015748031
21
1.7416739763779527
0
LINE
8
BLACK
6
CONTINUOUS
10
-0.1278924015748031
20
1.7416739763779527
11
-0.1273638188976378
21
1.7419099606299213
0
LINE
8
BLACK
6
CONTINUOUS
10
-0.1273638188976378
20
1.7419099606299213
11
-0.1217395669291339
21
1.7437847244094489
0
LINE
8
BLACK
6
CONTINUOUS
10
-0.1217395669291339
20
1.7437847244094489
11
-0.121453937007874
21
1.7438496850393701
0
LINE
8
BLACK
6
CONTINUOUS
10
-0.121453937007874
20
1.7438496850393701
11
-0.1213818503937008
21
1.7438795275590551
0
LINE
8
BLACK
6
CONTINUOUS
10
-0.1213818503937008
20
1.7438795275590551
11
-0.1212774015748031
21
1.7438898425196849
0
LINE
8
BLACK
6
CONTINUOUS
10
-0.1212774015748031
20
1.7438898425196849
11
-0.1211751181102362
21
1.7439130708661417
0
LINE
8
BLACK
6
CONTINUOUS
10
-0.1211751181102362
20
1.7439130708661417
11
-0.1210974015748031
21
1.7439075590551181
0
LINE
8
BLACK
6
CONTINUOUS
10
-0.1210974015748031
20
1.7439075590551181
11
-0.1208057874015748
21
1.7439362598425197
0
LINE
8
BLACK
6
CONTINUOUS
10
-0.1208057874015748
20
1.7439362598425197
11
-0.111431968503937
21
1.7439362598425197
0
LINE
8
BLACK
6
CONTINUOUS
10
-0.111431968503937
20
1.7439362598425197
11
-0.110855905511811
21
1.7438795275590551
0
LINE
8
BLACK
6
CONTINUOUS
10
-0.1248350393700787
20
1.7365279527559054
11
-0.127752874015748
21
1.7336101181102361
0
LINE
8
BLACK
6
CONTINUOUS
10
-0.127752874015748
20
1.7336101181102361
11
-0.1292683858267716
21
1.7305791338582677
0
LINE
8
BLACK
6
CONTINUOUS
10
-0.1292683858267716
20
1.7305791338582677
11
-0.1309763779527559
21
1.7237470866141731
0
LINE
8
BLACK
6
CONTINUOUS
10
-0.1309763779527559
20
1.7237470866141731
11
-0.1309763779527559
21
1.7188498818897637
0
LINE
8
BLACK
6
CONTINUOUS
10
-0.1309763779527559
20
1.7188498818897637
11
-0.1292683858267716
21
1.7120178346456691
0
LINE
8
BLACK
6
CONTINUOUS
10
-0.1292683858267716
20
1.7120178346456691
11
-0.127752874015748
21
1.7089868503937007
0
LINE
8
BLACK
6
CONTINUOUS
10
-0.127752874015748
20
1.7089868503937007
11
-0.1248350393700787
21
1.7060689763779526
0
LINE
8
BLACK
6
CONTINUOUS
10
-0.1248350393700787
20
1.7060689763779526
11
-0.1203266535433071
21
1.7045661811023622
0
LINE
8
BLACK
6
CONTINUOUS
10
-0.1203266535433071
20
1.7045661811023622
11
-0.1143847244094488
21
1.7045661811023622
0
LINE
8
BLACK
6
CONTINUOUS
10
-0.1143847244094488
20
1.7045661811023622
11
-0.1143847244094488
21
1.738030748031496
0
LINE
8
BLACK
6
CONTINUOUS
10
-0.1143847244094488
20
1.738030748031496
11
-0.1203266535433071
21
1.738030748031496
0
LINE
8
BLACK
6
CONTINUOUS
10
-0.1203266535433071
20
1.738030748031496
11
-0.1248350393700787
21
1.7365279527559054
0
LINE
8
BLACK
6
CONTINUOUS
10
-0.0910438582677165
20
1.743438622047244
11
-0.0902292125984252
21
1.7426239763779527
0
LINE
8
BLACK
6
CONTINUOUS
10
-0.0902292125984252
20
1.7426239763779527
11
-0.0897883070866142
21
1.7415595669291337
0
LINE
8
BLACK
6
CONTINUOUS
10
-0.0897883070866142
20
1.7415595669291337
11
-0.0897315748031496
21
1.7409835039370078
0
LINE
8
BLACK
6
CONTINUOUS
10
-0.0897315748031496
20
1.7409835039370078
11
-0.0897315748031496
21
1.7016134251968504
0
LINE
8
BLACK
6
CONTINUOUS
10
-0.0897315748031496
20
1.7016134251968504
11
-0.0897883070866142
21
1.7010373622047243
0
LINE
8
BLACK
6
CONTINUOUS
10
-0.0897883070866142
20
1.7010373622047243
11
-0.0902292125984252
21
1.6999729527559055
0
LINE
8
BLACK
6
CONTINUOUS
10
-0.0902292125984252
20
1.6999729527559055
11
-0.0910438582677165
21
1.6991583070866141
0
LINE
8
BLACK
6
CONTINUOUS
10
-0.0910438582677165
20
1.6991583070866141
11
-0.0921082677165354
21
1.6987174015748032
0
LINE
8
BLACK
6
CONTINUOUS
10
-0.0921082677165354
20
1.6987174015748032
11
-0.0932603937007874
21
1.6987174015748032
0
LINE
8
BLACK
6
CONTINUOUS
10
-0.0932603937007874
20
1.6987174015748032
11
-0.0943248031496063
21
1.6991583070866141
0
LINE
8
BLACK
6
CONTINUOUS
10
-0.0943248031496063
20
1.6991583070866141
11
-0.0951394488188976
21
1.6999729527559055
0
LINE
8
BLACK
6
CONTINUOUS
10
-0.0951394488188976
20
1.6999729527559055
11
-0.0955803543307087
21
1.7010373622047243
0
LINE
8
BLACK
6
CONTINUOUS
10
-0.0955803543307087
20
1.7010373622047243
11
-0.0956370866141732
21
1.7016134251968504
0
LINE
8
BLACK
6
CONTINUOUS
10
-0.0956370866141732
20
1.7016134251968504
11
-0.0956370866141732
21
1.7409835039370078
0
LINE
8
BLACK
6
CONTINUOUS
10
-0.0956370866141732
20
1.7409835039370078
11
-0.0955803543307087
21
1.7415595669291337
0
LINE
8
BLACK
6
CONTINUOUS
10
-0.0955803543307087
20
1.7415595669291337
11
-0.0951394488188976
21
1.7426239763779527
0
LINE
8
BLACK
6
CONTINUOUS
10
-0.0951394488188976
20
1.7426239763779527
11
-0.0943248031496063
21
1.743438622047244
0
LINE
8
BLACK
6
CONTINUOUS
10
-0.0943248031496063
20
1.743438622047244
11
-0.0932603937007874
21
1.7438795275590551
0
LINE
8
BLACK
6
CONTINUOUS
10
-0.0932603937007874
20
1.7438795275590551
11
-0.0921082677165354
21
1.7438795275590551
0
LINE
8
BLACK
6
CONTINUOUS
10
-0.0921082677165354
20
1.7438795275590551
11
-0.0910438582677165
21
1.743438622047244
0
LINE
8
BLACK
6
CONTINUOUS
10
-0.0583624803149606
20
1.7438795275590551
11
-0.0572980708661417
21
1.743438622047244
0
LINE
8
BLACK
6
CONTINUOUS
10
-0.0572980708661417
20
1.743438622047244
11
-0.0564834251968504
21
1.7426239763779527
0
LINE
8
BLACK
6
CONTINUOUS
10
-0.0564834251968504
20
1.7426239763779527
11
-0.0560425196850394
21
1.7415595669291337
0
LINE
8
BLACK
6
CONTINUOUS
10
-0.0560425196850394
20
1.7415595669291337
11
-0.0559857874015748
21
1.7409835039370078
0
LINE
8
BLACK
6
CONTINUOUS
10
-0.0559857874015748
20
1.7409835039370078
11
-0.0559857874015748
21
1.7016134251968504
0
LINE
8
BLACK
6
CONTINUOUS
10
-0.0559857874015748
20
1.7016134251968504
11
-0.0560425196850394
21
1.7010373622047243
0
LINE
8
BLACK
6
CONTINUOUS
10
-0.0560425196850394
20
1.7010373622047243
11
-0.0564834251968504
21
1.6999729527559055
0
LINE
8
BLACK
6
CONTINUOUS
10
-0.0564834251968504
20
1.6999729527559055
11
-0.0572980708661417
21
1.6991583070866141
0
LINE
8
BLACK
6
CONTINUOUS
10
-0.0572980708661417
20
1.6991583070866141
11
-0.0583624803149606
21
1.6987174015748032
0
LINE
8
BLACK
6
CONTINUOUS
10
-0.0583624803149606
20
1.6987174015748032
11
-0.0595146062992126
21
1.6987174015748032
0
LINE
8
BLACK
6
CONTINUOUS
10
-0.0595146062992126
20
1.6987174015748032
11
-0.0605790157480315
21
1.6991583070866141
0
LINE
8
BLACK
6
CONTINUOUS
10
-0.0605790157480315
20
1.6991583070866141
11
-0.0613936614173228
21
1.6999729527559055
0
LINE
8
BLACK
6
CONTINUOUS
10
-0.0613936614173228
20
1.6999729527559055
11
-0.0618345669291339
21
1.7010373622047243
0
LINE
8
BLACK
6
CONTINUOUS
10
-0.0618345669291339
20
1.7010373622047243
11
-0.0618912992125984
21
1.7016134251968504
0
LINE
8
BLACK
6
CONTINUOUS
10
-0.0618912992125984
20
1.7016134251968504
11
-0.0618912992125984
21
1.7192831102362205
0
LINE
8
BLACK
6
CONTINUOUS
10
-0.0618912992125984
20
1.7192831102362205
11
-0.0720618897637795
21
1.7192831102362205
0
LINE
8
BLACK
6
CONTINUOUS
10
-0.0720618897637795
20
1.7192831102362205
11
-0.0726379527559055
21
1.7193398425196851
0
LINE
8
BLACK
6
CONTINUOUS
10
-0.0726379527559055
20
1.7193398425196851
11
-0.0737023622047244
21
1.7197807480314959
0
LINE
8
BLACK
6
CONTINUOUS
10
-0.0737023622047244
20
1.7197807480314959
11
-0.0745170078740157
21
1.7205953937007874
0
LINE
8
BLACK
6
CONTINUOUS
10
-0.0745170078740157
20
1.7205953937007874
11
-0.0749579133858268
21
1.7216598031496062
0
LINE
8
BLACK
6
CONTINUOUS
10
-0.0749579133858268
20
1.7216598031496062
11
-0.0749579133858268
21
1.7228119291338582
0
LINE
8
BLACK
6
CONTINUOUS
10
-0.0749579133858268
20
1.7228119291338582
11
-0.0745170078740157
21
1.7238763385826772
0
LINE
8
BLACK
6
CONTINUOUS
10
-0.0745170078740157
20
1.7238763385826772
11
-0.0737023622047244
21
1.7246909842519684
0
LINE
8
BLACK
6
CONTINUOUS
10
-0.0737023622047244
20
1.7246909842519684
11
-0.0726379527559055
21
1.7251318897637795
0
LINE
8
BLACK
6
CONTINUOUS
10
-0.0726379527559055
20
1.7251318897637795
11
-0.0720618897637795
21
1.7251886220472441
0
LINE
8
BLACK
6
CONTINUOUS
10
-0.0720618897637795
20
1.7251886220472441
11
-0.0618912992125984
21
1.7251886220472441
0
LINE
8
BLACK
6
CONTINUOUS
10
-0.0618912992125984
20
1.7251886220472441
11
-0.0618912992125984
21
1.738030748031496
0
LINE
8
BLACK
6
CONTINUOUS
10
-0.0618912992125984
20
1.738030748031496
11
-0.0776861811023622
21
1.738030748031496
0
LINE
8
BLACK
6
CONTINUOUS
10
-0.0776861811023622
20
1.738030748031496
11
-0.0782622440944882
21
1.7380874803149606
0
LINE
8
BLACK
6
CONTINUOUS
10
-0.0782622440944882
20
1.7380874803149606
11
-0.0793266535433071
21
1.7385283858267717
0
LINE
8
BLACK
6
CONTINUOUS
10
-0.0793266535433071
20
1.7385283858267717
11
-0.0801412992125984
21
1.739343031496063
0
LINE
8
BLACK
6
CONTINUOUS
10
-0.0801412992125984
20
1.739343031496063
11
-0.0805822047244095
21
1.7404074409448818
0
LINE
8
BLACK
6
CONTINUOUS
10
-0.0805822047244095
20
1.7404074409448818
11
-0.0805822047244095
21
1.7415595669291337
0
LINE
8
BLACK
6
CONTINUOUS
10
-0.0805822047244095
20
1.7415595669291337
11
-0.0801412992125984
21
1.7426239763779527
0
LINE
8
BLACK
6
CONTINUOUS
10
-0.0801412992125984
20
1.7426239763779527
11
-0.0793266535433071
21
1.743438622047244
0
LINE
8
BLACK
6
CONTINUOUS
10
-0.0793266535433071
20
1.743438622047244
11
-0.0782622440944882
21
1.7438795275590551
0
LINE
8
BLACK
6
CONTINUOUS
10
-0.0782622440944882
20
1.7438795275590551
11
-0.0776861811023622
21
1.7439362598425197
0
LINE
8
BLACK
6
CONTINUOUS
10
-0.0776861811023622
20
1.7439362598425197
11
-0.0589385433070866
21
1.7439362598425197
0
LINE
8
BLACK
6
CONTINUOUS
10
-0.0589385433070866
20
1.7439362598425197
11
-0.0583624803149606
21
1.7438795275590551
0
CIRCLE
8
BLACK
10
1.5589527559055119
20
0.598822874015748
40
0.0068897637795276
0
CIRCLE
8
BLACK
10
1.6589527559055117
20
0.6988228740157481
40
0.0068897637795276
0
CIRCLE
8
BLACK
10
1.4589527559055118
20
0.6988228740157481
40
0.0068897637795276
0
CIRCLE
8
BLACK
10
1.6589527559055117
20
0.498822874015748
40
0.0068897637795276
0
CIRCLE
8
BLACK
10
1.4589527559055118
20
0.498822874015748
40
0.0068897637795276
0
CIRCLE
8
BLACK
10
0.666
20
1.359
40
0.0068897637795276
0
CIRCLE
8
BLACK
10
0.666
20
1.4590000000000001
40
0.0068897637795276
0
CIRCLE
8
BLACK
10
0.766
20
1.3589999606299212
40
0.0068897637795276
0
CIRCLE
8
BLACK
10
0.766
20
1.4590000393700786
40
0.0068897637795276
0
CIRCLE
8
BLACK
10
0.866
20
1.359
40
0.0068897637795276
0
CIRCLE
8
BLACK
10
0.866
20
1.4590000000000001
40
0.0068897637795276
0
CIRCLE
8
BLACK
10
0.4
20
0.4
40
0.0068897637795276
0
CIRCLE
8
BLACK
10
1.5999999999999999
20
1.2
40
0.0068897637795276
0
CIRCLE
8
BLACK
10
1.5999999999999999
20
0.4
40
0.0068897637795276
0
CIRCLE
8
BLACK
10
0.4
20
1.2
40
0.0068897637795276
0
CIRCLE
8
BLACK
10
1.5589527559055119
20
0.598822874015748
40
0.0068897637795276
0
CIRCLE
8
BLACK
10
1.6589527559055117
20
0.6988228740157481
40
0.0068897637795276
0
CIRCLE
8
BLACK
10
1.4589527559055118
20
0.6988228740157481
40
0.0068897637795276
0
CIRCLE
8
BLACK
10
1.6589527559055117
20
0.498822874015748
40
0.0068897637795276
0
CIRCLE
8
BLACK
10
1.4589527559055118
20
0.498822874015748
40
0.0068897637795276
0
CIRCLE
8
BLACK
10
0.666
20
1.359
40
0.0068897637795276
0
CIRCLE
8
BLACK
10
0.666
20
1.4590000000000001
40
0.0068897637795276
0
CIRCLE
8
BLACK
10
0.766
20
1.3589999606299212
40
0.0068897637795276
0
CIRCLE
8
BLACK
10
0.766
20
1.4590000393700786
40
0.0068897637795276
0
CIRCLE
8
BLACK
10
0.866
20
1.359
40
0.0068897637795276
0
CIRCLE
8
BLACK
10
0.866
20
1.4590000000000001
40
0.0068897637795276
0
CIRCLE
8
BLACK
10
0.4
20
0.4
40
0.0068897637795276
0
CIRCLE
8
BLACK
10
1.5999999999999999
20
1.2
40
0.0068897637795276
0
CIRCLE
8
BLACK
10
1.5999999999999999
20
0.4
40
0.0068897637795276
0
CIRCLE
8
BLACK
10
0.4
20
1.2
40
0.0068897637795276
  0
ENDSEC
  0
EOF
