  0
SECTION
  2
HEADER
  9
$ANGBASE
  50
0.0
  9
$ANGDIR
  70
1
  9
$MEASUREMENT
  70
0
  0
ENDSEC
  0
SECTION
  2
TABLES
  0
TABLE
  2
LTYPE
  70
4
  0
LTYPE
  5
40F
  2
CONTINUOUS
  70
0
  3
Solid line
  72
65
  73
0
  40
0.0
  0
LTYPE
  5
410
  2
DASHDOT
 70
0
  3
Dash Dot ____ _ ____ _
 72
65
 73
4
 40
2.0
 49
1.25
 49
-0.25
 49
0.25
 49
-0.25
  0
LTYPE
  5
411
  2
DASHED
 70
0
  3
Dashed __ __ __ __ __
 72
65
 73
2
 40
0.75
 49
0.5
 49
-0.25
  0
LTYPE
  5
43B
  2
DOTTED
 70
0
  3
Dotted .  .  .  .
 72
65
 73
2
 40
0.2
 49
0.0
 49
-0.2
  0
ENDTAB
  0
TABLE
  2
STYLE
  70
4
  0
STYLE
  2
KICAD
  70
0
  40
0
  41
1
  42
1
  50
0
  71
0
  3
isocp.shx
  0
STYLE
  2
KICADB
  70
0
  40
0
  41
1
  42
1
  50
0
  71
0
  3
isocp.shx
  0
STYLE
  2
KICADI
  70
0
  40
0
  41
1
  42
1
  50
15
  71
0
  3
isocp.shx
  0
STYLE
  2
KICADBI
  70
0
  40
0
  41
1
  42
1
  50
15
  71
0
  3
isocp.shx
  0
ENDTAB
  0
TABLE
  2
LAYER
  70
1
  0
LAYER
  2
BLACK
  70
0
  62
7
  6
CONTINUOUS
  0
ENDTAB
  0
ENDSEC
  0
SECTION
  2
ENTITIES
0
LINE
8
BLACK
6
CONTINUOUS
10
0.4201122047244095
20
0.5183720472440945
11
0.4332392125984252
21
0.515375905511811
0
LINE
8
BLACK
6
CONTINUOUS
10
0.4332392125984252
20
0.515375905511811
11
0.4459482283464567
21
0.5109288188976377
0
LINE
8
BLACK
6
CONTINUOUS
10
0.4459482283464567
20
0.5109288188976377
11
0.4580794094488189
21
0.5050867716535433
0
LINE
8
BLACK
6
CONTINUOUS
10
0.4580794094488189
20
0.5050867716535433
11
0.4694801968503937
21
0.4979231889763779
0
LINE
8
BLACK
6
CONTINUOUS
10
0.4694801968503937
20
0.4979231889763779
11
0.4800072440944882
21
0.4895281496062992
0
LINE
8
BLACK
6
CONTINUOUS
10
0.4800072440944882
20
0.4895281496062992
11
0.4895281496062992
21
0.4800072440944882
0
LINE
8
BLACK
6
CONTINUOUS
10
0.4895281496062992
20
0.4800072440944882
11
0.4979231889763779
21
0.4694801968503937
0
LINE
8
BLACK
6
CONTINUOUS
10
0.4979231889763779
20
0.4694801968503937
11
0.5050867716535433
21
0.4580794094488189
0
LINE
8
BLACK
6
CONTINUOUS
10
0.5050867716535433
20
0.4580794094488189
11
0.5109288188976377
21
0.4459482283464567
0
LINE
8
BLACK
6
CONTINUOUS
10
0.5109288188976377
20
0.4459482283464567
11
0.515375905511811
21
0.4332392125984252
0
LINE
8
BLACK
6
CONTINUOUS
10
0.515375905511811
20
0.4332392125984252
11
0.5183720472440945
21
0.4201122047244095
0
LINE
8
BLACK
6
CONTINUOUS
10
0.5183720472440945
20
0.4201122047244095
11
0.5198796062992126
21
0.4067322834645669
0
LINE
8
BLACK
6
CONTINUOUS
10
0.5198796062992126
20
0.4067322834645669
11
0.5198796062992126
21
0.3932677165354331
0
LINE
8
BLACK
6
CONTINUOUS
10
0.5198796062992126
20
0.3932677165354331
11
0.5183720472440945
21
0.3798877952755905
0
LINE
8
BLACK
6
CONTINUOUS
10
0.5183720472440945
20
0.3798877952755905
11
0.515375905511811
21
0.3667607874015748
0
LINE
8
BLACK
6
CONTINUOUS
10
0.515375905511811
20
0.3667607874015748
11
0.5109288188976377
21
0.3540517716535433
0
LINE
8
BLACK
6
CONTINUOUS
10
0.5109288188976377
20
0.3540517716535433
11
0.5050867716535433
21
0.3419205905511811
0
LINE
8
BLACK
6
CONTINUOUS
10
0.5050867716535433
20
0.3419205905511811
11
0.4979231889763779
21
0.3305198031496063
0
LINE
8
BLACK
6
CONTINUOUS
10
0.4979231889763779
20
0.3305198031496063
11
0.4895281496062992
21
0.3199927559055118
0
LINE
8
BLACK
6
CONTINUOUS
10
0.4895281496062992
20
0.3199927559055118
11
0.4800072440944882
21
0.3104718503937008
0
LINE
8
BLACK
6
CONTINUOUS
10
0.4800072440944882
20
0.3104718503937008
11
0.4694801968503937
21
0.302076811023622
0
LINE
8
BLACK
6
CONTINUOUS
10
0.4694801968503937
20
0.302076811023622
11
0.4580794094488189
21
0.2949132283464567
0
LINE
8
BLACK
6
CONTINUOUS
10
0.4580794094488189
20
0.2949132283464567
11
0.4459482283464567
21
0.2890711811023622
0
LINE
8
BLACK
6
CONTINUOUS
10
0.4459482283464567
20
0.2890711811023622
11
0.4332392125984252
21
0.284624094488189
0
LINE
8
BLACK
6
CONTINUOUS
10
0.4332392125984252
20
0.284624094488189
11
0.4201122047244095
21
0.2816279527559055
0
LINE
8
BLACK
6
CONTINUOUS
10
0.4201122047244095
20
0.2816279527559055
11
0.4067322834645669
21
0.2801203937007874
0
LINE
8
BLACK
6
CONTINUOUS
10
0.4067322834645669
20
0.2801203937007874
11
0.3932677165354331
21
0.2801203937007874
0
LINE
8
BLACK
6
CONTINUOUS
10
0.3932677165354331
20
0.2801203937007874
11
0.3798877952755905
21
0.2816279527559055
0
LINE
8
BLACK
6
CONTINUOUS
10
0.3798877952755905
20
0.2816279527559055
11
0.3667607874015748
21
0.284624094488189
0
LINE
8
BLACK
6
CONTINUOUS
10
0.3667607874015748
20
0.284624094488189
11
0.3540517716535433
21
0.2890711811023622
0
LINE
8
BLACK
6
CONTINUOUS
10
0.3540517716535433
20
0.2890711811023622
11
0.3419205905511811
21
0.2949132283464567
0
LINE
8
BLACK
6
CONTINUOUS
10
0.3419205905511811
20
0.2949132283464567
11
0.3305198031496063
21
0.302076811023622
0
LINE
8
BLACK
6
CONTINUOUS
10
0.3305198031496063
20
0.302076811023622
11
0.3199927559055118
21
0.3104718503937008
0
LINE
8
BLACK
6
CONTINUOUS
10
0.3199927559055118
20
0.3104718503937008
11
0.3104718503937008
21
0.3199927559055118
0
LINE
8
BLACK
6
CONTINUOUS
10
0.3104718503937008
20
0.3199927559055118
11
0.302076811023622
21
0.3305198031496063
0
LINE
8
BLACK
6
CONTINUOUS
10
0.302076811023622
20
0.3305198031496063
11
0.2949132283464567
21
0.3419205905511811
0
LINE
8
BLACK
6
CONTINUOUS
10
0.2949132283464567
20
0.3419205905511811
11
0.2890711811023622
21
0.3540517716535433
0
LINE
8
BLACK
6
CONTINUOUS
10
0.2890711811023622
20
0.3540517716535433
11
0.284624094488189
21
0.3667607874015748
0
LINE
8
BLACK
6
CONTINUOUS
10
0.284624094488189
20
0.3667607874015748
11
0.2816279527559055
21
0.3798877952755905
0
LINE
8
BLACK
6
CONTINUOUS
10
0.2816279527559055
20
0.3798877952755905
11
0.2801203937007874
21
0.3932677165354331
0
LINE
8
BLACK
6
CONTINUOUS
10
0.2801203937007874
20
0.3932677165354331
11
0.2801203937007874
21
0.4065218110236221
0
LINE
8
BLACK
6
CONTINUOUS
10
0.2801203937007874
20
0.4065218110236221
11
0.2801203937007874
21
0.4067322834645669
0
LINE
8
BLACK
6
CONTINUOUS
10
0.2801203937007874
20
0.4067322834645669
11
0.2816279527559055
21
0.4201122047244095
0
LINE
8
BLACK
6
CONTINUOUS
10
0.2816279527559055
20
0.4201122047244095
11
0.284624094488189
21
0.4332392125984252
0
LINE
8
BLACK
6
CONTINUOUS
10
0.284624094488189
20
0.4332392125984252
11
0.2890711811023622
21
0.4459482283464567
0
LINE
8
BLACK
6
CONTINUOUS
10
0.2890711811023622
20
0.4459482283464567
11
0.2949132283464567
21
0.4580794094488189
0
LINE
8
BLACK
6
CONTINUOUS
10
0.2949132283464567
20
0.4580794094488189
11
0.302076811023622
21
0.4694801968503937
0
LINE
8
BLACK
6
CONTINUOUS
10
0.302076811023622
20
0.4694801968503937
11
0.3104718503937008
21
0.4800072440944882
0
LINE
8
BLACK
6
CONTINUOUS
10
0.3104718503937008
20
0.4800072440944882
11
0.3199927559055118
21
0.4895281496062992
0
LINE
8
BLACK
6
CONTINUOUS
10
0.3199927559055118
20
0.4895281496062992
11
0.3305198031496063
21
0.4979231889763779
0
LINE
8
BLACK
6
CONTINUOUS
10
0.3305198031496063
20
0.4979231889763779
11
0.3419205905511811
21
0.5050867716535433
0
LINE
8
BLACK
6
CONTINUOUS
10
0.3419205905511811
20
0.5050867716535433
11
0.3540517716535433
21
0.5109288188976377
0
LINE
8
BLACK
6
CONTINUOUS
10
0.3540517716535433
20
0.5109288188976377
11
0.3667607874015748
21
0.515375905511811
0
LINE
8
BLACK
6
CONTINUOUS
10
0.3667607874015748
20
0.515375905511811
11
0.3798877952755905
21
0.5183720472440945
0
LINE
8
BLACK
6
CONTINUOUS
10
0.3798877952755905
20
0.5183720472440945
11
0.3932677165354331
21
0.5198796062992126
0
LINE
8
BLACK
6
CONTINUOUS
10
0.3932677165354331
20
0.5198796062992126
11
0.4067322834645669
21
0.5198796062992126
0
LINE
8
BLACK
6
CONTINUOUS
10
0.4067322834645669
20
0.5198796062992126
11
0.4201122047244095
21
0.5183720472440945
0
LINE
8
BLACK
6
CONTINUOUS
10
0.2838685039370079
20
0.3934781889763779
11
0.2853288976377953
21
0.3805166141732284
0
LINE
8
BLACK
6
CONTINUOUS
10
0.2853288976377953
20
0.3805166141732284
11
0.2882313779527559
21
0.3678
0
LINE
8
BLACK
6
CONTINUOUS
10
0.2882313779527559
20
0.3678
11
0.2925394094488189
21
0.3554883858267717
0
LINE
8
BLACK
6
CONTINUOUS
10
0.2925394094488189
20
0.3554883858267717
11
0.2981988188976378
21
0.3437364960629921
0
LINE
8
BLACK
6
CONTINUOUS
10
0.2981988188976378
20
0.3437364960629921
11
0.3051384645669291
21
0.332692125984252
0
LINE
8
BLACK
6
CONTINUOUS
10
0.3051384645669291
20
0.332692125984252
11
0.3132710236220472
21
0.322494251968504
0
LINE
8
BLACK
6
CONTINUOUS
10
0.3132710236220472
20
0.322494251968504
11
0.322494251968504
21
0.3132710236220472
0
LINE
8
BLACK
6
CONTINUOUS
10
0.322494251968504
20
0.3132710236220472
11
0.332692125984252
21
0.3051384645669291
0
LINE
8
BLACK
6
CONTINUOUS
10
0.332692125984252
20
0.3051384645669291
11
0.3437364960629921
21
0.2981988188976378
0
LINE
8
BLACK
6
CONTINUOUS
10
0.3437364960629921
20
0.2981988188976378
11
0.3554883858267717
21
0.2925394094488189
0
LINE
8
BLACK
6
CONTINUOUS
10
0.3554883858267717
20
0.2925394094488189
11
0.3678
21
0.2882313779527559
0
LINE
8
BLACK
6
CONTINUOUS
10
0.3678
20
0.2882313779527559
11
0.3805166141732284
21
0.2853288976377953
0
LINE
8
BLACK
6
CONTINUOUS
10
0.3805166141732284
20
0.2853288976377953
11
0.3934781889763779
21
0.2838685039370079
0
LINE
8
BLACK
6
CONTINUOUS
10
0.3934781889763779
20
0.2838685039370079
11
0.4065218110236221
21
0.2838685039370079
0
LINE
8
BLACK
6
CONTINUOUS
10
0.4065218110236221
20
0.2838685039370079
11
0.4194833858267716
21
0.2853288976377953
0
LINE
8
BLACK
6
CONTINUOUS
10
0.4194833858267716
20
0.2853288976377953
11
0.4322
21
0.2882313779527559
0
LINE
8
BLACK
6
CONTINUOUS
10
0.4322
20
0.2882313779527559
11
0.4445116141732283
21
0.2925394094488189
0
LINE
8
BLACK
6
CONTINUOUS
10
0.4445116141732283
20
0.2925394094488189
11
0.4562635039370079
21
0.2981988188976378
0
LINE
8
BLACK
6
CONTINUOUS
10
0.4562635039370079
20
0.2981988188976378
11
0.467307874015748
21
0.3051384645669291
0
LINE
8
BLACK
6
CONTINUOUS
10
0.467307874015748
20
0.3051384645669291
11
0.477505748031496
21
0.3132710236220472
0
LINE
8
BLACK
6
CONTINUOUS
10
0.477505748031496
20
0.3132710236220472
11
0.4867289763779528
21
0.322494251968504
0
LINE
8
BLACK
6
CONTINUOUS
10
0.4867289763779528
20
0.322494251968504
11
0.4948615354330709
21
0.332692125984252
0
LINE
8
BLACK
6
CONTINUOUS
10
0.4948615354330709
20
0.332692125984252
11
0.5018011811023622
21
0.3437364960629921
0
LINE
8
BLACK
6
CONTINUOUS
10
0.5018011811023622
20
0.3437364960629921
11
0.5074605905511811
21
0.3554883858267717
0
LINE
8
BLACK
6
CONTINUOUS
10
0.5074605905511811
20
0.3554883858267717
11
0.511768622047244
21
0.3678
0
LINE
8
BLACK
6
CONTINUOUS
10
0.511768622047244
20
0.3678
11
0.5146711023622047
21
0.3805166141732284
0
LINE
8
BLACK
6
CONTINUOUS
10
0.5146711023622047
20
0.3805166141732284
11
0.5161314960629921
21
0.3934781889763779
0
LINE
8
BLACK
6
CONTINUOUS
10
0.5161314960629921
20
0.3934781889763779
11
0.5161314960629921
21
0.4065218110236221
0
LINE
8
BLACK
6
CONTINUOUS
10
0.5161314960629921
20
0.4065218110236221
11
0.5146711023622047
21
0.4194833858267716
0
LINE
8
BLACK
6
CONTINUOUS
10
0.5146711023622047
20
0.4194833858267716
11
0.511768622047244
21
0.4322
0
LINE
8
BLACK
6
CONTINUOUS
10
0.511768622047244
20
0.4322
11
0.5074605905511811
21
0.4445116141732283
0
LINE
8
BLACK
6
CONTINUOUS
10
0.5074605905511811
20
0.4445116141732283
11
0.5018011811023622
21
0.4562635039370079
0
LINE
8
BLACK
6
CONTINUOUS
10
0.5018011811023622
20
0.4562635039370079
11
0.4948615354330709
21
0.467307874015748
0
LINE
8
BLACK
6
CONTINUOUS
10
0.4948615354330709
20
0.467307874015748
11
0.4867289763779528
21
0.477505748031496
0
LINE
8
BLACK
6
CONTINUOUS
10
0.4867289763779528
20
0.477505748031496
11
0.477505748031496
21
0.4867289763779528
0
LINE
8
BLACK
6
CONTINUOUS
10
0.477505748031496
20
0.4867289763779528
11
0.467307874015748
21
0.4948615354330709
0
LINE
8
BLACK
6
CONTINUOUS
10
0.467307874015748
20
0.4948615354330709
11
0.4562635039370079
21
0.5018011811023622
0
LINE
8
BLACK
6
CONTINUOUS
10
0.4562635039370079
20
0.5018011811023622
11
0.4445116141732283
21
0.5074605905511811
0
LINE
8
BLACK
6
CONTINUOUS
10
0.4445116141732283
20
0.5074605905511811
11
0.4322
21
0.511768622047244
0
LINE
8
BLACK
6
CONTINUOUS
10
0.4322
20
0.511768622047244
11
0.4194833858267716
21
0.5146711023622047
0
LINE
8
BLACK
6
CONTINUOUS
10
0.4194833858267716
20
0.5146711023622047
11
0.4065218110236221
21
0.5161314960629921
0
LINE
8
BLACK
6
CONTINUOUS
10
0.4065218110236221
20
0.5161314960629921
11
0.3934781889763779
21
0.5161314960629921
0
LINE
8
BLACK
6
CONTINUOUS
10
0.3934781889763779
20
0.5161314960629921
11
0.3805166141732284
21
0.5146711023622047
0
LINE
8
BLACK
6
CONTINUOUS
10
0.3805166141732284
20
0.5146711023622047
11
0.3678
21
0.511768622047244
0
LINE
8
BLACK
6
CONTINUOUS
10
0.3678
20
0.511768622047244
11
0.3554883858267717
21
0.5074605905511811
0
LINE
8
BLACK
6
CONTINUOUS
10
0.3554883858267717
20
0.5074605905511811
11
0.3437364960629921
21
0.5018011811023622
0
LINE
8
BLACK
6
CONTINUOUS
10
0.3437364960629921
20
0.5018011811023622
11
0.332692125984252
21
0.4948615354330709
0
LINE
8
BLACK
6
CONTINUOUS
10
0.332692125984252
20
0.4948615354330709
11
0.322494251968504
21
0.4867289763779528
0
LINE
8
BLACK
6
CONTINUOUS
10
0.322494251968504
20
0.4867289763779528
11
0.3132710236220472
21
0.477505748031496
0
LINE
8
BLACK
6
CONTINUOUS
10
0.3132710236220472
20
0.477505748031496
11
0.3051384645669291
21
0.467307874015748
0
LINE
8
BLACK
6
CONTINUOUS
10
0.3051384645669291
20
0.467307874015748
11
0.2981988188976378
21
0.4562635039370079
0
LINE
8
BLACK
6
CONTINUOUS
10
0.2981988188976378
20
0.4562635039370079
11
0.2925394094488189
21
0.4445116141732283
0
LINE
8
BLACK
6
CONTINUOUS
10
0.2925394094488189
20
0.4445116141732283
11
0.2882313779527559
21
0.4322
0
LINE
8
BLACK
6
CONTINUOUS
10
0.2882313779527559
20
0.4322
11
0.2853288976377953
21
0.4194833858267716
0
LINE
8
BLACK
6
CONTINUOUS
10
0.2853288976377953
20
0.4194833858267716
11
0.2838685039370079
21
0.4065218110236221
0
LINE
8
BLACK
6
CONTINUOUS
10
0.2838685039370079
20
0.4065218110236221
11
0.2838685039370079
21
0.3934781889763779
0
LINE
8
BLACK
6
CONTINUOUS
10
1.6201122047244094
20
0.5183720472440945
11
1.6332392125984252
21
0.515375905511811
0
LINE
8
BLACK
6
CONTINUOUS
10
1.6332392125984252
20
0.515375905511811
11
1.6459482283464566
21
0.5109288188976377
0
LINE
8
BLACK
6
CONTINUOUS
10
1.6459482283464566
20
0.5109288188976377
11
1.6580794094488189
21
0.5050867716535433
0
LINE
8
BLACK
6
CONTINUOUS
10
1.6580794094488189
20
0.5050867716535433
11
1.6694801968503936
21
0.4979231889763779
0
LINE
8
BLACK
6
CONTINUOUS
10
1.6694801968503936
20
0.4979231889763779
11
1.6800072440944882
21
0.4895281496062992
0
LINE
8
BLACK
6
CONTINUOUS
10
1.6800072440944882
20
0.4895281496062992
11
1.6895281496062993
21
0.4800072440944882
0
LINE
8
BLACK
6
CONTINUOUS
10
1.6895281496062993
20
0.4800072440944882
11
1.697923188976378
21
0.4694801968503937
0
LINE
8
BLACK
6
CONTINUOUS
10
1.697923188976378
20
0.4694801968503937
11
1.7050867716535432
21
0.4580794094488189
0
LINE
8
BLACK
6
CONTINUOUS
10
1.7050867716535432
20
0.4580794094488189
11
1.7109288188976377
21
0.4459482283464567
0
LINE
8
BLACK
6
CONTINUOUS
10
1.7109288188976377
20
0.4459482283464567
11
1.715375905511811
21
0.4332392125984252
0
LINE
8
BLACK
6
CONTINUOUS
10
1.715375905511811
20
0.4332392125984252
11
1.7183720472440944
21
0.4201122047244095
0
LINE
8
BLACK
6
CONTINUOUS
10
1.7183720472440944
20
0.4201122047244095
11
1.7198796062992125
21
0.4067322834645669
0
LINE
8
BLACK
6
CONTINUOUS
10
1.7198796062992125
20
0.4067322834645669
11
1.7198796062992125
21
0.3932677165354331
0
LINE
8
BLACK
6
CONTINUOUS
10
1.7198796062992125
20
0.3932677165354331
11
1.7183720472440944
21
0.3798877952755905
0
LINE
8
BLACK
6
CONTINUOUS
10
1.7183720472440944
20
0.3798877952755905
11
1.715375905511811
21
0.3667607874015748
0
LINE
8
BLACK
6
CONTINUOUS
10
1.715375905511811
20
0.3667607874015748
11
1.7109288188976377
21
0.3540517716535433
0
LINE
8
BLACK
6
CONTINUOUS
10
1.7109288188976377
20
0.3540517716535433
11
1.7050867716535432
21
0.3419205905511811
0
LINE
8
BLACK
6
CONTINUOUS
10
1.7050867716535432
20
0.3419205905511811
11
1.697923188976378
21
0.3305198031496063
0
LINE
8
BLACK
6
CONTINUOUS
10
1.697923188976378
20
0.3305198031496063
11
1.6895281496062993
21
0.3199927559055118
0
LINE
8
BLACK
6
CONTINUOUS
10
1.6895281496062993
20
0.3199927559055118
11
1.6800072440944882
21
0.3104718503937008
0
LINE
8
BLACK
6
CONTINUOUS
10
1.6800072440944882
20
0.3104718503937008
11
1.6694801968503936
21
0.302076811023622
0
LINE
8
BLACK
6
CONTINUOUS
10
1.6694801968503936
20
0.302076811023622
11
1.6580794094488189
21
0.2949132283464567
0
LINE
8
BLACK
6
CONTINUOUS
10
1.6580794094488189
20
0.2949132283464567
11
1.6459482283464566
21
0.2890711811023622
0
LINE
8
BLACK
6
CONTINUOUS
10
1.6459482283464566
20
0.2890711811023622
11
1.6332392125984252
21
0.284624094488189
0
LINE
8
BLACK
6
CONTINUOUS
10
1.6332392125984252
20
0.284624094488189
11
1.6201122047244094
21
0.2816279527559055
0
LINE
8
BLACK
6
CONTINUOUS
10
1.6201122047244094
20
0.2816279527559055
11
1.606732283464567
21
0.2801203937007874
0
LINE
8
BLACK
6
CONTINUOUS
10
1.606732283464567
20
0.2801203937007874
11
1.593267716535433
21
0.2801203937007874
0
LINE
8
BLACK
6
CONTINUOUS
10
1.593267716535433
20
0.2801203937007874
11
1.5798877952755905
21
0.2816279527559055
0
LINE
8
BLACK
6
CONTINUOUS
10
1.5798877952755905
20
0.2816279527559055
11
1.5667607874015748
21
0.284624094488189
0
LINE
8
BLACK
6
CONTINUOUS
10
1.5667607874015748
20
0.284624094488189
11
1.5540517716535434
21
0.2890711811023622
0
LINE
8
BLACK
6
CONTINUOUS
10
1.5540517716535434
20
0.2890711811023622
11
1.541920590551181
21
0.2949132283464567
0
LINE
8
BLACK
6
CONTINUOUS
10
1.541920590551181
20
0.2949132283464567
11
1.5305198031496063
21
0.302076811023622
0
LINE
8
BLACK
6
CONTINUOUS
10
1.5305198031496063
20
0.302076811023622
11
1.5199927559055117
21
0.3104718503937008
0
LINE
8
BLACK
6
CONTINUOUS
10
1.5199927559055117
20
0.3104718503937008
11
1.5104718503937007
21
0.3199927559055118
0
LINE
8
BLACK
6
CONTINUOUS
10
1.5104718503937007
20
0.3199927559055118
11
1.502076811023622
21
0.3305198031496063
0
LINE
8
BLACK
6
CONTINUOUS
10
1.502076811023622
20
0.3305198031496063
11
1.4949132283464566
21
0.3419205905511811
0
LINE
8
BLACK
6
CONTINUOUS
10
1.4949132283464566
20
0.3419205905511811
11
1.4890711811023623
21
0.3540517716535433
0
LINE
8
BLACK
6
CONTINUOUS
10
1.4890711811023623
20
0.3540517716535433
11
1.484624094488189
21
0.3667607874015748
0
LINE
8
BLACK
6
CONTINUOUS
10
1.484624094488189
20
0.3667607874015748
11
1.4816279527559055
21
0.3798877952755905
0
LINE
8
BLACK
6
CONTINUOUS
10
1.4816279527559055
20
0.3798877952755905
11
1.4801203937007874
21
0.3932677165354331
0
LINE
8
BLACK
6
CONTINUOUS
10
1.4801203937007874
20
0.3932677165354331
11
1.4801203937007874
21
0.4065218110236221
0
LINE
8
BLACK
6
CONTINUOUS
10
1.4801203937007874
20
0.4065218110236221
11
1.4801203937007874
21
0.4067322834645669
0
LINE
8
BLACK
6
CONTINUOUS
10
1.4801203937007874
20
0.4067322834645669
11
1.4816279527559055
21
0.4201122047244095
0
LINE
8
BLACK
6
CONTINUOUS
10
1.4816279527559055
20
0.4201122047244095
11
1.484624094488189
21
0.4332392125984252
0
LINE
8
BLACK
6
CONTINUOUS
10
1.484624094488189
20
0.4332392125984252
11
1.4890711811023623
21
0.4459482283464567
0
LINE
8
BLACK
6
CONTINUOUS
10
1.4890711811023623
20
0.4459482283464567
11
1.4949132283464566
21
0.4580794094488189
0
LINE
8
BLACK
6
CONTINUOUS
10
1.4949132283464566
20
0.4580794094488189
11
1.502076811023622
21
0.4694801968503937
0
LINE
8
BLACK
6
CONTINUOUS
10
1.502076811023622
20
0.4694801968503937
11
1.5104718503937007
21
0.4800072440944882
0
LINE
8
BLACK
6
CONTINUOUS
10
1.5104718503937007
20
0.4800072440944882
11
1.5199927559055117
21
0.4895281496062992
0
LINE
8
BLACK
6
CONTINUOUS
10
1.5199927559055117
20
0.4895281496062992
11
1.5305198031496063
21
0.4979231889763779
0
LINE
8
BLACK
6
CONTINUOUS
10
1.5305198031496063
20
0.4979231889763779
11
1.541920590551181
21
0.5050867716535433
0
LINE
8
BLACK
6
CONTINUOUS
10
1.541920590551181
20
0.5050867716535433
11
1.5540517716535434
21
0.5109288188976377
0
LINE
8
BLACK
6
CONTINUOUS
10
1.5540517716535434
20
0.5109288188976377
11
1.5667607874015748
21
0.515375905511811
0
LINE
8
BLACK
6
CONTINUOUS
10
1.5667607874015748
20
0.515375905511811
11
1.5798877952755905
21
0.5183720472440945
0
LINE
8
BLACK
6
CONTINUOUS
10
1.5798877952755905
20
0.5183720472440945
11
1.593267716535433
21
0.5198796062992126
0
LINE
8
BLACK
6
CONTINUOUS
10
1.593267716535433
20
0.5198796062992126
11
1.606732283464567
21
0.5198796062992126
0
LINE
8
BLACK
6
CONTINUOUS
10
1.606732283464567
20
0.5198796062992126
11
1.6201122047244094
21
0.5183720472440945
0
LINE
8
BLACK
6
CONTINUOUS
10
1.4838685039370079
20
0.3934781889763779
11
1.4853288976377952
21
0.3805166141732284
0
LINE
8
BLACK
6
CONTINUOUS
10
1.4853288976377952
20
0.3805166141732284
11
1.4882313779527558
21
0.3678
0
LINE
8
BLACK
6
CONTINUOUS
10
1.4882313779527558
20
0.3678
11
1.4925394094488189
21
0.3554883858267717
0
LINE
8
BLACK
6
CONTINUOUS
10
1.4925394094488189
20
0.3554883858267717
11
1.4981988188976378
21
0.3437364960629921
0
LINE
8
BLACK
6
CONTINUOUS
10
1.4981988188976378
20
0.3437364960629921
11
1.505138464566929
21
0.332692125984252
0
LINE
8
BLACK
6
CONTINUOUS
10
1.505138464566929
20
0.332692125984252
11
1.5132710236220472
21
0.322494251968504
0
LINE
8
BLACK
6
CONTINUOUS
10
1.5132710236220472
20
0.322494251968504
11
1.5224942519685039
21
0.3132710236220472
0
LINE
8
BLACK
6
CONTINUOUS
10
1.5224942519685039
20
0.3132710236220472
11
1.5326921259842519
21
0.3051384645669291
0
LINE
8
BLACK
6
CONTINUOUS
10
1.5326921259842519
20
0.3051384645669291
11
1.543736496062992
21
0.2981988188976378
0
LINE
8
BLACK
6
CONTINUOUS
10
1.543736496062992
20
0.2981988188976378
11
1.5554883858267716
21
0.2925394094488189
0
LINE
8
BLACK
6
CONTINUOUS
10
1.5554883858267716
20
0.2925394094488189
11
1.5677999999999999
21
0.2882313779527559
0
LINE
8
BLACK
6
CONTINUOUS
10
1.5677999999999999
20
0.2882313779527559
11
1.5805166141732283
21
0.2853288976377953
0
LINE
8
BLACK
6
CONTINUOUS
10
1.5805166141732283
20
0.2853288976377953
11
1.5934781889763778
21
0.2838685039370079
0
LINE
8
BLACK
6
CONTINUOUS
10
1.5934781889763778
20
0.2838685039370079
11
1.6065218110236219
21
0.2838685039370079
0
LINE
8
BLACK
6
CONTINUOUS
10
1.6065218110236219
20
0.2838685039370079
11
1.6194833858267716
21
0.2853288976377953
0
LINE
8
BLACK
6
CONTINUOUS
10
1.6194833858267716
20
0.2853288976377953
11
1.6321999999999999
21
0.2882313779527559
0
LINE
8
BLACK
6
CONTINUOUS
10
1.6321999999999999
20
0.2882313779527559
11
1.6445116141732283
21
0.2925394094488189
0
LINE
8
BLACK
6
CONTINUOUS
10
1.6445116141732283
20
0.2925394094488189
11
1.6562635039370079
21
0.2981988188976378
0
LINE
8
BLACK
6
CONTINUOUS
10
1.6562635039370079
20
0.2981988188976378
11
1.6673078740157481
21
0.3051384645669291
0
LINE
8
BLACK
6
CONTINUOUS
10
1.6673078740157481
20
0.3051384645669291
11
1.6775057480314961
21
0.3132710236220472
0
LINE
8
BLACK
6
CONTINUOUS
10
1.6775057480314961
20
0.3132710236220472
11
1.6867289763779527
21
0.322494251968504
0
LINE
8
BLACK
6
CONTINUOUS
10
1.6867289763779527
20
0.322494251968504
11
1.6948615354330707
21
0.332692125984252
0
LINE
8
BLACK
6
CONTINUOUS
10
1.6948615354330707
20
0.332692125984252
11
1.7018011811023621
21
0.3437364960629921
0
LINE
8
BLACK
6
CONTINUOUS
10
1.7018011811023621
20
0.3437364960629921
11
1.707460590551181
21
0.3554883858267717
0
LINE
8
BLACK
6
CONTINUOUS
10
1.707460590551181
20
0.3554883858267717
11
1.7117686220472441
21
0.3678
0
LINE
8
BLACK
6
CONTINUOUS
10
1.7117686220472441
20
0.3678
11
1.7146711023622048
21
0.3805166141732284
0
LINE
8
BLACK
6
CONTINUOUS
10
1.7146711023622048
20
0.3805166141732284
11
1.7161314960629921
21
0.3934781889763779
0
LINE
8
BLACK
6
CONTINUOUS
10
1.7161314960629921
20
0.3934781889763779
11
1.7161314960629921
21
0.4065218110236221
0
LINE
8
BLACK
6
CONTINUOUS
10
1.7161314960629921
20
0.4065218110236221
11
1.7146711023622048
21
0.4194833858267716
0
LINE
8
BLACK
6
CONTINUOUS
10
1.7146711023622048
20
0.4194833858267716
11
1.7117686220472441
21
0.4322
0
LINE
8
BLACK
6
CONTINUOUS
10
1.7117686220472441
20
0.4322
11
1.707460590551181
21
0.4445116141732283
0
LINE
8
BLACK
6
CONTINUOUS
10
1.707460590551181
20
0.4445116141732283
11
1.7018011811023621
21
0.4562635039370079
0
LINE
8
BLACK
6
CONTINUOUS
10
1.7018011811023621
20
0.4562635039370079
11
1.6948615354330707
21
0.467307874015748
0
LINE
8
BLACK
6
CONTINUOUS
10
1.6948615354330707
20
0.467307874015748
11
1.6867289763779527
21
0.477505748031496
0
LINE
8
BLACK
6
CONTINUOUS
10
1.6867289763779527
20
0.477505748031496
11
1.6775057480314961
21
0.4867289763779528
0
LINE
8
BLACK
6
CONTINUOUS
10
1.6775057480314961
20
0.4867289763779528
11
1.6673078740157481
21
0.4948615354330709
0
LINE
8
BLACK
6
CONTINUOUS
10
1.6673078740157481
20
0.4948615354330709
11
1.6562635039370079
21
0.5018011811023622
0
LINE
8
BLACK
6
CONTINUOUS
10
1.6562635039370079
20
0.5018011811023622
11
1.6445116141732283
21
0.5074605905511811
0
LINE
8
BLACK
6
CONTINUOUS
10
1.6445116141732283
20
0.5074605905511811
11
1.6321999999999999
21
0.511768622047244
0
LINE
8
BLACK
6
CONTINUOUS
10
1.6321999999999999
20
0.511768622047244
11
1.6194833858267716
21
0.5146711023622047
0
LINE
8
BLACK
6
CONTINUOUS
10
1.6194833858267716
20
0.5146711023622047
11
1.6065218110236219
21
0.5161314960629921
0
LINE
8
BLACK
6
CONTINUOUS
10
1.6065218110236219
20
0.5161314960629921
11
1.5934781889763778
21
0.5161314960629921
0
LINE
8
BLACK
6
CONTINUOUS
10
1.5934781889763778
20
0.5161314960629921
11
1.5805166141732283
21
0.5146711023622047
0
LINE
8
BLACK
6
CONTINUOUS
10
1.5805166141732283
20
0.5146711023622047
11
1.5677999999999999
21
0.511768622047244
0
LINE
8
BLACK
6
CONTINUOUS
10
1.5677999999999999
20
0.511768622047244
11
1.5554883858267716
21
0.5074605905511811
0
LINE
8
BLACK
6
CONTINUOUS
10
1.5554883858267716
20
0.5074605905511811
11
1.543736496062992
21
0.5018011811023622
0
LINE
8
BLACK
6
CONTINUOUS
10
1.543736496062992
20
0.5018011811023622
11
1.5326921259842519
21
0.4948615354330709
0
LINE
8
BLACK
6
CONTINUOUS
10
1.5326921259842519
20
0.4948615354330709
11
1.5224942519685039
21
0.4867289763779528
0
LINE
8
BLACK
6
CONTINUOUS
10
1.5224942519685039
20
0.4867289763779528
11
1.5132710236220472
21
0.477505748031496
0
LINE
8
BLACK
6
CONTINUOUS
10
1.5132710236220472
20
0.477505748031496
11
1.505138464566929
21
0.467307874015748
0
LINE
8
BLACK
6
CONTINUOUS
10
1.505138464566929
20
0.467307874015748
11
1.4981988188976378
21
0.4562635039370079
0
LINE
8
BLACK
6
CONTINUOUS
10
1.4981988188976378
20
0.4562635039370079
11
1.4925394094488189
21
0.4445116141732283
0
LINE
8
BLACK
6
CONTINUOUS
10
1.4925394094488189
20
0.4445116141732283
11
1.4882313779527558
21
0.4322
0
LINE
8
BLACK
6
CONTINUOUS
10
1.4882313779527558
20
0.4322
11
1.4853288976377952
21
0.4194833858267716
0
LINE
8
BLACK
6
CONTINUOUS
10
1.4853288976377952
20
0.4194833858267716
11
1.4838685039370079
21
0.4065218110236221
0
LINE
8
BLACK
6
CONTINUOUS
10
1.4838685039370079
20
0.4065218110236221
11
1.4838685039370079
21
0.3934781889763779
0
LINE
8
BLACK
6
CONTINUOUS
10
1.0509668110236221
20
0.5962732283464567
11
1.0512592125984253
21
0.5962732283464567
0
LINE
8
BLACK
6
CONTINUOUS
10
1.0512592125984253
20
0.5962732283464567
11
1.0515264566929134
21
0.5961625196850393
0
LINE
8
BLACK
6
CONTINUOUS
10
1.0515264566929134
20
0.5961625196850393
11
1.0518102755905512
21
0.5961063779527559
0
LINE
8
BLACK
6
CONTINUOUS
10
1.0518102755905512
20
0.5961063779527559
11
1.0520535433070866
21
0.5959442125984252
0
LINE
8
BLACK
6
CONTINUOUS
10
1.0520535433070866
20
0.5959442125984252
11
1.0523236220472441
21
0.5958323228346457
0
LINE
8
BLACK
6
CONTINUOUS
10
1.0523236220472441
20
0.5958323228346457
11
1.0525280708661418
21
0.595627874015748
0
LINE
8
BLACK
6
CONTINUOUS
10
1.0525280708661418
20
0.595627874015748
11
1.0527688976377954
21
0.5954673228346457
0
LINE
8
BLACK
6
CONTINUOUS
10
1.0527688976377954
20
0.5954673228346457
11
1.0529316141732283
21
0.5952243307086614
0
LINE
8
BLACK
6
CONTINUOUS
10
1.0529316141732283
20
0.5952243307086614
11
1.0531382677165355
21
0.5950176771653544
0
LINE
8
BLACK
6
CONTINUOUS
10
1.0531382677165355
20
0.5950176771653544
11
1.0532489370078739
21
0.5947504724409449
0
LINE
8
BLACK
6
CONTINUOUS
10
1.0532489370078739
20
0.5947504724409449
11
1.0534099606299212
21
0.5945100393700787
0
LINE
8
BLACK
6
CONTINUOUS
10
1.0534099606299212
20
0.5945100393700787
11
1.0534672834645669
21
0.5942233858267716
0
LINE
8
BLACK
6
CONTINUOUS
10
1.0534672834645669
20
0.5942233858267716
11
1.0535791732283464
21
0.5939532677165354
0
LINE
8
BLACK
6
CONTINUOUS
10
1.0535791732283464
20
0.5939532677165354
11
1.0536352755905511
21
0.5933833464566929
0
LINE
8
BLACK
6
CONTINUOUS
10
1.0536352755905511
20
0.5933833464566929
11
1.053635905511811
21
0.5933803149606299
0
LINE
8
BLACK
6
CONTINUOUS
10
1.053635905511811
20
0.5933803149606299
11
1.0536356692913385
21
0.5933792913385827
0
LINE
8
BLACK
6
CONTINUOUS
10
1.0536356692913385
20
0.5933792913385827
11
1.053635905511811
21
0.5933772047244095
0
LINE
8
BLACK
6
CONTINUOUS
10
1.053635905511811
20
0.5933772047244095
11
1.053635905511811
21
0.5569598818897638
0
LINE
8
BLACK
6
CONTINUOUS
10
1.053635905511811
20
0.5569598818897638
11
1.0619317322834645
21
0.5569598818897638
0
LINE
8
BLACK
6
CONTINUOUS
10
1.0619317322834645
20
0.5569598818897638
11
1.0625077952755906
21
0.5569031496062992
0
LINE
8
BLACK
6
CONTINUOUS
10
1.0625077952755906
20
0.5569031496062992
11
1.0635722047244094
21
0.5564622440944882
0
LINE
8
BLACK
6
CONTINUOUS
10
1.0635722047244094
20
0.5564622440944882
11
1.0643868503937008
21
0.5556475984251968
0
LINE
8
BLACK
6
CONTINUOUS
10
1.0643868503937008
20
0.5556475984251968
11
1.0648277559055117
21
0.5545831889763779
0
LINE
8
BLACK
6
CONTINUOUS
10
1.0648277559055117
20
0.5545831889763779
11
1.0648277559055117
21
0.553431062992126
0
LINE
8
BLACK
6
CONTINUOUS
10
1.0648277559055117
20
0.553431062992126
11
1.0643868503937008
21
0.5523666535433071
0
LINE
8
BLACK
6
CONTINUOUS
10
1.0643868503937008
20
0.5523666535433071
11
1.0635722047244094
21
0.5515520078740157
0
LINE
8
BLACK
6
CONTINUOUS
10
1.0635722047244094
20
0.5515520078740157
11
1.0625077952755906
21
0.5511111023622047
0
LINE
8
BLACK
6
CONTINUOUS
10
1.0625077952755906
20
0.5511111023622047
11
1.0619317322834645
21
0.5510543700787401
0
LINE
8
BLACK
6
CONTINUOUS
10
1.0619317322834645
20
0.5510543700787401
11
1.0394345669291338
21
0.5510543700787401
0
LINE
8
BLACK
6
CONTINUOUS
10
1.0394345669291338
20
0.5510543700787401
11
1.038858503937008
21
0.5511111023622047
0
LINE
8
BLACK
6
CONTINUOUS
10
1.038858503937008
20
0.5511111023622047
11
1.0377940944881889
21
0.5515520078740157
0
LINE
8
BLACK
6
CONTINUOUS
10
1.0377940944881889
20
0.5515520078740157
11
1.0369794488188977
21
0.5523666535433071
0
LINE
8
BLACK
6
CONTINUOUS
10
1.0369794488188977
20
0.5523666535433071
11
1.0365385433070866
21
0.553431062992126
0
LINE
8
BLACK
6
CONTINUOUS
10
1.0365385433070866
20
0.553431062992126
11
1.0365385433070866
21
0.5545831889763779
0
LINE
8
BLACK
6
CONTINUOUS
10
1.0365385433070866
20
0.5545831889763779
11
1.0369794488188977
21
0.5556475984251968
0
LINE
8
BLACK
6
CONTINUOUS
10
1.0369794488188977
20
0.5556475984251968
11
1.0377940944881889
21
0.5564622440944882
0
LINE
8
BLACK
6
CONTINUOUS
10
1.0377940944881889
20
0.5564622440944882
11
1.038858503937008
21
0.5569031496062992
0
LINE
8
BLACK
6
CONTINUOUS
10
1.038858503937008
20
0.5569031496062992
11
1.0394345669291338
21
0.5569598818897638
0
LINE
8
BLACK
6
CONTINUOUS
10
1.0394345669291338
20
0.5569598818897638
11
1.0477303937007874
21
0.5569598818897638
0
LINE
8
BLACK
6
CONTINUOUS
10
1.0477303937007874
20
0.5569598818897638
11
1.0477303937007874
21
0.5843738582677165
0
LINE
8
BLACK
6
CONTINUOUS
10
1.0477303937007874
20
0.5843738582677165
11
1.0452720078740156
21
0.5819154724409449
0
LINE
8
BLACK
6
CONTINUOUS
10
1.0452720078740156
20
0.5819154724409449
11
1.0450456299212598
21
0.5817297244094488
0
LINE
8
BLACK
6
CONTINUOUS
10
1.0450456299212598
20
0.5817297244094488
11
1.0449944881889763
21
0.5816707086614173
0
LINE
8
BLACK
6
CONTINUOUS
10
1.0449944881889763
20
0.5816707086614173
11
1.0449055118110235
21
0.5816147637795276
0
LINE
8
BLACK
6
CONTINUOUS
10
1.0449055118110235
20
0.5816147637795276
11
1.0448245669291338
21
0.5815482677165354
0
LINE
8
BLACK
6
CONTINUOUS
10
1.0448245669291338
20
0.5815482677165354
11
1.0447525984251969
21
0.5815184645669291
0
LINE
8
BLACK
6
CONTINUOUS
10
1.0447525984251969
20
0.5815184645669291
11
1.0445046062992125
21
0.5813623622047244
0
LINE
8
BLACK
6
CONTINUOUS
10
1.0445046062992125
20
0.5813623622047244
11
1.0407550787401574
21
0.5794875984251968
0
LINE
8
BLACK
6
CONTINUOUS
10
1.0407550787401574
20
0.5794875984251968
11
1.0402144488188976
21
0.5792807086614173
0
LINE
8
BLACK
6
CONTINUOUS
10
1.0402144488188976
20
0.5792807086614173
11
1.0390652362204724
21
0.5791990551181102
0
LINE
8
BLACK
6
CONTINUOUS
10
1.0390652362204724
20
0.5791990551181102
11
1.0379722834645668
21
0.5795633858267717
0
LINE
8
BLACK
6
CONTINUOUS
10
1.0379722834645668
20
0.5795633858267717
11
1.0371018897637796
21
0.5803182283464566
0
LINE
8
BLACK
6
CONTINUOUS
10
1.0371018897637796
20
0.5803182283464566
11
1.036586653543307
21
0.5813487401574803
0
LINE
8
BLACK
6
CONTINUOUS
10
1.036586653543307
20
0.5813487401574803
11
1.036505
21
0.5824979527559055
0
LINE
8
BLACK
6
CONTINUOUS
10
1.036505
20
0.5824979527559055
11
1.0368693307086614
21
0.583590905511811
0
LINE
8
BLACK
6
CONTINUOUS
10
1.0368693307086614
20
0.583590905511811
11
1.0376241732283464
21
0.5844612992125984
0
LINE
8
BLACK
6
CONTINUOUS
10
1.0376241732283464
20
0.5844612992125984
11
1.0381140551181103
21
0.5847696456692913
0
LINE
8
BLACK
6
CONTINUOUS
10
1.0381140551181103
20
0.5847696456692913
11
1.0414349999999999
21
0.5864301181102362
0
LINE
8
BLACK
6
CONTINUOUS
10
1.0414349999999999
20
0.5864301181102362
11
1.0446388976377952
21
0.5896340157480315
0
LINE
8
BLACK
6
CONTINUOUS
10
1.0446388976377952
20
0.5896340157480315
11
1.0482262992125984
21
0.5950151181102362
0
LINE
8
BLACK
6
CONTINUOUS
10
1.0482262992125984
20
0.5950151181102362
11
1.0482276377952755
21
0.595016811023622
0
LINE
8
BLACK
6
CONTINUOUS
10
1.0482276377952755
20
0.595016811023622
11
1.048228031496063
21
0.5950176771653544
0
LINE
8
BLACK
6
CONTINUOUS
10
1.048228031496063
20
0.5950176771653544
11
1.0482300393700787
21
0.5950197244094488
0
LINE
8
BLACK
6
CONTINUOUS
10
1.0482300393700787
20
0.5950197244094488
11
1.0485930708661417
21
0.5954629527559056
0
LINE
8
BLACK
6
CONTINUOUS
10
1.0485930708661417
20
0.5954629527559056
11
1.0488359448818898
21
0.5956256299212598
0
LINE
8
BLACK
6
CONTINUOUS
10
1.0488359448818898
20
0.5956256299212598
11
1.0490426771653543
21
0.5958323228346457
0
LINE
8
BLACK
6
CONTINUOUS
10
1.0490426771653543
20
0.5958323228346457
11
1.0493099606299212
21
0.5959430708661417
0
LINE
8
BLACK
6
CONTINUOUS
10
1.0493099606299212
20
0.5959430708661417
11
1.0495503543307085
21
0.5961040157480315
0
LINE
8
BLACK
6
CONTINUOUS
10
1.0495503543307085
20
0.5961040157480315
11
1.049836968503937
21
0.5961613779527559
0
LINE
8
BLACK
6
CONTINUOUS
10
1.049836968503937
20
0.5961613779527559
11
1.0501070866141733
21
0.5962732283464567
0
LINE
8
BLACK
6
CONTINUOUS
10
1.0501070866141733
20
0.5962732283464567
11
1.0503963779527559
21
0.5962732283464567
0
LINE
8
BLACK
6
CONTINUOUS
10
1.0503963779527559
20
0.5962732283464567
11
1.0506800393700788
21
0.5963299606299213
0
LINE
8
BLACK
6
CONTINUOUS
10
1.0506800393700788
20
0.5963299606299213
11
1.0509668110236221
21
0.5962732283464567
0
LINE
8
BLACK
6
CONTINUOUS
10
0.9893919291338582
20
0.5962732283464567
11
0.9904563385826771
21
0.5958323228346457
0
LINE
8
BLACK
6
CONTINUOUS
10
0.9904563385826771
20
0.5958323228346457
11
0.9912709842519685
21
0.5950176771653544
0
LINE
8
BLACK
6
CONTINUOUS
10
0.9912709842519685
20
0.5950176771653544
11
0.9917118897637796
21
0.5939532677165354
0
LINE
8
BLACK
6
CONTINUOUS
10
0.9917118897637796
20
0.5939532677165354
11
0.9917118897637796
21
0.5928011417322835
0
LINE
8
BLACK
6
CONTINUOUS
10
0.9917118897637796
20
0.5928011417322835
11
0.9912709842519685
21
0.5917367322834646
0
LINE
8
BLACK
6
CONTINUOUS
10
0.9912709842519685
20
0.5917367322834646
11
0.9904563385826771
21
0.5909220866141732
0
LINE
8
BLACK
6
CONTINUOUS
10
0.9904563385826771
20
0.5909220866141732
11
0.9893919291338582
21
0.5904811811023621
0
LINE
8
BLACK
6
CONTINUOUS
10
0.9893919291338582
20
0.5904811811023621
11
0.9888158661417322
21
0.5904244488188977
0
LINE
8
BLACK
6
CONTINUOUS
10
0.9888158661417322
20
0.5904244488188977
11
0.9805200393700787
21
0.5904244488188977
0
LINE
8
BLACK
6
CONTINUOUS
10
0.9805200393700787
20
0.5904244488188977
11
0.9805200393700787
21
0.5540071259842519
0
LINE
8
BLACK
6
CONTINUOUS
10
0.9805200393700787
20
0.5540071259842519
11
0.9804633070866141
21
0.553431062992126
0
LINE
8
BLACK
6
CONTINUOUS
10
0.9804633070866141
20
0.553431062992126
11
0.9800224015748031
21
0.5523666535433071
0
LINE
8
BLACK
6
CONTINUOUS
10
0.9800224015748031
20
0.5523666535433071
11
0.9792077559055118
21
0.5515520078740157
0
LINE
8
BLACK
6
CONTINUOUS
10
0.9792077559055118
20
0.5515520078740157
11
0.9781433464566929
21
0.5511111023622047
0
LINE
8
BLACK
6
CONTINUOUS
10
0.9781433464566929
20
0.5511111023622047
11
0.9769912204724409
21
0.5511111023622047
0
LINE
8
BLACK
6
CONTINUOUS
10
0.9769912204724409
20
0.5511111023622047
11
0.975926811023622
21
0.5515520078740157
0
LINE
8
BLACK
6
CONTINUOUS
10
0.975926811023622
20
0.5515520078740157
11
0.9751121653543307
21
0.5523666535433071
0
LINE
8
BLACK
6
CONTINUOUS
10
0.9751121653543307
20
0.5523666535433071
11
0.9746712598425197
21
0.553431062992126
0
LINE
8
BLACK
6
CONTINUOUS
10
0.9746712598425197
20
0.553431062992126
11
0.9746145275590551
21
0.5540071259842519
0
LINE
8
BLACK
6
CONTINUOUS
10
0.9746145275590551
20
0.5540071259842519
11
0.9746145275590551
21
0.5904244488188977
0
LINE
8
BLACK
6
CONTINUOUS
10
0.9746145275590551
20
0.5904244488188977
11
0.9663187007874016
21
0.5904244488188977
0
LINE
8
BLACK
6
CONTINUOUS
10
0.9663187007874016
20
0.5904244488188977
11
0.9657426377952756
21
0.5904811811023621
0
LINE
8
BLACK
6
CONTINUOUS
10
0.9657426377952756
20
0.5904811811023621
11
0.9646782283464567
21
0.5909220866141732
0
LINE
8
BLACK
6
CONTINUOUS
10
0.9646782283464567
20
0.5909220866141732
11
0.9638635826771653
21
0.5917367322834646
0
LINE
8
BLACK
6
CONTINUOUS
10
0.9638635826771653
20
0.5917367322834646
11
0.9634226771653543
21
0.5928011417322835
0
LINE
8
BLACK
6
CONTINUOUS
10
0.9634226771653543
20
0.5928011417322835
11
0.9634226771653543
21
0.5939532677165354
0
LINE
8
BLACK
6
CONTINUOUS
10
0.9634226771653543
20
0.5939532677165354
11
0.9638635826771653
21
0.5950176771653544
0
LINE
8
BLACK
6
CONTINUOUS
10
0.9638635826771653
20
0.5950176771653544
11
0.9646782283464567
21
0.5958323228346457
0
LINE
8
BLACK
6
CONTINUOUS
10
0.9646782283464567
20
0.5958323228346457
11
0.9657426377952756
21
0.5962732283464567
0
LINE
8
BLACK
6
CONTINUOUS
10
0.9657426377952756
20
0.5962732283464567
11
0.9663187007874016
21
0.5963299606299213
0
LINE
8
BLACK
6
CONTINUOUS
10
0.9663187007874016
20
0.5963299606299213
11
0.9888158661417322
21
0.5963299606299213
0
LINE
8
BLACK
6
CONTINUOUS
10
0.9888158661417322
20
0.5963299606299213
11
0.9893919291338582
21
0.5962732283464567
0
LINE
8
BLACK
6
CONTINUOUS
10
1.0175134251968503
20
0.5962732283464567
11
1.0176114173228346
21
0.5962326377952756
0
LINE
8
BLACK
6
CONTINUOUS
10
1.0176114173228346
20
0.5962326377952756
11
1.0177172440944882
21
0.5962251181102362
0
LINE
8
BLACK
6
CONTINUOUS
10
1.0177172440944882
20
0.5962251181102362
11
1.018257874015748
21
0.5960182283464567
0
LINE
8
BLACK
6
CONTINUOUS
10
1.018257874015748
20
0.5960182283464567
11
1.0220074015748031
21
0.5941434645669291
0
LINE
8
BLACK
6
CONTINUOUS
10
1.0220074015748031
20
0.5941434645669291
11
1.0222553937007874
21
0.5939874015748031
0
LINE
8
BLACK
6
CONTINUOUS
10
1.0222553937007874
20
0.5939874015748031
11
1.0223273622047244
21
0.593957559055118
0
LINE
8
BLACK
6
CONTINUOUS
10
1.0223273622047244
20
0.593957559055118
11
1.0224083070866141
21
0.5938911023622047
0
LINE
8
BLACK
6
CONTINUOUS
10
1.0224083070866141
20
0.5938911023622047
11
1.0224972834645669
21
0.5938351181102363
0
LINE
8
BLACK
6
CONTINUOUS
10
1.0224972834645669
20
0.5938351181102363
11
1.0225484251968504
21
0.5937761417322834
0
LINE
8
BLACK
6
CONTINUOUS
10
1.0225484251968504
20
0.5937761417322834
11
1.0227748031496062
21
0.5935903543307086
0
LINE
8
BLACK
6
CONTINUOUS
10
1.0227748031496062
20
0.5935903543307086
11
1.0246495669291338
21
0.5917155905511811
0
LINE
8
BLACK
6
CONTINUOUS
10
1.0246495669291338
20
0.5917155905511811
11
1.02483531496063
21
0.5914892519685039
0
LINE
8
BLACK
6
CONTINUOUS
10
1.02483531496063
20
0.5914892519685039
11
1.0248943307086613
21
0.5914380708661418
0
LINE
8
BLACK
6
CONTINUOUS
10
1.0248943307086613
20
0.5914380708661418
11
1.0249502755905511
21
0.5913491338582677
0
LINE
8
BLACK
6
CONTINUOUS
10
1.0249502755905511
20
0.5913491338582677
11
1.0250167716535432
21
0.5912681496062993
0
LINE
8
BLACK
6
CONTINUOUS
10
1.0250167716535432
20
0.5912681496062993
11
1.0250465748031496
21
0.5911962204724409
0
LINE
8
BLACK
6
CONTINUOUS
10
1.0250465748031496
20
0.5911962204724409
11
1.0252026771653544
21
0.5909481889763779
0
LINE
8
BLACK
6
CONTINUOUS
10
1.0252026771653544
20
0.5909481889763779
11
1.027077440944882
21
0.5871986614173228
0
LINE
8
BLACK
6
CONTINUOUS
10
1.027077440944882
20
0.5871986614173228
11
1.0272843307086614
21
0.5866580708661417
0
LINE
8
BLACK
6
CONTINUOUS
10
1.0272843307086614
20
0.5866580708661417
11
1.0272918503937007
21
0.5865522047244094
0
LINE
8
BLACK
6
CONTINUOUS
10
1.0272918503937007
20
0.5865522047244094
11
1.0273324409448819
21
0.5864542125984252
0
LINE
8
BLACK
6
CONTINUOUS
10
1.0273324409448819
20
0.5864542125984252
11
1.0273891732283464
21
0.5858781496062992
0
LINE
8
BLACK
6
CONTINUOUS
10
1.0273891732283464
20
0.5858781496062992
11
1.0273891732283464
21
0.5802538582677165
0
LINE
8
BLACK
6
CONTINUOUS
10
1.0273891732283464
20
0.5802538582677165
11
1.0273324409448819
21
0.5796777952755905
0
LINE
8
BLACK
6
CONTINUOUS
10
1.0273324409448819
20
0.5796777952755905
11
1.0272918503937007
21
0.579579842519685
0
LINE
8
BLACK
6
CONTINUOUS
10
1.0272918503937007
20
0.579579842519685
11
1.0272843307086614
21
0.579473937007874
0
LINE
8
BLACK
6
CONTINUOUS
10
1.0272843307086614
20
0.579473937007874
11
1.027077440944882
21
0.5789333464566929
0
LINE
8
BLACK
6
CONTINUOUS
10
1.027077440944882
20
0.5789333464566929
11
1.0252026771653544
21
0.5751838188976378
0
LINE
8
BLACK
6
CONTINUOUS
10
1.0252026771653544
20
0.5751838188976378
11
1.0250465748031496
21
0.5749358267716536
0
LINE
8
BLACK
6
CONTINUOUS
10
1.0250465748031496
20
0.5749358267716536
11
1.0250167716535432
21
0.5748638582677166
0
LINE
8
BLACK
6
CONTINUOUS
10
1.0250167716535432
20
0.5748638582677166
11
1.0249502755905511
21
0.5747829133858268
0
LINE
8
BLACK
6
CONTINUOUS
10
1.0249502755905511
20
0.5747829133858268
11
1.0248943307086613
21
0.574693937007874
0
LINE
8
BLACK
6
CONTINUOUS
10
1.0248943307086613
20
0.574693937007874
11
1.02483531496063
21
0.5746427952755906
0
LINE
8
BLACK
6
CONTINUOUS
10
1.02483531496063
20
0.5746427952755906
11
1.0246495669291338
21
0.5744164173228347
0
LINE
8
BLACK
6
CONTINUOUS
10
1.0246495669291338
20
0.5744164173228347
11
1.0227748031496062
21
0.5725416535433071
0
LINE
8
BLACK
6
CONTINUOUS
10
1.0227748031496062
20
0.5725416535433071
11
1.0225484251968504
21
0.572355905511811
0
LINE
8
BLACK
6
CONTINUOUS
10
1.0225484251968504
20
0.572355905511811
11
1.0224972834645669
21
0.5722968897637795
0
LINE
8
BLACK
6
CONTINUOUS
10
1.0224972834645669
20
0.5722968897637795
11
1.0224083070866141
21
0.5722409448818897
0
LINE
8
BLACK
6
CONTINUOUS
10
1.0224083070866141
20
0.5722409448818897
11
1.0223273622047244
21
0.5721744488188977
0
LINE
8
BLACK
6
CONTINUOUS
10
1.0223273622047244
20
0.5721744488188977
11
1.0222553937007874
21
0.5721446456692914
0
LINE
8
BLACK
6
CONTINUOUS
10
1.0222553937007874
20
0.5721446456692914
11
1.0220074015748031
21
0.5719885433070866
0
LINE
8
BLACK
6
CONTINUOUS
10
1.0220074015748031
20
0.5719885433070866
11
1.018257874015748
21
0.570113779527559
0
LINE
8
BLACK
6
CONTINUOUS
10
1.018257874015748
20
0.570113779527559
11
1.0177172440944882
21
0.5699068897637796
0
LINE
8
BLACK
6
CONTINUOUS
10
1.0177172440944882
20
0.5699068897637796
11
1.0176114173228346
21
0.5698994094488189
0
LINE
8
BLACK
6
CONTINUOUS
10
1.0176114173228346
20
0.5698994094488189
11
1.0175134251968503
21
0.569858779527559
0
LINE
8
BLACK
6
CONTINUOUS
10
1.0175134251968503
20
0.569858779527559
11
1.0169373622047244
21
0.5698020472440944
0
LINE
8
BLACK
6
CONTINUOUS
10
1.0169373622047244
20
0.5698020472440944
11
1.0048920078740158
21
0.5698020472440944
0
LINE
8
BLACK
6
CONTINUOUS
10
1.0048920078740158
20
0.5698020472440944
11
1.0048920078740158
21
0.5540071259842519
0
LINE
8
BLACK
6
CONTINUOUS
10
1.0048920078740158
20
0.5540071259842519
11
1.0048352755905512
21
0.553431062992126
0
LINE
8
BLACK
6
CONTINUOUS
10
1.0048352755905512
20
0.553431062992126
11
1.0043943700787401
21
0.5523666535433071
0
LINE
8
BLACK
6
CONTINUOUS
10
1.0043943700787401
20
0.5523666535433071
11
1.0035797244094489
21
0.5515520078740157
0
LINE
8
BLACK
6
CONTINUOUS
10
1.0035797244094489
20
0.5515520078740157
11
1.0025153149606298
21
0.5511111023622047
0
LINE
8
BLACK
6
CONTINUOUS
10
1.0025153149606298
20
0.5511111023622047
11
1.0013631889763779
21
0.5511111023622047
0
LINE
8
BLACK
6
CONTINUOUS
10
1.0013631889763779
20
0.5511111023622047
11
1.0002987795275591
21
0.5515520078740157
0
LINE
8
BLACK
6
CONTINUOUS
10
1.0002987795275591
20
0.5515520078740157
11
0.9994841338582677
21
0.5523666535433071
0
LINE
8
BLACK
6
CONTINUOUS
10
0.9994841338582677
20
0.5523666535433071
11
0.9990432283464566
21
0.553431062992126
0
LINE
8
BLACK
6
CONTINUOUS
10
0.9990432283464566
20
0.553431062992126
11
0.9989864960629921
21
0.5540071259842519
0
LINE
8
BLACK
6
CONTINUOUS
10
0.9989864960629921
20
0.5540071259842519
11
0.9989864960629921
21
0.5933772047244095
0
LINE
8
BLACK
6
CONTINUOUS
10
0.9989864960629921
20
0.5933772047244095
11
0.9990432283464566
21
0.5939532677165354
0
LINE
8
BLACK
6
CONTINUOUS
10
0.9990432283464566
20
0.5939532677165354
11
0.9994841338582677
21
0.5950176771653544
0
LINE
8
BLACK
6
CONTINUOUS
10
0.9994841338582677
20
0.5950176771653544
11
1.0002987795275591
21
0.5958323228346457
0
LINE
8
BLACK
6
CONTINUOUS
10
1.0002987795275591
20
0.5958323228346457
11
1.0013631889763779
21
0.5962732283464567
0
LINE
8
BLACK
6
CONTINUOUS
10
1.0013631889763779
20
0.5962732283464567
11
1.001939251968504
21
0.5963299606299213
0
LINE
8
BLACK
6
CONTINUOUS
10
1.001939251968504
20
0.5963299606299213
11
1.0169373622047244
21
0.5963299606299213
0
LINE
8
BLACK
6
CONTINUOUS
10
1.0169373622047244
20
0.5963299606299213
11
1.0175134251968503
21
0.5962732283464567
0
LINE
8
BLACK
6
CONTINUOUS
10
1.0048920078740158
20
0.5757075590551181
11
1.0162403149606298
21
0.5757075590551181
0
LINE
8
BLACK
6
CONTINUOUS
10
1.0162403149606298
20
0.5757075590551181
11
1.0189377952755905
21
0.5770562992125984
0
LINE
8
BLACK
6
CONTINUOUS
10
1.0189377952755905
20
0.5770562992125984
11
1.0201349212598425
21
0.5782534251968504
0
LINE
8
BLACK
6
CONTINUOUS
10
1.0201349212598425
20
0.5782534251968504
11
1.0214836614173228
21
0.5809509055118111
0
LINE
8
BLACK
6
CONTINUOUS
10
1.0214836614173228
20
0.5809509055118111
11
1.0214836614173228
21
0.5851811023622047
0
LINE
8
BLACK
6
CONTINUOUS
10
1.0214836614173228
20
0.5851811023622047
11
1.0201349212598425
21
0.5878785826771653
0
LINE
8
BLACK
6
CONTINUOUS
10
1.0201349212598425
20
0.5878785826771653
11
1.0189377952755905
21
0.5890757086614173
0
LINE
8
BLACK
6
CONTINUOUS
10
1.0189377952755905
20
0.5890757086614173
11
1.0162403149606298
21
0.5904244488188977
0
LINE
8
BLACK
6
CONTINUOUS
10
1.0162403149606298
20
0.5904244488188977
11
1.0048920078740158
21
0.5904244488188977
0
LINE
8
BLACK
6
CONTINUOUS
10
1.0048920078740158
20
0.5904244488188977
11
1.0048920078740158
21
0.5757075590551181
0
LINE
8
BLACK
6
CONTINUOUS
10
0.4549067716535433
20
0.9599826377952756
11
0.4559711811023622
21
0.9595417322834645
0
LINE
8
BLACK
6
CONTINUOUS
10
0.4559711811023622
20
0.9595417322834645
11
0.4567858267716535
21
0.9587270866141732
0
LINE
8
BLACK
6
CONTINUOUS
10
0.4567858267716535
20
0.9587270866141732
11
0.4572267322834646
21
0.9576626771653544
0
LINE
8
BLACK
6
CONTINUOUS
10
0.4572267322834646
20
0.9576626771653544
11
0.4572834645669291
21
0.9570866141732284
0
LINE
8
BLACK
6
CONTINUOUS
10
0.4572834645669291
20
0.9570866141732284
11
0.4572834645669291
21
0.6570866141732283
0
LINE
8
BLACK
6
CONTINUOUS
10
0.4572834645669291
20
0.6570866141732283
11
0.4572267322834646
21
0.6565105511811024
0
LINE
8
BLACK
6
CONTINUOUS
10
0.4572267322834646
20
0.6565105511811024
11
0.4567858267716535
21
0.6554461417322834
0
LINE
8
BLACK
6
CONTINUOUS
10
0.4567858267716535
20
0.6554461417322834
11
0.4559711811023622
21
0.6546314960629921
0
LINE
8
BLACK
6
CONTINUOUS
10
0.4559711811023622
20
0.6546314960629921
11
0.4549067716535433
21
0.6541905905511811
0
LINE
8
BLACK
6
CONTINUOUS
10
0.4549067716535433
20
0.6541905905511811
11
0.4543307086614173
21
0.6541338582677165
0
LINE
8
BLACK
6
CONTINUOUS
10
0.4543307086614173
20
0.6541338582677165
11
0.2543307086614173
21
0.6541338582677165
0
LINE
8
BLACK
6
CONTINUOUS
10
0.2543307086614173
20
0.6541338582677165
11
0.2537546456692913
21
0.6541905905511811
0
LINE
8
BLACK
6
CONTINUOUS
10
0.2537546456692913
20
0.6541905905511811
11
0.2526902362204724
21
0.6546314960629921
0
LINE
8
BLACK
6
CONTINUOUS
10
0.2526902362204724
20
0.6546314960629921
11
0.2518755905511811
21
0.6554461417322834
0
LINE
8
BLACK
6
CONTINUOUS
10
0.2518755905511811
20
0.6554461417322834
11
0.2514346850393701
21
0.6565105511811024
0
LINE
8
BLACK
6
CONTINUOUS
10
0.2514346850393701
20
0.6565105511811024
11
0.2513779527559055
21
0.6570866141732283
0
LINE
8
BLACK
6
CONTINUOUS
10
0.2513779527559055
20
0.6570866141732283
11
0.2513779527559055
21
0.9570866141732284
0
LINE
8
BLACK
6
CONTINUOUS
10
0.2513779527559055
20
0.9570866141732284
11
0.2514346850393701
21
0.9576626771653544
0
LINE
8
BLACK
6
CONTINUOUS
10
0.2514346850393701
20
0.9576626771653544
11
0.2518755905511811
21
0.9587270866141732
0
LINE
8
BLACK
6
CONTINUOUS
10
0.2518755905511811
20
0.9587270866141732
11
0.2526902362204724
21
0.9595417322834645
0
LINE
8
BLACK
6
CONTINUOUS
10
0.2526902362204724
20
0.9595417322834645
11
0.2537546456692913
21
0.9599826377952756
0
LINE
8
BLACK
6
CONTINUOUS
10
0.2537546456692913
20
0.9599826377952756
11
0.2543307086614173
21
0.9600393700787402
0
LINE
8
BLACK
6
CONTINUOUS
10
0.2543307086614173
20
0.9600393700787402
11
0.4543307086614173
21
0.9600393700787402
0
LINE
8
BLACK
6
CONTINUOUS
10
0.4543307086614173
20
0.9600393700787402
11
0.4549067716535433
21
0.9599826377952756
0
LINE
8
BLACK
6
CONTINUOUS
10
0.2572834645669291
20
0.9541338582677165
11
0.2572834645669291
21
0.6600393700787401
0
LINE
8
BLACK
6
CONTINUOUS
10
0.2572834645669291
20
0.6600393700787401
11
0.4513779527559055
21
0.6600393700787401
0
LINE
8
BLACK
6
CONTINUOUS
10
0.4513779527559055
20
0.6600393700787401
11
0.4513779527559055
21
0.9541338582677165
0
LINE
8
BLACK
6
CONTINUOUS
10
0.4513779527559055
20
0.9541338582677165
11
0.2572834645669291
21
0.9541338582677165
0
LINE
8
BLACK
6
CONTINUOUS
10
0.9322115748031495
20
0.7012601181102363
11
0.9323095669291338
21
0.7012195275590551
0
LINE
8
BLACK
6
CONTINUOUS
10
0.9323095669291338
20
0.7012195275590551
11
0.9324153937007874
21
0.7012120078740157
0
LINE
8
BLACK
6
CONTINUOUS
10
0.9324153937007874
20
0.7012120078740157
11
0.9329560236220472
21
0.7010051181102362
0
LINE
8
BLACK
6
CONTINUOUS
10
0.9329560236220472
20
0.7010051181102362
11
0.9367055511811023
21
0.6991303543307087
0
LINE
8
BLACK
6
CONTINUOUS
10
0.9367055511811023
20
0.6991303543307087
11
0.9368018897637795
21
0.6990697244094488
0
LINE
8
BLACK
6
CONTINUOUS
10
0.9368018897637795
20
0.6990697244094488
11
0.9368473228346457
21
0.6990545669291338
0
LINE
8
BLACK
6
CONTINUOUS
10
0.9368473228346457
20
0.6990545669291338
11
0.9369038582677165
21
0.6990055511811023
0
LINE
8
BLACK
6
CONTINUOUS
10
0.9369038582677165
20
0.6990055511811023
11
0.9371954330708662
21
0.6988220078740157
0
LINE
8
BLACK
6
CONTINUOUS
10
0.9371954330708662
20
0.6988220078740157
11
0.9374379921259842
21
0.6985423228346457
0
LINE
8
BLACK
6
CONTINUOUS
10
0.9374379921259842
20
0.6985423228346457
11
0.937717716535433
21
0.6982997244094488
0
LINE
8
BLACK
6
CONTINUOUS
10
0.937717716535433
20
0.6982997244094488
11
0.937901220472441
21
0.698008188976378
0
LINE
8
BLACK
6
CONTINUOUS
10
0.937901220472441
20
0.698008188976378
11
0.9379502755905511
21
0.6979516141732284
0
LINE
8
BLACK
6
CONTINUOUS
10
0.9379502755905511
20
0.6979516141732284
11
0.9379653937007874
21
0.6979062204724409
0
LINE
8
BLACK
6
CONTINUOUS
10
0.9379653937007874
20
0.6979062204724409
11
0.938026062992126
21
0.697809842519685
0
LINE
8
BLACK
6
CONTINUOUS
10
0.938026062992126
20
0.697809842519685
11
0.9399008267716535
21
0.6940603149606299
0
LINE
8
BLACK
6
CONTINUOUS
10
0.9399008267716535
20
0.6940603149606299
11
0.940107716535433
21
0.6935197244094488
0
LINE
8
BLACK
6
CONTINUOUS
10
0.940107716535433
20
0.6935197244094488
11
0.9401152362204724
21
0.6934138582677165
0
LINE
8
BLACK
6
CONTINUOUS
10
0.9401152362204724
20
0.6934138582677165
11
0.9401558267716535
21
0.6933158661417322
0
LINE
8
BLACK
6
CONTINUOUS
10
0.9401558267716535
20
0.6933158661417322
11
0.9402125590551181
21
0.6927398031496063
0
LINE
8
BLACK
6
CONTINUOUS
10
0.9402125590551181
20
0.6927398031496063
11
0.9402125590551181
21
0.6889902755905511
0
LINE
8
BLACK
6
CONTINUOUS
10
0.9402125590551181
20
0.6889902755905511
11
0.9401558267716535
21
0.6884142125984252
0
LINE
8
BLACK
6
CONTINUOUS
10
0.9401558267716535
20
0.6884142125984252
11
0.9400450393700788
21
0.6881468503937008
0
LINE
8
BLACK
6
CONTINUOUS
10
0.9400450393700788
20
0.6881468503937008
11
0.939988937007874
21
0.6878631496062992
0
LINE
8
BLACK
6
CONTINUOUS
10
0.939988937007874
20
0.6878631496062992
11
0.9398268503937007
21
0.6876200393700788
0
LINE
8
BLACK
6
CONTINUOUS
10
0.9398268503937007
20
0.6876200393700788
11
0.9397149212598425
21
0.6873498031496063
0
LINE
8
BLACK
6
CONTINUOUS
10
0.9397149212598425
20
0.6873498031496063
11
0.9395102755905511
21
0.6871451574803149
0
LINE
8
BLACK
6
CONTINUOUS
10
0.9395102755905511
20
0.6871451574803149
11
0.9393498818897638
21
0.6869045669291338
0
LINE
8
BLACK
6
CONTINUOUS
10
0.9393498818897638
20
0.6869045669291338
11
0.9391070472440944
21
0.686741968503937
0
LINE
8
BLACK
6
CONTINUOUS
10
0.9391070472440944
20
0.686741968503937
11
0.9389002755905511
21
0.6865351574803149
0
LINE
8
BLACK
6
CONTINUOUS
10
0.9389002755905511
20
0.6865351574803149
11
0.9386329921259843
21
0.6864244488188976
0
LINE
8
BLACK
6
CONTINUOUS
10
0.9386329921259843
20
0.6864244488188976
11
0.9383926377952756
21
0.6862634645669291
0
LINE
8
BLACK
6
CONTINUOUS
10
0.9383926377952756
20
0.6862634645669291
11
0.9378388582677165
21
0.686094842519685
0
LINE
8
BLACK
6
CONTINUOUS
10
0.9378388582677165
20
0.686094842519685
11
0.9214649212598425
21
0.6828200787401575
0
LINE
8
BLACK
6
CONTINUOUS
10
0.9214649212598425
20
0.6828200787401575
11
0.9214649212598425
21
0.6784387401574803
0
LINE
8
BLACK
6
CONTINUOUS
10
0.9214649212598425
20
0.6784387401574803
11
0.9225877559055118
21
0.6761929921259843
0
LINE
8
BLACK
6
CONTINUOUS
10
0.9225877559055118
20
0.6761929921259843
11
0.9248335039370078
21
0.6750701181102362
0
LINE
8
BLACK
6
CONTINUOUS
10
0.9248335039370078
20
0.6750701181102362
11
0.9309384645669291
21
0.6750701181102362
0
LINE
8
BLACK
6
CONTINUOUS
10
0.9309384645669291
20
0.6750701181102362
11
0.9340645275590551
21
0.6766331496062992
0
LINE
8
BLACK
6
CONTINUOUS
10
0.9340645275590551
20
0.6766331496062992
11
0.9346051181102362
21
0.6768400393700787
0
LINE
8
BLACK
6
CONTINUOUS
10
0.9346051181102362
20
0.6768400393700787
11
0.9357543307086614
21
0.6769216929133858
0
LINE
8
BLACK
6
CONTINUOUS
10
0.9357543307086614
20
0.6769216929133858
11
0.9368473228346457
21
0.6765573622047244
0
LINE
8
BLACK
6
CONTINUOUS
10
0.9368473228346457
20
0.6765573622047244
11
0.9377176771653543
21
0.6758025196850393
0
LINE
8
BLACK
6
CONTINUOUS
10
0.9377176771653543
20
0.6758025196850393
11
0.9382329527559055
21
0.6747720078740157
0
LINE
8
BLACK
6
CONTINUOUS
10
0.9382329527559055
20
0.6747720078740157
11
0.9383146062992126
21
0.6736227952755905
0
LINE
8
BLACK
6
CONTINUOUS
10
0.9383146062992126
20
0.6736227952755905
11
0.9379502755905511
21
0.6725298425196851
0
LINE
8
BLACK
6
CONTINUOUS
10
0.9379502755905511
20
0.6725298425196851
11
0.9371954330708662
21
0.6716594488188976
0
LINE
8
BLACK
6
CONTINUOUS
10
0.9371954330708662
20
0.6716594488188976
11
0.9367055511811023
21
0.6713511023622047
0
LINE
8
BLACK
6
CONTINUOUS
10
0.9367055511811023
20
0.6713511023622047
11
0.9329560236220472
21
0.6694763385826772
0
LINE
8
BLACK
6
CONTINUOUS
10
0.9329560236220472
20
0.6694763385826772
11
0.9324153937007874
21
0.6692694488188976
0
LINE
8
BLACK
6
CONTINUOUS
10
0.9324153937007874
20
0.6692694488188976
11
0.9323095669291338
21
0.669261968503937
0
LINE
8
BLACK
6
CONTINUOUS
10
0.9323095669291338
20
0.669261968503937
11
0.9322115748031495
21
0.6692213385826772
0
LINE
8
BLACK
6
CONTINUOUS
10
0.9322115748031495
20
0.6692213385826772
11
0.9316355118110236
21
0.6691646062992126
0
LINE
8
BLACK
6
CONTINUOUS
10
0.9316355118110236
20
0.6691646062992126
11
0.9241364566929133
21
0.6691646062992126
0
LINE
8
BLACK
6
CONTINUOUS
10
0.9241364566929133
20
0.6691646062992126
11
0.9235603937007874
21
0.6692213385826772
0
LINE
8
BLACK
6
CONTINUOUS
10
0.9235603937007874
20
0.6692213385826772
11
0.9234624015748031
21
0.6692619291338583
0
LINE
8
BLACK
6
CONTINUOUS
10
0.9234624015748031
20
0.6692619291338583
11
0.9233565354330708
21
0.6692694488188976
0
LINE
8
BLACK
6
CONTINUOUS
10
0.9233565354330708
20
0.6692694488188976
11
0.9228159448818898
21
0.6694763385826772
0
LINE
8
BLACK
6
CONTINUOUS
10
0.9228159448818898
20
0.6694763385826772
11
0.9190664173228347
21
0.6713511023622047
0
LINE
8
BLACK
6
CONTINUOUS
10
0.9190664173228347
20
0.6713511023622047
11
0.9189700393700787
21
0.6714117716535433
0
LINE
8
BLACK
6
CONTINUOUS
10
0.9189700393700787
20
0.6714117716535433
11
0.9189246456692913
21
0.6714268897637795
0
LINE
8
BLACK
6
CONTINUOUS
10
0.9189246456692913
20
0.6714268897637795
11
0.9188680708661418
21
0.6714759448818898
0
LINE
8
BLACK
6
CONTINUOUS
10
0.9188680708661418
20
0.6714759448818898
11
0.9185765354330708
21
0.6716594488188976
0
LINE
8
BLACK
6
CONTINUOUS
10
0.9185765354330708
20
0.6716594488188976
11
0.9183338582677165
21
0.6719392913385827
0
LINE
8
BLACK
6
CONTINUOUS
10
0.9183338582677165
20
0.6719392913385827
11
0.9180542519685039
21
0.6721817716535433
0
LINE
8
BLACK
6
CONTINUOUS
10
0.9180542519685039
20
0.6721817716535433
11
0.917870748031496
21
0.6724732677165354
0
LINE
8
BLACK
6
CONTINUOUS
10
0.917870748031496
20
0.6724732677165354
11
0.9178216929133858
21
0.6725298425196851
0
LINE
8
BLACK
6
CONTINUOUS
10
0.9178216929133858
20
0.6725298425196851
11
0.9178065354330709
21
0.6725753149606299
0
LINE
8
BLACK
6
CONTINUOUS
10
0.9178065354330709
20
0.6725753149606299
11
0.917745905511811
21
0.6726716141732283
0
LINE
8
BLACK
6
CONTINUOUS
10
0.917745905511811
20
0.6726716141732283
11
0.9158711417322835
21
0.6764211811023622
0
LINE
8
BLACK
6
CONTINUOUS
10
0.9158711417322835
20
0.6764211811023622
11
0.9156642519685039
21
0.6769618110236221
0
LINE
8
BLACK
6
CONTINUOUS
10
0.9156642519685039
20
0.6769618110236221
11
0.9156567322834646
21
0.6770676377952756
0
LINE
8
BLACK
6
CONTINUOUS
10
0.9156567322834646
20
0.6770676377952756
11
0.9156161417322835
21
0.6771656299212598
0
LINE
8
BLACK
6
CONTINUOUS
10
0.9156161417322835
20
0.6771656299212598
11
0.9155594094488189
21
0.6777416929133858
0
LINE
8
BLACK
6
CONTINUOUS
10
0.9155594094488189
20
0.6777416929133858
11
0.9155594094488189
21
0.6927398031496063
0
LINE
8
BLACK
6
CONTINUOUS
10
0.9155594094488189
20
0.6927398031496063
11
0.9156161417322835
21
0.6933158661417322
0
LINE
8
BLACK
6
CONTINUOUS
10
0.9156161417322835
20
0.6933158661417322
11
0.9156567322834646
21
0.6934138976377953
0
LINE
8
BLACK
6
CONTINUOUS
10
0.9156567322834646
20
0.6934138976377953
11
0.9156642519685039
21
0.6935196850393701
0
LINE
8
BLACK
6
CONTINUOUS
10
0.9156642519685039
20
0.6935196850393701
11
0.9158711417322835
21
0.6940603149606299
0
LINE
8
BLACK
6
CONTINUOUS
10
0.9158711417322835
20
0.6940603149606299
11
0.917745905511811
21
0.697809842519685
0
LINE
8
BLACK
6
CONTINUOUS
10
0.917745905511811
20
0.697809842519685
11
0.9178065354330709
21
0.6979062204724409
0
LINE
8
BLACK
6
CONTINUOUS
10
0.9178065354330709
20
0.6979062204724409
11
0.9178216929133858
21
0.6979516141732284
0
LINE
8
BLACK
6
CONTINUOUS
10
0.9178216929133858
20
0.6979516141732284
11
0.9178707086614173
21
0.698008188976378
0
LINE
8
BLACK
6
CONTINUOUS
10
0.9178707086614173
20
0.698008188976378
11
0.9180542519685039
21
0.6982997244094488
0
LINE
8
BLACK
6
CONTINUOUS
10
0.9180542519685039
20
0.6982997244094488
11
0.918333937007874
21
0.6985423228346457
0
LINE
8
BLACK
6
CONTINUOUS
10
0.918333937007874
20
0.6985423228346457
11
0.9185765354330708
21
0.6988220078740157
0
LINE
8
BLACK
6
CONTINUOUS
10
0.9185765354330708
20
0.6988220078740157
11
0.9188680708661418
21
0.6990055511811023
0
LINE
8
BLACK
6
CONTINUOUS
10
0.9188680708661418
20
0.6990055511811023
11
0.9189246456692913
21
0.6990545669291338
0
LINE
8
BLACK
6
CONTINUOUS
10
0.9189246456692913
20
0.6990545669291338
11
0.9189700393700787
21
0.6990697244094488
0
LINE
8
BLACK
6
CONTINUOUS
10
0.9189700393700787
20
0.6990697244094488
11
0.9190664173228347
21
0.6991303543307087
0
LINE
8
BLACK
6
CONTINUOUS
10
0.9190664173228347
20
0.6991303543307087
11
0.9228159448818898
21
0.7010051181102362
0
LINE
8
BLACK
6
CONTINUOUS
10
0.9228159448818898
20
0.7010051181102362
11
0.9233565354330708
21
0.7012120078740157
0
LINE
8
BLACK
6
CONTINUOUS
10
0.9233565354330708
20
0.7012120078740157
11
0.9234624015748031
21
0.7012195669291339
0
LINE
8
BLACK
6
CONTINUOUS
10
0.9234624015748031
20
0.7012195669291339
11
0.9235603937007874
21
0.7012601181102363
0
LINE
8
BLACK
6
CONTINUOUS
10
0.9235603937007874
20
0.7012601181102363
11
0.9241364566929133
21
0.7013168503937007
0
LINE
8
BLACK
6
CONTINUOUS
10
0.9241364566929133
20
0.7013168503937007
11
0.9316355118110236
21
0.7013168503937007
0
LINE
8
BLACK
6
CONTINUOUS
10
0.9316355118110236
20
0.7013168503937007
11
0.9322115748031495
21
0.7012601181102363
0
LINE
8
BLACK
6
CONTINUOUS
10
0.9225877559055118
20
0.6942885039370078
11
0.9214649212598425
21
0.6920427559055118
0
LINE
8
BLACK
6
CONTINUOUS
10
0.9214649212598425
20
0.6920427559055118
11
0.9214649212598425
21
0.688842559055118
0
LINE
8
BLACK
6
CONTINUOUS
10
0.9214649212598425
20
0.688842559055118
11
0.9343070472440944
21
0.6914109448818897
0
LINE
8
BLACK
6
CONTINUOUS
10
0.9343070472440944
20
0.6914109448818897
11
0.9343070472440944
21
0.6920427559055118
0
LINE
8
BLACK
6
CONTINUOUS
10
0.9343070472440944
20
0.6920427559055118
11
0.9331841732283465
21
0.6942885039370078
0
LINE
8
BLACK
6
CONTINUOUS
10
0.9331841732283465
20
0.6942885039370078
11
0.9309384645669291
21
0.6954113385826771
0
LINE
8
BLACK
6
CONTINUOUS
10
0.9309384645669291
20
0.6954113385826771
11
0.9248335039370078
21
0.6954113385826771
0
LINE
8
BLACK
6
CONTINUOUS
10
0.9248335039370078
20
0.6954113385826771
11
0.9225877559055118
21
0.6942885039370078
0
LINE
8
BLACK
6
CONTINUOUS
10
0.9640825984251968
20
0.7012601181102363
11
0.9641805905511811
21
0.7012195275590551
0
LINE
8
BLACK
6
CONTINUOUS
10
0.9641805905511811
20
0.7012195275590551
11
0.9642864173228346
21
0.7012120078740157
0
LINE
8
BLACK
6
CONTINUOUS
10
0.9642864173228346
20
0.7012120078740157
11
0.9648270472440945
21
0.7010051181102362
0
LINE
8
BLACK
6
CONTINUOUS
10
0.9648270472440945
20
0.7010051181102362
11
0.9685765748031496
21
0.6991303543307087
0
LINE
8
BLACK
6
CONTINUOUS
10
0.9685765748031496
20
0.6991303543307087
11
0.9690664566929134
21
0.6988220078740157
0
LINE
8
BLACK
6
CONTINUOUS
10
0.9690664566929134
20
0.6988220078740157
11
0.9698212992125984
21
0.6979516141732284
0
LINE
8
BLACK
6
CONTINUOUS
10
0.9698212992125984
20
0.6979516141732284
11
0.9701856299212598
21
0.6968586614173228
0
LINE
8
BLACK
6
CONTINUOUS
10
0.9701856299212598
20
0.6968586614173228
11
0.9701039763779528
21
0.6957094488188976
0
LINE
8
BLACK
6
CONTINUOUS
10
0.9701039763779528
20
0.6957094488188976
11
0.9695887007874016
21
0.694678937007874
0
LINE
8
BLACK
6
CONTINUOUS
10
0.9695887007874016
20
0.694678937007874
11
0.9687183464566929
21
0.6939240944881889
0
LINE
8
BLACK
6
CONTINUOUS
10
0.9687183464566929
20
0.6939240944881889
11
0.9676253543307086
21
0.6935597637795275
0
LINE
8
BLACK
6
CONTINUOUS
10
0.9676253543307086
20
0.6935597637795275
11
0.9664761417322835
21
0.6936414173228346
0
LINE
8
BLACK
6
CONTINUOUS
10
0.9664761417322835
20
0.6936414173228346
11
0.9659355511811023
21
0.6938483070866142
0
LINE
8
BLACK
6
CONTINUOUS
10
0.9659355511811023
20
0.6938483070866142
11
0.9628094881889764
21
0.6954113385826771
0
LINE
8
BLACK
6
CONTINUOUS
10
0.9628094881889764
20
0.6954113385826771
11
0.9585792913385827
21
0.6954113385826771
0
LINE
8
BLACK
6
CONTINUOUS
10
0.9585792913385827
20
0.6954113385826771
11
0.9563335433070866
21
0.6942885039370078
0
LINE
8
BLACK
6
CONTINUOUS
10
0.9563335433070866
20
0.6942885039370078
11
0.9552107086614173
21
0.6920427559055118
0
LINE
8
BLACK
6
CONTINUOUS
10
0.9552107086614173
20
0.6920427559055118
11
0.9552107086614173
21
0.6915620866141732
0
LINE
8
BLACK
6
CONTINUOUS
10
0.9552107086614173
20
0.6915620866141732
11
0.9563335433070866
21
0.6893163779527559
0
LINE
8
BLACK
6
CONTINUOUS
10
0.9563335433070866
20
0.6893163779527559
11
0.9585792913385827
21
0.6881935039370078
0
LINE
8
BLACK
6
CONTINUOUS
10
0.9585792913385827
20
0.6881935039370078
11
0.9635065354330709
21
0.6881935039370078
0
LINE
8
BLACK
6
CONTINUOUS
10
0.9635065354330709
20
0.6881935039370078
11
0.9640825984251968
21
0.6881367716535433
0
LINE
8
BLACK
6
CONTINUOUS
10
0.9640825984251968
20
0.6881367716535433
11
0.9641805905511811
21
0.6880961811023621
0
LINE
8
BLACK
6
CONTINUOUS
10
0.9641805905511811
20
0.6880961811023621
11
0.9642864173228346
21
0.6880886614173228
0
LINE
8
BLACK
6
CONTINUOUS
10
0.9642864173228346
20
0.6880886614173228
11
0.9648270472440945
21
0.6878817716535433
0
LINE
8
BLACK
6
CONTINUOUS
10
0.9648270472440945
20
0.6878817716535433
11
0.9685765748031496
21
0.6860070078740157
0
LINE
8
BLACK
6
CONTINUOUS
10
0.9685765748031496
20
0.6860070078740157
11
0.9686729133858267
21
0.6859463779527559
0
LINE
8
BLACK
6
CONTINUOUS
10
0.9686729133858267
20
0.6859463779527559
11
0.9687183464566929
21
0.6859312204724409
0
LINE
8
BLACK
6
CONTINUOUS
10
0.9687183464566929
20
0.6859312204724409
11
0.9687748818897638
21
0.6858822047244094
0
LINE
8
BLACK
6
CONTINUOUS
10
0.9687748818897638
20
0.6858822047244094
11
0.9690664566929134
21
0.6856986614173228
0
LINE
8
BLACK
6
CONTINUOUS
10
0.9690664566929134
20
0.6856986614173228
11
0.9693090157480315
21
0.6854189763779528
0
LINE
8
BLACK
6
CONTINUOUS
10
0.9693090157480315
20
0.6854189763779528
11
0.9695887401574803
21
0.6851763779527559
0
LINE
8
BLACK
6
CONTINUOUS
10
0.9695887401574803
20
0.6851763779527559
11
0.9697722440944881
21
0.6848848425196851
0
LINE
8
BLACK
6
CONTINUOUS
10
0.9697722440944881
20
0.6848848425196851
11
0.9698212992125984
21
0.6848282677165354
0
LINE
8
BLACK
6
CONTINUOUS
10
0.9698212992125984
20
0.6848282677165354
11
0.9698364173228347
21
0.684782874015748
0
LINE
8
BLACK
6
CONTINUOUS
10
0.9698364173228347
20
0.684782874015748
11
0.9698970866141732
21
0.6846864960629921
0
LINE
8
BLACK
6
CONTINUOUS
10
0.9698970866141732
20
0.6846864960629921
11
0.9717718503937007
21
0.680936968503937
0
LINE
8
BLACK
6
CONTINUOUS
10
0.9717718503937007
20
0.680936968503937
11
0.9719787401574803
21
0.6803963779527559
0
LINE
8
BLACK
6
CONTINUOUS
10
0.9719787401574803
20
0.6803963779527559
11
0.9719862598425196
21
0.6802905118110236
0
LINE
8
BLACK
6
CONTINUOUS
10
0.9719862598425196
20
0.6802905118110236
11
0.9720268503937007
21
0.6801925196850394
0
LINE
8
BLACK
6
CONTINUOUS
10
0.9720268503937007
20
0.6801925196850394
11
0.9720835826771653
21
0.6796164566929134
0
LINE
8
BLACK
6
CONTINUOUS
10
0.9720835826771653
20
0.6796164566929134
11
0.9720835826771653
21
0.6777416929133858
0
LINE
8
BLACK
6
CONTINUOUS
10
0.9720835826771653
20
0.6777416929133858
11
0.9720268503937007
21
0.6771656299212598
0
LINE
8
BLACK
6
CONTINUOUS
10
0.9720268503937007
20
0.6771656299212598
11
0.9719862204724409
21
0.6770676377952756
0
LINE
8
BLACK
6
CONTINUOUS
10
0.9719862204724409
20
0.6770676377952756
11
0.9719787401574803
21
0.6769618110236221
0
LINE
8
BLACK
6
CONTINUOUS
10
0.9719787401574803
20
0.6769618110236221
11
0.9717718503937007
21
0.6764211811023622
0
LINE
8
BLACK
6
CONTINUOUS
10
0.9717718503937007
20
0.6764211811023622
11
0.9698970866141732
21
0.6726716141732283
0
LINE
8
BLACK
6
CONTINUOUS
10
0.9698970866141732
20
0.6726716141732283
11
0.9698364173228347
21
0.6725752755905512
0
LINE
8
BLACK
6
CONTINUOUS
10
0.9698364173228347
20
0.6725752755905512
11
0.9698212992125984
21
0.6725298425196851
0
LINE
8
BLACK
6
CONTINUOUS
10
0.9698212992125984
20
0.6725298425196851
11
0.9697722440944881
21
0.6724733070866141
0
LINE
8
BLACK
6
CONTINUOUS
10
0.9697722440944881
20
0.6724733070866141
11
0.9695887401574803
21
0.6721817322834646
0
LINE
8
BLACK
6
CONTINUOUS
10
0.9695887401574803
20
0.6721817322834646
11
0.9693090157480315
21
0.6719391732283464
0
LINE
8
BLACK
6
CONTINUOUS
10
0.9693090157480315
20
0.6719391732283464
11
0.9690664566929134
21
0.6716594488188976
0
LINE
8
BLACK
6
CONTINUOUS
10
0.9690664566929134
20
0.6716594488188976
11
0.9687748818897638
21
0.6714759448818898
0
LINE
8
BLACK
6
CONTINUOUS
10
0.9687748818897638
20
0.6714759448818898
11
0.9687183464566929
21
0.6714268897637795
0
LINE
8
BLACK
6
CONTINUOUS
10
0.9687183464566929
20
0.6714268897637795
11
0.9686729133858267
21
0.6714117716535433
0
LINE
8
BLACK
6
CONTINUOUS
10
0.9686729133858267
20
0.6714117716535433
11
0.9685765748031496
21
0.6713511023622047
0
LINE
8
BLACK
6
CONTINUOUS
10
0.9685765748031496
20
0.6713511023622047
11
0.9648270472440945
21
0.6694763385826772
0
LINE
8
BLACK
6
CONTINUOUS
10
0.9648270472440945
20
0.6694763385826772
11
0.9642864173228346
21
0.6692694488188976
0
LINE
8
BLACK
6
CONTINUOUS
10
0.9642864173228346
20
0.6692694488188976
11
0.9641805905511811
21
0.669261968503937
0
LINE
8
BLACK
6
CONTINUOUS
10
0.9641805905511811
20
0.669261968503937
11
0.9640825984251968
21
0.6692213385826772
0
LINE
8
BLACK
6
CONTINUOUS
10
0.9640825984251968
20
0.6692213385826772
11
0.9635065354330709
21
0.6691646062992126
0
LINE
8
BLACK
6
CONTINUOUS
10
0.9635065354330709
20
0.6691646062992126
11
0.9560074803149606
21
0.6691646062992126
0
LINE
8
BLACK
6
CONTINUOUS
10
0.9560074803149606
20
0.6691646062992126
11
0.9554314173228347
21
0.6692213385826772
0
LINE
8
BLACK
6
CONTINUOUS
10
0.9554314173228347
20
0.6692213385826772
11
0.9553334251968504
21
0.6692619291338583
0
LINE
8
BLACK
6
CONTINUOUS
10
0.9553334251968504
20
0.6692619291338583
11
0.9552275590551181
21
0.6692694488188976
0
LINE
8
BLACK
6
CONTINUOUS
10
0.9552275590551181
20
0.6692694488188976
11
0.954686968503937
21
0.6694763385826772
0
LINE
8
BLACK
6
CONTINUOUS
10
0.954686968503937
20
0.6694763385826772
11
0.9509374409448819
21
0.6713511023622047
0
LINE
8
BLACK
6
CONTINUOUS
10
0.9509374409448819
20
0.6713511023622047
11
0.9504475590551181
21
0.6716594488188976
0
LINE
8
BLACK
6
CONTINUOUS
10
0.9504475590551181
20
0.6716594488188976
11
0.9496927165354331
21
0.6725298425196851
0
LINE
8
BLACK
6
CONTINUOUS
10
0.9496927165354331
20
0.6725298425196851
11
0.9493283858267716
21
0.6736227952755905
0
LINE
8
BLACK
6
CONTINUOUS
10
0.9493283858267716
20
0.6736227952755905
11
0.9494100393700787
21
0.6747720078740157
0
LINE
8
BLACK
6
CONTINUOUS
10
0.9494100393700787
20
0.6747720078740157
11
0.9499252755905512
21
0.6758025196850393
0
LINE
8
BLACK
6
CONTINUOUS
10
0.9499252755905512
20
0.6758025196850393
11
0.9507956692913385
21
0.6765573622047244
0
LINE
8
BLACK
6
CONTINUOUS
10
0.9507956692913385
20
0.6765573622047244
11
0.9518886220472441
21
0.6769216929133858
0
LINE
8
BLACK
6
CONTINUOUS
10
0.9518886220472441
20
0.6769216929133858
11
0.9530378346456693
21
0.6768400393700787
0
LINE
8
BLACK
6
CONTINUOUS
10
0.9530378346456693
20
0.6768400393700787
11
0.9535784645669291
21
0.6766331496062992
0
LINE
8
BLACK
6
CONTINUOUS
10
0.9535784645669291
20
0.6766331496062992
11
0.9567045275590551
21
0.6750701181102362
0
LINE
8
BLACK
6
CONTINUOUS
10
0.9567045275590551
20
0.6750701181102362
11
0.9628094881889764
21
0.6750701181102362
0
LINE
8
BLACK
6
CONTINUOUS
10
0.9628094881889764
20
0.6750701181102362
11
0.9650551968503936
21
0.6761929921259843
0
LINE
8
BLACK
6
CONTINUOUS
10
0.9650551968503936
20
0.6761929921259843
11
0.9661780708661417
21
0.6784387401574803
0
LINE
8
BLACK
6
CONTINUOUS
10
0.9661780708661417
20
0.6784387401574803
11
0.9661780708661417
21
0.6789194094488189
0
LINE
8
BLACK
6
CONTINUOUS
10
0.9661780708661417
20
0.6789194094488189
11
0.9650551968503936
21
0.6811651574803149
0
LINE
8
BLACK
6
CONTINUOUS
10
0.9650551968503936
20
0.6811651574803149
11
0.9628094881889764
21
0.6822879921259842
0
LINE
8
BLACK
6
CONTINUOUS
10
0.9628094881889764
20
0.6822879921259842
11
0.9578822440944882
21
0.6822879921259842
0
LINE
8
BLACK
6
CONTINUOUS
10
0.9578822440944882
20
0.6822879921259842
11
0.9573061811023622
21
0.6823447244094488
0
LINE
8
BLACK
6
CONTINUOUS
10
0.9573061811023622
20
0.6823447244094488
11
0.9572081889763779
21
0.6823853149606299
0
LINE
8
BLACK
6
CONTINUOUS
10
0.9572081889763779
20
0.6823853149606299
11
0.9571023228346457
21
0.6823928346456692
0
LINE
8
BLACK
6
CONTINUOUS
10
0.9571023228346457
20
0.6823928346456692
11
0.9565617322834645
21
0.6825997244094488
0
LINE
8
BLACK
6
CONTINUOUS
10
0.9565617322834645
20
0.6825997244094488
11
0.9528122047244094
21
0.6844744881889764
0
LINE
8
BLACK
6
CONTINUOUS
10
0.9528122047244094
20
0.6844744881889764
11
0.9527158267716536
21
0.6845351574803149
0
LINE
8
BLACK
6
CONTINUOUS
10
0.9527158267716536
20
0.6845351574803149
11
0.9526704330708661
21
0.6845502755905511
0
LINE
8
BLACK
6
CONTINUOUS
10
0.9526704330708661
20
0.6845502755905511
11
0.9526138582677165
21
0.6845993307086614
0
LINE
8
BLACK
6
CONTINUOUS
10
0.9526138582677165
20
0.6845993307086614
11
0.9523223228346457
21
0.6847828346456692
0
LINE
8
BLACK
6
CONTINUOUS
10
0.9523223228346457
20
0.6847828346456692
11
0.9520797244094488
21
0.6850625590551181
0
LINE
8
BLACK
6
CONTINUOUS
10
0.9520797244094488
20
0.6850625590551181
11
0.9518000393700787
21
0.6853051181102362
0
LINE
8
BLACK
6
CONTINUOUS
10
0.9518000393700787
20
0.6853051181102362
11
0.9516164960629921
21
0.6855966929133858
0
LINE
8
BLACK
6
CONTINUOUS
10
0.9516164960629921
20
0.6855966929133858
11
0.9515674803149606
21
0.6856532283464567
0
LINE
8
BLACK
6
CONTINUOUS
10
0.9515674803149606
20
0.6856532283464567
11
0.9515523228346456
21
0.6856986614173228
0
LINE
8
BLACK
6
CONTINUOUS
10
0.9515523228346456
20
0.6856986614173228
11
0.9514916929133858
21
0.6857949999999999
0
LINE
8
BLACK
6
CONTINUOUS
10
0.9514916929133858
20
0.6857949999999999
11
0.9496169291338582
21
0.6895445275590552
0
LINE
8
BLACK
6
CONTINUOUS
10
0.9496169291338582
20
0.6895445275590552
11
0.9494100393700787
21
0.690085157480315
0
LINE
8
BLACK
6
CONTINUOUS
10
0.9494100393700787
20
0.690085157480315
11
0.9494025196850393
21
0.6901909842519685
0
LINE
8
BLACK
6
CONTINUOUS
10
0.9494025196850393
20
0.6901909842519685
11
0.9493619291338582
21
0.6902889763779527
0
LINE
8
BLACK
6
CONTINUOUS
10
0.9493619291338582
20
0.6902889763779527
11
0.9493051968503937
21
0.6908650393700787
0
LINE
8
BLACK
6
CONTINUOUS
10
0.9493051968503937
20
0.6908650393700787
11
0.9493051968503937
21
0.6927398031496063
0
LINE
8
BLACK
6
CONTINUOUS
10
0.9493051968503937
20
0.6927398031496063
11
0.9493619291338582
21
0.6933158661417322
0
LINE
8
BLACK
6
CONTINUOUS
10
0.9493619291338582
20
0.6933158661417322
11
0.9494025196850393
21
0.6934138976377953
0
LINE
8
BLACK
6
CONTINUOUS
10
0.9494025196850393
20
0.6934138976377953
11
0.9494100393700787
21
0.6935196850393701
0
LINE
8
BLACK
6
CONTINUOUS
10
0.9494100393700787
20
0.6935196850393701
11
0.9496169291338582
21
0.6940603149606299
0
LINE
8
BLACK
6
CONTINUOUS
10
0.9496169291338582
20
0.6940603149606299
11
0.9514916929133858
21
0.697809842519685
0
LINE
8
BLACK
6
CONTINUOUS
10
0.9514916929133858
20
0.697809842519685
11
0.9515523228346456
21
0.6979062204724409
0
LINE
8
BLACK
6
CONTINUOUS
10
0.9515523228346456
20
0.6979062204724409
11
0.9515674803149606
21
0.6979516141732284
0
LINE
8
BLACK
6
CONTINUOUS
10
0.9515674803149606
20
0.6979516141732284
11
0.9516164960629921
21
0.698008188976378
0
LINE
8
BLACK
6
CONTINUOUS
10
0.9516164960629921
20
0.698008188976378
11
0.9518000393700787
21
0.6982997244094488
0
LINE
8
BLACK
6
CONTINUOUS
10
0.9518000393700787
20
0.6982997244094488
11
0.9520797244094488
21
0.6985423228346457
0
LINE
8
BLACK
6
CONTINUOUS
10
0.9520797244094488
20
0.6985423228346457
11
0.9523223228346457
21
0.6988220078740157
0
LINE
8
BLACK
6
CONTINUOUS
10
0.9523223228346457
20
0.6988220078740157
11
0.9526138582677165
21
0.6990055511811023
0
LINE
8
BLACK
6
CONTINUOUS
10
0.9526138582677165
20
0.6990055511811023
11
0.9526704330708661
21
0.6990545669291338
0
LINE
8
BLACK
6
CONTINUOUS
10
0.9526704330708661
20
0.6990545669291338
11
0.9527158267716536
21
0.6990697244094488
0
LINE
8
BLACK
6
CONTINUOUS
10
0.9527158267716536
20
0.6990697244094488
11
0.9528122047244094
21
0.6991303543307087
0
LINE
8
BLACK
6
CONTINUOUS
10
0.9528122047244094
20
0.6991303543307087
11
0.9565617322834645
21
0.7010051181102362
0
LINE
8
BLACK
6
CONTINUOUS
10
0.9565617322834645
20
0.7010051181102362
11
0.9571023228346457
21
0.7012120078740157
0
LINE
8
BLACK
6
CONTINUOUS
10
0.9571023228346457
20
0.7012120078740157
11
0.9572081889763779
21
0.7012195669291339
0
LINE
8
BLACK
6
CONTINUOUS
10
0.9572081889763779
20
0.7012195669291339
11
0.9573061811023622
21
0.7012601181102363
0
LINE
8
BLACK
6
CONTINUOUS
10
0.9573061811023622
20
0.7012601181102363
11
0.9578822440944882
21
0.7013168503937007
0
LINE
8
BLACK
6
CONTINUOUS
10
0.9578822440944882
20
0.7013168503937007
11
0.9635065354330709
21
0.7013168503937007
0
LINE
8
BLACK
6
CONTINUOUS
10
0.9635065354330709
20
0.7013168503937007
11
0.9640825984251968
21
0.7012601181102363
0
LINE
8
BLACK
6
CONTINUOUS
10
0.9876442125984252
20
0.7139425590551181
11
0.9884588582677165
21
0.7131279133858267
0
LINE
8
BLACK
6
CONTINUOUS
10
0.9884588582677165
20
0.7131279133858267
11
0.9888997637795275
21
0.7120635039370079
0
LINE
8
BLACK
6
CONTINUOUS
10
0.9888997637795275
20
0.7120635039370079
11
0.9889564960629921
21
0.7114874409448819
0
LINE
8
BLACK
6
CONTINUOUS
10
0.9889564960629921
20
0.7114874409448819
11
0.9889564960629921
21
0.7013168503937007
0
LINE
8
BLACK
6
CONTINUOUS
10
0.9889564960629921
20
0.7013168503937007
11
0.995377559055118
21
0.7013168503937007
0
LINE
8
BLACK
6
CONTINUOUS
10
0.995377559055118
20
0.7013168503937007
11
0.995953622047244
21
0.7012601181102363
0
LINE
8
BLACK
6
CONTINUOUS
10
0.995953622047244
20
0.7012601181102363
11
0.9970180314960629
21
0.7008192125984252
0
LINE
8
BLACK
6
CONTINUOUS
10
0.9970180314960629
20
0.7008192125984252
11
0.9978326771653543
21
0.7000045669291338
0
LINE
8
BLACK
6
CONTINUOUS
10
0.9978326771653543
20
0.7000045669291338
11
0.9982735826771654
21
0.6989401574803149
0
LINE
8
BLACK
6
CONTINUOUS
10
0.9982735826771654
20
0.6989401574803149
11
0.9982735826771654
21
0.6977880314960629
0
LINE
8
BLACK
6
CONTINUOUS
10
0.9982735826771654
20
0.6977880314960629
11
0.9978326771653543
21
0.696723622047244
0
LINE
8
BLACK
6
CONTINUOUS
10
0.9978326771653543
20
0.696723622047244
11
0.9970180314960629
21
0.6959089763779528
0
LINE
8
BLACK
6
CONTINUOUS
10
0.9970180314960629
20
0.6959089763779528
11
0.995953622047244
21
0.6954680708661417
0
LINE
8
BLACK
6
CONTINUOUS
10
0.995953622047244
20
0.6954680708661417
11
0.995377559055118
21
0.6954113385826771
0
LINE
8
BLACK
6
CONTINUOUS
10
0.995377559055118
20
0.6954113385826771
11
0.9889564960629921
21
0.6954113385826771
0
LINE
8
BLACK
6
CONTINUOUS
10
0.9889564960629921
20
0.6954113385826771
11
0.9889564960629921
21
0.6784387401574803
0
LINE
8
BLACK
6
CONTINUOUS
10
0.9889564960629921
20
0.6784387401574803
11
0.9900793307086614
21
0.6761929921259843
0
LINE
8
BLACK
6
CONTINUOUS
10
0.9900793307086614
20
0.6761929921259843
11
0.9923250787401574
21
0.6750701181102362
0
LINE
8
BLACK
6
CONTINUOUS
10
0.9923250787401574
20
0.6750701181102362
11
0.995377559055118
21
0.6750701181102362
0
LINE
8
BLACK
6
CONTINUOUS
10
0.995377559055118
20
0.6750701181102362
11
0.995953622047244
21
0.6750133858267716
0
LINE
8
BLACK
6
CONTINUOUS
10
0.995953622047244
20
0.6750133858267716
11
0.9970180314960629
21
0.6745724803149606
0
LINE
8
BLACK
6
CONTINUOUS
10
0.9970180314960629
20
0.6745724803149606
11
0.9978326771653543
21
0.6737578346456693
0
LINE
8
BLACK
6
CONTINUOUS
10
0.9978326771653543
20
0.6737578346456693
11
0.9982735826771654
21
0.6726934251968504
0
LINE
8
BLACK
6
CONTINUOUS
10
0.9982735826771654
20
0.6726934251968504
11
0.9982735826771654
21
0.6715412992125984
0
LINE
8
BLACK
6
CONTINUOUS
10
0.9982735826771654
20
0.6715412992125984
11
0.9978326771653543
21
0.6704768897637795
0
LINE
8
BLACK
6
CONTINUOUS
10
0.9978326771653543
20
0.6704768897637795
11
0.9970180314960629
21
0.6696622440944882
0
LINE
8
BLACK
6
CONTINUOUS
10
0.9970180314960629
20
0.6696622440944882
11
0.995953622047244
21
0.6692213385826772
0
LINE
8
BLACK
6
CONTINUOUS
10
0.995953622047244
20
0.6692213385826772
11
0.995377559055118
21
0.6691646062992126
0
LINE
8
BLACK
6
CONTINUOUS
10
0.995377559055118
20
0.6691646062992126
11
0.9916280314960629
21
0.6691646062992126
0
LINE
8
BLACK
6
CONTINUOUS
10
0.9916280314960629
20
0.6691646062992126
11
0.991051968503937
21
0.6692213385826772
0
LINE
8
BLACK
6
CONTINUOUS
10
0.991051968503937
20
0.6692213385826772
11
0.9909539763779527
21
0.6692619291338583
0
LINE
8
BLACK
6
CONTINUOUS
10
0.9909539763779527
20
0.6692619291338583
11
0.9908481102362204
21
0.6692694488188976
0
LINE
8
BLACK
6
CONTINUOUS
10
0.9908481102362204
20
0.6692694488188976
11
0.9903075196850394
21
0.6694763385826772
0
LINE
8
BLACK
6
CONTINUOUS
10
0.9903075196850394
20
0.6694763385826772
11
0.9865579921259843
21
0.6713511023622047
0
LINE
8
BLACK
6
CONTINUOUS
10
0.9865579921259843
20
0.6713511023622047
11
0.9864616141732283
21
0.6714117716535433
0
LINE
8
BLACK
6
CONTINUOUS
10
0.9864616141732283
20
0.6714117716535433
11
0.9864162204724409
21
0.6714268897637795
0
LINE
8
BLACK
6
CONTINUOUS
10
0.9864162204724409
20
0.6714268897637795
11
0.9863596456692914
21
0.6714759448818898
0
LINE
8
BLACK
6
CONTINUOUS
10
0.9863596456692914
20
0.6714759448818898
11
0.9860681102362204
21
0.6716594488188976
0
LINE
8
BLACK
6
CONTINUOUS
10
0.9860681102362204
20
0.6716594488188976
11
0.9858254330708661
21
0.6719392913385827
0
LINE
8
BLACK
6
CONTINUOUS
10
0.9858254330708661
20
0.6719392913385827
11
0.9855458267716535
21
0.6721817716535433
0
LINE
8
BLACK
6
CONTINUOUS
10
0.9855458267716535
20
0.6721817716535433
11
0.9853623228346456
21
0.6724732677165354
0
LINE
8
BLACK
6
CONTINUOUS
10
0.9853623228346456
20
0.6724732677165354
11
0.9853132677165354
21
0.6725298425196851
0
LINE
8
BLACK
6
CONTINUOUS
10
0.9853132677165354
20
0.6725298425196851
11
0.9852981102362205
21
0.6725753149606299
0
LINE
8
BLACK
6
CONTINUOUS
10
0.9852981102362205
20
0.6725753149606299
11
0.9852374803149606
21
0.6726716141732283
0
LINE
8
BLACK
6
CONTINUOUS
10
0.9852374803149606
20
0.6726716141732283
11
0.9833627165354331
21
0.6764211811023622
0
LINE
8
BLACK
6
CONTINUOUS
10
0.9833627165354331
20
0.6764211811023622
11
0.9831558267716535
21
0.6769618110236221
0
LINE
8
BLACK
6
CONTINUOUS
10
0.9831558267716535
20
0.6769618110236221
11
0.9831483070866142
21
0.6770676377952756
0
LINE
8
BLACK
6
CONTINUOUS
10
0.9831483070866142
20
0.6770676377952756
11
0.9831077165354331
21
0.6771656299212598
0
LINE
8
BLACK
6
CONTINUOUS
10
0.9831077165354331
20
0.6771656299212598
11
0.9830509842519685
21
0.6777416929133858
0
LINE
8
BLACK
6
CONTINUOUS
10
0.9830509842519685
20
0.6777416929133858
11
0.9830509842519685
21
0.6954113385826771
0
LINE
8
BLACK
6
CONTINUOUS
10
0.9830509842519685
20
0.6954113385826771
11
0.9803794488188976
21
0.6954113385826771
0
LINE
8
BLACK
6
CONTINUOUS
10
0.9803794488188976
20
0.6954113385826771
11
0.9798033858267716
21
0.6954680708661417
0
LINE
8
BLACK
6
CONTINUOUS
10
0.9798033858267716
20
0.6954680708661417
11
0.9787389763779527
21
0.6959089763779528
0
LINE
8
BLACK
6
CONTINUOUS
10
0.9787389763779527
20
0.6959089763779528
11
0.9779243307086614
21
0.696723622047244
0
LINE
8
BLACK
6
CONTINUOUS
10
0.9779243307086614
20
0.696723622047244
11
0.9774834251968504
21
0.6977880314960629
0
LINE
8
BLACK
6
CONTINUOUS
10
0.9774834251968504
20
0.6977880314960629
11
0.9774834251968504
21
0.6989401574803149
0
LINE
8
BLACK
6
CONTINUOUS
10
0.9774834251968504
20
0.6989401574803149
11
0.9779243307086614
21
0.7000045669291338
0
LINE
8
BLACK
6
CONTINUOUS
10
0.9779243307086614
20
0.7000045669291338
11
0.9787389763779527
21
0.7008192125984252
0
LINE
8
BLACK
6
CONTINUOUS
10
0.9787389763779527
20
0.7008192125984252
11
0.9798033858267716
21
0.7012601181102363
0
LINE
8
BLACK
6
CONTINUOUS
10
0.9798033858267716
20
0.7012601181102363
11
0.9803794488188976
21
0.7013168503937007
0
LINE
8
BLACK
6
CONTINUOUS
10
0.9803794488188976
20
0.7013168503937007
11
0.9830509842519685
21
0.7013168503937007
0
LINE
8
BLACK
6
CONTINUOUS
10
0.9830509842519685
20
0.7013168503937007
11
0.9830509842519685
21
0.7114874409448819
0
LINE
8
BLACK
6
CONTINUOUS
10
0.9830509842519685
20
0.7114874409448819
11
0.9831077165354331
21
0.7120635039370079
0
LINE
8
BLACK
6
CONTINUOUS
10
0.9831077165354331
20
0.7120635039370079
11
0.983548622047244
21
0.7131279133858267
0
LINE
8
BLACK
6
CONTINUOUS
10
0.983548622047244
20
0.7131279133858267
11
0.9843632677165354
21
0.7139425590551181
0
LINE
8
BLACK
6
CONTINUOUS
10
0.9843632677165354
20
0.7139425590551181
11
0.9854276771653543
21
0.7143834645669291
0
LINE
8
BLACK
6
CONTINUOUS
10
0.9854276771653543
20
0.7143834645669291
11
0.9865798031496062
21
0.7143834645669291
0
LINE
8
BLACK
6
CONTINUOUS
10
0.9865798031496062
20
0.7143834645669291
11
0.9876442125984252
21
0.7139425590551181
0
LINE
8
BLACK
6
CONTINUOUS
10
1.0596956692913386
20
0.7012601181102363
11
1.0597936614173229
21
0.7012195275590551
0
LINE
8
BLACK
6
CONTINUOUS
10
1.0597936614173229
20
0.7012195275590551
11
1.0598994881889763
21
0.7012120078740157
0
LINE
8
BLACK
6
CONTINUOUS
10
1.0598994881889763
20
0.7012120078740157
11
1.0604401181102363
21
0.7010051181102362
0
LINE
8
BLACK
6
CONTINUOUS
10
1.0604401181102363
20
0.7010051181102362
11
1.0641896456692914
21
0.6991303543307087
0
LINE
8
BLACK
6
CONTINUOUS
10
1.0641896456692914
20
0.6991303543307087
11
1.0644376377952756
21
0.6989742913385827
0
LINE
8
BLACK
6
CONTINUOUS
10
1.0644376377952756
20
0.6989742913385827
11
1.0645096062992125
21
0.6989444488188976
0
LINE
8
BLACK
6
CONTINUOUS
10
1.0645096062992125
20
0.6989444488188976
11
1.0645905511811022
21
0.6988779921259842
0
LINE
8
BLACK
6
CONTINUOUS
10
1.0645905511811022
20
0.6988779921259842
11
1.064679527559055
21
0.6988220078740157
0
LINE
8
BLACK
6
CONTINUOUS
10
1.064679527559055
20
0.6988220078740157
11
1.0647306692913385
21
0.698763031496063
0
LINE
8
BLACK
6
CONTINUOUS
10
1.0647306692913385
20
0.698763031496063
11
1.0649570472440946
21
0.6985772440944882
0
LINE
8
BLACK
6
CONTINUOUS
10
1.0649570472440946
20
0.6985772440944882
11
1.0668318110236221
21
0.6967024803149606
0
LINE
8
BLACK
6
CONTINUOUS
10
1.0668318110236221
20
0.6967024803149606
11
1.0670175590551181
21
0.6964761417322834
0
LINE
8
BLACK
6
CONTINUOUS
10
1.0670175590551181
20
0.6964761417322834
11
1.0670765748031497
21
0.6964249606299212
0
LINE
8
BLACK
6
CONTINUOUS
10
1.0670765748031497
20
0.6964249606299212
11
1.0671325196850394
21
0.6963360236220473
0
LINE
8
BLACK
6
CONTINUOUS
10
1.0671325196850394
20
0.6963360236220473
11
1.0671990157480316
21
0.6962550393700787
0
LINE
8
BLACK
6
CONTINUOUS
10
1.0671990157480316
20
0.6962550393700787
11
1.0672288188976378
21
0.6961831102362205
0
LINE
8
BLACK
6
CONTINUOUS
10
1.0672288188976378
20
0.6961831102362205
11
1.0673849212598425
21
0.6959350787401575
0
LINE
8
BLACK
6
CONTINUOUS
10
1.0673849212598425
20
0.6959350787401575
11
1.0692596850393701
21
0.6921855511811024
0
LINE
8
BLACK
6
CONTINUOUS
10
1.0692596850393701
20
0.6921855511811024
11
1.0694665748031496
21
0.6916449606299212
0
LINE
8
BLACK
6
CONTINUOUS
10
1.0694665748031496
20
0.6916449606299212
11
1.0694740944881889
21
0.691539094488189
0
LINE
8
BLACK
6
CONTINUOUS
10
1.0694740944881889
20
0.691539094488189
11
1.06951468503937
21
0.6914411023622047
0
LINE
8
BLACK
6
CONTINUOUS
10
1.06951468503937
20
0.6914411023622047
11
1.0695714173228346
21
0.6908650393700787
0
LINE
8
BLACK
6
CONTINUOUS
10
1.0695714173228346
20
0.6908650393700787
11
1.0695714173228346
21
0.6796164566929134
0
LINE
8
BLACK
6
CONTINUOUS
10
1.0695714173228346
20
0.6796164566929134
11
1.06951468503937
21
0.6790403937007874
0
LINE
8
BLACK
6
CONTINUOUS
10
1.06951468503937
20
0.6790403937007874
11
1.0694740944881889
21
0.6789424409448819
0
LINE
8
BLACK
6
CONTINUOUS
10
1.0694740944881889
20
0.6789424409448819
11
1.0694665748031496
21
0.6788365354330709
0
LINE
8
BLACK
6
CONTINUOUS
10
1.0694665748031496
20
0.6788365354330709
11
1.0692596850393701
21
0.6782959448818897
0
LINE
8
BLACK
6
CONTINUOUS
10
1.0692596850393701
20
0.6782959448818897
11
1.0673849212598425
21
0.6745464173228346
0
LINE
8
BLACK
6
CONTINUOUS
10
1.0673849212598425
20
0.6745464173228346
11
1.0672288582677165
21
0.6742985433070866
0
LINE
8
BLACK
6
CONTINUOUS
10
1.0672288582677165
20
0.6742985433070866
11
1.0671990551181103
21
0.6742264960629921
0
LINE
8
BLACK
6
CONTINUOUS
10
1.0671990551181103
20
0.6742264960629921
11
1.0671325196850394
21
0.6741454724409449
0
LINE
8
BLACK
6
CONTINUOUS
10
1.0671325196850394
20
0.6741454724409449
11
1.0670765748031497
21
0.6740565354330709
0
LINE
8
BLACK
6
CONTINUOUS
10
1.0670765748031497
20
0.6740565354330709
11
1.0670175590551181
21
0.6740053937007874
0
LINE
8
BLACK
6
CONTINUOUS
10
1.0670175590551181
20
0.6740053937007874
11
1.0668318110236221
21
0.6737790157480315
0
LINE
8
BLACK
6
CONTINUOUS
10
1.0668318110236221
20
0.6737790157480315
11
1.0649570866141731
21
0.6719042519685039
0
LINE
8
BLACK
6
CONTINUOUS
10
1.0649570866141731
20
0.6719042519685039
11
1.0647307086614173
21
0.6717185039370078
0
LINE
8
BLACK
6
CONTINUOUS
10
1.0647307086614173
20
0.6717185039370078
11
1.064679527559055
21
0.6716594488188976
0
LINE
8
BLACK
6
CONTINUOUS
10
1.064679527559055
20
0.6716594488188976
11
1.0645905511811022
21
0.6716034645669291
0
LINE
8
BLACK
6
CONTINUOUS
10
1.0645905511811022
20
0.6716034645669291
11
1.0645096062992125
21
0.6715370078740157
0
LINE
8
BLACK
6
CONTINUOUS
10
1.0645096062992125
20
0.6715370078740157
11
1.0644376377952756
21
0.6715072047244094
0
LINE
8
BLACK
6
CONTINUOUS
10
1.0644376377952756
20
0.6715072047244094
11
1.0641896456692914
21
0.6713511023622047
0
LINE
8
BLACK
6
CONTINUOUS
10
1.0641896456692914
20
0.6713511023622047
11
1.0604401181102363
21
0.6694763385826772
0
LINE
8
BLACK
6
CONTINUOUS
10
1.0604401181102363
20
0.6694763385826772
11
1.0598994881889763
21
0.6692694488188976
0
LINE
8
BLACK
6
CONTINUOUS
10
1.0598994881889763
20
0.6692694488188976
11
1.0597936614173229
21
0.669261968503937
0
LINE
8
BLACK
6
CONTINUOUS
10
1.0597936614173229
20
0.669261968503937
11
1.0596956692913386
21
0.6692213385826772
0
LINE
8
BLACK
6
CONTINUOUS
10
1.0596956692913386
20
0.6692213385826772
11
1.0591196062992125
21
0.6691646062992126
0
LINE
8
BLACK
6
CONTINUOUS
10
1.0591196062992125
20
0.6691646062992126
11
1.0534953149606299
21
0.6691646062992126
0
LINE
8
BLACK
6
CONTINUOUS
10
1.0534953149606299
20
0.6691646062992126
11
1.052919251968504
21
0.6692213385826772
0
LINE
8
BLACK
6
CONTINUOUS
10
1.052919251968504
20
0.6692213385826772
11
1.0528212598425197
21
0.6692619291338583
0
LINE
8
BLACK
6
CONTINUOUS
10
1.0528212598425197
20
0.6692619291338583
11
1.0527153937007874
21
0.6692694488188976
0
LINE
8
BLACK
6
CONTINUOUS
10
1.0527153937007874
20
0.6692694488188976
11
1.0521748031496063
21
0.6694763385826772
0
LINE
8
BLACK
6
CONTINUOUS
10
1.0521748031496063
20
0.6694763385826772
11
1.0484252755905512
21
0.6713511023622047
0
LINE
8
BLACK
6
CONTINUOUS
10
1.0484252755905512
20
0.6713511023622047
11
1.0481772440944881
21
0.6715072047244094
0
LINE
8
BLACK
6
CONTINUOUS
10
1.0481772440944881
20
0.6715072047244094
11
1.0481053149606299
21
0.6715370078740157
0
LINE
8
BLACK
6
CONTINUOUS
10
1.0481053149606299
20
0.6715370078740157
11
1.0480243307086614
21
0.6716034645669291
0
LINE
8
BLACK
6
CONTINUOUS
10
1.0480243307086614
20
0.6716034645669291
11
1.0479353937007874
21
0.6716594488188976
0
LINE
8
BLACK
6
CONTINUOUS
10
1.0479353937007874
20
0.6716594488188976
11
1.0478841732283464
21
0.6717185039370078
0
LINE
8
BLACK
6
CONTINUOUS
10
1.0478841732283464
20
0.6717185039370078
11
1.0476578346456693
21
0.6719042519685039
0
LINE
8
BLACK
6
CONTINUOUS
10
1.0476578346456693
20
0.6719042519685039
11
1.0457830708661418
21
0.6737790551181102
0
LINE
8
BLACK
6
CONTINUOUS
10
1.0457830708661418
20
0.6737790551181102
11
1.0455973228346456
21
0.6740053937007874
0
LINE
8
BLACK
6
CONTINUOUS
10
1.0455973228346456
20
0.6740053937007874
11
1.045538346456693
21
0.6740565354330709
0
LINE
8
BLACK
6
CONTINUOUS
10
1.045538346456693
20
0.6740565354330709
11
1.0454823622047245
21
0.6741454724409449
0
LINE
8
BLACK
6
CONTINUOUS
10
1.0454823622047245
20
0.6741454724409449
11
1.0454158661417323
21
0.6742264960629921
0
LINE
8
BLACK
6
CONTINUOUS
10
1.0454158661417323
20
0.6742264960629921
11
1.0453860236220471
21
0.6742985433070866
0
LINE
8
BLACK
6
CONTINUOUS
10
1.0453860236220471
20
0.6742985433070866
11
1.0452299999999999
21
0.6745464173228346
0
LINE
8
BLACK
6
CONTINUOUS
10
1.0452299999999999
20
0.6745464173228346
11
1.0433552362204723
21
0.6782959448818897
0
LINE
8
BLACK
6
CONTINUOUS
10
1.0433552362204723
20
0.6782959448818897
11
1.0431483464566929
21
0.6788365748031496
0
LINE
8
BLACK
6
CONTINUOUS
10
1.0431483464566929
20
0.6788365748031496
11
1.0431408267716535
21
0.6789424015748031
0
LINE
8
BLACK
6
CONTINUOUS
10
1.0431408267716535
20
0.6789424015748031
11
1.0431002362204724
21
0.6790403937007874
0
LINE
8
BLACK
6
CONTINUOUS
10
1.0431002362204724
20
0.6790403937007874
11
1.0430435039370078
21
0.6796164566929134
0
LINE
8
BLACK
6
CONTINUOUS
10
1.0430435039370078
20
0.6796164566929134
11
1.0430435039370078
21
0.6908650393700787
0
LINE
8
BLACK
6
CONTINUOUS
10
1.0430435039370078
20
0.6908650393700787
11
1.0431002362204724
21
0.6914411023622047
0
LINE
8
BLACK
6
CONTINUOUS
10
1.0431002362204724
20
0.6914411023622047
11
1.0431408267716535
21
0.6915391338582677
0
LINE
8
BLACK
6
CONTINUOUS
10
1.0431408267716535
20
0.6915391338582677
11
1.0431483464566929
21
0.6916449212598424
0
LINE
8
BLACK
6
CONTINUOUS
10
1.0431483464566929
20
0.6916449212598424
11
1.0433552362204723
21
0.6921855511811024
0
LINE
8
BLACK
6
CONTINUOUS
10
1.0433552362204723
20
0.6921855511811024
11
1.0452299999999999
21
0.6959350787401575
0
LINE
8
BLACK
6
CONTINUOUS
10
1.0452299999999999
20
0.6959350787401575
11
1.0453860629921259
21
0.6961831102362205
0
LINE
8
BLACK
6
CONTINUOUS
10
1.0453860629921259
20
0.6961831102362205
11
1.0454159055118111
21
0.6962550393700787
0
LINE
8
BLACK
6
CONTINUOUS
10
1.0454159055118111
20
0.6962550393700787
11
1.0454823622047245
21
0.6963360236220473
0
LINE
8
BLACK
6
CONTINUOUS
10
1.0454823622047245
20
0.6963360236220473
11
1.045538346456693
21
0.6964249606299212
0
LINE
8
BLACK
6
CONTINUOUS
10
1.045538346456693
20
0.6964249606299212
11
1.0455973228346456
21
0.6964761417322834
0
LINE
8
BLACK
6
CONTINUOUS
10
1.0455973228346456
20
0.6964761417322834
11
1.0457831102362205
21
0.6967024803149606
0
LINE
8
BLACK
6
CONTINUOUS
10
1.0457831102362205
20
0.6967024803149606
11
1.0476578740157481
21
0.6985772440944882
0
LINE
8
BLACK
6
CONTINUOUS
10
1.0476578740157481
20
0.6985772440944882
11
1.0478842125984251
21
0.698763031496063
0
LINE
8
BLACK
6
CONTINUOUS
10
1.0478842125984251
20
0.698763031496063
11
1.0479353937007874
21
0.6988220078740157
0
LINE
8
BLACK
6
CONTINUOUS
10
1.0479353937007874
20
0.6988220078740157
11
1.0480243307086614
21
0.6988779921259842
0
LINE
8
BLACK
6
CONTINUOUS
10
1.0480243307086614
20
0.6988779921259842
11
1.0481053149606299
21
0.6989444488188976
0
LINE
8
BLACK
6
CONTINUOUS
10
1.0481053149606299
20
0.6989444488188976
11
1.0481772440944881
21
0.6989742913385827
0
LINE
8
BLACK
6
CONTINUOUS
10
1.0481772440944881
20
0.6989742913385827
11
1.0484252755905512
21
0.6991303543307087
0
LINE
8
BLACK
6
CONTINUOUS
10
1.0484252755905512
20
0.6991303543307087
11
1.0521748031496063
21
0.7010051181102362
0
LINE
8
BLACK
6
CONTINUOUS
10
1.0521748031496063
20
0.7010051181102362
11
1.0527153937007874
21
0.7012120078740157
0
LINE
8
BLACK
6
CONTINUOUS
10
1.0527153937007874
20
0.7012120078740157
11
1.0528212598425197
21
0.7012195669291339
0
LINE
8
BLACK
6
CONTINUOUS
10
1.0528212598425197
20
0.7012195669291339
11
1.052919251968504
21
0.7012601181102363
0
LINE
8
BLACK
6
CONTINUOUS
10
1.052919251968504
20
0.7012601181102363
11
1.0534953149606299
21
0.7013168503937007
0
LINE
8
BLACK
6
CONTINUOUS
10
1.0534953149606299
20
0.7013168503937007
11
1.0591196062992125
21
0.7013168503937007
0
LINE
8
BLACK
6
CONTINUOUS
10
1.0591196062992125
20
0.7013168503937007
11
1.0596956692913386
21
0.7012601181102363
0
LINE
8
BLACK
6
CONTINUOUS
10
1.0514948818897638
20
0.6940625984251968
11
1.0502977559055118
21
0.6928654724409449
0
LINE
8
BLACK
6
CONTINUOUS
10
1.0502977559055118
20
0.6928654724409449
11
1.0489490157480315
21
0.6901679921259842
0
LINE
8
BLACK
6
CONTINUOUS
10
1.0489490157480315
20
0.6901679921259842
11
1.0489490157480315
21
0.6803135039370078
0
LINE
8
BLACK
6
CONTINUOUS
10
1.0489490157480315
20
0.6803135039370078
11
1.0502977559055118
21
0.6776160236220472
0
LINE
8
BLACK
6
CONTINUOUS
10
1.0502977559055118
20
0.6776160236220472
11
1.0514948818897638
21
0.6764188582677165
0
LINE
8
BLACK
6
CONTINUOUS
10
1.0514948818897638
20
0.6764188582677165
11
1.0541923622047245
21
0.6750701181102362
0
LINE
8
BLACK
6
CONTINUOUS
10
1.0541923622047245
20
0.6750701181102362
11
1.0584225590551182
21
0.6750701181102362
0
LINE
8
BLACK
6
CONTINUOUS
10
1.0584225590551182
20
0.6750701181102362
11
1.0611200000000001
21
0.6764188582677165
0
LINE
8
BLACK
6
CONTINUOUS
10
1.0611200000000001
20
0.6764188582677165
11
1.0623171259842519
21
0.6776160236220472
0
LINE
8
BLACK
6
CONTINUOUS
10
1.0623171259842519
20
0.6776160236220472
11
1.0636659055118109
21
0.6803135039370078
0
LINE
8
BLACK
6
CONTINUOUS
10
1.0636659055118109
20
0.6803135039370078
11
1.0636659055118109
21
0.6901679921259842
0
LINE
8
BLACK
6
CONTINUOUS
10
1.0636659055118109
20
0.6901679921259842
11
1.0623171653543306
21
0.6928654724409449
0
LINE
8
BLACK
6
CONTINUOUS
10
1.0623171653543306
20
0.6928654724409449
11
1.0611200393700788
21
0.6940625984251968
0
LINE
8
BLACK
6
CONTINUOUS
10
1.0611200393700788
20
0.6940625984251968
11
1.0584225590551182
21
0.6954113385826771
0
LINE
8
BLACK
6
CONTINUOUS
10
1.0584225590551182
20
0.6954113385826771
11
1.0541923622047245
21
0.6954113385826771
0
LINE
8
BLACK
6
CONTINUOUS
10
1.0541923622047245
20
0.6954113385826771
11
1.0514948818897638
21
0.6940625984251968
0
LINE
8
BLACK
6
CONTINUOUS
10
1.1395002362204725
20
0.7139425590551181
11
1.1403148818897637
21
0.7131279133858267
0
LINE
8
BLACK
6
CONTINUOUS
10
1.1403148818897637
20
0.7131279133858267
11
1.1407557874015748
21
0.7120635039370079
0
LINE
8
BLACK
6
CONTINUOUS
10
1.1407557874015748
20
0.7120635039370079
11
1.1408125196850394
21
0.7114874409448819
0
LINE
8
BLACK
6
CONTINUOUS
10
1.1408125196850394
20
0.7114874409448819
11
1.1408125196850394
21
0.7013168503937007
0
LINE
8
BLACK
6
CONTINUOUS
10
1.1408125196850394
20
0.7013168503937007
11
1.1472335826771654
21
0.7013168503937007
0
LINE
8
BLACK
6
CONTINUOUS
10
1.1472335826771654
20
0.7013168503937007
11
1.1478096456692912
21
0.7012601181102363
0
LINE
8
BLACK
6
CONTINUOUS
10
1.1478096456692912
20
0.7012601181102363
11
1.1488740551181102
21
0.7008192125984252
0
LINE
8
BLACK
6
CONTINUOUS
10
1.1488740551181102
20
0.7008192125984252
11
1.1496887007874015
21
0.7000045669291338
0
LINE
8
BLACK
6
CONTINUOUS
10
1.1496887007874015
20
0.7000045669291338
11
1.1501296062992126
21
0.6989401574803149
0
LINE
8
BLACK
6
CONTINUOUS
10
1.1501296062992126
20
0.6989401574803149
11
1.1501296062992126
21
0.6977880314960629
0
LINE
8
BLACK
6
CONTINUOUS
10
1.1501296062992126
20
0.6977880314960629
11
1.1496887007874015
21
0.696723622047244
0
LINE
8
BLACK
6
CONTINUOUS
10
1.1496887007874015
20
0.696723622047244
11
1.1488740551181102
21
0.6959089763779528
0
LINE
8
BLACK
6
CONTINUOUS
10
1.1488740551181102
20
0.6959089763779528
11
1.1478096456692912
21
0.6954680708661417
0
LINE
8
BLACK
6
CONTINUOUS
10
1.1478096456692912
20
0.6954680708661417
11
1.1472335826771654
21
0.6954113385826771
0
LINE
8
BLACK
6
CONTINUOUS
10
1.1472335826771654
20
0.6954113385826771
11
1.1408125196850394
21
0.6954113385826771
0
LINE
8
BLACK
6
CONTINUOUS
10
1.1408125196850394
20
0.6954113385826771
11
1.1408125196850394
21
0.6784387401574803
0
LINE
8
BLACK
6
CONTINUOUS
10
1.1408125196850394
20
0.6784387401574803
11
1.1419353543307087
21
0.6761929921259843
0
LINE
8
BLACK
6
CONTINUOUS
10
1.1419353543307087
20
0.6761929921259843
11
1.1441811023622046
21
0.6750701181102362
0
LINE
8
BLACK
6
CONTINUOUS
10
1.1441811023622046
20
0.6750701181102362
11
1.1472335826771654
21
0.6750701181102362
0
LINE
8
BLACK
6
CONTINUOUS
10
1.1472335826771654
20
0.6750701181102362
11
1.1478096456692912
21
0.6750133858267716
0
LINE
8
BLACK
6
CONTINUOUS
10
1.1478096456692912
20
0.6750133858267716
11
1.1488740551181102
21
0.6745724803149606
0
LINE
8
BLACK
6
CONTINUOUS
10
1.1488740551181102
20
0.6745724803149606
11
1.1496887007874015
21
0.6737578346456693
0
LINE
8
BLACK
6
CONTINUOUS
10
1.1496887007874015
20
0.6737578346456693
11
1.1501296062992126
21
0.6726934251968504
0
LINE
8
BLACK
6
CONTINUOUS
10
1.1501296062992126
20
0.6726934251968504
11
1.1501296062992126
21
0.6715412992125984
0
LINE
8
BLACK
6
CONTINUOUS
10
1.1501296062992126
20
0.6715412992125984
11
1.1496887007874015
21
0.6704768897637795
0
LINE
8
BLACK
6
CONTINUOUS
10
1.1496887007874015
20
0.6704768897637795
11
1.1488740551181102
21
0.6696622440944882
0
LINE
8
BLACK
6
CONTINUOUS
10
1.1488740551181102
20
0.6696622440944882
11
1.1478096456692912
21
0.6692213385826772
0
LINE
8
BLACK
6
CONTINUOUS
10
1.1478096456692912
20
0.6692213385826772
11
1.1472335826771654
21
0.6691646062992126
0
LINE
8
BLACK
6
CONTINUOUS
10
1.1472335826771654
20
0.6691646062992126
11
1.1434840551181102
21
0.6691646062992126
0
LINE
8
BLACK
6
CONTINUOUS
10
1.1434840551181102
20
0.6691646062992126
11
1.1429079921259842
21
0.6692213385826772
0
LINE
8
BLACK
6
CONTINUOUS
10
1.1429079921259842
20
0.6692213385826772
11
1.1428099999999999
21
0.6692619291338583
0
LINE
8
BLACK
6
CONTINUOUS
10
1.1428099999999999
20
0.6692619291338583
11
1.1427041338582677
21
0.6692694488188976
0
LINE
8
BLACK
6
CONTINUOUS
10
1.1427041338582677
20
0.6692694488188976
11
1.1421635433070867
21
0.6694763385826772
0
LINE
8
BLACK
6
CONTINUOUS
10
1.1421635433070867
20
0.6694763385826772
11
1.1384140157480314
21
0.6713511023622047
0
LINE
8
BLACK
6
CONTINUOUS
10
1.1384140157480314
20
0.6713511023622047
11
1.1383176377952755
21
0.6714117716535433
0
LINE
8
BLACK
6
CONTINUOUS
10
1.1383176377952755
20
0.6714117716535433
11
1.1382722440944881
21
0.6714268897637795
0
LINE
8
BLACK
6
CONTINUOUS
10
1.1382722440944881
20
0.6714268897637795
11
1.1382156692913385
21
0.6714759448818898
0
LINE
8
BLACK
6
CONTINUOUS
10
1.1382156692913385
20
0.6714759448818898
11
1.1379241338582677
21
0.6716594488188976
0
LINE
8
BLACK
6
CONTINUOUS
10
1.1379241338582677
20
0.6716594488188976
11
1.1376814566929134
21
0.6719392913385827
0
LINE
8
BLACK
6
CONTINUOUS
10
1.1376814566929134
20
0.6719392913385827
11
1.1374018503937007
21
0.6721817716535433
0
LINE
8
BLACK
6
CONTINUOUS
10
1.1374018503937007
20
0.6721817716535433
11
1.137218346456693
21
0.6724732677165354
0
LINE
8
BLACK
6
CONTINUOUS
10
1.137218346456693
20
0.6724732677165354
11
1.1371692913385827
21
0.6725298425196851
0
LINE
8
BLACK
6
CONTINUOUS
10
1.1371692913385827
20
0.6725298425196851
11
1.1371541338582678
21
0.6725753149606299
0
LINE
8
BLACK
6
CONTINUOUS
10
1.1371541338582678
20
0.6725753149606299
11
1.1370935039370078
21
0.6726716141732283
0
LINE
8
BLACK
6
CONTINUOUS
10
1.1370935039370078
20
0.6726716141732283
11
1.1352187401574803
21
0.6764211811023622
0
LINE
8
BLACK
6
CONTINUOUS
10
1.1352187401574803
20
0.6764211811023622
11
1.1350118503937008
21
0.6769618110236221
0
LINE
8
BLACK
6
CONTINUOUS
10
1.1350118503937008
20
0.6769618110236221
11
1.1350043307086615
21
0.6770676377952756
0
LINE
8
BLACK
6
CONTINUOUS
10
1.1350043307086615
20
0.6770676377952756
11
1.1349637401574804
21
0.6771656299212598
0
LINE
8
BLACK
6
CONTINUOUS
10
1.1349637401574804
20
0.6771656299212598
11
1.1349070078740158
21
0.6777416929133858
0
LINE
8
BLACK
6
CONTINUOUS
10
1.1349070078740158
20
0.6777416929133858
11
1.1349070078740158
21
0.6954113385826771
0
LINE
8
BLACK
6
CONTINUOUS
10
1.1349070078740158
20
0.6954113385826771
11
1.1322354724409449
21
0.6954113385826771
0
LINE
8
BLACK
6
CONTINUOUS
10
1.1322354724409449
20
0.6954113385826771
11
1.1316594094488188
21
0.6954680708661417
0
LINE
8
BLACK
6
CONTINUOUS
10
1.1316594094488188
20
0.6954680708661417
11
1.130595
21
0.6959089763779528
0
LINE
8
BLACK
6
CONTINUOUS
10
1.130595
20
0.6959089763779528
11
1.1297803543307086
21
0.696723622047244
0
LINE
8
BLACK
6
CONTINUOUS
10
1.1297803543307086
20
0.696723622047244
11
1.1293394488188977
21
0.6977880314960629
0
LINE
8
BLACK
6
CONTINUOUS
10
1.1293394488188977
20
0.6977880314960629
11
1.1293394488188977
21
0.6989401574803149
0
LINE
8
BLACK
6
CONTINUOUS
10
1.1293394488188977
20
0.6989401574803149
11
1.1297803543307086
21
0.7000045669291338
0
LINE
8
BLACK
6
CONTINUOUS
10
1.1297803543307086
20
0.7000045669291338
11
1.130595
21
0.7008192125984252
0
LINE
8
BLACK
6
CONTINUOUS
10
1.130595
20
0.7008192125984252
11
1.1316594094488188
21
0.7012601181102363
0
LINE
8
BLACK
6
CONTINUOUS
10
1.1316594094488188
20
0.7012601181102363
11
1.1322354724409449
21
0.7013168503937007
0
LINE
8
BLACK
6
CONTINUOUS
10
1.1322354724409449
20
0.7013168503937007
11
1.1349070078740158
21
0.7013168503937007
0
LINE
8
BLACK
6
CONTINUOUS
10
1.1349070078740158
20
0.7013168503937007
11
1.1349070078740158
21
0.7114874409448819
0
LINE
8
BLACK
6
CONTINUOUS
10
1.1349070078740158
20
0.7114874409448819
11
1.1349637401574804
21
0.7120635039370079
0
LINE
8
BLACK
6
CONTINUOUS
10
1.1349637401574804
20
0.7120635039370079
11
1.1354046456692912
21
0.7131279133858267
0
LINE
8
BLACK
6
CONTINUOUS
10
1.1354046456692912
20
0.7131279133858267
11
1.1362192913385827
21
0.7139425590551181
0
LINE
8
BLACK
6
CONTINUOUS
10
1.1362192913385827
20
0.7139425590551181
11
1.1372837007874015
21
0.7143834645669291
0
LINE
8
BLACK
6
CONTINUOUS
10
1.1372837007874015
20
0.7143834645669291
11
1.1384358267716534
21
0.7143834645669291
0
LINE
8
BLACK
6
CONTINUOUS
10
1.1384358267716534
20
0.7143834645669291
11
1.1395002362204725
21
0.7139425590551181
0
LINE
8
BLACK
6
CONTINUOUS
10
0.9078396062992126
20
0.7143834645669291
11
0.9089040157480315
21
0.7139425590551181
0
LINE
8
BLACK
6
CONTINUOUS
10
0.9089040157480315
20
0.7139425590551181
11
0.9097186614173228
21
0.7131279133858267
0
LINE
8
BLACK
6
CONTINUOUS
10
0.9097186614173228
20
0.7131279133858267
11
0.9101595669291338
21
0.7120635039370079
0
LINE
8
BLACK
6
CONTINUOUS
10
0.9101595669291338
20
0.7120635039370079
11
0.9101595669291338
21
0.7109113779527559
0
LINE
8
BLACK
6
CONTINUOUS
10
0.9101595669291338
20
0.7109113779527559
11
0.9097186614173228
21
0.709846968503937
0
LINE
8
BLACK
6
CONTINUOUS
10
0.9097186614173228
20
0.709846968503937
11
0.9089040157480315
21
0.7090323228346457
0
LINE
8
BLACK
6
CONTINUOUS
10
0.9089040157480315
20
0.7090323228346457
11
0.9078396062992126
21
0.7085914173228346
0
LINE
8
BLACK
6
CONTINUOUS
10
0.9078396062992126
20
0.7085914173228346
11
0.9072635433070866
21
0.7085346850393701
0
LINE
8
BLACK
6
CONTINUOUS
10
0.9072635433070866
20
0.7085346850393701
11
0.8989677165354331
21
0.7085346850393701
0
LINE
8
BLACK
6
CONTINUOUS
10
0.8989677165354331
20
0.7085346850393701
11
0.8989677165354331
21
0.6721173622047244
0
LINE
8
BLACK
6
CONTINUOUS
10
0.8989677165354331
20
0.6721173622047244
11
0.8989109842519685
21
0.6715412992125984
0
LINE
8
BLACK
6
CONTINUOUS
10
0.8989109842519685
20
0.6715412992125984
11
0.8984700787401575
21
0.6704768897637795
0
LINE
8
BLACK
6
CONTINUOUS
10
0.8984700787401575
20
0.6704768897637795
11
0.8976554330708661
21
0.6696622440944882
0
LINE
8
BLACK
6
CONTINUOUS
10
0.8976554330708661
20
0.6696622440944882
11
0.8965910236220472
21
0.6692213385826772
0
LINE
8
BLACK
6
CONTINUOUS
10
0.8965910236220472
20
0.6692213385826772
11
0.8954388976377953
21
0.6692213385826772
0
LINE
8
BLACK
6
CONTINUOUS
10
0.8954388976377953
20
0.6692213385826772
11
0.8943744881889764
21
0.6696622440944882
0
LINE
8
BLACK
6
CONTINUOUS
10
0.8943744881889764
20
0.6696622440944882
11
0.893559842519685
21
0.6704768897637795
0
LINE
8
BLACK
6
CONTINUOUS
10
0.893559842519685
20
0.6704768897637795
11
0.893118937007874
21
0.6715412992125984
0
LINE
8
BLACK
6
CONTINUOUS
10
0.893118937007874
20
0.6715412992125984
11
0.8930622047244094
21
0.6721173622047244
0
LINE
8
BLACK
6
CONTINUOUS
10
0.8930622047244094
20
0.6721173622047244
11
0.8930622047244094
21
0.7085346850393701
0
LINE
8
BLACK
6
CONTINUOUS
10
0.8930622047244094
20
0.7085346850393701
11
0.8847663779527559
21
0.7085346850393701
0
LINE
8
BLACK
6
CONTINUOUS
10
0.8847663779527559
20
0.7085346850393701
11
0.8841903149606299
21
0.7085914173228346
0
LINE
8
BLACK
6
CONTINUOUS
10
0.8841903149606299
20
0.7085914173228346
11
0.883125905511811
21
0.7090323228346457
0
LINE
8
BLACK
6
CONTINUOUS
10
0.883125905511811
20
0.7090323228346457
11
0.8823112598425197
21
0.709846968503937
0
LINE
8
BLACK
6
CONTINUOUS
10
0.8823112598425197
20
0.709846968503937
11
0.8818703543307086
21
0.7109113779527559
0
LINE
8
BLACK
6
CONTINUOUS
10
0.8818703543307086
20
0.7109113779527559
11
0.8818703543307086
21
0.7120635039370079
0
LINE
8
BLACK
6
CONTINUOUS
10
0.8818703543307086
20
0.7120635039370079
11
0.8823112598425197
21
0.7131279133858267
0
LINE
8
BLACK
6
CONTINUOUS
10
0.8823112598425197
20
0.7131279133858267
11
0.883125905511811
21
0.7139425590551181
0
LINE
8
BLACK
6
CONTINUOUS
10
0.883125905511811
20
0.7139425590551181
11
0.8841903149606299
21
0.7143834645669291
0
LINE
8
BLACK
6
CONTINUOUS
10
0.8841903149606299
20
0.7143834645669291
11
0.8847663779527559
21
0.7144401968503937
0
LINE
8
BLACK
6
CONTINUOUS
10
0.8847663779527559
20
0.7144401968503937
11
0.9072635433070866
21
0.7144401968503937
0
LINE
8
BLACK
6
CONTINUOUS
10
0.9072635433070866
20
0.7144401968503937
11
0.9078396062992126
21
0.7143834645669291
0
LINE
8
BLACK
6
CONTINUOUS
10
1.0240751181102361
20
0.7143834645669291
11
1.0241731102362204
21
0.714342874015748
0
LINE
8
BLACK
6
CONTINUOUS
10
1.0241731102362204
20
0.714342874015748
11
1.024278937007874
21
0.7143353543307086
0
LINE
8
BLACK
6
CONTINUOUS
10
1.024278937007874
20
0.7143353543307086
11
1.0248195669291338
21
0.7141284645669291
0
LINE
8
BLACK
6
CONTINUOUS
10
1.0248195669291338
20
0.7141284645669291
11
1.0285690944881889
21
0.7122537007874016
0
LINE
8
BLACK
6
CONTINUOUS
10
1.0285690944881889
20
0.7122537007874016
11
1.0288170866141733
21
0.7120976377952756
0
LINE
8
BLACK
6
CONTINUOUS
10
1.0288170866141733
20
0.7120976377952756
11
1.0288890551181102
21
0.7120677952755905
0
LINE
8
BLACK
6
CONTINUOUS
10
1.0288890551181102
20
0.7120677952755905
11
1.0289699999999999
21
0.7120013385826771
0
LINE
8
BLACK
6
CONTINUOUS
10
1.0289699999999999
20
0.7120013385826771
11
1.0290589763779527
21
0.7119453543307086
0
LINE
8
BLACK
6
CONTINUOUS
10
1.0290589763779527
20
0.7119453543307086
11
1.0291101181102362
21
0.7118863779527559
0
LINE
8
BLACK
6
CONTINUOUS
10
1.0291101181102362
20
0.7118863779527559
11
1.029336496062992
21
0.7117005905511811
0
LINE
8
BLACK
6
CONTINUOUS
10
1.029336496062992
20
0.7117005905511811
11
1.0312112598425196
21
0.7098258267716535
0
LINE
8
BLACK
6
CONTINUOUS
10
1.0312112598425196
20
0.7098258267716535
11
1.0313970078740158
21
0.7095994881889763
0
LINE
8
BLACK
6
CONTINUOUS
10
1.0313970078740158
20
0.7095994881889763
11
1.0314560236220471
21
0.7095483070866142
0
LINE
8
BLACK
6
CONTINUOUS
10
1.0314560236220471
20
0.7095483070866142
11
1.0315119685039369
21
0.7094593700787402
0
LINE
8
BLACK
6
CONTINUOUS
10
1.0315119685039369
20
0.7094593700787402
11
1.031578464566929
21
0.7093783858267716
0
LINE
8
BLACK
6
CONTINUOUS
10
1.031578464566929
20
0.7093783858267716
11
1.0316082677165355
21
0.7093064566929134
0
LINE
8
BLACK
6
CONTINUOUS
10
1.0316082677165355
20
0.7093064566929134
11
1.0317643700787402
21
0.7090584251968504
0
LINE
8
BLACK
6
CONTINUOUS
10
1.0317643700787402
20
0.7090584251968504
11
1.0336391338582678
21
0.7053088976377953
0
LINE
8
BLACK
6
CONTINUOUS
10
1.0336391338582678
20
0.7053088976377953
11
1.0338460236220472
21
0.7047683070866142
0
LINE
8
BLACK
6
CONTINUOUS
10
1.0338460236220472
20
0.7047683070866142
11
1.0338535433070866
21
0.7046624409448818
0
LINE
8
BLACK
6
CONTINUOUS
10
1.0338535433070866
20
0.7046624409448818
11
1.0338941338582677
21
0.7045644488188976
0
LINE
8
BLACK
6
CONTINUOUS
10
1.0338941338582677
20
0.7045644488188976
11
1.0339508661417323
21
0.7039883858267716
0
LINE
8
BLACK
6
CONTINUOUS
10
1.0339508661417323
20
0.7039883858267716
11
1.0339508661417323
21
0.6983640944881889
0
LINE
8
BLACK
6
CONTINUOUS
10
1.0339508661417323
20
0.6983640944881889
11
1.0338941338582677
21
0.6977880314960629
0
LINE
8
BLACK
6
CONTINUOUS
10
1.0338941338582677
20
0.6977880314960629
11
1.0338535433070866
21
0.6976900787401574
0
LINE
8
BLACK
6
CONTINUOUS
10
1.0338535433070866
20
0.6976900787401574
11
1.0338460236220472
21
0.6975841732283464
0
LINE
8
BLACK
6
CONTINUOUS
10
1.0338460236220472
20
0.6975841732283464
11
1.0336391338582678
21
0.6970435826771654
0
LINE
8
BLACK
6
CONTINUOUS
10
1.0336391338582678
20
0.6970435826771654
11
1.0317643700787402
21
0.6932940551181103
0
LINE
8
BLACK
6
CONTINUOUS
10
1.0317643700787402
20
0.6932940551181103
11
1.0316082677165355
21
0.693046062992126
0
LINE
8
BLACK
6
CONTINUOUS
10
1.0316082677165355
20
0.693046062992126
11
1.031578464566929
21
0.6929740944881889
0
LINE
8
BLACK
6
CONTINUOUS
10
1.031578464566929
20
0.6929740944881889
11
1.0315119685039369
21
0.6928931496062992
0
LINE
8
BLACK
6
CONTINUOUS
10
1.0315119685039369
20
0.6928931496062992
11
1.0314560236220471
21
0.6928041732283464
0
LINE
8
BLACK
6
CONTINUOUS
10
1.0314560236220471
20
0.6928041732283464
11
1.0313970078740158
21
0.6927530314960629
0
LINE
8
BLACK
6
CONTINUOUS
10
1.0313970078740158
20
0.6927530314960629
11
1.0312112598425196
21
0.6925266535433071
0
LINE
8
BLACK
6
CONTINUOUS
10
1.0312112598425196
20
0.6925266535433071
11
1.029336496062992
21
0.6906518897637796
0
LINE
8
BLACK
6
CONTINUOUS
10
1.029336496062992
20
0.6906518897637796
11
1.0291101181102362
21
0.6904661417322835
0
LINE
8
BLACK
6
CONTINUOUS
10
1.0291101181102362
20
0.6904661417322835
11
1.0290589763779527
21
0.6904071259842519
0
LINE
8
BLACK
6
CONTINUOUS
10
1.0290589763779527
20
0.6904071259842519
11
1.0289699999999999
21
0.6903511811023622
0
LINE
8
BLACK
6
CONTINUOUS
10
1.0289699999999999
20
0.6903511811023622
11
1.0288890551181102
21
0.69028468503937
0
LINE
8
BLACK
6
CONTINUOUS
10
1.0288890551181102
20
0.69028468503937
11
1.0288170866141733
21
0.6902548818897638
0
LINE
8
BLACK
6
CONTINUOUS
10
1.0288170866141733
20
0.6902548818897638
11
1.0285690944881889
21
0.690098779527559
0
LINE
8
BLACK
6
CONTINUOUS
10
1.0285690944881889
20
0.690098779527559
11
1.0248195669291338
21
0.6882240157480315
0
LINE
8
BLACK
6
CONTINUOUS
10
1.0248195669291338
20
0.6882240157480315
11
1.024278937007874
21
0.6880171259842519
0
LINE
8
BLACK
6
CONTINUOUS
10
1.024278937007874
20
0.6880171259842519
11
1.0241731102362204
21
0.6880096456692913
0
LINE
8
BLACK
6
CONTINUOUS
10
1.0241731102362204
20
0.6880096456692913
11
1.0240751181102361
21
0.6879690157480315
0
LINE
8
BLACK
6
CONTINUOUS
10
1.0240751181102361
20
0.6879690157480315
11
1.0234990551181102
21
0.6879122834645669
0
LINE
8
BLACK
6
CONTINUOUS
10
1.0234990551181102
20
0.6879122834645669
11
1.0114537007874016
21
0.6879122834645669
0
LINE
8
BLACK
6
CONTINUOUS
10
1.0114537007874016
20
0.6879122834645669
11
1.0114537007874016
21
0.6721173622047244
0
LINE
8
BLACK
6
CONTINUOUS
10
1.0114537007874016
20
0.6721173622047244
11
1.011396968503937
21
0.6715412992125984
0
LINE
8
BLACK
6
CONTINUOUS
10
1.011396968503937
20
0.6715412992125984
11
1.0109560629921259
21
0.6704768897637795
0
LINE
8
BLACK
6
CONTINUOUS
10
1.0109560629921259
20
0.6704768897637795
11
1.0101414173228347
21
0.6696622440944882
0
LINE
8
BLACK
6
CONTINUOUS
10
1.0101414173228347
20
0.6696622440944882
11
1.0090770078740157
21
0.6692213385826772
0
LINE
8
BLACK
6
CONTINUOUS
10
1.0090770078740157
20
0.6692213385826772
11
1.0079248818897637
21
0.6692213385826772
0
LINE
8
BLACK
6
CONTINUOUS
10
1.0079248818897637
20
0.6692213385826772
11
1.0068604724409449
21
0.6696622440944882
0
LINE
8
BLACK
6
CONTINUOUS
10
1.0068604724409449
20
0.6696622440944882
11
1.0060458267716534
21
0.6704768897637795
0
LINE
8
BLACK
6
CONTINUOUS
10
1.0060458267716534
20
0.6704768897637795
11
1.0056049212598426
21
0.6715412992125984
0
LINE
8
BLACK
6
CONTINUOUS
10
1.0056049212598426
20
0.6715412992125984
11
1.005548188976378
21
0.6721173622047244
0
LINE
8
BLACK
6
CONTINUOUS
10
1.005548188976378
20
0.6721173622047244
11
1.005548188976378
21
0.7114874409448819
0
LINE
8
BLACK
6
CONTINUOUS
10
1.005548188976378
20
0.7114874409448819
11
1.0056049212598426
21
0.7120635039370079
0
LINE
8
BLACK
6
CONTINUOUS
10
1.0056049212598426
20
0.7120635039370079
11
1.0060458267716534
21
0.7131279133858267
0
LINE
8
BLACK
6
CONTINUOUS
10
1.0060458267716534
20
0.7131279133858267
11
1.0068604724409449
21
0.7139425590551181
0
LINE
8
BLACK
6
CONTINUOUS
10
1.0068604724409449
20
0.7139425590551181
11
1.0079248818897637
21
0.7143834645669291
0
LINE
8
BLACK
6
CONTINUOUS
10
1.0079248818897637
20
0.7143834645669291
11
1.0085009448818898
21
0.7144401968503937
0
LINE
8
BLACK
6
CONTINUOUS
10
1.0085009448818898
20
0.7144401968503937
11
1.0234990551181102
21
0.7144401968503937
0
LINE
8
BLACK
6
CONTINUOUS
10
1.0234990551181102
20
0.7144401968503937
11
1.0240751181102361
21
0.7143834645669291
0
LINE
8
BLACK
6
CONTINUOUS
10
1.0114537007874016
20
0.6938177952755905
11
1.0228020078740157
21
0.6938177952755905
0
LINE
8
BLACK
6
CONTINUOUS
10
1.0228020078740157
20
0.6938177952755905
11
1.0254994881889763
21
0.6951665354330708
0
LINE
8
BLACK
6
CONTINUOUS
10
1.0254994881889763
20
0.6951665354330708
11
1.0266966141732283
21
0.6963636614173229
0
LINE
8
BLACK
6
CONTINUOUS
10
1.0266966141732283
20
0.6963636614173229
11
1.0280453543307086
21
0.6990611417322834
0
LINE
8
BLACK
6
CONTINUOUS
10
1.0280453543307086
20
0.6990611417322834
11
1.0280453543307086
21
0.7032913385826771
0
LINE
8
BLACK
6
CONTINUOUS
10
1.0280453543307086
20
0.7032913385826771
11
1.0266966141732283
21
0.7059888188976378
0
LINE
8
BLACK
6
CONTINUOUS
10
1.0266966141732283
20
0.7059888188976378
11
1.0254994881889763
21
0.7071859448818898
0
LINE
8
BLACK
6
CONTINUOUS
10
1.0254994881889763
20
0.7071859448818898
11
1.0228020078740157
21
0.7085346850393701
0
LINE
8
BLACK
6
CONTINUOUS
10
1.0228020078740157
20
0.7085346850393701
11
1.0114537007874016
21
0.7085346850393701
0
LINE
8
BLACK
6
CONTINUOUS
10
1.0114537007874016
20
0.7085346850393701
11
1.0114537007874016
21
0.6938177952755905
0
LINE
8
BLACK
6
CONTINUOUS
10
1.0851320472440944
20
0.7008192125984252
11
1.0859466929133859
21
0.7000045669291338
0
LINE
8
BLACK
6
CONTINUOUS
10
1.0859466929133859
20
0.7000045669291338
11
1.0863875984251967
21
0.6989401574803149
0
LINE
8
BLACK
6
CONTINUOUS
10
1.0863875984251967
20
0.6989401574803149
11
1.0864443307086613
21
0.6983640944881889
0
LINE
8
BLACK
6
CONTINUOUS
10
1.0864443307086613
20
0.6983640944881889
11
1.0864443307086613
21
0.6721173622047244
0
LINE
8
BLACK
6
CONTINUOUS
10
1.0864443307086613
20
0.6721173622047244
11
1.0863875984251967
21
0.6715412992125984
0
LINE
8
BLACK
6
CONTINUOUS
10
1.0863875984251967
20
0.6715412992125984
11
1.0859466929133859
21
0.6704768897637795
0
LINE
8
BLACK
6
CONTINUOUS
10
1.0859466929133859
20
0.6704768897637795
11
1.0851320472440944
21
0.6696622440944882
0
LINE
8
BLACK
6
CONTINUOUS
10
1.0851320472440944
20
0.6696622440944882
11
1.0840676377952756
21
0.6692213385826772
0
LINE
8
BLACK
6
CONTINUOUS
10
1.0840676377952756
20
0.6692213385826772
11
1.0829155118110236
21
0.6692213385826772
0
LINE
8
BLACK
6
CONTINUOUS
10
1.0829155118110236
20
0.6692213385826772
11
1.0818511023622046
21
0.6696622440944882
0
LINE
8
BLACK
6
CONTINUOUS
10
1.0818511023622046
20
0.6696622440944882
11
1.0810364566929134
21
0.6704768897637795
0
LINE
8
BLACK
6
CONTINUOUS
10
1.0810364566929134
20
0.6704768897637795
11
1.0805955511811023
21
0.6715412992125984
0
LINE
8
BLACK
6
CONTINUOUS
10
1.0805955511811023
20
0.6715412992125984
11
1.0805388188976377
21
0.6721173622047244
0
LINE
8
BLACK
6
CONTINUOUS
10
1.0805388188976377
20
0.6721173622047244
11
1.0805388188976377
21
0.6983640944881889
0
LINE
8
BLACK
6
CONTINUOUS
10
1.0805388188976377
20
0.6983640944881889
11
1.0805955511811023
21
0.6989401574803149
0
LINE
8
BLACK
6
CONTINUOUS
10
1.0805955511811023
20
0.6989401574803149
11
1.0810364566929134
21
0.7000045669291338
0
LINE
8
BLACK
6
CONTINUOUS
10
1.0810364566929134
20
0.7000045669291338
11
1.0818511023622046
21
0.7008192125984252
0
LINE
8
BLACK
6
CONTINUOUS
10
1.0818511023622046
20
0.7008192125984252
11
1.0829155118110236
21
0.7012601181102363
0
LINE
8
BLACK
6
CONTINUOUS
10
1.0829155118110236
20
0.7012601181102363
11
1.0840676377952756
21
0.7012601181102363
0
LINE
8
BLACK
6
CONTINUOUS
10
1.0840676377952756
20
0.7012601181102363
11
1.0851320472440944
21
0.7008192125984252
0
LINE
8
BLACK
6
CONTINUOUS
10
1.1140638582677165
20
0.7012601181102363
11
1.1141618503937007
21
0.7012195275590551
0
LINE
8
BLACK
6
CONTINUOUS
10
1.1141618503937007
20
0.7012195275590551
11
1.1142676771653544
21
0.7012120078740157
0
LINE
8
BLACK
6
CONTINUOUS
10
1.1142676771653544
20
0.7012120078740157
11
1.1148083070866142
21
0.7010051181102362
0
LINE
8
BLACK
6
CONTINUOUS
10
1.1148083070866142
20
0.7010051181102362
11
1.1185578346456693
21
0.6991303543307087
0
LINE
8
BLACK
6
CONTINUOUS
10
1.1185578346456693
20
0.6991303543307087
11
1.1186541732283464
21
0.6990697244094488
0
LINE
8
BLACK
6
CONTINUOUS
10
1.1186541732283464
20
0.6990697244094488
11
1.1186996062992125
21
0.6990545669291338
0
LINE
8
BLACK
6
CONTINUOUS
10
1.1186996062992125
20
0.6990545669291338
11
1.1187561417322835
21
0.6990055511811023
0
LINE
8
BLACK
6
CONTINUOUS
10
1.1187561417322835
20
0.6990055511811023
11
1.1190477165354331
21
0.6988220078740157
0
LINE
8
BLACK
6
CONTINUOUS
10
1.1190477165354331
20
0.6988220078740157
11
1.1192902755905512
21
0.6985423228346457
0
LINE
8
BLACK
6
CONTINUOUS
10
1.1192902755905512
20
0.6985423228346457
11
1.11957
21
0.6982997244094488
0
LINE
8
BLACK
6
CONTINUOUS
10
1.11957
20
0.6982997244094488
11
1.1197535039370079
21
0.698008188976378
0
LINE
8
BLACK
6
CONTINUOUS
10
1.1197535039370079
20
0.698008188976378
11
1.1198025590551182
21
0.6979516141732284
0
LINE
8
BLACK
6
CONTINUOUS
10
1.1198025590551182
20
0.6979516141732284
11
1.1198176771653543
21
0.6979062204724409
0
LINE
8
BLACK
6
CONTINUOUS
10
1.1198176771653543
20
0.6979062204724409
11
1.1198783464566928
21
0.697809842519685
0
LINE
8
BLACK
6
CONTINUOUS
10
1.1198783464566928
20
0.697809842519685
11
1.1217531102362204
21
0.6940603149606299
0
LINE
8
BLACK
6
CONTINUOUS
10
1.1217531102362204
20
0.6940603149606299
11
1.1219600000000001
21
0.6935197244094488
0
LINE
8
BLACK
6
CONTINUOUS
10
1.1219600000000001
20
0.6935197244094488
11
1.1219675196850394
21
0.6934138582677165
0
LINE
8
BLACK
6
CONTINUOUS
10
1.1219675196850394
20
0.6934138582677165
11
1.1220081102362205
21
0.6933158661417322
0
LINE
8
BLACK
6
CONTINUOUS
10
1.1220081102362205
20
0.6933158661417322
11
1.1220648425196851
21
0.6927398031496063
0
LINE
8
BLACK
6
CONTINUOUS
10
1.1220648425196851
20
0.6927398031496063
11
1.1220648425196851
21
0.6721173622047244
0
LINE
8
BLACK
6
CONTINUOUS
10
1.1220648425196851
20
0.6721173622047244
11
1.1220081102362205
21
0.6715412992125984
0
LINE
8
BLACK
6
CONTINUOUS
10
1.1220081102362205
20
0.6715412992125984
11
1.1215672047244094
21
0.6704768897637795
0
LINE
8
BLACK
6
CONTINUOUS
10
1.1215672047244094
20
0.6704768897637795
11
1.1207525590551182
21
0.6696622440944882
0
LINE
8
BLACK
6
CONTINUOUS
10
1.1207525590551182
20
0.6696622440944882
11
1.1196881496062991
21
0.6692213385826772
0
LINE
8
BLACK
6
CONTINUOUS
10
1.1196881496062991
20
0.6692213385826772
11
1.1185360236220472
21
0.6692213385826772
0
LINE
8
BLACK
6
CONTINUOUS
10
1.1185360236220472
20
0.6692213385826772
11
1.1174716141732284
21
0.6696622440944882
0
LINE
8
BLACK
6
CONTINUOUS
10
1.1174716141732284
20
0.6696622440944882
11
1.1166569685039369
21
0.6704768897637795
0
LINE
8
BLACK
6
CONTINUOUS
10
1.1166569685039369
20
0.6704768897637795
11
1.1162160629921261
21
0.6715412992125984
0
LINE
8
BLACK
6
CONTINUOUS
10
1.1162160629921261
20
0.6715412992125984
11
1.1161593307086615
21
0.6721173622047244
0
LINE
8
BLACK
6
CONTINUOUS
10
1.1161593307086615
20
0.6721173622047244
11
1.1161593307086615
21
0.6920427559055118
0
LINE
8
BLACK
6
CONTINUOUS
10
1.1161593307086615
20
0.6920427559055118
11
1.1150364566929134
21
0.6942885039370078
0
LINE
8
BLACK
6
CONTINUOUS
10
1.1150364566929134
20
0.6942885039370078
11
1.112790748031496
21
0.6954113385826771
0
LINE
8
BLACK
6
CONTINUOUS
10
1.112790748031496
20
0.6954113385826771
11
1.1085605511811023
21
0.6954113385826771
0
LINE
8
BLACK
6
CONTINUOUS
10
1.1085605511811023
20
0.6954113385826771
11
1.1058630708661417
21
0.6940625984251968
0
LINE
8
BLACK
6
CONTINUOUS
10
1.1058630708661417
20
0.6940625984251968
11
1.1051919685039371
21
0.6933914960629921
0
LINE
8
BLACK
6
CONTINUOUS
10
1.1051919685039371
20
0.6933914960629921
11
1.1051919685039371
21
0.6721173622047244
0
LINE
8
BLACK
6
CONTINUOUS
10
1.1051919685039371
20
0.6721173622047244
11
1.1051352362204725
21
0.6715412992125984
0
LINE
8
BLACK
6
CONTINUOUS
10
1.1051352362204725
20
0.6715412992125984
11
1.1046943307086614
21
0.6704768897637795
0
LINE
8
BLACK
6
CONTINUOUS
10
1.1046943307086614
20
0.6704768897637795
11
1.10387968503937
21
0.6696622440944882
0
LINE
8
BLACK
6
CONTINUOUS
10
1.10387968503937
20
0.6696622440944882
11
1.1028152755905511
21
0.6692213385826772
0
LINE
8
BLACK
6
CONTINUOUS
10
1.1028152755905511
20
0.6692213385826772
11
1.1016631496062992
21
0.6692213385826772
0
LINE
8
BLACK
6
CONTINUOUS
10
1.1016631496062992
20
0.6692213385826772
11
1.1005987401574804
21
0.6696622440944882
0
LINE
8
BLACK
6
CONTINUOUS
10
1.1005987401574804
20
0.6696622440944882
11
1.0997840944881889
21
0.6704768897637795
0
LINE
8
BLACK
6
CONTINUOUS
10
1.0997840944881889
20
0.6704768897637795
11
1.0993431889763778
21
0.6715412992125984
0
LINE
8
BLACK
6
CONTINUOUS
10
1.0993431889763778
20
0.6715412992125984
11
1.0992864566929135
21
0.6721173622047244
0
LINE
8
BLACK
6
CONTINUOUS
10
1.0992864566929135
20
0.6721173622047244
11
1.0992864566929135
21
0.6983640944881889
0
LINE
8
BLACK
6
CONTINUOUS
10
1.0992864566929135
20
0.6983640944881889
11
1.0993431889763778
21
0.6989401574803149
0
LINE
8
BLACK
6
CONTINUOUS
10
1.0993431889763778
20
0.6989401574803149
11
1.0997840944881889
21
0.7000045669291338
0
LINE
8
BLACK
6
CONTINUOUS
10
1.0997840944881889
20
0.7000045669291338
11
1.1005987401574804
21
0.7008192125984252
0
LINE
8
BLACK
6
CONTINUOUS
10
1.1005987401574804
20
0.7008192125984252
11
1.1016631496062992
21
0.7012601181102363
0
LINE
8
BLACK
6
CONTINUOUS
10
1.1016631496062992
20
0.7012601181102363
11
1.1028152755905511
21
0.7012601181102363
0
LINE
8
BLACK
6
CONTINUOUS
10
1.1028152755905511
20
0.7012601181102363
11
1.10387968503937
21
0.7008192125984252
0
LINE
8
BLACK
6
CONTINUOUS
10
1.10387968503937
20
0.7008192125984252
11
1.1046435039370079
21
0.7000553937007874
0
LINE
8
BLACK
6
CONTINUOUS
10
1.1046435039370079
20
0.7000553937007874
11
1.1065429921259842
21
0.7010051181102362
0
LINE
8
BLACK
6
CONTINUOUS
10
1.1065429921259842
20
0.7010051181102362
11
1.1070835826771652
21
0.7012120078740157
0
LINE
8
BLACK
6
CONTINUOUS
10
1.1070835826771652
20
0.7012120078740157
11
1.1071894488188976
21
0.7012195669291339
0
LINE
8
BLACK
6
CONTINUOUS
10
1.1071894488188976
20
0.7012195669291339
11
1.1072874409448819
21
0.7012601181102363
0
LINE
8
BLACK
6
CONTINUOUS
10
1.1072874409448819
20
0.7012601181102363
11
1.1078635039370079
21
0.7013168503937007
0
LINE
8
BLACK
6
CONTINUOUS
10
1.1078635039370079
20
0.7013168503937007
11
1.1134877952755906
21
0.7013168503937007
0
LINE
8
BLACK
6
CONTINUOUS
10
1.1134877952755906
20
0.7013168503937007
11
1.1140638582677165
21
0.7012601181102363
0
LINE
8
BLACK
6
CONTINUOUS
10
1.6119792913385826
20
0.8063361811023622
11
1.6120570866141732
21
0.8063416929133858
0
LINE
8
BLACK
6
CONTINUOUS
10
1.6120570866141732
20
0.8063416929133858
11
1.6121593307086615
21
0.8063184645669291
0
LINE
8
BLACK
6
CONTINUOUS
10
1.6121593307086615
20
0.8063184645669291
11
1.6122638188976377
21
0.8063081496062992
0
LINE
8
BLACK
6
CONTINUOUS
10
1.6122638188976377
20
0.8063081496062992
11
1.6123358661417322
21
0.8062783070866142
0
LINE
8
BLACK
6
CONTINUOUS
10
1.6123358661417322
20
0.8062783070866142
11
1.6126214960629921
21
0.8062133464566928
0
LINE
8
BLACK
6
CONTINUOUS
10
1.6126214960629921
20
0.8062133464566928
11
1.6197643307086613
21
0.8038323622047244
0
LINE
8
BLACK
6
CONTINUOUS
10
1.6197643307086613
20
0.8038323622047244
11
1.6202929133858268
21
0.8035963779527558
0
LINE
8
BLACK
6
CONTINUOUS
10
1.6202929133858268
20
0.8035963779527558
11
1.6203730314960629
21
0.8035268897637795
0
LINE
8
BLACK
6
CONTINUOUS
10
1.6203730314960629
20
0.8035268897637795
11
1.6204710236220472
21
0.8034862992125984
0
LINE
8
BLACK
6
CONTINUOUS
10
1.6204710236220472
20
0.8034862992125984
11
1.6209185039370078
21
0.8031190551181102
0
LINE
8
BLACK
6
CONTINUOUS
10
1.6209185039370078
20
0.8031190551181102
11
1.6256804330708661
21
0.7983571653543307
0
LINE
8
BLACK
6
CONTINUOUS
10
1.6256804330708661
20
0.7983571653543307
11
1.6260476771653543
21
0.7979097244094489
0
LINE
8
BLACK
6
CONTINUOUS
10
1.6260476771653543
20
0.7979097244094489
11
1.6260883070866141
21
0.7978116141732283
0
LINE
8
BLACK
6
CONTINUOUS
10
1.6260883070866141
20
0.7978116141732283
11
1.6261577559055118
21
0.7977315354330708
0
LINE
8
BLACK
6
CONTINUOUS
10
1.6261577559055118
20
0.7977315354330708
11
1.6263937401574802
21
0.7972029921259842
0
LINE
8
BLACK
6
CONTINUOUS
10
1.6263937401574802
20
0.7972029921259842
11
1.6287746850393701
21
0.7900601181102362
0
LINE
8
BLACK
6
CONTINUOUS
10
1.6287746850393701
20
0.7900601181102362
11
1.6288396062992125
21
0.7897745669291338
0
LINE
8
BLACK
6
CONTINUOUS
10
1.6288396062992125
20
0.7897745669291338
11
1.6288694881889763
21
0.7897024409448818
0
LINE
8
BLACK
6
CONTINUOUS
10
1.6288694881889763
20
0.7897024409448818
11
1.6288797637795276
21
0.7895979527559055
0
LINE
8
BLACK
6
CONTINUOUS
10
1.6288797637795276
20
0.7895979527559055
11
1.6289030314960629
21
0.7894956692913385
0
LINE
8
BLACK
6
CONTINUOUS
10
1.6289030314960629
20
0.7894956692913385
11
1.6288974803149605
21
0.7894179527559055
0
LINE
8
BLACK
6
CONTINUOUS
10
1.6288974803149605
20
0.7894179527559055
11
1.6289262204724408
21
0.7891263779527559
0
LINE
8
BLACK
6
CONTINUOUS
10
1.6289262204724408
20
0.7891263779527559
11
1.6289262204724408
21
0.7843644881889763
0
LINE
8
BLACK
6
CONTINUOUS
10
1.6289262204724408
20
0.7843644881889763
11
1.6288694881889763
21
0.7837884251968503
0
LINE
8
BLACK
6
CONTINUOUS
10
1.6288694881889763
20
0.7837884251968503
11
1.6284285826771654
21
0.7827240157480315
0
LINE
8
BLACK
6
CONTINUOUS
10
1.6284285826771654
20
0.7827240157480315
11
1.6276139370078739
21
0.7819093700787402
0
LINE
8
BLACK
6
CONTINUOUS
10
1.6276139370078739
20
0.7819093700787402
11
1.6265495275590551
21
0.7814684645669291
0
LINE
8
BLACK
6
CONTINUOUS
10
1.6265495275590551
20
0.7814684645669291
11
1.6253974015748032
21
0.7814684645669291
0
LINE
8
BLACK
6
CONTINUOUS
10
1.6253974015748032
20
0.7814684645669291
11
1.6243329921259841
21
0.7819093700787402
0
LINE
8
BLACK
6
CONTINUOUS
10
1.6243329921259841
20
0.7819093700787402
11
1.6235183464566929
21
0.7827240157480315
0
LINE
8
BLACK
6
CONTINUOUS
10
1.6235183464566929
20
0.7827240157480315
11
1.6230774409448818
21
0.7837884251968503
0
LINE
8
BLACK
6
CONTINUOUS
10
1.6230774409448818
20
0.7837884251968503
11
1.6230207086614172
21
0.7843644881889763
0
LINE
8
BLACK
6
CONTINUOUS
10
1.6230207086614172
20
0.7843644881889763
11
1.6230207086614172
21
0.7886472834645669
0
LINE
8
BLACK
6
CONTINUOUS
10
1.6230207086614172
20
0.7886472834645669
11
1.6210117322834645
21
0.7946742125984252
0
LINE
8
BLACK
6
CONTINUOUS
10
1.6210117322834645
20
0.7946742125984252
11
1.6172355511811023
21
0.7984503543307087
0
LINE
8
BLACK
6
CONTINUOUS
10
1.6172355511811023
20
0.7984503543307087
11
1.6112086220472441
21
0.8004593700787401
0
LINE
8
BLACK
6
CONTINUOUS
10
1.6112086220472441
20
0.8004593700787401
11
1.575973464566929
21
0.8004593700787401
0
LINE
8
BLACK
6
CONTINUOUS
10
1.575973464566929
20
0.8004593700787401
11
1.5753974015748031
21
0.8005161023622047
0
LINE
8
BLACK
6
CONTINUOUS
10
1.5753974015748031
20
0.8005161023622047
11
1.5743329921259843
21
0.8009570078740157
0
LINE
8
BLACK
6
CONTINUOUS
10
1.5743329921259843
20
0.8009570078740157
11
1.5735183464566929
21
0.801771653543307
0
LINE
8
BLACK
6
CONTINUOUS
10
1.5735183464566929
20
0.801771653543307
11
1.5730774409448818
21
0.802836062992126
0
LINE
8
BLACK
6
CONTINUOUS
10
1.5730774409448818
20
0.802836062992126
11
1.5730774409448818
21
0.8039881889763779
0
LINE
8
BLACK
6
CONTINUOUS
10
1.5730774409448818
20
0.8039881889763779
11
1.5735183464566929
21
0.8050525984251968
0
LINE
8
BLACK
6
CONTINUOUS
10
1.5735183464566929
20
0.8050525984251968
11
1.5743329921259843
21
0.8058672440944882
0
LINE
8
BLACK
6
CONTINUOUS
10
1.5743329921259843
20
0.8058672440944882
11
1.5753974015748031
21
0.8063081496062992
0
LINE
8
BLACK
6
CONTINUOUS
10
1.5753974015748031
20
0.8063081496062992
11
1.575973464566929
21
0.8063648818897637
0
LINE
8
BLACK
6
CONTINUOUS
10
1.575973464566929
20
0.8063648818897637
11
1.6116877559055118
21
0.8063648818897637
0
LINE
8
BLACK
6
CONTINUOUS
10
1.6116877559055118
20
0.8063648818897637
11
1.6119792913385826
21
0.8063361811023622
0
LINE
8
BLACK
6
CONTINUOUS
10
1.6276139370078739
20
0.8558672440944882
11
1.6284285826771654
21
0.8550525984251969
0
LINE
8
BLACK
6
CONTINUOUS
10
1.6284285826771654
20
0.8550525984251969
11
1.6288694881889763
21
0.853988188976378
0
LINE
8
BLACK
6
CONTINUOUS
10
1.6288694881889763
20
0.853988188976378
11
1.6289262204724408
21
0.853412125984252
0
LINE
8
BLACK
6
CONTINUOUS
10
1.6289262204724408
20
0.853412125984252
11
1.6289262204724408
21
0.8248406692913386
0
LINE
8
BLACK
6
CONTINUOUS
10
1.6289262204724408
20
0.8248406692913386
11
1.6288694881889763
21
0.8242646062992126
0
LINE
8
BLACK
6
CONTINUOUS
10
1.6288694881889763
20
0.8242646062992126
11
1.6284285826771654
21
0.8232001968503937
0
LINE
8
BLACK
6
CONTINUOUS
10
1.6284285826771654
20
0.8232001968503937
11
1.6276139370078739
21
0.8223855511811023
0
LINE
8
BLACK
6
CONTINUOUS
10
1.6276139370078739
20
0.8223855511811023
11
1.6265495275590551
21
0.8219446456692914
0
LINE
8
BLACK
6
CONTINUOUS
10
1.6265495275590551
20
0.8219446456692914
11
1.6253974015748032
21
0.8219446456692914
0
LINE
8
BLACK
6
CONTINUOUS
10
1.6253974015748032
20
0.8219446456692914
11
1.6243329921259841
21
0.8223855511811023
0
LINE
8
BLACK
6
CONTINUOUS
10
1.6243329921259841
20
0.8223855511811023
11
1.6235183464566929
21
0.8232001968503937
0
LINE
8
BLACK
6
CONTINUOUS
10
1.6235183464566929
20
0.8232001968503937
11
1.6230774409448818
21
0.8242646062992126
0
LINE
8
BLACK
6
CONTINUOUS
10
1.6230774409448818
20
0.8242646062992126
11
1.6230207086614172
21
0.8248406692913386
0
LINE
8
BLACK
6
CONTINUOUS
10
1.6230207086614172
20
0.8248406692913386
11
1.6230207086614172
21
0.8361736220472441
0
LINE
8
BLACK
6
CONTINUOUS
10
1.6230207086614172
20
0.8361736220472441
11
1.5854829921259843
21
0.8361736220472441
0
LINE
8
BLACK
6
CONTINUOUS
10
1.5854829921259843
20
0.8361736220472441
11
1.5899661417322835
21
0.8316905118110236
0
LINE
8
BLACK
6
CONTINUOUS
10
1.5899661417322835
20
0.8316905118110236
11
1.5901519685039369
21
0.8314641338582677
0
LINE
8
BLACK
6
CONTINUOUS
10
1.5901519685039369
20
0.8314641338582677
11
1.590210905511811
21
0.8314129921259842
0
LINE
8
BLACK
6
CONTINUOUS
10
1.590210905511811
20
0.8314129921259842
11
1.5902667716535432
21
0.8313242519685039
0
LINE
8
BLACK
6
CONTINUOUS
10
1.5902667716535432
20
0.8313242519685039
11
1.5903333858267716
21
0.8312430708661417
0
LINE
8
BLACK
6
CONTINUOUS
10
1.5903333858267716
20
0.8312430708661417
11
1.5903632283464566
21
0.8311709448818897
0
LINE
8
BLACK
6
CONTINUOUS
10
1.5903632283464566
20
0.8311709448818897
11
1.5905192519685039
21
0.8309231102362205
0
LINE
8
BLACK
6
CONTINUOUS
10
1.5905192519685039
20
0.8309231102362205
11
1.5929001968503937
21
0.8261611811023621
0
LINE
8
BLACK
6
CONTINUOUS
10
1.5929001968503937
20
0.8261611811023621
11
1.5931070866141732
21
0.8256205511811023
0
LINE
8
BLACK
6
CONTINUOUS
10
1.5931070866141732
20
0.8256205511811023
11
1.5931887401574802
21
0.8244713385826772
0
LINE
8
BLACK
6
CONTINUOUS
10
1.5931887401574802
20
0.8244713385826772
11
1.5928244094488189
21
0.8233783858267716
0
LINE
8
BLACK
6
CONTINUOUS
10
1.5928244094488189
20
0.8233783858267716
11
1.5920695275590551
21
0.822508031496063
0
LINE
8
BLACK
6
CONTINUOUS
10
1.5920695275590551
20
0.822508031496063
11
1.5910390551181102
21
0.8219927559055118
0
LINE
8
BLACK
6
CONTINUOUS
10
1.5910390551181102
20
0.8219927559055118
11
1.589889842519685
21
0.8219111023622047
0
LINE
8
BLACK
6
CONTINUOUS
10
1.589889842519685
20
0.8219111023622047
11
1.5887968897637794
21
0.8222754330708661
0
LINE
8
BLACK
6
CONTINUOUS
10
1.5887968897637794
20
0.8222754330708661
11
1.5879264960629922
21
0.8230303149606299
0
LINE
8
BLACK
6
CONTINUOUS
10
1.5879264960629922
20
0.8230303149606299
11
1.5876181496062991
21
0.8235201968503937
0
LINE
8
BLACK
6
CONTINUOUS
10
1.5876181496062991
20
0.8235201968503937
11
1.5854514960629922
21
0.8278535039370079
0
LINE
8
BLACK
6
CONTINUOUS
10
1.5854514960629922
20
0.8278535039370079
11
1.5812351968503937
21
0.8320697637795276
0
LINE
8
BLACK
6
CONTINUOUS
10
1.5812351968503937
20
0.8320697637795276
11
1.5743355511811024
21
0.8366695275590551
0
LINE
8
BLACK
6
CONTINUOUS
10
1.5743355511811024
20
0.8366695275590551
11
1.5743338582677164
21
0.836670905511811
0
LINE
8
BLACK
6
CONTINUOUS
10
1.5743338582677164
20
0.836670905511811
11
1.5743329921259843
21
0.8366712598425197
0
LINE
8
BLACK
6
CONTINUOUS
10
1.5743329921259843
20
0.8366712598425197
11
1.5743309448818896
21
0.8366733070866141
0
LINE
8
BLACK
6
CONTINUOUS
10
1.5743309448818896
20
0.8366733070866141
11
1.573887716535433
21
0.8370362992125984
0
LINE
8
BLACK
6
CONTINUOUS
10
1.573887716535433
20
0.8370362992125984
11
1.5737250393700788
21
0.8372792125984252
0
LINE
8
BLACK
6
CONTINUOUS
10
1.5737250393700788
20
0.8372792125984252
11
1.5735183464566929
21
0.837485905511811
0
LINE
8
BLACK
6
CONTINUOUS
10
1.5735183464566929
20
0.837485905511811
11
1.5734075984251967
21
0.8377532283464567
0
LINE
8
BLACK
6
CONTINUOUS
10
1.5734075984251967
20
0.8377532283464567
11
1.5732466535433069
21
0.8379935826771653
0
LINE
8
BLACK
6
CONTINUOUS
10
1.5732466535433069
20
0.8379935826771653
11
1.5731892913385825
21
0.8382802362204724
0
LINE
8
BLACK
6
CONTINUOUS
10
1.5731892913385825
20
0.8382802362204724
11
1.5730774409448818
21
0.8385503149606299
0
LINE
8
BLACK
6
CONTINUOUS
10
1.5730774409448818
20
0.8385503149606299
11
1.5730774409448818
21
0.8388396456692914
0
LINE
8
BLACK
6
CONTINUOUS
10
1.5730774409448818
20
0.8388396456692914
11
1.5730207086614172
21
0.8391232677165354
0
LINE
8
BLACK
6
CONTINUOUS
10
1.5730207086614172
20
0.8391232677165354
11
1.5730774409448818
21
0.8394100787401575
0
LINE
8
BLACK
6
CONTINUOUS
10
1.5730774409448818
20
0.8394100787401575
11
1.5730774409448818
21
0.8397024409448819
0
LINE
8
BLACK
6
CONTINUOUS
10
1.5730774409448818
20
0.8397024409448819
11
1.5731881496062992
21
0.8399697244094488
0
LINE
8
BLACK
6
CONTINUOUS
10
1.5731881496062992
20
0.8399697244094488
11
1.5732442913385827
21
0.8402535039370078
0
LINE
8
BLACK
6
CONTINUOUS
10
1.5732442913385827
20
0.8402535039370078
11
1.5734064566929133
21
0.8404967716535433
0
LINE
8
BLACK
6
CONTINUOUS
10
1.5734064566929133
20
0.8404967716535433
11
1.5735183464566929
21
0.8407668503937008
0
LINE
8
BLACK
6
CONTINUOUS
10
1.5735183464566929
20
0.8407668503937008
11
1.5737228740157481
21
0.8409714173228346
0
LINE
8
BLACK
6
CONTINUOUS
10
1.5737228740157481
20
0.8409714173228346
11
1.5738833858267716
21
0.841212125984252
0
LINE
8
BLACK
6
CONTINUOUS
10
1.5738833858267716
20
0.841212125984252
11
1.5741262598425196
21
0.8413748031496063
0
LINE
8
BLACK
6
CONTINUOUS
10
1.5741262598425196
20
0.8413748031496063
11
1.5743329921259843
21
0.8415814960629922
0
LINE
8
BLACK
6
CONTINUOUS
10
1.5743329921259843
20
0.8415814960629922
11
1.574600275590551
21
0.8416922440944882
0
LINE
8
BLACK
6
CONTINUOUS
10
1.574600275590551
20
0.8416922440944882
11
1.5748406692913386
21
0.841853188976378
0
LINE
8
BLACK
6
CONTINUOUS
10
1.5748406692913386
20
0.841853188976378
11
1.5751272834645669
21
0.8419105511811024
0
LINE
8
BLACK
6
CONTINUOUS
10
1.5751272834645669
20
0.8419105511811024
11
1.5753974015748031
21
0.8420224015748031
0
LINE
8
BLACK
6
CONTINUOUS
10
1.5753974015748031
20
0.8420224015748031
11
1.5759673228346456
21
0.8420785433070866
0
LINE
8
BLACK
6
CONTINUOUS
10
1.5759673228346456
20
0.8420785433070866
11
1.5759703543307086
21
0.8420791338582677
0
LINE
8
BLACK
6
CONTINUOUS
10
1.5759703543307086
20
0.8420791338582677
11
1.5759713779527558
21
0.842078937007874
0
LINE
8
BLACK
6
CONTINUOUS
10
1.5759713779527558
20
0.842078937007874
11
1.575973464566929
21
0.8420791338582677
0
LINE
8
BLACK
6
CONTINUOUS
10
1.575973464566929
20
0.8420791338582677
11
1.6230207086614172
21
0.8420791338582677
0
LINE
8
BLACK
6
CONTINUOUS
10
1.6230207086614172
20
0.8420791338582677
11
1.6230207086614172
21
0.853412125984252
0
LINE
8
BLACK
6
CONTINUOUS
10
1.6230207086614172
20
0.853412125984252
11
1.6230774409448818
21
0.853988188976378
0
LINE
8
BLACK
6
CONTINUOUS
10
1.6230774409448818
20
0.853988188976378
11
1.6235183464566929
21
0.8550525984251969
0
LINE
8
BLACK
6
CONTINUOUS
10
1.6235183464566929
20
0.8550525984251969
11
1.6243329921259841
21
0.8558672440944882
0
LINE
8
BLACK
6
CONTINUOUS
10
1.6243329921259841
20
0.8558672440944882
11
1.6253974015748032
21
0.8563081496062992
0
LINE
8
BLACK
6
CONTINUOUS
10
1.6253974015748032
20
0.8563081496062992
11
1.6265495275590551
21
0.8563081496062992
0
LINE
8
BLACK
6
CONTINUOUS
10
1.6265495275590551
20
0.8563081496062992
11
1.6276139370078739
21
0.8558672440944882
0
LINE
8
BLACK
6
CONTINUOUS
10
1.6203375196850394
20
0.906488188976378
11
1.6314691732283464
21
0.9035054724409448
0
LINE
8
BLACK
6
CONTINUOUS
10
1.6314691732283464
20
0.9035054724409448
11
1.6421162598425196
21
0.8990953149606299
0
LINE
8
BLACK
6
CONTINUOUS
10
1.6421162598425196
20
0.8990953149606299
11
1.652096653543307
21
0.8933331496062992
0
LINE
8
BLACK
6
CONTINUOUS
10
1.652096653543307
20
0.8933331496062992
11
1.6612394881889763
21
0.8863175590551181
0
LINE
8
BLACK
6
CONTINUOUS
10
1.6612394881889763
20
0.8863175590551181
11
1.6693884251968503
21
0.8781686220472441
0
LINE
8
BLACK
6
CONTINUOUS
10
1.6693884251968503
20
0.8781686220472441
11
1.6764040157480316
21
0.8690257874015748
0
LINE
8
BLACK
6
CONTINUOUS
10
1.6764040157480316
20
0.8690257874015748
11
1.6821661811023623
21
0.8590453937007874
0
LINE
8
BLACK
6
CONTINUOUS
10
1.6821661811023623
20
0.8590453937007874
11
1.6865763385826771
21
0.8483983070866141
0
LINE
8
BLACK
6
CONTINUOUS
10
1.6865763385826771
20
0.8483983070866141
11
1.6895590551181101
21
0.8372666535433071
0
LINE
8
BLACK
6
CONTINUOUS
10
1.6895590551181101
20
0.8372666535433071
11
1.6910633070866141
21
0.825840905511811
0
LINE
8
BLACK
6
CONTINUOUS
10
1.6910633070866141
20
0.825840905511811
11
1.6910633070866141
21
0.8143165748031496
0
LINE
8
BLACK
6
CONTINUOUS
10
1.6910633070866141
20
0.8143165748031496
11
1.6895590551181101
21
0.8028908267716536
0
LINE
8
BLACK
6
CONTINUOUS
10
1.6895590551181101
20
0.8028908267716536
11
1.6865763385826771
21
0.7917591732283464
0
LINE
8
BLACK
6
CONTINUOUS
10
1.6865763385826771
20
0.7917591732283464
11
1.6821661811023623
21
0.7811120866141732
0
LINE
8
BLACK
6
CONTINUOUS
10
1.6821661811023623
20
0.7811120866141732
11
1.6764040157480316
21
0.7711316929133858
0
LINE
8
BLACK
6
CONTINUOUS
10
1.6764040157480316
20
0.7711316929133858
11
1.6693884251968503
21
0.7619888582677166
0
LINE
8
BLACK
6
CONTINUOUS
10
1.6693884251968503
20
0.7619888582677166
11
1.6612394881889763
21
0.7538399212598424
0
LINE
8
BLACK
6
CONTINUOUS
10
1.6612394881889763
20
0.7538399212598424
11
1.652096653543307
21
0.7468243307086614
0
LINE
8
BLACK
6
CONTINUOUS
10
1.652096653543307
20
0.7468243307086614
11
1.6421162598425196
21
0.7410621653543307
0
LINE
8
BLACK
6
CONTINUOUS
10
1.6421162598425196
20
0.7410621653543307
11
1.6314691732283464
21
0.7366520078740157
0
LINE
8
BLACK
6
CONTINUOUS
10
1.6314691732283464
20
0.7366520078740157
11
1.6203375196850394
21
0.7336692913385826
0
LINE
8
BLACK
6
CONTINUOUS
10
1.6203375196850394
20
0.7336692913385826
11
1.6089117716535433
21
0.7321650393700787
0
LINE
8
BLACK
6
CONTINUOUS
10
1.6089117716535433
20
0.7321650393700787
11
1.5973874409448818
21
0.7321650393700787
0
LINE
8
BLACK
6
CONTINUOUS
10
1.5973874409448818
20
0.7321650393700787
11
1.5859616929133857
21
0.7336692913385826
0
LINE
8
BLACK
6
CONTINUOUS
10
1.5859616929133857
20
0.7336692913385826
11
1.5748300393700787
21
0.7366520078740157
0
LINE
8
BLACK
6
CONTINUOUS
10
1.5748300393700787
20
0.7366520078740157
11
1.5641829527559055
21
0.7410621653543307
0
LINE
8
BLACK
6
CONTINUOUS
10
1.5641829527559055
20
0.7410621653543307
11
1.5542025590551181
21
0.7468243307086614
0
LINE
8
BLACK
6
CONTINUOUS
10
1.5542025590551181
20
0.7468243307086614
11
1.5450597244094488
21
0.7538399212598424
0
LINE
8
BLACK
6
CONTINUOUS
10
1.5450597244094488
20
0.7538399212598424
11
1.5369107874015748
21
0.7619888582677166
0
LINE
8
BLACK
6
CONTINUOUS
10
1.5369107874015748
20
0.7619888582677166
11
1.5298951968503938
21
0.7711316929133858
0
LINE
8
BLACK
6
CONTINUOUS
10
1.5298951968503938
20
0.7711316929133858
11
1.5241330314960631
21
0.7811120866141732
0
LINE
8
BLACK
6
CONTINUOUS
10
1.5241330314960631
20
0.7811120866141732
11
1.519722874015748
21
0.7917591732283464
0
LINE
8
BLACK
6
CONTINUOUS
10
1.519722874015748
20
0.7917591732283464
11
1.516740157480315
21
0.8028908267716536
0
LINE
8
BLACK
6
CONTINUOUS
10
1.516740157480315
20
0.8028908267716536
11
1.515235905511811
21
0.8143165748031496
0
LINE
8
BLACK
6
CONTINUOUS
10
1.515235905511811
20
0.8143165748031496
11
1.515235905511811
21
0.8254662204724409
0
LINE
8
BLACK
6
CONTINUOUS
10
1.515235905511811
20
0.8254662204724409
11
1.515235905511811
21
0.825840905511811
0
LINE
8
BLACK
6
CONTINUOUS
10
1.515235905511811
20
0.825840905511811
11
1.516740157480315
21
0.8372666535433071
0
LINE
8
BLACK
6
CONTINUOUS
10
1.516740157480315
20
0.8372666535433071
11
1.519722874015748
21
0.8483983070866141
0
LINE
8
BLACK
6
CONTINUOUS
10
1.519722874015748
20
0.8483983070866141
11
1.5241330314960631
21
0.8590453937007874
0
LINE
8
BLACK
6
CONTINUOUS
10
1.5241330314960631
20
0.8590453937007874
11
1.5298951968503938
21
0.8690257874015748
0
LINE
8
BLACK
6
CONTINUOUS
10
1.5298951968503938
20
0.8690257874015748
11
1.5369107874015748
21
0.8781686220472441
0
LINE
8
BLACK
6
CONTINUOUS
10
1.5369107874015748
20
0.8781686220472441
11
1.5450597244094488
21
0.8863175590551181
0
LINE
8
BLACK
6
CONTINUOUS
10
1.5450597244094488
20
0.8863175590551181
11
1.5542025590551181
21
0.8933331496062992
0
LINE
8
BLACK
6
CONTINUOUS
10
1.5542025590551181
20
0.8933331496062992
11
1.5641829527559055
21
0.8990953149606299
0
LINE
8
BLACK
6
CONTINUOUS
10
1.5641829527559055
20
0.8990953149606299
11
1.5748300393700787
21
0.9035054724409448
0
LINE
8
BLACK
6
CONTINUOUS
10
1.5748300393700787
20
0.9035054724409448
11
1.5859616929133857
21
0.906488188976378
0
LINE
8
BLACK
6
CONTINUOUS
10
1.5859616929133857
20
0.906488188976378
11
1.5973874409448818
21
0.9079924409448819
0
LINE
8
BLACK
6
CONTINUOUS
10
1.5973874409448818
20
0.9079924409448819
11
1.6089117716535433
21
0.9079924409448819
0
LINE
8
BLACK
6
CONTINUOUS
10
1.6089117716535433
20
0.9079924409448819
11
1.6203375196850394
21
0.906488188976378
0
LINE
8
BLACK
6
CONTINUOUS
10
1.5209527952755906
20
0.8146912598425197
11
1.5223592125984251
21
0.8040085433070866
0
LINE
8
BLACK
6
CONTINUOUS
10
1.5223592125984251
20
0.8040085433070866
11
1.5251479527559055
21
0.7936007480314961
0
LINE
8
BLACK
6
CONTINUOUS
10
1.5251479527559055
20
0.7936007480314961
11
1.5292713385826771
21
0.7836460236220473
0
LINE
8
BLACK
6
CONTINUOUS
10
1.5292713385826771
20
0.7836460236220473
11
1.5346588188976378
21
0.7743146456692913
0
LINE
8
BLACK
6
CONTINUOUS
10
1.5346588188976378
20
0.7743146456692913
11
1.5412181496062991
21
0.7657663385826772
0
LINE
8
BLACK
6
CONTINUOUS
10
1.5412181496062991
20
0.7657663385826772
11
1.5488372047244094
21
0.7581472834645669
0
LINE
8
BLACK
6
CONTINUOUS
10
1.5488372047244094
20
0.7581472834645669
11
1.5573855118110236
21
0.7515879527559055
0
LINE
8
BLACK
6
CONTINUOUS
10
1.5573855118110236
20
0.7515879527559055
11
1.5667168897637795
21
0.7462004724409449
0
LINE
8
BLACK
6
CONTINUOUS
10
1.5667168897637795
20
0.7462004724409449
11
1.5766716141732282
21
0.7420770866141733
0
LINE
8
BLACK
6
CONTINUOUS
10
1.5766716141732282
20
0.7420770866141733
11
1.5870794094488188
21
0.7392883464566929
0
LINE
8
BLACK
6
CONTINUOUS
10
1.5870794094488188
20
0.7392883464566929
11
1.5977621259842518
21
0.7378819291338583
0
LINE
8
BLACK
6
CONTINUOUS
10
1.5977621259842518
20
0.7378819291338583
11
1.6085370866141733
21
0.7378819291338583
0
LINE
8
BLACK
6
CONTINUOUS
10
1.6085370866141733
20
0.7378819291338583
11
1.6192198031496063
21
0.7392883464566929
0
LINE
8
BLACK
6
CONTINUOUS
10
1.6192198031496063
20
0.7392883464566929
11
1.6296275984251969
21
0.7420770866141733
0
LINE
8
BLACK
6
CONTINUOUS
10
1.6296275984251969
20
0.7420770866141733
11
1.6395823228346456
21
0.7462004724409449
0
LINE
8
BLACK
6
CONTINUOUS
10
1.6395823228346456
20
0.7462004724409449
11
1.6489137007874015
21
0.7515879527559055
0
LINE
8
BLACK
6
CONTINUOUS
10
1.6489137007874015
20
0.7515879527559055
11
1.6574620078740157
21
0.7581472834645669
0
LINE
8
BLACK
6
CONTINUOUS
10
1.6574620078740157
20
0.7581472834645669
11
1.665081062992126
21
0.7657663385826772
0
LINE
8
BLACK
6
CONTINUOUS
10
1.665081062992126
20
0.7657663385826772
11
1.6716403937007873
21
0.7743146456692913
0
LINE
8
BLACK
6
CONTINUOUS
10
1.6716403937007873
20
0.7743146456692913
11
1.677027874015748
21
0.7836460236220473
0
LINE
8
BLACK
6
CONTINUOUS
10
1.677027874015748
20
0.7836460236220473
11
1.6811512598425196
21
0.7936007480314961
0
LINE
8
BLACK
6
CONTINUOUS
10
1.6811512598425196
20
0.7936007480314961
11
1.68394
21
0.8040085433070866
0
LINE
8
BLACK
6
CONTINUOUS
10
1.68394
20
0.8040085433070866
11
1.6853464173228345
21
0.8146912598425197
0
LINE
8
BLACK
6
CONTINUOUS
10
1.6853464173228345
20
0.8146912598425197
11
1.6853464173228345
21
0.8254662204724409
0
LINE
8
BLACK
6
CONTINUOUS
10
1.6853464173228345
20
0.8254662204724409
11
1.68394
21
0.836148937007874
0
LINE
8
BLACK
6
CONTINUOUS
10
1.68394
20
0.836148937007874
11
1.6811512598425196
21
0.8465567322834645
0
LINE
8
BLACK
6
CONTINUOUS
10
1.6811512598425196
20
0.8465567322834645
11
1.677027874015748
21
0.8565114566929134
0
LINE
8
BLACK
6
CONTINUOUS
10
1.677027874015748
20
0.8565114566929134
11
1.6716403937007873
21
0.8658428346456692
0
LINE
8
BLACK
6
CONTINUOUS
10
1.6716403937007873
20
0.8658428346456692
11
1.665081062992126
21
0.8743911417322835
0
LINE
8
BLACK
6
CONTINUOUS
10
1.665081062992126
20
0.8743911417322835
11
1.6574620078740157
21
0.8820101968503937
0
LINE
8
BLACK
6
CONTINUOUS
10
1.6574620078740157
20
0.8820101968503937
11
1.6489137007874015
21
0.8885695275590551
0
LINE
8
BLACK
6
CONTINUOUS
10
1.6489137007874015
20
0.8885695275590551
11
1.6395823228346456
21
0.8939570078740158
0
LINE
8
BLACK
6
CONTINUOUS
10
1.6395823228346456
20
0.8939570078740158
11
1.6296275984251969
21
0.8980803937007874
0
LINE
8
BLACK
6
CONTINUOUS
10
1.6296275984251969
20
0.8980803937007874
11
1.6192198031496063
21
0.9008691338582677
0
LINE
8
BLACK
6
CONTINUOUS
10
1.6192198031496063
20
0.9008691338582677
11
1.6085370866141733
21
0.9022755511811024
0
LINE
8
BLACK
6
CONTINUOUS
10
1.6085370866141733
20
0.9022755511811024
11
1.5977621259842518
21
0.9022755511811024
0
LINE
8
BLACK
6
CONTINUOUS
10
1.5977621259842518
20
0.9022755511811024
11
1.5870794094488188
21
0.9008691338582677
0
LINE
8
BLACK
6
CONTINUOUS
10
1.5870794094488188
20
0.9008691338582677
11
1.5766716141732282
21
0.8980803937007874
0
LINE
8
BLACK
6
CONTINUOUS
10
1.5766716141732282
20
0.8980803937007874
11
1.5667168897637795
21
0.8939570078740158
0
LINE
8
BLACK
6
CONTINUOUS
10
1.5667168897637795
20
0.8939570078740158
11
1.5573855118110236
21
0.8885695275590551
0
LINE
8
BLACK
6
CONTINUOUS
10
1.5573855118110236
20
0.8885695275590551
11
1.5488372047244094
21
0.8820101968503937
0
LINE
8
BLACK
6
CONTINUOUS
10
1.5488372047244094
20
0.8820101968503937
11
1.5412181496062991
21
0.8743911417322835
0
LINE
8
BLACK
6
CONTINUOUS
10
1.5412181496062991
20
0.8743911417322835
11
1.5346588188976378
21
0.8658428346456692
0
LINE
8
BLACK
6
CONTINUOUS
10
1.5346588188976378
20
0.8658428346456692
11
1.5292713385826771
21
0.8565114566929134
0
LINE
8
BLACK
6
CONTINUOUS
10
1.5292713385826771
20
0.8565114566929134
11
1.5251479527559055
21
0.8465567322834645
0
LINE
8
BLACK
6
CONTINUOUS
10
1.5251479527559055
20
0.8465567322834645
11
1.5223592125984251
21
0.836148937007874
0
LINE
8
BLACK
6
CONTINUOUS
10
1.5223592125984251
20
0.836148937007874
11
1.5209527952755906
21
0.8254662204724409
0
LINE
8
BLACK
6
CONTINUOUS
10
1.5209527952755906
20
0.8254662204724409
11
1.5209527952755906
21
0.8146912598425197
0
LINE
8
BLACK
6
CONTINUOUS
10
1.7415209448818898
20
0.9607700393700788
11
1.7425853543307086
21
0.9603291338582677
0
LINE
8
BLACK
6
CONTINUOUS
10
1.7425853543307086
20
0.9603291338582677
11
1.7434000000000001
21
0.9595144881889763
0
LINE
8
BLACK
6
CONTINUOUS
10
1.7434000000000001
20
0.9595144881889763
11
1.7438409055118109
21
0.9584500787401574
0
LINE
8
BLACK
6
CONTINUOUS
10
1.7438409055118109
20
0.9584500787401574
11
1.7438976377952755
21
0.9578740157480314
0
LINE
8
BLACK
6
CONTINUOUS
10
1.7438976377952755
20
0.9578740157480314
11
1.7438976377952755
21
0.6822834645669291
0
LINE
8
BLACK
6
CONTINUOUS
10
1.7438976377952755
20
0.6822834645669291
11
1.7438409055118109
21
0.6817074015748031
0
LINE
8
BLACK
6
CONTINUOUS
10
1.7438409055118109
20
0.6817074015748031
11
1.7434000000000001
21
0.6806429921259842
0
LINE
8
BLACK
6
CONTINUOUS
10
1.7434000000000001
20
0.6806429921259842
11
1.7425853543307086
21
0.6798283464566929
0
LINE
8
BLACK
6
CONTINUOUS
10
1.7425853543307086
20
0.6798283464566929
11
1.7415209448818898
21
0.6793874409448819
0
LINE
8
BLACK
6
CONTINUOUS
10
1.7415209448818898
20
0.6793874409448819
11
1.7409448818897637
21
0.6793307086614173
0
LINE
8
BLACK
6
CONTINUOUS
10
1.7409448818897637
20
0.6793307086614173
11
1.4653543307086614
21
0.6793307086614173
0
LINE
8
BLACK
6
CONTINUOUS
10
1.4653543307086614
20
0.6793307086614173
11
1.4647782677165353
21
0.6793874409448819
0
LINE
8
BLACK
6
CONTINUOUS
10
1.4647782677165353
20
0.6793874409448819
11
1.4637138582677165
21
0.6798283464566929
0
LINE
8
BLACK
6
CONTINUOUS
10
1.4637138582677165
20
0.6798283464566929
11
1.4628992125984253
21
0.6806429921259842
0
LINE
8
BLACK
6
CONTINUOUS
10
1.4628992125984253
20
0.6806429921259842
11
1.4624583070866142
21
0.6817074015748031
0
LINE
8
BLACK
6
CONTINUOUS
10
1.4624583070866142
20
0.6817074015748031
11
1.4624015748031496
21
0.6822834645669291
0
LINE
8
BLACK
6
CONTINUOUS
10
1.4624015748031496
20
0.6822834645669291
11
1.4624015748031496
21
0.9578740157480314
0
LINE
8
BLACK
6
CONTINUOUS
10
1.4624015748031496
20
0.9578740157480314
11
1.4624583070866142
21
0.9584500787401574
0
LINE
8
BLACK
6
CONTINUOUS
10
1.4624583070866142
20
0.9584500787401574
11
1.4628992125984253
21
0.9595144881889763
0
LINE
8
BLACK
6
CONTINUOUS
10
1.4628992125984253
20
0.9595144881889763
11
1.4637138582677165
21
0.9603291338582677
0
LINE
8
BLACK
6
CONTINUOUS
10
1.4637138582677165
20
0.9603291338582677
11
1.4647782677165353
21
0.9607700393700788
0
LINE
8
BLACK
6
CONTINUOUS
10
1.4647782677165353
20
0.9607700393700788
11
1.4653543307086614
21
0.9608267716535432
0
LINE
8
BLACK
6
CONTINUOUS
10
1.4653543307086614
20
0.9608267716535432
11
1.7409448818897637
21
0.9608267716535432
0
LINE
8
BLACK
6
CONTINUOUS
10
1.7409448818897637
20
0.9608267716535432
11
1.7415209448818898
21
0.9607700393700788
0
LINE
8
BLACK
6
CONTINUOUS
10
1.4683070866141732
20
0.7372047244094488
11
1.4683070866141732
21
0.6852362204724409
0
LINE
8
BLACK
6
CONTINUOUS
10
1.4683070866141732
20
0.6852362204724409
11
1.5202755905511811
21
0.6852362204724409
0
LINE
8
BLACK
6
CONTINUOUS
10
1.5202755905511811
20
0.6852362204724409
11
1.5202755905511811
21
0.6970472440944881
0
LINE
8
BLACK
6
CONTINUOUS
10
1.5202755905511811
20
0.6970472440944881
11
1.4830708661417322
21
0.6970472440944881
0
LINE
8
BLACK
6
CONTINUOUS
10
1.4830708661417322
20
0.6970472440944881
11
1.4824948031496064
21
0.6971039763779527
0
LINE
8
BLACK
6
CONTINUOUS
10
1.4824948031496064
20
0.6971039763779527
11
1.4814303937007873
21
0.6975448818897637
0
LINE
8
BLACK
6
CONTINUOUS
10
1.4814303937007873
20
0.6975448818897637
11
1.4806157480314961
21
0.6983595275590551
0
LINE
8
BLACK
6
CONTINUOUS
10
1.4806157480314961
20
0.6983595275590551
11
1.480174842519685
21
0.699423937007874
0
LINE
8
BLACK
6
CONTINUOUS
10
1.480174842519685
20
0.699423937007874
11
1.4801181102362204
21
0.7
0
LINE
8
BLACK
6
CONTINUOUS
10
1.4801181102362204
20
0.7
11
1.4801181102362204
21
0.7372047244094488
0
LINE
8
BLACK
6
CONTINUOUS
10
1.4801181102362204
20
0.7372047244094488
11
1.4683070866141732
21
0.7372047244094488
0
LINE
8
BLACK
6
CONTINUOUS
10
1.5261811023622047
20
0.9549212598425196
11
1.5261811023622047
21
0.9
0
LINE
8
BLACK
6
CONTINUOUS
10
1.5261811023622047
20
0.9
11
1.5261243700787401
21
0.899423937007874
0
LINE
8
BLACK
6
CONTINUOUS
10
1.5261243700787401
20
0.899423937007874
11
1.525683464566929
21
0.8983595275590551
0
LINE
8
BLACK
6
CONTINUOUS
10
1.525683464566929
20
0.8983595275590551
11
1.5248688188976378
21
0.8975448818897638
0
LINE
8
BLACK
6
CONTINUOUS
10
1.5248688188976378
20
0.8975448818897638
11
1.5238044094488188
21
0.8971039763779527
0
LINE
8
BLACK
6
CONTINUOUS
10
1.5238044094488188
20
0.8971039763779527
11
1.5232283464566929
21
0.8970472440944882
0
LINE
8
BLACK
6
CONTINUOUS
10
1.5232283464566929
20
0.8970472440944882
11
1.4683070866141732
21
0.8970472440944882
0
LINE
8
BLACK
6
CONTINUOUS
10
1.4683070866141732
20
0.8970472440944882
11
1.4683070866141732
21
0.7431102362204725
0
LINE
8
BLACK
6
CONTINUOUS
10
1.4683070866141732
20
0.7431102362204725
11
1.5232283464566929
21
0.7431102362204725
0
LINE
8
BLACK
6
CONTINUOUS
10
1.5232283464566929
20
0.7431102362204725
11
1.5238044094488188
21
0.7430535039370079
0
LINE
8
BLACK
6
CONTINUOUS
10
1.5238044094488188
20
0.7430535039370079
11
1.5248688188976378
21
0.7426125984251968
0
LINE
8
BLACK
6
CONTINUOUS
10
1.5248688188976378
20
0.7426125984251968
11
1.525683464566929
21
0.7417979527559055
0
LINE
8
BLACK
6
CONTINUOUS
10
1.525683464566929
20
0.7417979527559055
11
1.5261243700787401
21
0.7407335433070866
0
LINE
8
BLACK
6
CONTINUOUS
10
1.5261243700787401
20
0.7407335433070866
11
1.5261811023622047
21
0.7401574803149606
0
LINE
8
BLACK
6
CONTINUOUS
10
1.5261811023622047
20
0.7401574803149606
11
1.5261811023622047
21
0.6852362204724409
0
LINE
8
BLACK
6
CONTINUOUS
10
1.5261811023622047
20
0.6852362204724409
11
1.6801181102362204
21
0.6852362204724409
0
LINE
8
BLACK
6
CONTINUOUS
10
1.6801181102362204
20
0.6852362204724409
11
1.6801181102362204
21
0.7401574803149606
0
LINE
8
BLACK
6
CONTINUOUS
10
1.6801181102362204
20
0.7401574803149606
11
1.680174842519685
21
0.7407335433070866
0
LINE
8
BLACK
6
CONTINUOUS
10
1.680174842519685
20
0.7407335433070866
11
1.680615748031496
21
0.7417979527559055
0
LINE
8
BLACK
6
CONTINUOUS
10
1.680615748031496
20
0.7417979527559055
11
1.6814303937007873
21
0.7426125984251968
0
LINE
8
BLACK
6
CONTINUOUS
10
1.6814303937007873
20
0.7426125984251968
11
1.6824948031496063
21
0.7430535039370079
0
LINE
8
BLACK
6
CONTINUOUS
10
1.6824948031496063
20
0.7430535039370079
11
1.6830708661417322
21
0.7431102362204725
0
LINE
8
BLACK
6
CONTINUOUS
10
1.6830708661417322
20
0.7431102362204725
11
1.7379921259842519
21
0.7431102362204725
0
LINE
8
BLACK
6
CONTINUOUS
10
1.7379921259842519
20
0.7431102362204725
11
1.7379921259842519
21
0.8970472440944882
0
LINE
8
BLACK
6
CONTINUOUS
10
1.7379921259842519
20
0.8970472440944882
11
1.6830708661417322
21
0.8970472440944882
0
LINE
8
BLACK
6
CONTINUOUS
10
1.6830708661417322
20
0.8970472440944882
11
1.6824948031496063
21
0.8971039763779527
0
LINE
8
BLACK
6
CONTINUOUS
10
1.6824948031496063
20
0.8971039763779527
11
1.6814303937007873
21
0.8975448818897638
0
LINE
8
BLACK
6
CONTINUOUS
10
1.6814303937007873
20
0.8975448818897638
11
1.680615748031496
21
0.8983595275590551
0
LINE
8
BLACK
6
CONTINUOUS
10
1.680615748031496
20
0.8983595275590551
11
1.680174842519685
21
0.899423937007874
0
LINE
8
BLACK
6
CONTINUOUS
10
1.680174842519685
20
0.899423937007874
11
1.6801181102362204
21
0.9
0
LINE
8
BLACK
6
CONTINUOUS
10
1.6801181102362204
20
0.9
11
1.6801181102362204
21
0.9549212598425196
0
LINE
8
BLACK
6
CONTINUOUS
10
1.6801181102362204
20
0.9549212598425196
11
1.5261811023622047
21
0.9549212598425196
0
LINE
8
BLACK
6
CONTINUOUS
10
1.7261811023622047
20
0.7372047244094488
11
1.7261811023622047
21
0.7
0
LINE
8
BLACK
6
CONTINUOUS
10
1.7261811023622047
20
0.7
11
1.7261243700787401
21
0.699423937007874
0
LINE
8
BLACK
6
CONTINUOUS
10
1.7261243700787401
20
0.699423937007874
11
1.725683464566929
21
0.6983595275590551
0
LINE
8
BLACK
6
CONTINUOUS
10
1.725683464566929
20
0.6983595275590551
11
1.7248688188976378
21
0.6975448818897637
0
LINE
8
BLACK
6
CONTINUOUS
10
1.7248688188976378
20
0.6975448818897637
11
1.723804409448819
21
0.6971039763779527
0
LINE
8
BLACK
6
CONTINUOUS
10
1.723804409448819
20
0.6971039763779527
11
1.7232283464566929
21
0.6970472440944881
0
LINE
8
BLACK
6
CONTINUOUS
10
1.7232283464566929
20
0.6970472440944881
11
1.686023622047244
21
0.6970472440944881
0
LINE
8
BLACK
6
CONTINUOUS
10
1.686023622047244
20
0.6970472440944881
11
1.686023622047244
21
0.6852362204724409
0
LINE
8
BLACK
6
CONTINUOUS
10
1.686023622047244
20
0.6852362204724409
11
1.7379921259842519
21
0.6852362204724409
0
LINE
8
BLACK
6
CONTINUOUS
10
1.7379921259842519
20
0.6852362204724409
11
1.7379921259842519
21
0.7372047244094488
0
LINE
8
BLACK
6
CONTINUOUS
10
1.7379921259842519
20
0.7372047244094488
11
1.7261811023622047
21
0.7372047244094488
0
LINE
8
BLACK
6
CONTINUOUS
10
1.686023622047244
20
0.7372047244094488
11
1.686023622047244
21
0.7029527559055118
0
LINE
8
BLACK
6
CONTINUOUS
10
1.686023622047244
20
0.7029527559055118
11
1.7202755905511811
21
0.7029527559055118
0
LINE
8
BLACK
6
CONTINUOUS
10
1.7202755905511811
20
0.7029527559055118
11
1.7202755905511811
21
0.7372047244094488
0
LINE
8
BLACK
6
CONTINUOUS
10
1.7202755905511811
20
0.7372047244094488
11
1.686023622047244
21
0.7372047244094488
0
LINE
8
BLACK
6
CONTINUOUS
10
1.486023622047244
20
0.7372047244094488
11
1.486023622047244
21
0.7029527559055118
0
LINE
8
BLACK
6
CONTINUOUS
10
1.486023622047244
20
0.7029527559055118
11
1.5202755905511811
21
0.7029527559055118
0
LINE
8
BLACK
6
CONTINUOUS
10
1.5202755905511811
20
0.7029527559055118
11
1.5202755905511811
21
0.7372047244094488
0
LINE
8
BLACK
6
CONTINUOUS
10
1.5202755905511811
20
0.7372047244094488
11
1.486023622047244
21
0.7372047244094488
0
LINE
8
BLACK
6
CONTINUOUS
10
1.686023622047244
20
0.9372047244094488
11
1.686023622047244
21
0.9029527559055118
0
LINE
8
BLACK
6
CONTINUOUS
10
1.686023622047244
20
0.9029527559055118
11
1.7202755905511811
21
0.9029527559055118
0
LINE
8
BLACK
6
CONTINUOUS
10
1.7202755905511811
20
0.9029527559055118
11
1.7202755905511811
21
0.9372047244094488
0
LINE
8
BLACK
6
CONTINUOUS
10
1.7202755905511811
20
0.9372047244094488
11
1.686023622047244
21
0.9372047244094488
0
LINE
8
BLACK
6
CONTINUOUS
10
1.686023622047244
20
0.9549212598425196
11
1.686023622047244
21
0.9431102362204724
0
LINE
8
BLACK
6
CONTINUOUS
10
1.686023622047244
20
0.9431102362204724
11
1.7232283464566929
21
0.9431102362204724
0
LINE
8
BLACK
6
CONTINUOUS
10
1.7232283464566929
20
0.9431102362204724
11
1.723804409448819
21
0.9430535039370078
0
LINE
8
BLACK
6
CONTINUOUS
10
1.723804409448819
20
0.9430535039370078
11
1.7248688188976378
21
0.9426125984251968
0
LINE
8
BLACK
6
CONTINUOUS
10
1.7248688188976378
20
0.9426125984251968
11
1.725683464566929
21
0.9417979527559055
0
LINE
8
BLACK
6
CONTINUOUS
10
1.725683464566929
20
0.9417979527559055
11
1.7261243700787401
21
0.9407335433070866
0
LINE
8
BLACK
6
CONTINUOUS
10
1.7261243700787401
20
0.9407335433070866
11
1.7261811023622047
21
0.9401574803149606
0
LINE
8
BLACK
6
CONTINUOUS
10
1.7261811023622047
20
0.9401574803149606
11
1.7261811023622047
21
0.9029527559055118
0
LINE
8
BLACK
6
CONTINUOUS
10
1.7261811023622047
20
0.9029527559055118
11
1.7379921259842519
21
0.9029527559055118
0
LINE
8
BLACK
6
CONTINUOUS
10
1.7379921259842519
20
0.9029527559055118
11
1.7379921259842519
21
0.9549212598425196
0
LINE
8
BLACK
6
CONTINUOUS
10
1.7379921259842519
20
0.9549212598425196
11
1.686023622047244
21
0.9549212598425196
0
LINE
8
BLACK
6
CONTINUOUS
10
1.4683070866141732
20
0.9549212598425196
11
1.4683070866141732
21
0.9029527559055118
0
LINE
8
BLACK
6
CONTINUOUS
10
1.4683070866141732
20
0.9029527559055118
11
1.4801181102362204
21
0.9029527559055118
0
LINE
8
BLACK
6
CONTINUOUS
10
1.4801181102362204
20
0.9029527559055118
11
1.4801181102362204
21
0.9401574803149606
0
LINE
8
BLACK
6
CONTINUOUS
10
1.4801181102362204
20
0.9401574803149606
11
1.480174842519685
21
0.9407335433070866
0
LINE
8
BLACK
6
CONTINUOUS
10
1.480174842519685
20
0.9407335433070866
11
1.4806157480314961
21
0.9417979527559055
0
LINE
8
BLACK
6
CONTINUOUS
10
1.4806157480314961
20
0.9417979527559055
11
1.4814303937007873
21
0.9426125984251968
0
LINE
8
BLACK
6
CONTINUOUS
10
1.4814303937007873
20
0.9426125984251968
11
1.4824948031496064
21
0.9430535039370078
0
LINE
8
BLACK
6
CONTINUOUS
10
1.4824948031496064
20
0.9430535039370078
11
1.4830708661417322
21
0.9431102362204724
0
LINE
8
BLACK
6
CONTINUOUS
10
1.4830708661417322
20
0.9431102362204724
11
1.5202755905511811
21
0.9431102362204724
0
LINE
8
BLACK
6
CONTINUOUS
10
1.5202755905511811
20
0.9431102362204724
11
1.5202755905511811
21
0.9549212598425196
0
LINE
8
BLACK
6
CONTINUOUS
10
1.5202755905511811
20
0.9549212598425196
11
1.4683070866141732
21
0.9549212598425196
0
LINE
8
BLACK
6
CONTINUOUS
10
1.486023622047244
20
0.9372047244094488
11
1.486023622047244
21
0.9029527559055118
0
LINE
8
BLACK
6
CONTINUOUS
10
1.486023622047244
20
0.9029527559055118
11
1.5202755905511811
21
0.9029527559055118
0
LINE
8
BLACK
6
CONTINUOUS
10
1.5202755905511811
20
0.9029527559055118
11
1.5202755905511811
21
0.9372047244094488
0
LINE
8
BLACK
6
CONTINUOUS
10
1.5202755905511811
20
0.9372047244094488
11
1.486023622047244
21
0.9372047244094488
0
LINE
8
BLACK
6
CONTINUOUS
10
1.0851320472440944
20
0.7139425590551181
11
1.0855794881889764
21
0.7135753543307086
0
LINE
8
BLACK
6
CONTINUOUS
10
1.0855794881889764
20
0.7135753543307086
11
1.087454251968504
21
0.7117005905511811
0
LINE
8
BLACK
6
CONTINUOUS
10
1.087454251968504
20
0.7117005905511811
11
1.0878214566929134
21
0.7112531496062992
0
LINE
8
BLACK
6
CONTINUOUS
10
1.0878214566929134
20
0.7112531496062992
11
1.0879630314960629
21
0.7109113779527559
0
LINE
8
BLACK
6
CONTINUOUS
10
1.0879630314960629
20
0.7109113779527559
11
1.0882623622047243
21
0.7101887007874016
0
LINE
8
BLACK
6
CONTINUOUS
10
1.0882623622047243
20
0.7101887007874016
11
1.0882623622047243
21
0.7090366141732284
0
LINE
8
BLACK
6
CONTINUOUS
10
1.0882623622047243
20
0.7090366141732284
11
1.0878214566929134
21
0.7079722047244095
0
LINE
8
BLACK
6
CONTINUOUS
10
1.0878214566929134
20
0.7079722047244095
11
1.087454251968504
21
0.7075247637795276
0
LINE
8
BLACK
6
CONTINUOUS
10
1.087454251968504
20
0.7075247637795276
11
1.0855794881889764
21
0.70565
0
LINE
8
BLACK
6
CONTINUOUS
10
1.0855794881889764
20
0.70565
11
1.0851320472440944
21
0.7052827952755906
0
LINE
8
BLACK
6
CONTINUOUS
10
1.0851320472440944
20
0.7052827952755906
11
1.0840676377952756
21
0.7048418897637795
0
LINE
8
BLACK
6
CONTINUOUS
10
1.0840676377952756
20
0.7048418897637795
11
1.0840675984251968
21
0.7048418897637795
0
LINE
8
BLACK
6
CONTINUOUS
10
1.0840675984251968
20
0.7048418897637795
11
1.0829155511811024
21
0.7048418897637795
0
LINE
8
BLACK
6
CONTINUOUS
10
1.0829155511811024
20
0.7048418897637795
11
1.0829155118110236
21
0.7048418897637795
0
LINE
8
BLACK
6
CONTINUOUS
10
1.0829155118110236
20
0.7048418897637795
11
1.0818511023622046
21
0.7052827952755906
0
LINE
8
BLACK
6
CONTINUOUS
10
1.0818511023622046
20
0.7052827952755906
11
1.0814036614173228
21
0.70565
0
LINE
8
BLACK
6
CONTINUOUS
10
1.0814036614173228
20
0.70565
11
1.0795288976377952
21
0.7075247637795276
0
LINE
8
BLACK
6
CONTINUOUS
10
1.0795288976377952
20
0.7075247637795276
11
1.0791616929133858
21
0.7079722047244095
0
LINE
8
BLACK
6
CONTINUOUS
10
1.0791616929133858
20
0.7079722047244095
11
1.0787207874015747
21
0.709036653543307
0
LINE
8
BLACK
6
CONTINUOUS
10
1.0787207874015747
20
0.709036653543307
11
1.0787207874015747
21
0.7101887007874016
0
LINE
8
BLACK
6
CONTINUOUS
10
1.0787207874015747
20
0.7101887007874016
11
1.0791616929133858
21
0.7112531496062992
0
LINE
8
BLACK
6
CONTINUOUS
10
1.0791616929133858
20
0.7112531496062992
11
1.0795288976377952
21
0.7117005905511811
0
LINE
8
BLACK
6
CONTINUOUS
10
1.0795288976377952
20
0.7117005905511811
11
1.0814036614173228
21
0.7135753543307086
0
LINE
8
BLACK
6
CONTINUOUS
10
1.0814036614173228
20
0.7135753543307086
11
1.0818511023622046
21
0.7139425590551181
0
LINE
8
BLACK
6
CONTINUOUS
10
1.0818511023622046
20
0.7139425590551181
11
1.0829155118110236
21
0.7143834645669291
0
LINE
8
BLACK
6
CONTINUOUS
10
1.0829155118110236
20
0.7143834645669291
11
1.0840675984251968
21
0.7143834645669291
0
LINE
8
BLACK
6
CONTINUOUS
10
1.0840675984251968
20
0.7143834645669291
11
1.0840676377952756
21
0.7143834645669291
0
LINE
8
BLACK
6
CONTINUOUS
10
1.0840676377952756
20
0.7143834645669291
11
1.0851320472440944
21
0.7139425590551181
0
LINE
8
BLACK
6
CONTINUOUS
10
0.2637851968503937
20
1.024918937007874
11
0.2642326377952756
21
1.0245517322834645
0
LINE
8
BLACK
6
CONTINUOUS
10
0.2642326377952756
20
1.0245517322834645
11
0.2816891338582677
21
1.0070952362204724
0
LINE
8
BLACK
6
CONTINUOUS
10
0.2816891338582677
20
1.0070952362204724
11
0.2816891338582677
21
1.0224638188976378
0
LINE
8
BLACK
6
CONTINUOUS
10
0.2816891338582677
20
1.0224638188976378
11
0.2817458661417323
21
1.0230398818897637
0
LINE
8
BLACK
6
CONTINUOUS
10
0.2817458661417323
20
1.0230398818897637
11
0.2821867716535433
21
1.0241042913385827
0
LINE
8
BLACK
6
CONTINUOUS
10
0.2821867716535433
20
1.0241042913385827
11
0.2830014173228346
21
1.024918937007874
0
LINE
8
BLACK
6
CONTINUOUS
10
0.2830014173228346
20
1.024918937007874
11
0.2840658267716535
21
1.025359842519685
0
LINE
8
BLACK
6
CONTINUOUS
10
0.2840658267716535
20
1.025359842519685
11
0.2852179527559055
21
1.025359842519685
0
LINE
8
BLACK
6
CONTINUOUS
10
0.2852179527559055
20
1.025359842519685
11
0.2862823622047244
21
1.024918937007874
0
LINE
8
BLACK
6
CONTINUOUS
10
0.2862823622047244
20
1.024918937007874
11
0.2870970078740158
21
1.0241042913385827
0
LINE
8
BLACK
6
CONTINUOUS
10
0.2870970078740158
20
1.0241042913385827
11
0.2875379133858267
21
1.0230398818897637
0
LINE
8
BLACK
6
CONTINUOUS
10
0.2875379133858267
20
1.0230398818897637
11
0.2875946456692913
21
1.0224638188976378
0
LINE
8
BLACK
6
CONTINUOUS
10
0.2875946456692913
20
1.0224638188976378
11
0.2875946456692913
21
0.9830937401574803
0
LINE
8
BLACK
6
CONTINUOUS
10
0.2875946456692913
20
0.9830937401574803
11
0.2875379133858267
21
0.9825176771653543
0
LINE
8
BLACK
6
CONTINUOUS
10
0.2875379133858267
20
0.9825176771653543
11
0.2870970078740158
21
0.9814532677165354
0
LINE
8
BLACK
6
CONTINUOUS
10
0.2870970078740158
20
0.9814532677165354
11
0.2862823622047244
21
0.9806386220472441
0
LINE
8
BLACK
6
CONTINUOUS
10
0.2862823622047244
20
0.9806386220472441
11
0.2852179527559055
21
0.9801977165354331
0
LINE
8
BLACK
6
CONTINUOUS
10
0.2852179527559055
20
0.9801977165354331
11
0.2840658267716535
21
0.9801977165354331
0
LINE
8
BLACK
6
CONTINUOUS
10
0.2840658267716535
20
0.9801977165354331
11
0.2830014173228346
21
0.9806386220472441
0
LINE
8
BLACK
6
CONTINUOUS
10
0.2830014173228346
20
0.9806386220472441
11
0.2821867716535433
21
0.9814532677165354
0
LINE
8
BLACK
6
CONTINUOUS
10
0.2821867716535433
20
0.9814532677165354
11
0.2817458661417323
21
0.9825176771653543
0
LINE
8
BLACK
6
CONTINUOUS
10
0.2817458661417323
20
0.9825176771653543
11
0.2816891338582677
21
0.9830937401574803
0
LINE
8
BLACK
6
CONTINUOUS
10
0.2816891338582677
20
0.9830937401574803
11
0.2816891338582677
21
0.9987435826771653
0
LINE
8
BLACK
6
CONTINUOUS
10
0.2816891338582677
20
0.9987435826771653
11
0.2793370472440945
21
1.0010956692913386
0
LINE
8
BLACK
6
CONTINUOUS
10
0.2793370472440945
20
1.0010956692913386
11
0.2645069291338583
21
0.9813220866141732
0
LINE
8
BLACK
6
CONTINUOUS
10
0.2645069291338583
20
0.9813220866141732
11
0.264115905511811
21
0.9808952755905511
0
LINE
8
BLACK
6
CONTINUOUS
10
0.264115905511811
20
0.9808952755905511
11
0.2631245275590551
21
0.9803083070866142
0
LINE
8
BLACK
6
CONTINUOUS
10
0.2631245275590551
20
0.9803083070866142
11
0.2619840157480315
21
0.9801453543307086
0
LINE
8
BLACK
6
CONTINUOUS
10
0.2619840157480315
20
0.9801453543307086
11
0.2608679527559055
21
0.9804312992125984
0
LINE
8
BLACK
6
CONTINUOUS
10
0.2608679527559055
20
0.9804312992125984
11
0.2599462598425197
21
0.9811225590551181
0
LINE
8
BLACK
6
CONTINUOUS
10
0.2599462598425197
20
0.9811225590551181
11
0.2593592913385827
21
0.982113937007874
0
LINE
8
BLACK
6
CONTINUOUS
10
0.2593592913385827
20
0.982113937007874
11
0.2591963385826772
21
0.9832544488188976
0
LINE
8
BLACK
6
CONTINUOUS
10
0.2591963385826772
20
0.9832544488188976
11
0.2594822834645669
21
0.9843705118110236
0
LINE
8
BLACK
6
CONTINUOUS
10
0.2594822834645669
20
0.9843705118110236
11
0.2597825196850393
21
0.9848653937007874
0
LINE
8
BLACK
6
CONTINUOUS
10
0.2597825196850393
20
0.9848653937007874
11
0.2751188188976378
21
1.0053138976377953
0
LINE
8
BLACK
6
CONTINUOUS
10
0.2751188188976378
20
1.0053138976377953
11
0.260056811023622
21
1.0203759055118109
0
LINE
8
BLACK
6
CONTINUOUS
10
0.260056811023622
20
1.0203759055118109
11
0.2596896062992126
21
1.0208233464566929
0
LINE
8
BLACK
6
CONTINUOUS
10
0.2596896062992126
20
1.0208233464566929
11
0.2592487007874016
21
1.0218877952755905
0
LINE
8
BLACK
6
CONTINUOUS
10
0.2592487007874016
20
1.0218877952755905
11
0.2592487007874016
21
1.0230398425196849
0
LINE
8
BLACK
6
CONTINUOUS
10
0.2592487007874016
20
1.0230398425196849
11
0.2596896062992126
21
1.0241042913385827
0
LINE
8
BLACK
6
CONTINUOUS
10
0.2596896062992126
20
1.0241042913385827
11
0.2605042519685039
21
1.024918937007874
0
LINE
8
BLACK
6
CONTINUOUS
10
0.2605042519685039
20
1.024918937007874
11
0.2615687007874016
21
1.025359842519685
0
LINE
8
BLACK
6
CONTINUOUS
10
0.2615687007874016
20
1.025359842519685
11
0.262720748031496
21
1.025359842519685
0
LINE
8
BLACK
6
CONTINUOUS
10
0.262720748031496
20
1.025359842519685
11
0.2637851968503937
21
1.024918937007874
0
LINE
8
BLACK
6
CONTINUOUS
10
0.4201122047244095
20
1.3183720472440945
11
0.4332392125984252
21
1.315375905511811
0
LINE
8
BLACK
6
CONTINUOUS
10
0.4332392125984252
20
1.315375905511811
11
0.4459482283464567
21
1.3109288188976378
0
LINE
8
BLACK
6
CONTINUOUS
10
0.4459482283464567
20
1.3109288188976378
11
0.4580794094488189
21
1.3050867716535433
0
LINE
8
BLACK
6
CONTINUOUS
10
0.4580794094488189
20
1.3050867716535433
11
0.4694801968503937
21
1.2979231889763778
0
LINE
8
BLACK
6
CONTINUOUS
10
0.4694801968503937
20
1.2979231889763778
11
0.4800072440944882
21
1.2895281496062991
0
LINE
8
BLACK
6
CONTINUOUS
10
0.4800072440944882
20
1.2895281496062991
11
0.4895281496062992
21
1.2800072440944881
0
LINE
8
BLACK
6
CONTINUOUS
10
0.4895281496062992
20
1.2800072440944881
11
0.4979231889763779
21
1.2694801968503937
0
LINE
8
BLACK
6
CONTINUOUS
10
0.4979231889763779
20
1.2694801968503937
11
0.5050867716535433
21
1.2580794094488188
0
LINE
8
BLACK
6
CONTINUOUS
10
0.5050867716535433
20
1.2580794094488188
11
0.5109288188976377
21
1.2459482283464567
0
LINE
8
BLACK
6
CONTINUOUS
10
0.5109288188976377
20
1.2459482283464567
11
0.515375905511811
21
1.2332392125984251
0
LINE
8
BLACK
6
CONTINUOUS
10
0.515375905511811
20
1.2332392125984251
11
0.5183720472440945
21
1.2201122047244095
0
LINE
8
BLACK
6
CONTINUOUS
10
0.5183720472440945
20
1.2201122047244095
11
0.5198796062992126
21
1.2067322834645668
0
LINE
8
BLACK
6
CONTINUOUS
10
0.5198796062992126
20
1.2067322834645668
11
0.5198796062992126
21
1.1932677165354331
0
LINE
8
BLACK
6
CONTINUOUS
10
0.5198796062992126
20
1.1932677165354331
11
0.5183720472440945
21
1.1798877952755906
0
LINE
8
BLACK
6
CONTINUOUS
10
0.5183720472440945
20
1.1798877952755906
11
0.515375905511811
21
1.1667607874015749
0
LINE
8
BLACK
6
CONTINUOUS
10
0.515375905511811
20
1.1667607874015749
11
0.5109288188976377
21
1.1540517716535432
0
LINE
8
BLACK
6
CONTINUOUS
10
0.5109288188976377
20
1.1540517716535432
11
0.5050867716535433
21
1.1419205905511811
0
LINE
8
BLACK
6
CONTINUOUS
10
0.5050867716535433
20
1.1419205905511811
11
0.4979231889763779
21
1.1305198031496062
0
LINE
8
BLACK
6
CONTINUOUS
10
0.4979231889763779
20
1.1305198031496062
11
0.4895281496062992
21
1.1199927559055118
0
LINE
8
BLACK
6
CONTINUOUS
10
0.4895281496062992
20
1.1199927559055118
11
0.4800072440944882
21
1.1104718503937008
0
LINE
8
BLACK
6
CONTINUOUS
10
0.4800072440944882
20
1.1104718503937008
11
0.4694801968503937
21
1.1020768110236221
0
LINE
8
BLACK
6
CONTINUOUS
10
0.4694801968503937
20
1.1020768110236221
11
0.4580794094488189
21
1.0949132283464567
0
LINE
8
BLACK
6
CONTINUOUS
10
0.4580794094488189
20
1.0949132283464567
11
0.4459482283464567
21
1.0890711811023621
0
LINE
8
BLACK
6
CONTINUOUS
10
0.4459482283464567
20
1.0890711811023621
11
0.4332392125984252
21
1.0846240944881889
0
LINE
8
BLACK
6
CONTINUOUS
10
0.4332392125984252
20
1.0846240944881889
11
0.4201122047244095
21
1.0816279527559054
0
LINE
8
BLACK
6
CONTINUOUS
10
0.4201122047244095
20
1.0816279527559054
11
0.4067322834645669
21
1.0801203937007873
0
LINE
8
BLACK
6
CONTINUOUS
10
0.4067322834645669
20
1.0801203937007873
11
0.3932677165354331
21
1.0801203937007873
0
LINE
8
BLACK
6
CONTINUOUS
10
0.3932677165354331
20
1.0801203937007873
11
0.3798877952755905
21
1.0816279527559054
0
LINE
8
BLACK
6
CONTINUOUS
10
0.3798877952755905
20
1.0816279527559054
11
0.3667607874015748
21
1.0846240944881889
0
LINE
8
BLACK
6
CONTINUOUS
10
0.3667607874015748
20
1.0846240944881889
11
0.3540517716535433
21
1.0890711811023621
0
LINE
8
BLACK
6
CONTINUOUS
10
0.3540517716535433
20
1.0890711811023621
11
0.3419205905511811
21
1.0949132283464567
0
LINE
8
BLACK
6
CONTINUOUS
10
0.3419205905511811
20
1.0949132283464567
11
0.3305198031496063
21
1.1020768110236221
0
LINE
8
BLACK
6
CONTINUOUS
10
0.3305198031496063
20
1.1020768110236221
11
0.3199927559055118
21
1.1104718503937008
0
LINE
8
BLACK
6
CONTINUOUS
10
0.3199927559055118
20
1.1104718503937008
11
0.3104718503937008
21
1.1199927559055118
0
LINE
8
BLACK
6
CONTINUOUS
10
0.3104718503937008
20
1.1199927559055118
11
0.302076811023622
21
1.1305198031496062
0
LINE
8
BLACK
6
CONTINUOUS
10
0.302076811023622
20
1.1305198031496062
11
0.2949132283464567
21
1.1419205905511811
0
LINE
8
BLACK
6
CONTINUOUS
10
0.2949132283464567
20
1.1419205905511811
11
0.2890711811023622
21
1.1540517716535432
0
LINE
8
BLACK
6
CONTINUOUS
10
0.2890711811023622
20
1.1540517716535432
11
0.284624094488189
21
1.1667607874015749
0
LINE
8
BLACK
6
CONTINUOUS
10
0.284624094488189
20
1.1667607874015749
11
0.2816279527559055
21
1.1798877952755906
0
LINE
8
BLACK
6
CONTINUOUS
10
0.2816279527559055
20
1.1798877952755906
11
0.2801203937007874
21
1.1932677165354331
0
LINE
8
BLACK
6
CONTINUOUS
10
0.2801203937007874
20
1.1932677165354331
11
0.2801203937007874
21
1.206521811023622
0
LINE
8
BLACK
6
CONTINUOUS
10
0.2801203937007874
20
1.206521811023622
11
0.2801203937007874
21
1.2067322834645668
0
LINE
8
BLACK
6
CONTINUOUS
10
0.2801203937007874
20
1.2067322834645668
11
0.2816279527559055
21
1.2201122047244095
0
LINE
8
BLACK
6
CONTINUOUS
10
0.2816279527559055
20
1.2201122047244095
11
0.284624094488189
21
1.2332392125984251
0
LINE
8
BLACK
6
CONTINUOUS
10
0.284624094488189
20
1.2332392125984251
11
0.2890711811023622
21
1.2459482283464567
0
LINE
8
BLACK
6
CONTINUOUS
10
0.2890711811023622
20
1.2459482283464567
11
0.2949132283464567
21
1.2580794094488188
0
LINE
8
BLACK
6
CONTINUOUS
10
0.2949132283464567
20
1.2580794094488188
11
0.302076811023622
21
1.2694801968503937
0
LINE
8
BLACK
6
CONTINUOUS
10
0.302076811023622
20
1.2694801968503937
11
0.3104718503937008
21
1.2800072440944881
0
LINE
8
BLACK
6
CONTINUOUS
10
0.3104718503937008
20
1.2800072440944881
11
0.3199927559055118
21
1.2895281496062991
0
LINE
8
BLACK
6
CONTINUOUS
10
0.3199927559055118
20
1.2895281496062991
11
0.3305198031496063
21
1.2979231889763778
0
LINE
8
BLACK
6
CONTINUOUS
10
0.3305198031496063
20
1.2979231889763778
11
0.3419205905511811
21
1.3050867716535433
0
LINE
8
BLACK
6
CONTINUOUS
10
0.3419205905511811
20
1.3050867716535433
11
0.3540517716535433
21
1.3109288188976378
0
LINE
8
BLACK
6
CONTINUOUS
10
0.3540517716535433
20
1.3109288188976378
11
0.3667607874015748
21
1.315375905511811
0
LINE
8
BLACK
6
CONTINUOUS
10
0.3667607874015748
20
1.315375905511811
11
0.3798877952755905
21
1.3183720472440945
0
LINE
8
BLACK
6
CONTINUOUS
10
0.3798877952755905
20
1.3183720472440945
11
0.3932677165354331
21
1.3198796062992126
0
LINE
8
BLACK
6
CONTINUOUS
10
0.3932677165354331
20
1.3198796062992126
11
0.4067322834645669
21
1.3198796062992126
0
LINE
8
BLACK
6
CONTINUOUS
10
0.4067322834645669
20
1.3198796062992126
11
0.4201122047244095
21
1.3183720472440945
0
LINE
8
BLACK
6
CONTINUOUS
10
0.2838685039370079
20
1.1934781889763779
11
0.2853288976377953
21
1.1805166141732284
0
LINE
8
BLACK
6
CONTINUOUS
10
0.2853288976377953
20
1.1805166141732284
11
0.2882313779527559
21
1.1677999999999999
0
LINE
8
BLACK
6
CONTINUOUS
10
0.2882313779527559
20
1.1677999999999999
11
0.2925394094488189
21
1.1554883858267717
0
LINE
8
BLACK
6
CONTINUOUS
10
0.2925394094488189
20
1.1554883858267717
11
0.2981988188976378
21
1.1437364960629921
0
LINE
8
BLACK
6
CONTINUOUS
10
0.2981988188976378
20
1.1437364960629921
11
0.3051384645669291
21
1.132692125984252
0
LINE
8
BLACK
6
CONTINUOUS
10
0.3051384645669291
20
1.132692125984252
11
0.3132710236220472
21
1.1224942519685039
0
LINE
8
BLACK
6
CONTINUOUS
10
0.3132710236220472
20
1.1224942519685039
11
0.322494251968504
21
1.1132710236220473
0
LINE
8
BLACK
6
CONTINUOUS
10
0.322494251968504
20
1.1132710236220473
11
0.332692125984252
21
1.1051384645669291
0
LINE
8
BLACK
6
CONTINUOUS
10
0.332692125984252
20
1.1051384645669291
11
0.3437364960629921
21
1.0981988188976377
0
LINE
8
BLACK
6
CONTINUOUS
10
0.3437364960629921
20
1.0981988188976377
11
0.3554883858267717
21
1.0925394094488188
0
LINE
8
BLACK
6
CONTINUOUS
10
0.3554883858267717
20
1.0925394094488188
11
0.3678
21
1.0882313779527559
0
LINE
8
BLACK
6
CONTINUOUS
10
0.3678
20
1.0882313779527559
11
0.3805166141732284
21
1.0853288976377953
0
LINE
8
BLACK
6
CONTINUOUS
10
0.3805166141732284
20
1.0853288976377953
11
0.3934781889763779
21
1.083868503937008
0
LINE
8
BLACK
6
CONTINUOUS
10
0.3934781889763779
20
1.083868503937008
11
0.4065218110236221
21
1.083868503937008
0
LINE
8
BLACK
6
CONTINUOUS
10
0.4065218110236221
20
1.083868503937008
11
0.4194833858267716
21
1.0853288976377953
0
LINE
8
BLACK
6
CONTINUOUS
10
0.4194833858267716
20
1.0853288976377953
11
0.4322
21
1.0882313779527559
0
LINE
8
BLACK
6
CONTINUOUS
10
0.4322
20
1.0882313779527559
11
0.4445116141732283
21
1.0925394094488188
0
LINE
8
BLACK
6
CONTINUOUS
10
0.4445116141732283
20
1.0925394094488188
11
0.4562635039370079
21
1.0981988188976377
0
LINE
8
BLACK
6
CONTINUOUS
10
0.4562635039370079
20
1.0981988188976377
11
0.467307874015748
21
1.1051384645669291
0
LINE
8
BLACK
6
CONTINUOUS
10
0.467307874015748
20
1.1051384645669291
11
0.477505748031496
21
1.1132710236220473
0
LINE
8
BLACK
6
CONTINUOUS
10
0.477505748031496
20
1.1132710236220473
11
0.4867289763779528
21
1.1224942519685039
0
LINE
8
BLACK
6
CONTINUOUS
10
0.4867289763779528
20
1.1224942519685039
11
0.4948615354330709
21
1.132692125984252
0
LINE
8
BLACK
6
CONTINUOUS
10
0.4948615354330709
20
1.132692125984252
11
0.5018011811023622
21
1.1437364960629921
0
LINE
8
BLACK
6
CONTINUOUS
10
0.5018011811023622
20
1.1437364960629921
11
0.5074605905511811
21
1.1554883858267717
0
LINE
8
BLACK
6
CONTINUOUS
10
0.5074605905511811
20
1.1554883858267717
11
0.511768622047244
21
1.1677999999999999
0
LINE
8
BLACK
6
CONTINUOUS
10
0.511768622047244
20
1.1677999999999999
11
0.5146711023622047
21
1.1805166141732284
0
LINE
8
BLACK
6
CONTINUOUS
10
0.5146711023622047
20
1.1805166141732284
11
0.5161314960629921
21
1.1934781889763779
0
LINE
8
BLACK
6
CONTINUOUS
10
0.5161314960629921
20
1.1934781889763779
11
0.5161314960629921
21
1.206521811023622
0
LINE
8
BLACK
6
CONTINUOUS
10
0.5161314960629921
20
1.206521811023622
11
0.5146711023622047
21
1.2194833858267715
0
LINE
8
BLACK
6
CONTINUOUS
10
0.5146711023622047
20
1.2194833858267715
11
0.511768622047244
21
1.2322
0
LINE
8
BLACK
6
CONTINUOUS
10
0.511768622047244
20
1.2322
11
0.5074605905511811
21
1.2445116141732284
0
LINE
8
BLACK
6
CONTINUOUS
10
0.5074605905511811
20
1.2445116141732284
11
0.5018011811023622
21
1.2562635039370078
0
LINE
8
BLACK
6
CONTINUOUS
10
0.5018011811023622
20
1.2562635039370078
11
0.4948615354330709
21
1.267307874015748
0
LINE
8
BLACK
6
CONTINUOUS
10
0.4948615354330709
20
1.267307874015748
11
0.4867289763779528
21
1.277505748031496
0
LINE
8
BLACK
6
CONTINUOUS
10
0.4867289763779528
20
1.277505748031496
11
0.477505748031496
21
1.2867289763779528
0
LINE
8
BLACK
6
CONTINUOUS
10
0.477505748031496
20
1.2867289763779528
11
0.467307874015748
21
1.2948615354330708
0
LINE
8
BLACK
6
CONTINUOUS
10
0.467307874015748
20
1.2948615354330708
11
0.4562635039370079
21
1.3018011811023622
0
LINE
8
BLACK
6
CONTINUOUS
10
0.4562635039370079
20
1.3018011811023622
11
0.4445116141732283
21
1.3074605905511811
0
LINE
8
BLACK
6
CONTINUOUS
10
0.4445116141732283
20
1.3074605905511811
11
0.4322
21
1.311768622047244
0
LINE
8
BLACK
6
CONTINUOUS
10
0.4322
20
1.311768622047244
11
0.4194833858267716
21
1.3146711023622046
0
LINE
8
BLACK
6
CONTINUOUS
10
0.4194833858267716
20
1.3146711023622046
11
0.4065218110236221
21
1.3161314960629922
0
LINE
8
BLACK
6
CONTINUOUS
10
0.4065218110236221
20
1.3161314960629922
11
0.3934781889763779
21
1.3161314960629922
0
LINE
8
BLACK
6
CONTINUOUS
10
0.3934781889763779
20
1.3161314960629922
11
0.3805166141732284
21
1.3146711023622046
0
LINE
8
BLACK
6
CONTINUOUS
10
0.3805166141732284
20
1.3146711023622046
11
0.3678
21
1.311768622047244
0
LINE
8
BLACK
6
CONTINUOUS
10
0.3678
20
1.311768622047244
11
0.3554883858267717
21
1.3074605905511811
0
LINE
8
BLACK
6
CONTINUOUS
10
0.3554883858267717
20
1.3074605905511811
11
0.3437364960629921
21
1.3018011811023622
0
LINE
8
BLACK
6
CONTINUOUS
10
0.3437364960629921
20
1.3018011811023622
11
0.332692125984252
21
1.2948615354330708
0
LINE
8
BLACK
6
CONTINUOUS
10
0.332692125984252
20
1.2948615354330708
11
0.322494251968504
21
1.2867289763779528
0
LINE
8
BLACK
6
CONTINUOUS
10
0.322494251968504
20
1.2867289763779528
11
0.3132710236220472
21
1.277505748031496
0
LINE
8
BLACK
6
CONTINUOUS
10
0.3132710236220472
20
1.277505748031496
11
0.3051384645669291
21
1.267307874015748
0
LINE
8
BLACK
6
CONTINUOUS
10
0.3051384645669291
20
1.267307874015748
11
0.2981988188976378
21
1.2562635039370078
0
LINE
8
BLACK
6
CONTINUOUS
10
0.2981988188976378
20
1.2562635039370078
11
0.2925394094488189
21
1.2445116141732284
0
LINE
8
BLACK
6
CONTINUOUS
10
0.2925394094488189
20
1.2445116141732284
11
0.2882313779527559
21
1.2322
0
LINE
8
BLACK
6
CONTINUOUS
10
0.2882313779527559
20
1.2322
11
0.2853288976377953
21
1.2194833858267715
0
LINE
8
BLACK
6
CONTINUOUS
10
0.2853288976377953
20
1.2194833858267715
11
0.2838685039370079
21
1.206521811023622
0
LINE
8
BLACK
6
CONTINUOUS
10
0.2838685039370079
20
1.206521811023622
11
0.2838685039370079
21
1.1934781889763779
0
LINE
8
BLACK
6
CONTINUOUS
10
1.6201122047244094
20
1.3183720472440945
11
1.6332392125984252
21
1.315375905511811
0
LINE
8
BLACK
6
CONTINUOUS
10
1.6332392125984252
20
1.315375905511811
11
1.6459482283464566
21
1.3109288188976378
0
LINE
8
BLACK
6
CONTINUOUS
10
1.6459482283464566
20
1.3109288188976378
11
1.6580794094488189
21
1.3050867716535433
0
LINE
8
BLACK
6
CONTINUOUS
10
1.6580794094488189
20
1.3050867716535433
11
1.6694801968503936
21
1.2979231889763778
0
LINE
8
BLACK
6
CONTINUOUS
10
1.6694801968503936
20
1.2979231889763778
11
1.6800072440944882
21
1.2895281496062991
0
LINE
8
BLACK
6
CONTINUOUS
10
1.6800072440944882
20
1.2895281496062991
11
1.6895281496062993
21
1.2800072440944881
0
LINE
8
BLACK
6
CONTINUOUS
10
1.6895281496062993
20
1.2800072440944881
11
1.697923188976378
21
1.2694801968503937
0
LINE
8
BLACK
6
CONTINUOUS
10
1.697923188976378
20
1.2694801968503937
11
1.7050867716535432
21
1.2580794094488188
0
LINE
8
BLACK
6
CONTINUOUS
10
1.7050867716535432
20
1.2580794094488188
11
1.7109288188976377
21
1.2459482283464567
0
LINE
8
BLACK
6
CONTINUOUS
10
1.7109288188976377
20
1.2459482283464567
11
1.715375905511811
21
1.2332392125984251
0
LINE
8
BLACK
6
CONTINUOUS
10
1.715375905511811
20
1.2332392125984251
11
1.7183720472440944
21
1.2201122047244095
0
LINE
8
BLACK
6
CONTINUOUS
10
1.7183720472440944
20
1.2201122047244095
11
1.7198796062992125
21
1.2067322834645668
0
LINE
8
BLACK
6
CONTINUOUS
10
1.7198796062992125
20
1.2067322834645668
11
1.7198796062992125
21
1.1932677165354331
0
LINE
8
BLACK
6
CONTINUOUS
10
1.7198796062992125
20
1.1932677165354331
11
1.7183720472440944
21
1.1798877952755906
0
LINE
8
BLACK
6
CONTINUOUS
10
1.7183720472440944
20
1.1798877952755906
11
1.715375905511811
21
1.1667607874015749
0
LINE
8
BLACK
6
CONTINUOUS
10
1.715375905511811
20
1.1667607874015749
11
1.7109288188976377
21
1.1540517716535432
0
LINE
8
BLACK
6
CONTINUOUS
10
1.7109288188976377
20
1.1540517716535432
11
1.7050867716535432
21
1.1419205905511811
0
LINE
8
BLACK
6
CONTINUOUS
10
1.7050867716535432
20
1.1419205905511811
11
1.697923188976378
21
1.1305198031496062
0
LINE
8
BLACK
6
CONTINUOUS
10
1.697923188976378
20
1.1305198031496062
11
1.6895281496062993
21
1.1199927559055118
0
LINE
8
BLACK
6
CONTINUOUS
10
1.6895281496062993
20
1.1199927559055118
11
1.6800072440944882
21
1.1104718503937008
0
LINE
8
BLACK
6
CONTINUOUS
10
1.6800072440944882
20
1.1104718503937008
11
1.6694801968503936
21
1.1020768110236221
0
LINE
8
BLACK
6
CONTINUOUS
10
1.6694801968503936
20
1.1020768110236221
11
1.6580794094488189
21
1.0949132283464567
0
LINE
8
BLACK
6
CONTINUOUS
10
1.6580794094488189
20
1.0949132283464567
11
1.6459482283464566
21
1.0890711811023621
0
LINE
8
BLACK
6
CONTINUOUS
10
1.6459482283464566
20
1.0890711811023621
11
1.6332392125984252
21
1.0846240944881889
0
LINE
8
BLACK
6
CONTINUOUS
10
1.6332392125984252
20
1.0846240944881889
11
1.6201122047244094
21
1.0816279527559054
0
LINE
8
BLACK
6
CONTINUOUS
10
1.6201122047244094
20
1.0816279527559054
11
1.606732283464567
21
1.0801203937007873
0
LINE
8
BLACK
6
CONTINUOUS
10
1.606732283464567
20
1.0801203937007873
11
1.593267716535433
21
1.0801203937007873
0
LINE
8
BLACK
6
CONTINUOUS
10
1.593267716535433
20
1.0801203937007873
11
1.5798877952755905
21
1.0816279527559054
0
LINE
8
BLACK
6
CONTINUOUS
10
1.5798877952755905
20
1.0816279527559054
11
1.5667607874015748
21
1.0846240944881889
0
LINE
8
BLACK
6
CONTINUOUS
10
1.5667607874015748
20
1.0846240944881889
11
1.5540517716535434
21
1.0890711811023621
0
LINE
8
BLACK
6
CONTINUOUS
10
1.5540517716535434
20
1.0890711811023621
11
1.541920590551181
21
1.0949132283464567
0
LINE
8
BLACK
6
CONTINUOUS
10
1.541920590551181
20
1.0949132283464567
11
1.5305198031496063
21
1.1020768110236221
0
LINE
8
BLACK
6
CONTINUOUS
10
1.5305198031496063
20
1.1020768110236221
11
1.5199927559055117
21
1.1104718503937008
0
LINE
8
BLACK
6
CONTINUOUS
10
1.5199927559055117
20
1.1104718503937008
11
1.5104718503937007
21
1.1199927559055118
0
LINE
8
BLACK
6
CONTINUOUS
10
1.5104718503937007
20
1.1199927559055118
11
1.502076811023622
21
1.1305198031496062
0
LINE
8
BLACK
6
CONTINUOUS
10
1.502076811023622
20
1.1305198031496062
11
1.4949132283464566
21
1.1419205905511811
0
LINE
8
BLACK
6
CONTINUOUS
10
1.4949132283464566
20
1.1419205905511811
11
1.4890711811023623
21
1.1540517716535432
0
LINE
8
BLACK
6
CONTINUOUS
10
1.4890711811023623
20
1.1540517716535432
11
1.484624094488189
21
1.1667607874015749
0
LINE
8
BLACK
6
CONTINUOUS
10
1.484624094488189
20
1.1667607874015749
11
1.4816279527559055
21
1.1798877952755906
0
LINE
8
BLACK
6
CONTINUOUS
10
1.4816279527559055
20
1.1798877952755906
11
1.4801203937007874
21
1.1932677165354331
0
LINE
8
BLACK
6
CONTINUOUS
10
1.4801203937007874
20
1.1932677165354331
11
1.4801203937007874
21
1.206521811023622
0
LINE
8
BLACK
6
CONTINUOUS
10
1.4801203937007874
20
1.206521811023622
11
1.4801203937007874
21
1.2067322834645668
0
LINE
8
BLACK
6
CONTINUOUS
10
1.4801203937007874
20
1.2067322834645668
11
1.4816279527559055
21
1.2201122047244095
0
LINE
8
BLACK
6
CONTINUOUS
10
1.4816279527559055
20
1.2201122047244095
11
1.484624094488189
21
1.2332392125984251
0
LINE
8
BLACK
6
CONTINUOUS
10
1.484624094488189
20
1.2332392125984251
11
1.4890711811023623
21
1.2459482283464567
0
LINE
8
BLACK
6
CONTINUOUS
10
1.4890711811023623
20
1.2459482283464567
11
1.4949132283464566
21
1.2580794094488188
0
LINE
8
BLACK
6
CONTINUOUS
10
1.4949132283464566
20
1.2580794094488188
11
1.502076811023622
21
1.2694801968503937
0
LINE
8
BLACK
6
CONTINUOUS
10
1.502076811023622
20
1.2694801968503937
11
1.5104718503937007
21
1.2800072440944881
0
LINE
8
BLACK
6
CONTINUOUS
10
1.5104718503937007
20
1.2800072440944881
11
1.5199927559055117
21
1.2895281496062991
0
LINE
8
BLACK
6
CONTINUOUS
10
1.5199927559055117
20
1.2895281496062991
11
1.5305198031496063
21
1.2979231889763778
0
LINE
8
BLACK
6
CONTINUOUS
10
1.5305198031496063
20
1.2979231889763778
11
1.541920590551181
21
1.3050867716535433
0
LINE
8
BLACK
6
CONTINUOUS
10
1.541920590551181
20
1.3050867716535433
11
1.5540517716535434
21
1.3109288188976378
0
LINE
8
BLACK
6
CONTINUOUS
10
1.5540517716535434
20
1.3109288188976378
11
1.5667607874015748
21
1.315375905511811
0
LINE
8
BLACK
6
CONTINUOUS
10
1.5667607874015748
20
1.315375905511811
11
1.5798877952755905
21
1.3183720472440945
0
LINE
8
BLACK
6
CONTINUOUS
10
1.5798877952755905
20
1.3183720472440945
11
1.593267716535433
21
1.3198796062992126
0
LINE
8
BLACK
6
CONTINUOUS
10
1.593267716535433
20
1.3198796062992126
11
1.606732283464567
21
1.3198796062992126
0
LINE
8
BLACK
6
CONTINUOUS
10
1.606732283464567
20
1.3198796062992126
11
1.6201122047244094
21
1.3183720472440945
0
LINE
8
BLACK
6
CONTINUOUS
10
1.4838685039370079
20
1.1934781889763779
11
1.4853288976377952
21
1.1805166141732284
0
LINE
8
BLACK
6
CONTINUOUS
10
1.4853288976377952
20
1.1805166141732284
11
1.4882313779527558
21
1.1677999999999999
0
LINE
8
BLACK
6
CONTINUOUS
10
1.4882313779527558
20
1.1677999999999999
11
1.4925394094488189
21
1.1554883858267717
0
LINE
8
BLACK
6
CONTINUOUS
10
1.4925394094488189
20
1.1554883858267717
11
1.4981988188976378
21
1.1437364960629921
0
LINE
8
BLACK
6
CONTINUOUS
10
1.4981988188976378
20
1.1437364960629921
11
1.505138464566929
21
1.132692125984252
0
LINE
8
BLACK
6
CONTINUOUS
10
1.505138464566929
20
1.132692125984252
11
1.5132710236220472
21
1.1224942519685039
0
LINE
8
BLACK
6
CONTINUOUS
10
1.5132710236220472
20
1.1224942519685039
11
1.5224942519685039
21
1.1132710236220473
0
LINE
8
BLACK
6
CONTINUOUS
10
1.5224942519685039
20
1.1132710236220473
11
1.5326921259842519
21
1.1051384645669291
0
LINE
8
BLACK
6
CONTINUOUS
10
1.5326921259842519
20
1.1051384645669291
11
1.543736496062992
21
1.0981988188976377
0
LINE
8
BLACK
6
CONTINUOUS
10
1.543736496062992
20
1.0981988188976377
11
1.5554883858267716
21
1.0925394094488188
0
LINE
8
BLACK
6
CONTINUOUS
10
1.5554883858267716
20
1.0925394094488188
11
1.5677999999999999
21
1.0882313779527559
0
LINE
8
BLACK
6
CONTINUOUS
10
1.5677999999999999
20
1.0882313779527559
11
1.5805166141732283
21
1.0853288976377953
0
LINE
8
BLACK
6
CONTINUOUS
10
1.5805166141732283
20
1.0853288976377953
11
1.5934781889763778
21
1.083868503937008
0
LINE
8
BLACK
6
CONTINUOUS
10
1.5934781889763778
20
1.083868503937008
11
1.6065218110236219
21
1.083868503937008
0
LINE
8
BLACK
6
CONTINUOUS
10
1.6065218110236219
20
1.083868503937008
11
1.6194833858267716
21
1.0853288976377953
0
LINE
8
BLACK
6
CONTINUOUS
10
1.6194833858267716
20
1.0853288976377953
11
1.6321999999999999
21
1.0882313779527559
0
LINE
8
BLACK
6
CONTINUOUS
10
1.6321999999999999
20
1.0882313779527559
11
1.6445116141732283
21
1.0925394094488188
0
LINE
8
BLACK
6
CONTINUOUS
10
1.6445116141732283
20
1.0925394094488188
11
1.6562635039370079
21
1.0981988188976377
0
LINE
8
BLACK
6
CONTINUOUS
10
1.6562635039370079
20
1.0981988188976377
11
1.6673078740157481
21
1.1051384645669291
0
LINE
8
BLACK
6
CONTINUOUS
10
1.6673078740157481
20
1.1051384645669291
11
1.6775057480314961
21
1.1132710236220473
0
LINE
8
BLACK
6
CONTINUOUS
10
1.6775057480314961
20
1.1132710236220473
11
1.6867289763779527
21
1.1224942519685039
0
LINE
8
BLACK
6
CONTINUOUS
10
1.6867289763779527
20
1.1224942519685039
11
1.6948615354330707
21
1.132692125984252
0
LINE
8
BLACK
6
CONTINUOUS
10
1.6948615354330707
20
1.132692125984252
11
1.7018011811023621
21
1.1437364960629921
0
LINE
8
BLACK
6
CONTINUOUS
10
1.7018011811023621
20
1.1437364960629921
11
1.707460590551181
21
1.1554883858267717
0
LINE
8
BLACK
6
CONTINUOUS
10
1.707460590551181
20
1.1554883858267717
11
1.7117686220472441
21
1.1677999999999999
0
LINE
8
BLACK
6
CONTINUOUS
10
1.7117686220472441
20
1.1677999999999999
11
1.7146711023622048
21
1.1805166141732284
0
LINE
8
BLACK
6
CONTINUOUS
10
1.7146711023622048
20
1.1805166141732284
11
1.7161314960629921
21
1.1934781889763779
0
LINE
8
BLACK
6
CONTINUOUS
10
1.7161314960629921
20
1.1934781889763779
11
1.7161314960629921
21
1.206521811023622
0
LINE
8
BLACK
6
CONTINUOUS
10
1.7161314960629921
20
1.206521811023622
11
1.7146711023622048
21
1.2194833858267715
0
LINE
8
BLACK
6
CONTINUOUS
10
1.7146711023622048
20
1.2194833858267715
11
1.7117686220472441
21
1.2322
0
LINE
8
BLACK
6
CONTINUOUS
10
1.7117686220472441
20
1.2322
11
1.707460590551181
21
1.2445116141732284
0
LINE
8
BLACK
6
CONTINUOUS
10
1.707460590551181
20
1.2445116141732284
11
1.7018011811023621
21
1.2562635039370078
0
LINE
8
BLACK
6
CONTINUOUS
10
1.7018011811023621
20
1.2562635039370078
11
1.6948615354330707
21
1.267307874015748
0
LINE
8
BLACK
6
CONTINUOUS
10
1.6948615354330707
20
1.267307874015748
11
1.6867289763779527
21
1.277505748031496
0
LINE
8
BLACK
6
CONTINUOUS
10
1.6867289763779527
20
1.277505748031496
11
1.6775057480314961
21
1.2867289763779528
0
LINE
8
BLACK
6
CONTINUOUS
10
1.6775057480314961
20
1.2867289763779528
11
1.6673078740157481
21
1.2948615354330708
0
LINE
8
BLACK
6
CONTINUOUS
10
1.6673078740157481
20
1.2948615354330708
11
1.6562635039370079
21
1.3018011811023622
0
LINE
8
BLACK
6
CONTINUOUS
10
1.6562635039370079
20
1.3018011811023622
11
1.6445116141732283
21
1.3074605905511811
0
LINE
8
BLACK
6
CONTINUOUS
10
1.6445116141732283
20
1.3074605905511811
11
1.6321999999999999
21
1.311768622047244
0
LINE
8
BLACK
6
CONTINUOUS
10
1.6321999999999999
20
1.311768622047244
11
1.6194833858267716
21
1.3146711023622046
0
LINE
8
BLACK
6
CONTINUOUS
10
1.6194833858267716
20
1.3146711023622046
11
1.6065218110236219
21
1.3161314960629922
0
LINE
8
BLACK
6
CONTINUOUS
10
1.6065218110236219
20
1.3161314960629922
11
1.5934781889763778
21
1.3161314960629922
0
LINE
8
BLACK
6
CONTINUOUS
10
1.5934781889763778
20
1.3161314960629922
11
1.5805166141732283
21
1.3146711023622046
0
LINE
8
BLACK
6
CONTINUOUS
10
1.5805166141732283
20
1.3146711023622046
11
1.5677999999999999
21
1.311768622047244
0
LINE
8
BLACK
6
CONTINUOUS
10
1.5677999999999999
20
1.311768622047244
11
1.5554883858267716
21
1.3074605905511811
0
LINE
8
BLACK
6
CONTINUOUS
10
1.5554883858267716
20
1.3074605905511811
11
1.543736496062992
21
1.3018011811023622
0
LINE
8
BLACK
6
CONTINUOUS
10
1.543736496062992
20
1.3018011811023622
11
1.5326921259842519
21
1.2948615354330708
0
LINE
8
BLACK
6
CONTINUOUS
10
1.5326921259842519
20
1.2948615354330708
11
1.5224942519685039
21
1.2867289763779528
0
LINE
8
BLACK
6
CONTINUOUS
10
1.5224942519685039
20
1.2867289763779528
11
1.5132710236220472
21
1.277505748031496
0
LINE
8
BLACK
6
CONTINUOUS
10
1.5132710236220472
20
1.277505748031496
11
1.505138464566929
21
1.267307874015748
0
LINE
8
BLACK
6
CONTINUOUS
10
1.505138464566929
20
1.267307874015748
11
1.4981988188976378
21
1.2562635039370078
0
LINE
8
BLACK
6
CONTINUOUS
10
1.4981988188976378
20
1.2562635039370078
11
1.4925394094488189
21
1.2445116141732284
0
LINE
8
BLACK
6
CONTINUOUS
10
1.4925394094488189
20
1.2445116141732284
11
1.4882313779527558
21
1.2322
0
LINE
8
BLACK
6
CONTINUOUS
10
1.4882313779527558
20
1.2322
11
1.4853288976377952
21
1.2194833858267715
0
LINE
8
BLACK
6
CONTINUOUS
10
1.4853288976377952
20
1.2194833858267715
11
1.4838685039370079
21
1.206521811023622
0
LINE
8
BLACK
6
CONTINUOUS
10
1.4838685039370079
20
1.206521811023622
11
1.4838685039370079
21
1.1934781889763779
0
CIRCLE
8
BLACK
10
0.9129921259842519
20
1.1933070866141733
40
0.0068897637795276
0
CIRCLE
8
BLACK
10
0.9129921259842519
20
1.2933070866141732
40
0.0068897637795276
0
CIRCLE
8
BLACK
10
1.012992125984252
20
1.1933070866141733
40
0.0068897637795276
0
CIRCLE
8
BLACK
10
1.012992125984252
20
1.2933070866141732
40
0.0068897637795276
0
CIRCLE
8
BLACK
10
1.1129921259842519
20
1.1933070866141733
40
0.0068897637795276
0
CIRCLE
8
BLACK
10
1.1129921259842519
20
1.2933070866141732
40
0.0068897637795276
0
CIRCLE
8
BLACK
10
1.212992125984252
20
1.1933070866141733
40
0.0068897637795276
0
CIRCLE
8
BLACK
10
1.212992125984252
20
1.2933070866141732
40
0.0068897637795276
0
CIRCLE
8
BLACK
10
1.6031496062992125
20
0.8200787401574803
40
0.0068897637795276
0
CIRCLE
8
BLACK
10
1.7031496062992126
20
0.9200787401574803
40
0.0068897637795276
0
CIRCLE
8
BLACK
10
1.5031496062992125
20
0.9200787401574803
40
0.0068897637795276
0
CIRCLE
8
BLACK
10
1.7031496062992126
20
0.7200787401574803
40
0.0068897637795276
0
CIRCLE
8
BLACK
10
1.5031496062992125
20
0.7200787401574803
40
0.0068897637795276
0
CIRCLE
8
BLACK
10
0.4
20
0.4
40
0.0068897637795276
0
CIRCLE
8
BLACK
10
1.5999999999999999
20
1.2
40
0.0068897637795276
0
CIRCLE
8
BLACK
10
1.5999999999999999
20
0.4
40
0.0068897637795276
0
CIRCLE
8
BLACK
10
0.4
20
1.2
40
0.0068897637795276
0
CIRCLE
8
BLACK
10
0.3043307086614173
20
0.9070866141732283
40
0.0068897637795276
0
CIRCLE
8
BLACK
10
0.4043307086614173
20
0.9070866141732283
40
0.0068897637795276
0
CIRCLE
8
BLACK
10
0.3043307086614173
20
0.8070866141732284
40
0.0068897637795276
0
CIRCLE
8
BLACK
10
0.4043307086614173
20
0.8070866141732284
40
0.0068897637795276
0
CIRCLE
8
BLACK
10
0.3043307086614173
20
0.7070866141732284
40
0.0068897637795276
0
CIRCLE
8
BLACK
10
0.4043307086614173
20
0.7070866141732284
40
0.0068897637795276
0
CIRCLE
8
BLACK
10
0.9129921259842519
20
0.2989173228346457
40
0.0068897637795276
0
CIRCLE
8
BLACK
10
0.9129921259842519
20
0.3989173228346456
40
0.0068897637795276
0
CIRCLE
8
BLACK
10
1.012992125984252
20
0.2989173228346457
40
0.0068897637795276
0
CIRCLE
8
BLACK
10
1.012992125984252
20
0.3989173228346456
40
0.0068897637795276
0
CIRCLE
8
BLACK
10
1.1129921259842519
20
0.2989173228346457
40
0.0068897637795276
0
CIRCLE
8
BLACK
10
1.1129921259842519
20
0.3989173228346456
40
0.0068897637795276
0
CIRCLE
8
BLACK
10
1.212992125984252
20
0.2989173228346457
40
0.0068897637795276
0
CIRCLE
8
BLACK
10
1.212992125984252
20
0.3989173228346456
40
0.0068897637795276
0
CIRCLE
8
BLACK
10
0.9129921259842519
20
1.1933070866141733
40
0.0068897637795276
0
CIRCLE
8
BLACK
10
0.9129921259842519
20
1.2933070866141732
40
0.0068897637795276
0
CIRCLE
8
BLACK
10
1.012992125984252
20
1.1933070866141733
40
0.0068897637795276
0
CIRCLE
8
BLACK
10
1.012992125984252
20
1.2933070866141732
40
0.0068897637795276
0
CIRCLE
8
BLACK
10
1.1129921259842519
20
1.1933070866141733
40
0.0068897637795276
0
CIRCLE
8
BLACK
10
1.1129921259842519
20
1.2933070866141732
40
0.0068897637795276
0
CIRCLE
8
BLACK
10
1.212992125984252
20
1.1933070866141733
40
0.0068897637795276
0
CIRCLE
8
BLACK
10
1.212992125984252
20
1.2933070866141732
40
0.0068897637795276
0
CIRCLE
8
BLACK
10
1.6031496062992125
20
0.8200787401574803
40
0.0068897637795276
0
CIRCLE
8
BLACK
10
1.7031496062992126
20
0.9200787401574803
40
0.0068897637795276
0
CIRCLE
8
BLACK
10
1.5031496062992125
20
0.9200787401574803
40
0.0068897637795276
0
CIRCLE
8
BLACK
10
1.7031496062992126
20
0.7200787401574803
40
0.0068897637795276
0
CIRCLE
8
BLACK
10
1.5031496062992125
20
0.7200787401574803
40
0.0068897637795276
0
CIRCLE
8
BLACK
10
0.4
20
0.4
40
0.0068897637795276
0
CIRCLE
8
BLACK
10
1.5999999999999999
20
1.2
40
0.0068897637795276
0
CIRCLE
8
BLACK
10
1.5999999999999999
20
0.4
40
0.0068897637795276
0
CIRCLE
8
BLACK
10
0.4
20
1.2
40
0.0068897637795276
0
CIRCLE
8
BLACK
10
0.3043307086614173
20
0.9070866141732283
40
0.0068897637795276
0
CIRCLE
8
BLACK
10
0.4043307086614173
20
0.9070866141732283
40
0.0068897637795276
0
CIRCLE
8
BLACK
10
0.3043307086614173
20
0.8070866141732284
40
0.0068897637795276
0
CIRCLE
8
BLACK
10
0.4043307086614173
20
0.8070866141732284
40
0.0068897637795276
0
CIRCLE
8
BLACK
10
0.3043307086614173
20
0.7070866141732284
40
0.0068897637795276
0
CIRCLE
8
BLACK
10
0.4043307086614173
20
0.7070866141732284
40
0.0068897637795276
0
CIRCLE
8
BLACK
10
0.9129921259842519
20
0.2989173228346457
40
0.0068897637795276
0
CIRCLE
8
BLACK
10
0.9129921259842519
20
0.3989173228346456
40
0.0068897637795276
0
CIRCLE
8
BLACK
10
1.012992125984252
20
0.2989173228346457
40
0.0068897637795276
0
CIRCLE
8
BLACK
10
1.012992125984252
20
0.3989173228346456
40
0.0068897637795276
0
CIRCLE
8
BLACK
10
1.1129921259842519
20
0.2989173228346457
40
0.0068897637795276
0
CIRCLE
8
BLACK
10
1.1129921259842519
20
0.3989173228346456
40
0.0068897637795276
0
CIRCLE
8
BLACK
10
1.212992125984252
20
0.2989173228346457
40
0.0068897637795276
0
CIRCLE
8
BLACK
10
1.212992125984252
20
0.3989173228346456
40
0.0068897637795276
  0
ENDSEC
  0
EOF
