  0
SECTION
  2
HEADER
  9
$ANGBASE
  50
0.0
  9
$ANGDIR
  70
1
  9
$MEASUREMENT
  70
0
  0
ENDSEC
  0
SECTION
  2
TABLES
  0
TABLE
  2
LTYPE
  70
4
  0
LTYPE
  5
40F
  2
CONTINUOUS
  70
0
  3
Solid line
  72
65
  73
0
  40
0.0
  0
LTYPE
  5
410
  2
DASHDOT
 70
0
  3
Dash Dot ____ _ ____ _
 72
65
 73
4
 40
2.0
 49
1.25
 49
-0.25
 49
0.25
 49
-0.25
  0
LTYPE
  5
411
  2
DASHED
 70
0
  3
Dashed __ __ __ __ __
 72
65
 73
2
 40
0.75
 49
0.5
 49
-0.25
  0
LTYPE
  5
43B
  2
DOTTED
 70
0
  3
Dotted .  .  .  .
 72
65
 73
2
 40
0.2
 49
0.0
 49
-0.2
  0
ENDTAB
  0
TABLE
  2
STYLE
  70
4
  0
STYLE
  2
KICAD
  70
0
  40
0
  41
1
  42
1
  50
0
  71
0
  3
isocp.shx
  0
STYLE
  2
KICADB
  70
0
  40
0
  41
1
  42
1
  50
0
  71
0
  3
isocp.shx
  0
STYLE
  2
KICADI
  70
0
  40
0
  41
1
  42
1
  50
15
  71
0
  3
isocp.shx
  0
STYLE
  2
KICADBI
  70
0
  40
0
  41
1
  42
1
  50
15
  71
0
  3
isocp.shx
  0
ENDTAB
  0
TABLE
  2
LAYER
  70
1
  0
LAYER
  2
BLACK
  70
0
  62
7
  6
CONTINUOUS
  0
ENDTAB
  0
ENDSEC
  0
SECTION
  2
ENTITIES
0
LINE
8
BLACK
6
CONTINUOUS
10
0.9670078740157481
20
0.2689173228346456
11
0.907007874015748
21
0.2689173228346456
0
LINE
8
BLACK
6
CONTINUOUS
10
0.907007874015748
20
0.2689173228346456
11
0.907007874015748
21
0.3289173228346456
0
LINE
8
BLACK
6
CONTINUOUS
10
0.907007874015748
20
0.3289173228346456
11
0.9670078740157481
21
0.3289173228346456
0
LINE
8
BLACK
6
CONTINUOUS
10
0.9670078740157481
20
0.3289173228346456
11
0.9670078740157481
21
0.2689173228346456
0
LINE
8
BLACK
6
CONTINUOUS
10
1.067007874015748
20
0.2689173228346456
11
1.007007874015748
21
0.2689173228346456
0
LINE
8
BLACK
6
CONTINUOUS
10
1.007007874015748
20
0.2689173228346456
11
1.007007874015748
21
0.3289173228346456
0
LINE
8
BLACK
6
CONTINUOUS
10
1.007007874015748
20
0.3289173228346456
11
1.067007874015748
21
0.3289173228346456
0
LINE
8
BLACK
6
CONTINUOUS
10
1.067007874015748
20
0.3289173228346456
11
1.067007874015748
21
0.2689173228346456
0
LINE
8
BLACK
6
CONTINUOUS
10
1.1670078740157479
20
0.2689173228346456
11
1.1070078740157481
21
0.2689173228346456
0
LINE
8
BLACK
6
CONTINUOUS
10
1.1070078740157481
20
0.2689173228346456
11
1.1070078740157481
21
0.3289173228346456
0
LINE
8
BLACK
6
CONTINUOUS
10
1.1070078740157481
20
0.3289173228346456
11
1.1670078740157479
21
0.3289173228346456
0
LINE
8
BLACK
6
CONTINUOUS
10
1.1670078740157479
20
0.3289173228346456
11
1.1670078740157479
21
0.2689173228346456
0
LINE
8
BLACK
6
CONTINUOUS
10
1.267007874015748
20
0.2689173228346456
11
1.2070078740157479
21
0.2689173228346456
0
LINE
8
BLACK
6
CONTINUOUS
10
1.2070078740157479
20
0.2689173228346456
11
1.2070078740157479
21
0.3289173228346456
0
LINE
8
BLACK
6
CONTINUOUS
10
1.2070078740157479
20
0.3289173228346456
11
1.267007874015748
21
0.3289173228346456
0
LINE
8
BLACK
6
CONTINUOUS
10
1.267007874015748
20
0.3289173228346456
11
1.267007874015748
21
0.2689173228346456
0
LINE
8
BLACK
6
CONTINUOUS
10
1.3670078740157481
20
0.2689173228346456
11
1.307007874015748
21
0.2689173228346456
0
LINE
8
BLACK
6
CONTINUOUS
10
1.307007874015748
20
0.2689173228346456
11
1.307007874015748
21
0.3289173228346456
0
LINE
8
BLACK
6
CONTINUOUS
10
1.307007874015748
20
0.3289173228346456
11
1.3670078740157481
21
0.3289173228346456
0
LINE
8
BLACK
6
CONTINUOUS
10
1.3670078740157481
20
0.3289173228346456
11
1.3670078740157481
21
0.2689173228346456
0
LINE
8
BLACK
6
CONTINUOUS
10
0.6511129133858268
20
0.3294247244094488
11
0.6523901968503937
21
0.3285712992125984
0
LINE
8
BLACK
6
CONTINUOUS
10
0.6523901968503937
20
0.3285712992125984
11
0.6532436220472441
21
0.3272940157480315
0
LINE
8
BLACK
6
CONTINUOUS
10
0.6532436220472441
20
0.3272940157480315
11
0.6535433070866141
21
0.3257874015748031
0
LINE
8
BLACK
6
CONTINUOUS
10
0.6535433070866141
20
0.3257874015748031
11
0.6535433070866141
21
0.2755905511811024
0
LINE
8
BLACK
6
CONTINUOUS
10
0.6535433070866141
20
0.2755905511811024
11
0.6532436220472441
21
0.274083937007874
0
LINE
8
BLACK
6
CONTINUOUS
10
0.6532436220472441
20
0.274083937007874
11
0.6523901968503937
21
0.2728066535433071
0
LINE
8
BLACK
6
CONTINUOUS
10
0.6523901968503937
20
0.2728066535433071
11
0.6511129133858268
21
0.2719532283464567
0
LINE
8
BLACK
6
CONTINUOUS
10
0.6511129133858268
20
0.2719532283464567
11
0.6496062992125984
21
0.2716535433070866
0
LINE
8
BLACK
6
CONTINUOUS
10
0.6496062992125984
20
0.2716535433070866
11
0.6417322834645669
21
0.2716535433070866
0
LINE
8
BLACK
6
CONTINUOUS
10
0.6417322834645669
20
0.2716535433070866
11
0.6402256692913386
21
0.2719532283464567
0
LINE
8
BLACK
6
CONTINUOUS
10
0.6402256692913386
20
0.2719532283464567
11
0.6389483858267716
21
0.2728066535433071
0
LINE
8
BLACK
6
CONTINUOUS
10
0.6389483858267716
20
0.2728066535433071
11
0.6380949606299212
21
0.274083937007874
0
LINE
8
BLACK
6
CONTINUOUS
10
0.6380949606299212
20
0.274083937007874
11
0.6377952755905512
21
0.2755905511811024
0
LINE
8
BLACK
6
CONTINUOUS
10
0.6377952755905512
20
0.2755905511811024
11
0.6377952755905512
21
0.3257874015748031
0
LINE
8
BLACK
6
CONTINUOUS
10
0.6377952755905512
20
0.3257874015748031
11
0.6380949606299212
21
0.3272940157480315
0
LINE
8
BLACK
6
CONTINUOUS
10
0.6380949606299212
20
0.3272940157480315
11
0.6389483858267716
21
0.3285712992125984
0
LINE
8
BLACK
6
CONTINUOUS
10
0.6389483858267716
20
0.3285712992125984
11
0.6402256692913386
21
0.3294247244094488
0
LINE
8
BLACK
6
CONTINUOUS
10
0.6402256692913386
20
0.3294247244094488
11
0.6417322834645669
21
0.3297244094488189
0
LINE
8
BLACK
6
CONTINUOUS
10
0.6417322834645669
20
0.3297244094488189
11
0.6496062992125984
21
0.3297244094488189
0
LINE
8
BLACK
6
CONTINUOUS
10
0.6496062992125984
20
0.3297244094488189
11
0.6511129133858268
21
0.3294247244094488
0
LINE
8
BLACK
6
CONTINUOUS
10
0.6767034645669291
20
0.3294247244094488
11
0.677980748031496
21
0.3285712992125984
0
LINE
8
BLACK
6
CONTINUOUS
10
0.677980748031496
20
0.3285712992125984
11
0.6788341732283465
21
0.3272940157480315
0
LINE
8
BLACK
6
CONTINUOUS
10
0.6788341732283465
20
0.3272940157480315
11
0.6791338582677166
21
0.3257874015748031
0
LINE
8
BLACK
6
CONTINUOUS
10
0.6791338582677166
20
0.3257874015748031
11
0.6791338582677166
21
0.2755905511811024
0
LINE
8
BLACK
6
CONTINUOUS
10
0.6791338582677166
20
0.2755905511811024
11
0.6788341732283465
21
0.274083937007874
0
LINE
8
BLACK
6
CONTINUOUS
10
0.6788341732283465
20
0.274083937007874
11
0.677980748031496
21
0.2728066535433071
0
LINE
8
BLACK
6
CONTINUOUS
10
0.677980748031496
20
0.2728066535433071
11
0.6767034645669291
21
0.2719532283464567
0
LINE
8
BLACK
6
CONTINUOUS
10
0.6767034645669291
20
0.2719532283464567
11
0.6751968503937008
21
0.2716535433070866
0
LINE
8
BLACK
6
CONTINUOUS
10
0.6751968503937008
20
0.2716535433070866
11
0.6673228346456693
21
0.2716535433070866
0
LINE
8
BLACK
6
CONTINUOUS
10
0.6673228346456693
20
0.2716535433070866
11
0.6658162204724409
21
0.2719532283464567
0
LINE
8
BLACK
6
CONTINUOUS
10
0.6658162204724409
20
0.2719532283464567
11
0.664538937007874
21
0.2728066535433071
0
LINE
8
BLACK
6
CONTINUOUS
10
0.664538937007874
20
0.2728066535433071
11
0.6636855118110236
21
0.274083937007874
0
LINE
8
BLACK
6
CONTINUOUS
10
0.6636855118110236
20
0.274083937007874
11
0.6633858267716535
21
0.2755905511811024
0
LINE
8
BLACK
6
CONTINUOUS
10
0.6633858267716535
20
0.2755905511811024
11
0.6633858267716535
21
0.3257874015748031
0
LINE
8
BLACK
6
CONTINUOUS
10
0.6633858267716535
20
0.3257874015748031
11
0.6636855118110236
21
0.3272940157480315
0
LINE
8
BLACK
6
CONTINUOUS
10
0.6636855118110236
20
0.3272940157480315
11
0.664538937007874
21
0.3285712992125984
0
LINE
8
BLACK
6
CONTINUOUS
10
0.664538937007874
20
0.3285712992125984
11
0.6658162204724409
21
0.3294247244094488
0
LINE
8
BLACK
6
CONTINUOUS
10
0.6658162204724409
20
0.3294247244094488
11
0.6673228346456693
21
0.3297244094488189
0
LINE
8
BLACK
6
CONTINUOUS
10
0.6673228346456693
20
0.3297244094488189
11
0.6751968503937008
21
0.3297244094488189
0
LINE
8
BLACK
6
CONTINUOUS
10
0.6751968503937008
20
0.3297244094488189
11
0.6767034645669291
21
0.3294247244094488
0
LINE
8
BLACK
6
CONTINUOUS
10
0.7022940157480315
20
0.3294247244094488
11
0.7035712992125984
21
0.3285712992125984
0
LINE
8
BLACK
6
CONTINUOUS
10
0.7035712992125984
20
0.3285712992125984
11
0.7044247244094488
21
0.3272940157480315
0
LINE
8
BLACK
6
CONTINUOUS
10
0.7044247244094488
20
0.3272940157480315
11
0.7047244094488189
21
0.3257874015748031
0
LINE
8
BLACK
6
CONTINUOUS
10
0.7047244094488189
20
0.3257874015748031
11
0.7047244094488189
21
0.2755905511811024
0
LINE
8
BLACK
6
CONTINUOUS
10
0.7047244094488189
20
0.2755905511811024
11
0.7044247244094488
21
0.274083937007874
0
LINE
8
BLACK
6
CONTINUOUS
10
0.7044247244094488
20
0.274083937007874
11
0.7035712992125984
21
0.2728066535433071
0
LINE
8
BLACK
6
CONTINUOUS
10
0.7035712992125984
20
0.2728066535433071
11
0.7022940157480315
21
0.2719532283464567
0
LINE
8
BLACK
6
CONTINUOUS
10
0.7022940157480315
20
0.2719532283464567
11
0.7007874015748031
21
0.2716535433070866
0
LINE
8
BLACK
6
CONTINUOUS
10
0.7007874015748031
20
0.2716535433070866
11
0.6929133858267716
21
0.2716535433070866
0
LINE
8
BLACK
6
CONTINUOUS
10
0.6929133858267716
20
0.2716535433070866
11
0.6914067716535433
21
0.2719532283464567
0
LINE
8
BLACK
6
CONTINUOUS
10
0.6914067716535433
20
0.2719532283464567
11
0.6901294881889763
21
0.2728066535433071
0
LINE
8
BLACK
6
CONTINUOUS
10
0.6901294881889763
20
0.2728066535433071
11
0.689276062992126
21
0.274083937007874
0
LINE
8
BLACK
6
CONTINUOUS
10
0.689276062992126
20
0.274083937007874
11
0.6889763779527559
21
0.2755905511811024
0
LINE
8
BLACK
6
CONTINUOUS
10
0.6889763779527559
20
0.2755905511811024
11
0.6889763779527559
21
0.3257874015748031
0
LINE
8
BLACK
6
CONTINUOUS
10
0.6889763779527559
20
0.3257874015748031
11
0.689276062992126
21
0.3272940157480315
0
LINE
8
BLACK
6
CONTINUOUS
10
0.689276062992126
20
0.3272940157480315
11
0.6901294881889763
21
0.3285712992125984
0
LINE
8
BLACK
6
CONTINUOUS
10
0.6901294881889763
20
0.3285712992125984
11
0.6914067716535433
21
0.3294247244094488
0
LINE
8
BLACK
6
CONTINUOUS
10
0.6914067716535433
20
0.3294247244094488
11
0.6929133858267716
21
0.3297244094488189
0
LINE
8
BLACK
6
CONTINUOUS
10
0.6929133858267716
20
0.3297244094488189
11
0.7007874015748031
21
0.3297244094488189
0
LINE
8
BLACK
6
CONTINUOUS
10
0.7007874015748031
20
0.3297244094488189
11
0.7022940157480315
21
0.3294247244094488
0
LINE
8
BLACK
6
CONTINUOUS
10
0.7278845669291338
20
0.3294247244094488
11
0.7291618503937007
21
0.3285712992125984
0
LINE
8
BLACK
6
CONTINUOUS
10
0.7291618503937007
20
0.3285712992125984
11
0.7300152755905511
21
0.3272940157480315
0
LINE
8
BLACK
6
CONTINUOUS
10
0.7300152755905511
20
0.3272940157480315
11
0.7303149606299213
21
0.3257874015748031
0
LINE
8
BLACK
6
CONTINUOUS
10
0.7303149606299213
20
0.3257874015748031
11
0.7303149606299213
21
0.2755905511811024
0
LINE
8
BLACK
6
CONTINUOUS
10
0.7303149606299213
20
0.2755905511811024
11
0.7300152755905511
21
0.274083937007874
0
LINE
8
BLACK
6
CONTINUOUS
10
0.7300152755905511
20
0.274083937007874
11
0.7291618503937007
21
0.2728066535433071
0
LINE
8
BLACK
6
CONTINUOUS
10
0.7291618503937007
20
0.2728066535433071
11
0.7278845669291338
21
0.2719532283464567
0
LINE
8
BLACK
6
CONTINUOUS
10
0.7278845669291338
20
0.2719532283464567
11
0.7263779527559054
21
0.2716535433070866
0
LINE
8
BLACK
6
CONTINUOUS
10
0.7263779527559054
20
0.2716535433070866
11
0.718503937007874
21
0.2716535433070866
0
LINE
8
BLACK
6
CONTINUOUS
10
0.718503937007874
20
0.2716535433070866
11
0.7169973228346457
21
0.2719532283464567
0
LINE
8
BLACK
6
CONTINUOUS
10
0.7169973228346457
20
0.2719532283464567
11
0.7157200393700788
21
0.2728066535433071
0
LINE
8
BLACK
6
CONTINUOUS
10
0.7157200393700788
20
0.2728066535433071
11
0.7148666141732283
21
0.274083937007874
0
LINE
8
BLACK
6
CONTINUOUS
10
0.7148666141732283
20
0.274083937007874
11
0.7145669291338582
21
0.2755905511811024
0
LINE
8
BLACK
6
CONTINUOUS
10
0.7145669291338582
20
0.2755905511811024
11
0.7145669291338582
21
0.3257874015748031
0
LINE
8
BLACK
6
CONTINUOUS
10
0.7145669291338582
20
0.3257874015748031
11
0.7148666141732283
21
0.3272940157480315
0
LINE
8
BLACK
6
CONTINUOUS
10
0.7148666141732283
20
0.3272940157480315
11
0.7157200393700788
21
0.3285712992125984
0
LINE
8
BLACK
6
CONTINUOUS
10
0.7157200393700788
20
0.3285712992125984
11
0.7169973228346457
21
0.3294247244094488
0
LINE
8
BLACK
6
CONTINUOUS
10
0.7169973228346457
20
0.3294247244094488
11
0.718503937007874
21
0.3297244094488189
0
LINE
8
BLACK
6
CONTINUOUS
10
0.718503937007874
20
0.3297244094488189
11
0.7263779527559054
21
0.3297244094488189
0
LINE
8
BLACK
6
CONTINUOUS
10
0.7263779527559054
20
0.3297244094488189
11
0.7278845669291338
21
0.3294247244094488
0
LINE
8
BLACK
6
CONTINUOUS
10
0.7534751181102362
20
0.3294247244094488
11
0.7547524015748032
21
0.3285712992125984
0
LINE
8
BLACK
6
CONTINUOUS
10
0.7547524015748032
20
0.3285712992125984
11
0.7556058267716536
21
0.3272940157480315
0
LINE
8
BLACK
6
CONTINUOUS
10
0.7556058267716536
20
0.3272940157480315
11
0.7559055118110236
21
0.3257874015748031
0
LINE
8
BLACK
6
CONTINUOUS
10
0.7559055118110236
20
0.3257874015748031
11
0.7559055118110236
21
0.2755905511811024
0
LINE
8
BLACK
6
CONTINUOUS
10
0.7559055118110236
20
0.2755905511811024
11
0.7556058267716536
21
0.274083937007874
0
LINE
8
BLACK
6
CONTINUOUS
10
0.7556058267716536
20
0.274083937007874
11
0.7547524015748032
21
0.2728066535433071
0
LINE
8
BLACK
6
CONTINUOUS
10
0.7547524015748032
20
0.2728066535433071
11
0.7534751181102362
21
0.2719532283464567
0
LINE
8
BLACK
6
CONTINUOUS
10
0.7534751181102362
20
0.2719532283464567
11
0.7519685039370079
21
0.2716535433070866
0
LINE
8
BLACK
6
CONTINUOUS
10
0.7519685039370079
20
0.2716535433070866
11
0.7440944881889764
21
0.2716535433070866
0
LINE
8
BLACK
6
CONTINUOUS
10
0.7440944881889764
20
0.2716535433070866
11
0.742587874015748
21
0.2719532283464567
0
LINE
8
BLACK
6
CONTINUOUS
10
0.742587874015748
20
0.2719532283464567
11
0.7413105905511811
21
0.2728066535433071
0
LINE
8
BLACK
6
CONTINUOUS
10
0.7413105905511811
20
0.2728066535433071
11
0.7404571653543307
21
0.274083937007874
0
LINE
8
BLACK
6
CONTINUOUS
10
0.7404571653543307
20
0.274083937007874
11
0.7401574803149606
21
0.2755905511811024
0
LINE
8
BLACK
6
CONTINUOUS
10
0.7401574803149606
20
0.2755905511811024
11
0.7401574803149606
21
0.3257874015748031
0
LINE
8
BLACK
6
CONTINUOUS
10
0.7401574803149606
20
0.3257874015748031
11
0.7404571653543307
21
0.3272940157480315
0
LINE
8
BLACK
6
CONTINUOUS
10
0.7404571653543307
20
0.3272940157480315
11
0.7413105905511811
21
0.3285712992125984
0
LINE
8
BLACK
6
CONTINUOUS
10
0.7413105905511811
20
0.3285712992125984
11
0.742587874015748
21
0.3294247244094488
0
LINE
8
BLACK
6
CONTINUOUS
10
0.742587874015748
20
0.3294247244094488
11
0.7440944881889764
21
0.3297244094488189
0
LINE
8
BLACK
6
CONTINUOUS
10
0.7440944881889764
20
0.3297244094488189
11
0.7519685039370079
21
0.3297244094488189
0
LINE
8
BLACK
6
CONTINUOUS
10
0.7519685039370079
20
0.3297244094488189
11
0.7534751181102362
21
0.3294247244094488
0
LINE
8
BLACK
6
CONTINUOUS
10
0.7790656692913386
20
0.3294247244094488
11
0.7803429527559055
21
0.3285712992125984
0
LINE
8
BLACK
6
CONTINUOUS
10
0.7803429527559055
20
0.3285712992125984
11
0.7811963779527559
21
0.3272940157480315
0
LINE
8
BLACK
6
CONTINUOUS
10
0.7811963779527559
20
0.3272940157480315
11
0.7814960629921259
21
0.3257874015748031
0
LINE
8
BLACK
6
CONTINUOUS
10
0.7814960629921259
20
0.3257874015748031
11
0.7814960629921259
21
0.2755905511811024
0
LINE
8
BLACK
6
CONTINUOUS
10
0.7814960629921259
20
0.2755905511811024
11
0.7811963779527559
21
0.274083937007874
0
LINE
8
BLACK
6
CONTINUOUS
10
0.7811963779527559
20
0.274083937007874
11
0.7803429527559055
21
0.2728066535433071
0
LINE
8
BLACK
6
CONTINUOUS
10
0.7803429527559055
20
0.2728066535433071
11
0.7790656692913386
21
0.2719532283464567
0
LINE
8
BLACK
6
CONTINUOUS
10
0.7790656692913386
20
0.2719532283464567
11
0.7775590551181102
21
0.2716535433070866
0
LINE
8
BLACK
6
CONTINUOUS
10
0.7775590551181102
20
0.2716535433070866
11
0.7696850393700787
21
0.2716535433070866
0
LINE
8
BLACK
6
CONTINUOUS
10
0.7696850393700787
20
0.2716535433070866
11
0.7681784251968504
21
0.2719532283464567
0
LINE
8
BLACK
6
CONTINUOUS
10
0.7681784251968504
20
0.2719532283464567
11
0.7669011417322834
21
0.2728066535433071
0
LINE
8
BLACK
6
CONTINUOUS
10
0.7669011417322834
20
0.2728066535433071
11
0.766047716535433
21
0.274083937007874
0
LINE
8
BLACK
6
CONTINUOUS
10
0.766047716535433
20
0.274083937007874
11
0.765748031496063
21
0.2755905511811024
0
LINE
8
BLACK
6
CONTINUOUS
10
0.765748031496063
20
0.2755905511811024
11
0.765748031496063
21
0.3257874015748031
0
LINE
8
BLACK
6
CONTINUOUS
10
0.765748031496063
20
0.3257874015748031
11
0.766047716535433
21
0.3272940157480315
0
LINE
8
BLACK
6
CONTINUOUS
10
0.766047716535433
20
0.3272940157480315
11
0.7669011417322834
21
0.3285712992125984
0
LINE
8
BLACK
6
CONTINUOUS
10
0.7669011417322834
20
0.3285712992125984
11
0.7681784251968504
21
0.3294247244094488
0
LINE
8
BLACK
6
CONTINUOUS
10
0.7681784251968504
20
0.3294247244094488
11
0.7696850393700787
21
0.3297244094488189
0
LINE
8
BLACK
6
CONTINUOUS
10
0.7696850393700787
20
0.3297244094488189
11
0.7775590551181102
21
0.3297244094488189
0
LINE
8
BLACK
6
CONTINUOUS
10
0.7775590551181102
20
0.3297244094488189
11
0.7790656692913386
21
0.3294247244094488
0
LINE
8
BLACK
6
CONTINUOUS
10
0.8046562204724409
20
0.3294247244094488
11
0.8059335039370078
21
0.3285712992125984
0
LINE
8
BLACK
6
CONTINUOUS
10
0.8059335039370078
20
0.3285712992125984
11
0.8067869291338583
21
0.3272940157480315
0
LINE
8
BLACK
6
CONTINUOUS
10
0.8067869291338583
20
0.3272940157480315
11
0.8070866141732284
21
0.3257874015748031
0
LINE
8
BLACK
6
CONTINUOUS
10
0.8070866141732284
20
0.3257874015748031
11
0.8070866141732284
21
0.2755905511811024
0
LINE
8
BLACK
6
CONTINUOUS
10
0.8070866141732284
20
0.2755905511811024
11
0.8067869291338583
21
0.274083937007874
0
LINE
8
BLACK
6
CONTINUOUS
10
0.8067869291338583
20
0.274083937007874
11
0.8059335039370078
21
0.2728066535433071
0
LINE
8
BLACK
6
CONTINUOUS
10
0.8059335039370078
20
0.2728066535433071
11
0.8046562204724409
21
0.2719532283464567
0
LINE
8
BLACK
6
CONTINUOUS
10
0.8046562204724409
20
0.2719532283464567
11
0.8031496062992126
21
0.2716535433070866
0
LINE
8
BLACK
6
CONTINUOUS
10
0.8031496062992126
20
0.2716535433070866
11
0.7952755905511811
21
0.2716535433070866
0
LINE
8
BLACK
6
CONTINUOUS
10
0.7952755905511811
20
0.2716535433070866
11
0.7937689763779527
21
0.2719532283464567
0
LINE
8
BLACK
6
CONTINUOUS
10
0.7937689763779527
20
0.2719532283464567
11
0.7924916929133858
21
0.2728066535433071
0
LINE
8
BLACK
6
CONTINUOUS
10
0.7924916929133858
20
0.2728066535433071
11
0.7916382677165354
21
0.274083937007874
0
LINE
8
BLACK
6
CONTINUOUS
10
0.7916382677165354
20
0.274083937007874
11
0.7913385826771653
21
0.2755905511811024
0
LINE
8
BLACK
6
CONTINUOUS
10
0.7913385826771653
20
0.2755905511811024
11
0.7913385826771653
21
0.3257874015748031
0
LINE
8
BLACK
6
CONTINUOUS
10
0.7913385826771653
20
0.3257874015748031
11
0.7916382677165354
21
0.3272940157480315
0
LINE
8
BLACK
6
CONTINUOUS
10
0.7916382677165354
20
0.3272940157480315
11
0.7924916929133858
21
0.3285712992125984
0
LINE
8
BLACK
6
CONTINUOUS
10
0.7924916929133858
20
0.3285712992125984
11
0.7937689763779527
21
0.3294247244094488
0
LINE
8
BLACK
6
CONTINUOUS
10
0.7937689763779527
20
0.3294247244094488
11
0.7952755905511811
21
0.3297244094488189
0
LINE
8
BLACK
6
CONTINUOUS
10
0.7952755905511811
20
0.3297244094488189
11
0.8031496062992126
21
0.3297244094488189
0
LINE
8
BLACK
6
CONTINUOUS
10
0.8031496062992126
20
0.3297244094488189
11
0.8046562204724409
21
0.3294247244094488
0
LINE
8
BLACK
6
CONTINUOUS
10
0.4197842125984252
20
0.5164414566929134
11
0.432697125984252
21
0.5134941732283465
0
LINE
8
BLACK
6
CONTINUOUS
10
0.432697125984252
20
0.5134941732283465
11
0.4451988188976378
21
0.5091196456692914
0
LINE
8
BLACK
6
CONTINUOUS
10
0.4451988188976378
20
0.5091196456692914
11
0.4571321653543307
21
0.5033728346456693
0
LINE
8
BLACK
6
CONTINUOUS
10
0.4571321653543307
20
0.5033728346456693
11
0.4683470078740157
21
0.4963261023622047
0
LINE
8
BLACK
6
CONTINUOUS
10
0.4683470078740157
20
0.4963261023622047
11
0.4787023622047244
21
0.4880679527559055
0
LINE
8
BLACK
6
CONTINUOUS
10
0.4787023622047244
20
0.4880679527559055
11
0.4880679527559055
21
0.4787023622047244
0
LINE
8
BLACK
6
CONTINUOUS
10
0.4880679527559055
20
0.4787023622047244
11
0.4963261023622047
21
0.4683470078740157
0
LINE
8
BLACK
6
CONTINUOUS
10
0.4963261023622047
20
0.4683470078740157
11
0.5033728346456693
21
0.4571321653543307
0
LINE
8
BLACK
6
CONTINUOUS
10
0.5033728346456693
20
0.4571321653543307
11
0.5091196456692914
21
0.4451988188976378
0
LINE
8
BLACK
6
CONTINUOUS
10
0.5091196456692914
20
0.4451988188976378
11
0.5134941732283465
21
0.432697125984252
0
LINE
8
BLACK
6
CONTINUOUS
10
0.5134941732283465
20
0.432697125984252
11
0.5164414566929134
21
0.4197842125984252
0
LINE
8
BLACK
6
CONTINUOUS
10
0.5164414566929134
20
0.4197842125984252
11
0.5179244094488189
21
0.4066224803149606
0
LINE
8
BLACK
6
CONTINUOUS
10
0.5179244094488189
20
0.4066224803149606
11
0.5179244094488189
21
0.3933775196850394
0
LINE
8
BLACK
6
CONTINUOUS
10
0.5179244094488189
20
0.3933775196850394
11
0.5164414566929134
21
0.3802157874015748
0
LINE
8
BLACK
6
CONTINUOUS
10
0.5164414566929134
20
0.3802157874015748
11
0.5134941732283465
21
0.367302874015748
0
LINE
8
BLACK
6
CONTINUOUS
10
0.5134941732283465
20
0.367302874015748
11
0.5091196456692914
21
0.3548011811023622
0
LINE
8
BLACK
6
CONTINUOUS
10
0.5091196456692914
20
0.3548011811023622
11
0.5033728346456693
21
0.3428678346456693
0
LINE
8
BLACK
6
CONTINUOUS
10
0.5033728346456693
20
0.3428678346456693
11
0.4963261023622047
21
0.3316529921259843
0
LINE
8
BLACK
6
CONTINUOUS
10
0.4963261023622047
20
0.3316529921259843
11
0.4880679527559055
21
0.3212976377952756
0
LINE
8
BLACK
6
CONTINUOUS
10
0.4880679527559055
20
0.3212976377952756
11
0.4787023622047244
21
0.3119320472440945
0
LINE
8
BLACK
6
CONTINUOUS
10
0.4787023622047244
20
0.3119320472440945
11
0.4683470078740157
21
0.3036738976377953
0
LINE
8
BLACK
6
CONTINUOUS
10
0.4683470078740157
20
0.3036738976377953
11
0.4571321653543307
21
0.2966271653543307
0
LINE
8
BLACK
6
CONTINUOUS
10
0.4571321653543307
20
0.2966271653543307
11
0.4451988188976378
21
0.2908803543307086
0
LINE
8
BLACK
6
CONTINUOUS
10
0.4451988188976378
20
0.2908803543307086
11
0.432697125984252
21
0.2865058267716535
0
LINE
8
BLACK
6
CONTINUOUS
10
0.432697125984252
20
0.2865058267716535
11
0.4197842125984252
21
0.2835585433070866
0
LINE
8
BLACK
6
CONTINUOUS
10
0.4197842125984252
20
0.2835585433070866
11
0.4066224803149606
21
0.2820755905511811
0
LINE
8
BLACK
6
CONTINUOUS
10
0.4066224803149606
20
0.2820755905511811
11
0.3933775196850394
21
0.2820755905511811
0
LINE
8
BLACK
6
CONTINUOUS
10
0.3933775196850394
20
0.2820755905511811
11
0.3802157874015748
21
0.2835585433070866
0
LINE
8
BLACK
6
CONTINUOUS
10
0.3802157874015748
20
0.2835585433070866
11
0.367302874015748
21
0.2865058267716535
0
LINE
8
BLACK
6
CONTINUOUS
10
0.367302874015748
20
0.2865058267716535
11
0.3548011811023622
21
0.2908803543307086
0
LINE
8
BLACK
6
CONTINUOUS
10
0.3548011811023622
20
0.2908803543307086
11
0.3428678346456693
21
0.2966271653543307
0
LINE
8
BLACK
6
CONTINUOUS
10
0.3428678346456693
20
0.2966271653543307
11
0.3316529921259843
21
0.3036738976377953
0
LINE
8
BLACK
6
CONTINUOUS
10
0.3316529921259843
20
0.3036738976377953
11
0.3212976377952756
21
0.3119320472440945
0
LINE
8
BLACK
6
CONTINUOUS
10
0.3212976377952756
20
0.3119320472440945
11
0.3119320472440945
21
0.3212976377952756
0
LINE
8
BLACK
6
CONTINUOUS
10
0.3119320472440945
20
0.3212976377952756
11
0.3036738976377953
21
0.3316529921259843
0
LINE
8
BLACK
6
CONTINUOUS
10
0.3036738976377953
20
0.3316529921259843
11
0.2966271653543307
21
0.3428678346456693
0
LINE
8
BLACK
6
CONTINUOUS
10
0.2966271653543307
20
0.3428678346456693
11
0.2908803543307086
21
0.3548011811023622
0
LINE
8
BLACK
6
CONTINUOUS
10
0.2908803543307086
20
0.3548011811023622
11
0.2865058267716535
21
0.367302874015748
0
LINE
8
BLACK
6
CONTINUOUS
10
0.2865058267716535
20
0.367302874015748
11
0.2835585433070866
21
0.3802157874015748
0
LINE
8
BLACK
6
CONTINUOUS
10
0.2835585433070866
20
0.3802157874015748
11
0.2820755905511811
21
0.3933775196850394
0
LINE
8
BLACK
6
CONTINUOUS
10
0.2820755905511811
20
0.3933775196850394
11
0.2820755905511811
21
0.4066224803149606
0
LINE
8
BLACK
6
CONTINUOUS
10
0.2820755905511811
20
0.4066224803149606
11
0.2835585433070866
21
0.4197842125984252
0
LINE
8
BLACK
6
CONTINUOUS
10
0.2835585433070866
20
0.4197842125984252
11
0.2865058267716535
21
0.432697125984252
0
LINE
8
BLACK
6
CONTINUOUS
10
0.2865058267716535
20
0.432697125984252
11
0.2908803543307086
21
0.4451988188976378
0
LINE
8
BLACK
6
CONTINUOUS
10
0.2908803543307086
20
0.4451988188976378
11
0.2966271653543307
21
0.4571321653543307
0
LINE
8
BLACK
6
CONTINUOUS
10
0.2966271653543307
20
0.4571321653543307
11
0.3036738976377953
21
0.4683470078740157
0
LINE
8
BLACK
6
CONTINUOUS
10
0.3036738976377953
20
0.4683470078740157
11
0.3119320472440945
21
0.4787023622047244
0
LINE
8
BLACK
6
CONTINUOUS
10
0.3119320472440945
20
0.4787023622047244
11
0.3212976377952756
21
0.4880679527559055
0
LINE
8
BLACK
6
CONTINUOUS
10
0.3212976377952756
20
0.4880679527559055
11
0.3316529921259843
21
0.4963261023622047
0
LINE
8
BLACK
6
CONTINUOUS
10
0.3316529921259843
20
0.4963261023622047
11
0.3428678346456693
21
0.5033728346456693
0
LINE
8
BLACK
6
CONTINUOUS
10
0.3428678346456693
20
0.5033728346456693
11
0.3548011811023622
21
0.5091196456692914
0
LINE
8
BLACK
6
CONTINUOUS
10
0.3548011811023622
20
0.5091196456692914
11
0.367302874015748
21
0.5134941732283465
0
LINE
8
BLACK
6
CONTINUOUS
10
0.367302874015748
20
0.5134941732283465
11
0.3802157874015748
21
0.5164414566929134
0
LINE
8
BLACK
6
CONTINUOUS
10
0.3802157874015748
20
0.5164414566929134
11
0.3933775196850394
21
0.5179244094488189
0
LINE
8
BLACK
6
CONTINUOUS
10
0.3933775196850394
20
0.5179244094488189
11
0.4066224803149606
21
0.5179244094488189
0
LINE
8
BLACK
6
CONTINUOUS
10
0.4066224803149606
20
0.5179244094488189
11
0.4197842125984252
21
0.5164414566929134
0
LINE
8
BLACK
6
CONTINUOUS
10
1.6197842125984252
20
0.5164414566929134
11
1.632697125984252
21
0.5134941732283465
0
LINE
8
BLACK
6
CONTINUOUS
10
1.632697125984252
20
0.5134941732283465
11
1.6451988188976379
21
0.5091196456692914
0
LINE
8
BLACK
6
CONTINUOUS
10
1.6451988188976379
20
0.5091196456692914
11
1.6571321653543307
21
0.5033728346456693
0
LINE
8
BLACK
6
CONTINUOUS
10
1.6571321653543307
20
0.5033728346456693
11
1.6683470078740157
21
0.4963261023622047
0
LINE
8
BLACK
6
CONTINUOUS
10
1.6683470078740157
20
0.4963261023622047
11
1.6787023622047244
21
0.4880679527559055
0
LINE
8
BLACK
6
CONTINUOUS
10
1.6787023622047244
20
0.4880679527559055
11
1.6880679527559055
21
0.4787023622047244
0
LINE
8
BLACK
6
CONTINUOUS
10
1.6880679527559055
20
0.4787023622047244
11
1.6963261023622047
21
0.4683470078740157
0
LINE
8
BLACK
6
CONTINUOUS
10
1.6963261023622047
20
0.4683470078740157
11
1.7033728346456694
21
0.4571321653543307
0
LINE
8
BLACK
6
CONTINUOUS
10
1.7033728346456694
20
0.4571321653543307
11
1.7091196456692912
21
0.4451988188976378
0
LINE
8
BLACK
6
CONTINUOUS
10
1.7091196456692912
20
0.4451988188976378
11
1.7134941732283464
21
0.432697125984252
0
LINE
8
BLACK
6
CONTINUOUS
10
1.7134941732283464
20
0.432697125984252
11
1.7164414566929134
21
0.4197842125984252
0
LINE
8
BLACK
6
CONTINUOUS
10
1.7164414566929134
20
0.4197842125984252
11
1.7179244094488189
21
0.4066224803149606
0
LINE
8
BLACK
6
CONTINUOUS
10
1.7179244094488189
20
0.4066224803149606
11
1.7179244094488189
21
0.3933775196850394
0
LINE
8
BLACK
6
CONTINUOUS
10
1.7179244094488189
20
0.3933775196850394
11
1.7164414566929134
21
0.3802157874015748
0
LINE
8
BLACK
6
CONTINUOUS
10
1.7164414566929134
20
0.3802157874015748
11
1.7134941732283464
21
0.367302874015748
0
LINE
8
BLACK
6
CONTINUOUS
10
1.7134941732283464
20
0.367302874015748
11
1.7091196456692912
21
0.3548011811023622
0
LINE
8
BLACK
6
CONTINUOUS
10
1.7091196456692912
20
0.3548011811023622
11
1.7033728346456694
21
0.3428678346456693
0
LINE
8
BLACK
6
CONTINUOUS
10
1.7033728346456694
20
0.3428678346456693
11
1.6963261023622047
21
0.3316529921259843
0
LINE
8
BLACK
6
CONTINUOUS
10
1.6963261023622047
20
0.3316529921259843
11
1.6880679527559055
21
0.3212976377952756
0
LINE
8
BLACK
6
CONTINUOUS
10
1.6880679527559055
20
0.3212976377952756
11
1.6787023622047244
21
0.3119320472440945
0
LINE
8
BLACK
6
CONTINUOUS
10
1.6787023622047244
20
0.3119320472440945
11
1.6683470078740157
21
0.3036738976377953
0
LINE
8
BLACK
6
CONTINUOUS
10
1.6683470078740157
20
0.3036738976377953
11
1.6571321653543307
21
0.2966271653543307
0
LINE
8
BLACK
6
CONTINUOUS
10
1.6571321653543307
20
0.2966271653543307
11
1.6451988188976379
21
0.2908803543307086
0
LINE
8
BLACK
6
CONTINUOUS
10
1.6451988188976379
20
0.2908803543307086
11
1.632697125984252
21
0.2865058267716535
0
LINE
8
BLACK
6
CONTINUOUS
10
1.632697125984252
20
0.2865058267716535
11
1.6197842125984252
21
0.2835585433070866
0
LINE
8
BLACK
6
CONTINUOUS
10
1.6197842125984252
20
0.2835585433070866
11
1.6066224803149607
21
0.2820755905511811
0
LINE
8
BLACK
6
CONTINUOUS
10
1.6066224803149607
20
0.2820755905511811
11
1.5933775196850393
21
0.2820755905511811
0
LINE
8
BLACK
6
CONTINUOUS
10
1.5933775196850393
20
0.2820755905511811
11
1.5802157874015748
21
0.2835585433070866
0
LINE
8
BLACK
6
CONTINUOUS
10
1.5802157874015748
20
0.2835585433070866
11
1.567302874015748
21
0.2865058267716535
0
LINE
8
BLACK
6
CONTINUOUS
10
1.567302874015748
20
0.2865058267716535
11
1.5548011811023621
21
0.2908803543307086
0
LINE
8
BLACK
6
CONTINUOUS
10
1.5548011811023621
20
0.2908803543307086
11
1.5428678346456692
21
0.2966271653543307
0
LINE
8
BLACK
6
CONTINUOUS
10
1.5428678346456692
20
0.2966271653543307
11
1.5316529921259843
21
0.3036738976377953
0
LINE
8
BLACK
6
CONTINUOUS
10
1.5316529921259843
20
0.3036738976377953
11
1.5212976377952756
21
0.3119320472440945
0
LINE
8
BLACK
6
CONTINUOUS
10
1.5212976377952756
20
0.3119320472440945
11
1.5119320472440945
21
0.3212976377952756
0
LINE
8
BLACK
6
CONTINUOUS
10
1.5119320472440945
20
0.3212976377952756
11
1.5036738976377952
21
0.3316529921259843
0
LINE
8
BLACK
6
CONTINUOUS
10
1.5036738976377952
20
0.3316529921259843
11
1.4966271653543306
21
0.3428678346456693
0
LINE
8
BLACK
6
CONTINUOUS
10
1.4966271653543306
20
0.3428678346456693
11
1.4908803543307085
21
0.3548011811023622
0
LINE
8
BLACK
6
CONTINUOUS
10
1.4908803543307085
20
0.3548011811023622
11
1.4865058267716535
21
0.367302874015748
0
LINE
8
BLACK
6
CONTINUOUS
10
1.4865058267716535
20
0.367302874015748
11
1.4835585433070866
21
0.3802157874015748
0
LINE
8
BLACK
6
CONTINUOUS
10
1.4835585433070866
20
0.3802157874015748
11
1.4820755905511811
21
0.3933775196850394
0
LINE
8
BLACK
6
CONTINUOUS
10
1.4820755905511811
20
0.3933775196850394
11
1.4820755905511811
21
0.4066224803149606
0
LINE
8
BLACK
6
CONTINUOUS
10
1.4820755905511811
20
0.4066224803149606
11
1.4835585433070866
21
0.4197842125984252
0
LINE
8
BLACK
6
CONTINUOUS
10
1.4835585433070866
20
0.4197842125984252
11
1.4865058267716535
21
0.432697125984252
0
LINE
8
BLACK
6
CONTINUOUS
10
1.4865058267716535
20
0.432697125984252
11
1.4908803543307085
21
0.4451988188976378
0
LINE
8
BLACK
6
CONTINUOUS
10
1.4908803543307085
20
0.4451988188976378
11
1.4966271653543306
21
0.4571321653543307
0
LINE
8
BLACK
6
CONTINUOUS
10
1.4966271653543306
20
0.4571321653543307
11
1.5036738976377952
21
0.4683470078740157
0
LINE
8
BLACK
6
CONTINUOUS
10
1.5036738976377952
20
0.4683470078740157
11
1.5119320472440945
21
0.4787023622047244
0
LINE
8
BLACK
6
CONTINUOUS
10
1.5119320472440945
20
0.4787023622047244
11
1.5212976377952756
21
0.4880679527559055
0
LINE
8
BLACK
6
CONTINUOUS
10
1.5212976377952756
20
0.4880679527559055
11
1.5316529921259843
21
0.4963261023622047
0
LINE
8
BLACK
6
CONTINUOUS
10
1.5316529921259843
20
0.4963261023622047
11
1.5428678346456692
21
0.5033728346456693
0
LINE
8
BLACK
6
CONTINUOUS
10
1.5428678346456692
20
0.5033728346456693
11
1.5548011811023621
21
0.5091196456692914
0
LINE
8
BLACK
6
CONTINUOUS
10
1.5548011811023621
20
0.5091196456692914
11
1.567302874015748
21
0.5134941732283465
0
LINE
8
BLACK
6
CONTINUOUS
10
1.567302874015748
20
0.5134941732283465
11
1.5802157874015748
21
0.5164414566929134
0
LINE
8
BLACK
6
CONTINUOUS
10
1.5802157874015748
20
0.5164414566929134
11
1.5933775196850393
21
0.5179244094488189
0
LINE
8
BLACK
6
CONTINUOUS
10
1.5933775196850393
20
0.5179244094488189
11
1.6066224803149607
21
0.5179244094488189
0
LINE
8
BLACK
6
CONTINUOUS
10
1.6066224803149607
20
0.5179244094488189
11
1.6197842125984252
21
0.5164414566929134
0
LINE
8
BLACK
6
CONTINUOUS
10
0.9670078740157481
20
0.3689173228346457
11
0.907007874015748
21
0.3689173228346457
0
LINE
8
BLACK
6
CONTINUOUS
10
0.907007874015748
20
0.3689173228346457
11
0.907007874015748
21
0.4289173228346457
0
LINE
8
BLACK
6
CONTINUOUS
10
0.907007874015748
20
0.4289173228346457
11
0.9670078740157481
21
0.4289173228346457
0
LINE
8
BLACK
6
CONTINUOUS
10
0.9670078740157481
20
0.4289173228346457
11
0.9670078740157481
21
0.3689173228346457
0
LINE
8
BLACK
6
CONTINUOUS
10
1.067007874015748
20
0.3689173228346457
11
1.007007874015748
21
0.3689173228346457
0
LINE
8
BLACK
6
CONTINUOUS
10
1.007007874015748
20
0.3689173228346457
11
1.007007874015748
21
0.4289173228346457
0
LINE
8
BLACK
6
CONTINUOUS
10
1.007007874015748
20
0.4289173228346457
11
1.067007874015748
21
0.4289173228346457
0
LINE
8
BLACK
6
CONTINUOUS
10
1.067007874015748
20
0.4289173228346457
11
1.067007874015748
21
0.3689173228346457
0
LINE
8
BLACK
6
CONTINUOUS
10
1.1670078740157479
20
0.3689173228346457
11
1.1070078740157481
21
0.3689173228346457
0
LINE
8
BLACK
6
CONTINUOUS
10
1.1070078740157481
20
0.3689173228346457
11
1.1070078740157481
21
0.4289173228346457
0
LINE
8
BLACK
6
CONTINUOUS
10
1.1070078740157481
20
0.4289173228346457
11
1.1670078740157479
21
0.4289173228346457
0
LINE
8
BLACK
6
CONTINUOUS
10
1.1670078740157479
20
0.4289173228346457
11
1.1670078740157479
21
0.3689173228346457
0
LINE
8
BLACK
6
CONTINUOUS
10
1.267007874015748
20
0.3689173228346457
11
1.2070078740157479
21
0.3689173228346457
0
LINE
8
BLACK
6
CONTINUOUS
10
1.2070078740157479
20
0.3689173228346457
11
1.2070078740157479
21
0.4289173228346457
0
LINE
8
BLACK
6
CONTINUOUS
10
1.2070078740157479
20
0.4289173228346457
11
1.267007874015748
21
0.4289173228346457
0
LINE
8
BLACK
6
CONTINUOUS
10
1.267007874015748
20
0.4289173228346457
11
1.267007874015748
21
0.3689173228346457
0
LINE
8
BLACK
6
CONTINUOUS
10
1.3670078740157481
20
0.3689173228346457
11
1.307007874015748
21
0.3689173228346457
0
LINE
8
BLACK
6
CONTINUOUS
10
1.307007874015748
20
0.3689173228346457
11
1.307007874015748
21
0.4289173228346457
0
LINE
8
BLACK
6
CONTINUOUS
10
1.307007874015748
20
0.4289173228346457
11
1.3670078740157481
21
0.4289173228346457
0
LINE
8
BLACK
6
CONTINUOUS
10
1.3670078740157481
20
0.4289173228346457
11
1.3670078740157481
21
0.3689173228346457
0
LINE
8
BLACK
6
CONTINUOUS
10
0.6511129133858268
20
0.5548184251968504
11
0.6523901968503937
21
0.553965
0
LINE
8
BLACK
6
CONTINUOUS
10
0.6523901968503937
20
0.553965
11
0.6532436220472441
21
0.552687716535433
0
LINE
8
BLACK
6
CONTINUOUS
10
0.6532436220472441
20
0.552687716535433
11
0.6535433070866141
21
0.5511811023622047
0
LINE
8
BLACK
6
CONTINUOUS
10
0.6535433070866141
20
0.5511811023622047
11
0.6535433070866141
21
0.5009842519685039
0
LINE
8
BLACK
6
CONTINUOUS
10
0.6535433070866141
20
0.5009842519685039
11
0.6532436220472441
21
0.4994776377952756
0
LINE
8
BLACK
6
CONTINUOUS
10
0.6532436220472441
20
0.4994776377952756
11
0.6523901968503937
21
0.4982003543307086
0
LINE
8
BLACK
6
CONTINUOUS
10
0.6523901968503937
20
0.4982003543307086
11
0.6511129133858268
21
0.4973469291338583
0
LINE
8
BLACK
6
CONTINUOUS
10
0.6511129133858268
20
0.4973469291338583
11
0.6496062992125984
21
0.4970472440944882
0
LINE
8
BLACK
6
CONTINUOUS
10
0.6496062992125984
20
0.4970472440944882
11
0.6417322834645669
21
0.4970472440944882
0
LINE
8
BLACK
6
CONTINUOUS
10
0.6417322834645669
20
0.4970472440944882
11
0.6402256692913386
21
0.4973469291338583
0
LINE
8
BLACK
6
CONTINUOUS
10
0.6402256692913386
20
0.4973469291338583
11
0.6389483858267716
21
0.4982003543307086
0
LINE
8
BLACK
6
CONTINUOUS
10
0.6389483858267716
20
0.4982003543307086
11
0.6380949606299212
21
0.4994776377952756
0
LINE
8
BLACK
6
CONTINUOUS
10
0.6380949606299212
20
0.4994776377952756
11
0.6377952755905512
21
0.5009842519685039
0
LINE
8
BLACK
6
CONTINUOUS
10
0.6377952755905512
20
0.5009842519685039
11
0.6377952755905512
21
0.5511811023622047
0
LINE
8
BLACK
6
CONTINUOUS
10
0.6377952755905512
20
0.5511811023622047
11
0.6380949606299212
21
0.552687716535433
0
LINE
8
BLACK
6
CONTINUOUS
10
0.6380949606299212
20
0.552687716535433
11
0.6389483858267716
21
0.553965
0
LINE
8
BLACK
6
CONTINUOUS
10
0.6389483858267716
20
0.553965
11
0.6402256692913386
21
0.5548184251968504
0
LINE
8
BLACK
6
CONTINUOUS
10
0.6402256692913386
20
0.5548184251968504
11
0.6417322834645669
21
0.5551181102362205
0
LINE
8
BLACK
6
CONTINUOUS
10
0.6417322834645669
20
0.5551181102362205
11
0.6496062992125984
21
0.5551181102362205
0
LINE
8
BLACK
6
CONTINUOUS
10
0.6496062992125984
20
0.5551181102362205
11
0.6511129133858268
21
0.5548184251968504
0
LINE
8
BLACK
6
CONTINUOUS
10
0.6767034645669291
20
0.5548184251968504
11
0.677980748031496
21
0.553965
0
LINE
8
BLACK
6
CONTINUOUS
10
0.677980748031496
20
0.553965
11
0.6788341732283465
21
0.552687716535433
0
LINE
8
BLACK
6
CONTINUOUS
10
0.6788341732283465
20
0.552687716535433
11
0.6791338582677166
21
0.5511811023622047
0
LINE
8
BLACK
6
CONTINUOUS
10
0.6791338582677166
20
0.5511811023622047
11
0.6791338582677166
21
0.5009842519685039
0
LINE
8
BLACK
6
CONTINUOUS
10
0.6791338582677166
20
0.5009842519685039
11
0.6788341732283465
21
0.4994776377952756
0
LINE
8
BLACK
6
CONTINUOUS
10
0.6788341732283465
20
0.4994776377952756
11
0.677980748031496
21
0.4982003543307086
0
LINE
8
BLACK
6
CONTINUOUS
10
0.677980748031496
20
0.4982003543307086
11
0.6767034645669291
21
0.4973469291338583
0
LINE
8
BLACK
6
CONTINUOUS
10
0.6767034645669291
20
0.4973469291338583
11
0.6751968503937008
21
0.4970472440944882
0
LINE
8
BLACK
6
CONTINUOUS
10
0.6751968503937008
20
0.4970472440944882
11
0.6673228346456693
21
0.4970472440944882
0
LINE
8
BLACK
6
CONTINUOUS
10
0.6673228346456693
20
0.4970472440944882
11
0.6658162204724409
21
0.4973469291338583
0
LINE
8
BLACK
6
CONTINUOUS
10
0.6658162204724409
20
0.4973469291338583
11
0.664538937007874
21
0.4982003543307086
0
LINE
8
BLACK
6
CONTINUOUS
10
0.664538937007874
20
0.4982003543307086
11
0.6636855118110236
21
0.4994776377952756
0
LINE
8
BLACK
6
CONTINUOUS
10
0.6636855118110236
20
0.4994776377952756
11
0.6633858267716535
21
0.5009842519685039
0
LINE
8
BLACK
6
CONTINUOUS
10
0.6633858267716535
20
0.5009842519685039
11
0.6633858267716535
21
0.5511811023622047
0
LINE
8
BLACK
6
CONTINUOUS
10
0.6633858267716535
20
0.5511811023622047
11
0.6636855118110236
21
0.552687716535433
0
LINE
8
BLACK
6
CONTINUOUS
10
0.6636855118110236
20
0.552687716535433
11
0.664538937007874
21
0.553965
0
LINE
8
BLACK
6
CONTINUOUS
10
0.664538937007874
20
0.553965
11
0.6658162204724409
21
0.5548184251968504
0
LINE
8
BLACK
6
CONTINUOUS
10
0.6658162204724409
20
0.5548184251968504
11
0.6673228346456693
21
0.5551181102362205
0
LINE
8
BLACK
6
CONTINUOUS
10
0.6673228346456693
20
0.5551181102362205
11
0.6751968503937008
21
0.5551181102362205
0
LINE
8
BLACK
6
CONTINUOUS
10
0.6751968503937008
20
0.5551181102362205
11
0.6767034645669291
21
0.5548184251968504
0
LINE
8
BLACK
6
CONTINUOUS
10
0.7022940157480315
20
0.5548184251968504
11
0.7035712992125984
21
0.553965
0
LINE
8
BLACK
6
CONTINUOUS
10
0.7035712992125984
20
0.553965
11
0.7044247244094488
21
0.552687716535433
0
LINE
8
BLACK
6
CONTINUOUS
10
0.7044247244094488
20
0.552687716535433
11
0.7047244094488189
21
0.5511811023622047
0
LINE
8
BLACK
6
CONTINUOUS
10
0.7047244094488189
20
0.5511811023622047
11
0.7047244094488189
21
0.5009842519685039
0
LINE
8
BLACK
6
CONTINUOUS
10
0.7047244094488189
20
0.5009842519685039
11
0.7044247244094488
21
0.4994776377952756
0
LINE
8
BLACK
6
CONTINUOUS
10
0.7044247244094488
20
0.4994776377952756
11
0.7035712992125984
21
0.4982003543307086
0
LINE
8
BLACK
6
CONTINUOUS
10
0.7035712992125984
20
0.4982003543307086
11
0.7022940157480315
21
0.4973469291338583
0
LINE
8
BLACK
6
CONTINUOUS
10
0.7022940157480315
20
0.4973469291338583
11
0.7007874015748031
21
0.4970472440944882
0
LINE
8
BLACK
6
CONTINUOUS
10
0.7007874015748031
20
0.4970472440944882
11
0.6929133858267716
21
0.4970472440944882
0
LINE
8
BLACK
6
CONTINUOUS
10
0.6929133858267716
20
0.4970472440944882
11
0.6914067716535433
21
0.4973469291338583
0
LINE
8
BLACK
6
CONTINUOUS
10
0.6914067716535433
20
0.4973469291338583
11
0.6901294881889763
21
0.4982003543307086
0
LINE
8
BLACK
6
CONTINUOUS
10
0.6901294881889763
20
0.4982003543307086
11
0.689276062992126
21
0.4994776377952756
0
LINE
8
BLACK
6
CONTINUOUS
10
0.689276062992126
20
0.4994776377952756
11
0.6889763779527559
21
0.5009842519685039
0
LINE
8
BLACK
6
CONTINUOUS
10
0.6889763779527559
20
0.5009842519685039
11
0.6889763779527559
21
0.5511811023622047
0
LINE
8
BLACK
6
CONTINUOUS
10
0.6889763779527559
20
0.5511811023622047
11
0.689276062992126
21
0.552687716535433
0
LINE
8
BLACK
6
CONTINUOUS
10
0.689276062992126
20
0.552687716535433
11
0.6901294881889763
21
0.553965
0
LINE
8
BLACK
6
CONTINUOUS
10
0.6901294881889763
20
0.553965
11
0.6914067716535433
21
0.5548184251968504
0
LINE
8
BLACK
6
CONTINUOUS
10
0.6914067716535433
20
0.5548184251968504
11
0.6929133858267716
21
0.5551181102362205
0
LINE
8
BLACK
6
CONTINUOUS
10
0.6929133858267716
20
0.5551181102362205
11
0.7007874015748031
21
0.5551181102362205
0
LINE
8
BLACK
6
CONTINUOUS
10
0.7007874015748031
20
0.5551181102362205
11
0.7022940157480315
21
0.5548184251968504
0
LINE
8
BLACK
6
CONTINUOUS
10
0.7278845669291338
20
0.5548184251968504
11
0.7291618503937007
21
0.553965
0
LINE
8
BLACK
6
CONTINUOUS
10
0.7291618503937007
20
0.553965
11
0.7300152755905511
21
0.552687716535433
0
LINE
8
BLACK
6
CONTINUOUS
10
0.7300152755905511
20
0.552687716535433
11
0.7303149606299213
21
0.5511811023622047
0
LINE
8
BLACK
6
CONTINUOUS
10
0.7303149606299213
20
0.5511811023622047
11
0.7303149606299213
21
0.5009842519685039
0
LINE
8
BLACK
6
CONTINUOUS
10
0.7303149606299213
20
0.5009842519685039
11
0.7300152755905511
21
0.4994776377952756
0
LINE
8
BLACK
6
CONTINUOUS
10
0.7300152755905511
20
0.4994776377952756
11
0.7291618503937007
21
0.4982003543307086
0
LINE
8
BLACK
6
CONTINUOUS
10
0.7291618503937007
20
0.4982003543307086
11
0.7278845669291338
21
0.4973469291338583
0
LINE
8
BLACK
6
CONTINUOUS
10
0.7278845669291338
20
0.4973469291338583
11
0.7263779527559054
21
0.4970472440944882
0
LINE
8
BLACK
6
CONTINUOUS
10
0.7263779527559054
20
0.4970472440944882
11
0.718503937007874
21
0.4970472440944882
0
LINE
8
BLACK
6
CONTINUOUS
10
0.718503937007874
20
0.4970472440944882
11
0.7169973228346457
21
0.4973469291338583
0
LINE
8
BLACK
6
CONTINUOUS
10
0.7169973228346457
20
0.4973469291338583
11
0.7157200393700788
21
0.4982003543307086
0
LINE
8
BLACK
6
CONTINUOUS
10
0.7157200393700788
20
0.4982003543307086
11
0.7148666141732283
21
0.4994776377952756
0
LINE
8
BLACK
6
CONTINUOUS
10
0.7148666141732283
20
0.4994776377952756
11
0.7145669291338582
21
0.5009842519685039
0
LINE
8
BLACK
6
CONTINUOUS
10
0.7145669291338582
20
0.5009842519685039
11
0.7145669291338582
21
0.5511811023622047
0
LINE
8
BLACK
6
CONTINUOUS
10
0.7145669291338582
20
0.5511811023622047
11
0.7148666141732283
21
0.552687716535433
0
LINE
8
BLACK
6
CONTINUOUS
10
0.7148666141732283
20
0.552687716535433
11
0.7157200393700788
21
0.553965
0
LINE
8
BLACK
6
CONTINUOUS
10
0.7157200393700788
20
0.553965
11
0.7169973228346457
21
0.5548184251968504
0
LINE
8
BLACK
6
CONTINUOUS
10
0.7169973228346457
20
0.5548184251968504
11
0.718503937007874
21
0.5551181102362205
0
LINE
8
BLACK
6
CONTINUOUS
10
0.718503937007874
20
0.5551181102362205
11
0.7263779527559054
21
0.5551181102362205
0
LINE
8
BLACK
6
CONTINUOUS
10
0.7263779527559054
20
0.5551181102362205
11
0.7278845669291338
21
0.5548184251968504
0
LINE
8
BLACK
6
CONTINUOUS
10
0.7534751181102362
20
0.5548184251968504
11
0.7547524015748032
21
0.553965
0
LINE
8
BLACK
6
CONTINUOUS
10
0.7547524015748032
20
0.553965
11
0.7556058267716536
21
0.552687716535433
0
LINE
8
BLACK
6
CONTINUOUS
10
0.7556058267716536
20
0.552687716535433
11
0.7559055118110236
21
0.5511811023622047
0
LINE
8
BLACK
6
CONTINUOUS
10
0.7559055118110236
20
0.5511811023622047
11
0.7559055118110236
21
0.5009842519685039
0
LINE
8
BLACK
6
CONTINUOUS
10
0.7559055118110236
20
0.5009842519685039
11
0.7556058267716536
21
0.4994776377952756
0
LINE
8
BLACK
6
CONTINUOUS
10
0.7556058267716536
20
0.4994776377952756
11
0.7547524015748032
21
0.4982003543307086
0
LINE
8
BLACK
6
CONTINUOUS
10
0.7547524015748032
20
0.4982003543307086
11
0.7534751181102362
21
0.4973469291338583
0
LINE
8
BLACK
6
CONTINUOUS
10
0.7534751181102362
20
0.4973469291338583
11
0.7519685039370079
21
0.4970472440944882
0
LINE
8
BLACK
6
CONTINUOUS
10
0.7519685039370079
20
0.4970472440944882
11
0.7440944881889764
21
0.4970472440944882
0
LINE
8
BLACK
6
CONTINUOUS
10
0.7440944881889764
20
0.4970472440944882
11
0.742587874015748
21
0.4973469291338583
0
LINE
8
BLACK
6
CONTINUOUS
10
0.742587874015748
20
0.4973469291338583
11
0.7413105905511811
21
0.4982003543307086
0
LINE
8
BLACK
6
CONTINUOUS
10
0.7413105905511811
20
0.4982003543307086
11
0.7404571653543307
21
0.4994776377952756
0
LINE
8
BLACK
6
CONTINUOUS
10
0.7404571653543307
20
0.4994776377952756
11
0.7401574803149606
21
0.5009842519685039
0
LINE
8
BLACK
6
CONTINUOUS
10
0.7401574803149606
20
0.5009842519685039
11
0.7401574803149606
21
0.5511811023622047
0
LINE
8
BLACK
6
CONTINUOUS
10
0.7401574803149606
20
0.5511811023622047
11
0.7404571653543307
21
0.552687716535433
0
LINE
8
BLACK
6
CONTINUOUS
10
0.7404571653543307
20
0.552687716535433
11
0.7413105905511811
21
0.553965
0
LINE
8
BLACK
6
CONTINUOUS
10
0.7413105905511811
20
0.553965
11
0.742587874015748
21
0.5548184251968504
0
LINE
8
BLACK
6
CONTINUOUS
10
0.742587874015748
20
0.5548184251968504
11
0.7440944881889764
21
0.5551181102362205
0
LINE
8
BLACK
6
CONTINUOUS
10
0.7440944881889764
20
0.5551181102362205
11
0.7519685039370079
21
0.5551181102362205
0
LINE
8
BLACK
6
CONTINUOUS
10
0.7519685039370079
20
0.5551181102362205
11
0.7534751181102362
21
0.5548184251968504
0
LINE
8
BLACK
6
CONTINUOUS
10
0.7790656692913386
20
0.5548184251968504
11
0.7803429527559055
21
0.553965
0
LINE
8
BLACK
6
CONTINUOUS
10
0.7803429527559055
20
0.553965
11
0.7811963779527559
21
0.552687716535433
0
LINE
8
BLACK
6
CONTINUOUS
10
0.7811963779527559
20
0.552687716535433
11
0.7814960629921259
21
0.5511811023622047
0
LINE
8
BLACK
6
CONTINUOUS
10
0.7814960629921259
20
0.5511811023622047
11
0.7814960629921259
21
0.5009842519685039
0
LINE
8
BLACK
6
CONTINUOUS
10
0.7814960629921259
20
0.5009842519685039
11
0.7811963779527559
21
0.4994776377952756
0
LINE
8
BLACK
6
CONTINUOUS
10
0.7811963779527559
20
0.4994776377952756
11
0.7803429527559055
21
0.4982003543307086
0
LINE
8
BLACK
6
CONTINUOUS
10
0.7803429527559055
20
0.4982003543307086
11
0.7790656692913386
21
0.4973469291338583
0
LINE
8
BLACK
6
CONTINUOUS
10
0.7790656692913386
20
0.4973469291338583
11
0.7775590551181102
21
0.4970472440944882
0
LINE
8
BLACK
6
CONTINUOUS
10
0.7775590551181102
20
0.4970472440944882
11
0.7696850393700787
21
0.4970472440944882
0
LINE
8
BLACK
6
CONTINUOUS
10
0.7696850393700787
20
0.4970472440944882
11
0.7681784251968504
21
0.4973469291338583
0
LINE
8
BLACK
6
CONTINUOUS
10
0.7681784251968504
20
0.4973469291338583
11
0.7669011417322834
21
0.4982003543307086
0
LINE
8
BLACK
6
CONTINUOUS
10
0.7669011417322834
20
0.4982003543307086
11
0.766047716535433
21
0.4994776377952756
0
LINE
8
BLACK
6
CONTINUOUS
10
0.766047716535433
20
0.4994776377952756
11
0.765748031496063
21
0.5009842519685039
0
LINE
8
BLACK
6
CONTINUOUS
10
0.765748031496063
20
0.5009842519685039
11
0.765748031496063
21
0.5511811023622047
0
LINE
8
BLACK
6
CONTINUOUS
10
0.765748031496063
20
0.5511811023622047
11
0.766047716535433
21
0.552687716535433
0
LINE
8
BLACK
6
CONTINUOUS
10
0.766047716535433
20
0.552687716535433
11
0.7669011417322834
21
0.553965
0
LINE
8
BLACK
6
CONTINUOUS
10
0.7669011417322834
20
0.553965
11
0.7681784251968504
21
0.5548184251968504
0
LINE
8
BLACK
6
CONTINUOUS
10
0.7681784251968504
20
0.5548184251968504
11
0.7696850393700787
21
0.5551181102362205
0
LINE
8
BLACK
6
CONTINUOUS
10
0.7696850393700787
20
0.5551181102362205
11
0.7775590551181102
21
0.5551181102362205
0
LINE
8
BLACK
6
CONTINUOUS
10
0.7775590551181102
20
0.5551181102362205
11
0.7790656692913386
21
0.5548184251968504
0
LINE
8
BLACK
6
CONTINUOUS
10
0.8046562204724409
20
0.5548184251968504
11
0.8059335039370078
21
0.553965
0
LINE
8
BLACK
6
CONTINUOUS
10
0.8059335039370078
20
0.553965
11
0.8067869291338583
21
0.552687716535433
0
LINE
8
BLACK
6
CONTINUOUS
10
0.8067869291338583
20
0.552687716535433
11
0.8070866141732284
21
0.5511811023622047
0
LINE
8
BLACK
6
CONTINUOUS
10
0.8070866141732284
20
0.5511811023622047
11
0.8070866141732284
21
0.5009842519685039
0
LINE
8
BLACK
6
CONTINUOUS
10
0.8070866141732284
20
0.5009842519685039
11
0.8067869291338583
21
0.4994776377952756
0
LINE
8
BLACK
6
CONTINUOUS
10
0.8067869291338583
20
0.4994776377952756
11
0.8059335039370078
21
0.4982003543307086
0
LINE
8
BLACK
6
CONTINUOUS
10
0.8059335039370078
20
0.4982003543307086
11
0.8046562204724409
21
0.4973469291338583
0
LINE
8
BLACK
6
CONTINUOUS
10
0.8046562204724409
20
0.4973469291338583
11
0.8031496062992126
21
0.4970472440944882
0
LINE
8
BLACK
6
CONTINUOUS
10
0.8031496062992126
20
0.4970472440944882
11
0.7952755905511811
21
0.4970472440944882
0
LINE
8
BLACK
6
CONTINUOUS
10
0.7952755905511811
20
0.4970472440944882
11
0.7937689763779527
21
0.4973469291338583
0
LINE
8
BLACK
6
CONTINUOUS
10
0.7937689763779527
20
0.4973469291338583
11
0.7924916929133858
21
0.4982003543307086
0
LINE
8
BLACK
6
CONTINUOUS
10
0.7924916929133858
20
0.4982003543307086
11
0.7916382677165354
21
0.4994776377952756
0
LINE
8
BLACK
6
CONTINUOUS
10
0.7916382677165354
20
0.4994776377952756
11
0.7913385826771653
21
0.5009842519685039
0
LINE
8
BLACK
6
CONTINUOUS
10
0.7913385826771653
20
0.5009842519685039
11
0.7913385826771653
21
0.5511811023622047
0
LINE
8
BLACK
6
CONTINUOUS
10
0.7913385826771653
20
0.5511811023622047
11
0.7916382677165354
21
0.552687716535433
0
LINE
8
BLACK
6
CONTINUOUS
10
0.7916382677165354
20
0.552687716535433
11
0.7924916929133858
21
0.553965
0
LINE
8
BLACK
6
CONTINUOUS
10
0.7924916929133858
20
0.553965
11
0.7937689763779527
21
0.5548184251968504
0
LINE
8
BLACK
6
CONTINUOUS
10
0.7937689763779527
20
0.5548184251968504
11
0.7952755905511811
21
0.5551181102362205
0
LINE
8
BLACK
6
CONTINUOUS
10
0.7952755905511811
20
0.5551181102362205
11
0.8031496062992126
21
0.5551181102362205
0
LINE
8
BLACK
6
CONTINUOUS
10
0.8031496062992126
20
0.5551181102362205
11
0.8046562204724409
21
0.5548184251968504
0
LINE
8
BLACK
6
CONTINUOUS
10
0.868280157480315
20
0.5511102755905511
11
0.8702599212598425
21
0.5497874803149606
0
LINE
8
BLACK
6
CONTINUOUS
10
0.8702599212598425
20
0.5497874803149606
11
0.8715827165354331
21
0.547807716535433
0
LINE
8
BLACK
6
CONTINUOUS
10
0.8715827165354331
20
0.547807716535433
11
0.8720472440944882
21
0.5454724409448819
0
LINE
8
BLACK
6
CONTINUOUS
10
0.8720472440944882
20
0.5454724409448819
11
0.8720472440944882
21
0.533267716535433
0
LINE
8
BLACK
6
CONTINUOUS
10
0.8720472440944882
20
0.533267716535433
11
0.8715827165354331
21
0.5309324409448819
0
LINE
8
BLACK
6
CONTINUOUS
10
0.8715827165354331
20
0.5309324409448819
11
0.8702599212598425
21
0.5289526771653543
0
LINE
8
BLACK
6
CONTINUOUS
10
0.8702599212598425
20
0.5289526771653543
11
0.868280157480315
21
0.5276298818897638
0
LINE
8
BLACK
6
CONTINUOUS
10
0.868280157480315
20
0.5276298818897638
11
0.8659448818897637
21
0.5271653543307087
0
LINE
8
BLACK
6
CONTINUOUS
10
0.8659448818897637
20
0.5271653543307087
11
0.8492125984251968
21
0.5271653543307087
0
LINE
8
BLACK
6
CONTINUOUS
10
0.8492125984251968
20
0.5271653543307087
11
0.8468773228346457
21
0.5276298818897638
0
LINE
8
BLACK
6
CONTINUOUS
10
0.8468773228346457
20
0.5276298818897638
11
0.8448975590551181
21
0.5289526771653543
0
LINE
8
BLACK
6
CONTINUOUS
10
0.8448975590551181
20
0.5289526771653543
11
0.8435747637795276
21
0.5309324409448819
0
LINE
8
BLACK
6
CONTINUOUS
10
0.8435747637795276
20
0.5309324409448819
11
0.8431102362204724
21
0.533267716535433
0
LINE
8
BLACK
6
CONTINUOUS
10
0.8431102362204724
20
0.533267716535433
11
0.8431102362204724
21
0.5454724409448819
0
LINE
8
BLACK
6
CONTINUOUS
10
0.8431102362204724
20
0.5454724409448819
11
0.8435747637795276
21
0.547807716535433
0
LINE
8
BLACK
6
CONTINUOUS
10
0.8435747637795276
20
0.547807716535433
11
0.8448975590551181
21
0.5497874803149606
0
LINE
8
BLACK
6
CONTINUOUS
10
0.8448975590551181
20
0.5497874803149606
11
0.8468773228346457
21
0.5511102755905511
0
LINE
8
BLACK
6
CONTINUOUS
10
0.8468773228346457
20
0.5511102755905511
11
0.8492125984251968
21
0.5515748031496063
0
LINE
8
BLACK
6
CONTINUOUS
10
0.8492125984251968
20
0.5515748031496063
11
0.8659448818897637
21
0.5515748031496063
0
LINE
8
BLACK
6
CONTINUOUS
10
0.8659448818897637
20
0.5515748031496063
11
0.868280157480315
21
0.5511102755905511
0
LINE
8
BLACK
6
CONTINUOUS
10
0.9129651968503937
20
0.5511102755905511
11
0.9149449606299213
21
0.5497874803149606
0
LINE
8
BLACK
6
CONTINUOUS
10
0.9149449606299213
20
0.5497874803149606
11
0.9162677559055118
21
0.547807716535433
0
LINE
8
BLACK
6
CONTINUOUS
10
0.9162677559055118
20
0.547807716535433
11
0.9167322834645669
21
0.5454724409448819
0
LINE
8
BLACK
6
CONTINUOUS
10
0.9167322834645669
20
0.5454724409448819
11
0.9167322834645669
21
0.533267716535433
0
LINE
8
BLACK
6
CONTINUOUS
10
0.9167322834645669
20
0.533267716535433
11
0.9162677559055118
21
0.5309324409448819
0
LINE
8
BLACK
6
CONTINUOUS
10
0.9162677559055118
20
0.5309324409448819
11
0.9149449606299213
21
0.5289526771653543
0
LINE
8
BLACK
6
CONTINUOUS
10
0.9149449606299213
20
0.5289526771653543
11
0.9129651968503937
21
0.5276298818897638
0
LINE
8
BLACK
6
CONTINUOUS
10
0.9129651968503937
20
0.5276298818897638
11
0.9106299212598425
21
0.5271653543307087
0
LINE
8
BLACK
6
CONTINUOUS
10
0.9106299212598425
20
0.5271653543307087
11
0.8938976377952755
21
0.5271653543307087
0
LINE
8
BLACK
6
CONTINUOUS
10
0.8938976377952755
20
0.5271653543307087
11
0.8915623622047244
21
0.5276298818897638
0
LINE
8
BLACK
6
CONTINUOUS
10
0.8915623622047244
20
0.5276298818897638
11
0.8895825984251968
21
0.5289526771653543
0
LINE
8
BLACK
6
CONTINUOUS
10
0.8895825984251968
20
0.5289526771653543
11
0.8882598031496063
21
0.5309324409448819
0
LINE
8
BLACK
6
CONTINUOUS
10
0.8882598031496063
20
0.5309324409448819
11
0.8877952755905512
21
0.533267716535433
0
LINE
8
BLACK
6
CONTINUOUS
10
0.8877952755905512
20
0.533267716535433
11
0.8877952755905512
21
0.5454724409448819
0
LINE
8
BLACK
6
CONTINUOUS
10
0.8877952755905512
20
0.5454724409448819
11
0.8882598031496063
21
0.547807716535433
0
LINE
8
BLACK
6
CONTINUOUS
10
0.8882598031496063
20
0.547807716535433
11
0.8895825984251968
21
0.5497874803149606
0
LINE
8
BLACK
6
CONTINUOUS
10
0.8895825984251968
20
0.5497874803149606
11
0.8915623622047244
21
0.5511102755905511
0
LINE
8
BLACK
6
CONTINUOUS
10
0.8915623622047244
20
0.5511102755905511
11
0.8938976377952755
21
0.5515748031496063
0
LINE
8
BLACK
6
CONTINUOUS
10
0.8938976377952755
20
0.5515748031496063
11
0.9106299212598425
21
0.5515748031496063
0
LINE
8
BLACK
6
CONTINUOUS
10
0.9106299212598425
20
0.5515748031496063
11
0.9129651968503937
21
0.5511102755905511
0
LINE
8
BLACK
6
CONTINUOUS
10
0.3049476771653543
20
0.6429515748031496
11
0.3081408267716536
21
0.6408179921259842
0
LINE
8
BLACK
6
CONTINUOUS
10
0.3081408267716536
20
0.6408179921259842
11
0.3102744094488189
21
0.637624842519685
0
LINE
8
BLACK
6
CONTINUOUS
10
0.3102744094488189
20
0.637624842519685
11
0.3110236220472441
21
0.6338582677165354
0
LINE
8
BLACK
6
CONTINUOUS
10
0.3110236220472441
20
0.6338582677165354
11
0.3110236220472441
21
0.5866141732283464
0
LINE
8
BLACK
6
CONTINUOUS
10
0.3110236220472441
20
0.5866141732283464
11
0.3102744094488189
21
0.5828475984251968
0
LINE
8
BLACK
6
CONTINUOUS
10
0.3102744094488189
20
0.5828475984251968
11
0.3081408267716536
21
0.5796544488188976
0
LINE
8
BLACK
6
CONTINUOUS
10
0.3081408267716536
20
0.5796544488188976
11
0.3049476771653543
21
0.5775208661417323
0
LINE
8
BLACK
6
CONTINUOUS
10
0.3049476771653543
20
0.5775208661417323
11
0.3011811023622047
21
0.5767716535433071
0
LINE
8
BLACK
6
CONTINUOUS
10
0.3011811023622047
20
0.5767716535433071
11
0.2696850393700788
21
0.5767716535433071
0
LINE
8
BLACK
6
CONTINUOUS
10
0.2696850393700788
20
0.5767716535433071
11
0.2659184645669291
21
0.5775208661417323
0
LINE
8
BLACK
6
CONTINUOUS
10
0.2659184645669291
20
0.5775208661417323
11
0.2627253149606299
21
0.5796544488188976
0
LINE
8
BLACK
6
CONTINUOUS
10
0.2627253149606299
20
0.5796544488188976
11
0.2605917322834645
21
0.5828475984251968
0
LINE
8
BLACK
6
CONTINUOUS
10
0.2605917322834645
20
0.5828475984251968
11
0.2598425196850394
21
0.5866141732283464
0
LINE
8
BLACK
6
CONTINUOUS
10
0.2598425196850394
20
0.5866141732283464
11
0.2598425196850394
21
0.6338582677165354
0
LINE
8
BLACK
6
CONTINUOUS
10
0.2598425196850394
20
0.6338582677165354
11
0.2605917322834645
21
0.637624842519685
0
LINE
8
BLACK
6
CONTINUOUS
10
0.2605917322834645
20
0.637624842519685
11
0.2627253149606299
21
0.6408179921259842
0
LINE
8
BLACK
6
CONTINUOUS
10
0.2627253149606299
20
0.6408179921259842
11
0.2659184645669291
21
0.6429515748031496
0
LINE
8
BLACK
6
CONTINUOUS
10
0.2659184645669291
20
0.6429515748031496
11
0.2696850393700788
21
0.6437007874015748
0
LINE
8
BLACK
6
CONTINUOUS
10
0.2696850393700788
20
0.6437007874015748
11
0.3011811023622047
21
0.6437007874015748
0
LINE
8
BLACK
6
CONTINUOUS
10
0.3011811023622047
20
0.6437007874015748
11
0.3049476771653543
21
0.6429515748031496
0
LINE
8
BLACK
6
CONTINUOUS
10
0.4427429527559055
20
0.6429515748031496
11
0.4459361023622047
21
0.6408179921259842
0
LINE
8
BLACK
6
CONTINUOUS
10
0.4459361023622047
20
0.6408179921259842
11
0.4480696850393701
21
0.637624842519685
0
LINE
8
BLACK
6
CONTINUOUS
10
0.4480696850393701
20
0.637624842519685
11
0.4488188976377953
21
0.6338582677165354
0
LINE
8
BLACK
6
CONTINUOUS
10
0.4488188976377953
20
0.6338582677165354
11
0.4488188976377953
21
0.5866141732283464
0
LINE
8
BLACK
6
CONTINUOUS
10
0.4488188976377953
20
0.5866141732283464
11
0.4480696850393701
21
0.5828475984251968
0
LINE
8
BLACK
6
CONTINUOUS
10
0.4480696850393701
20
0.5828475984251968
11
0.4459361023622047
21
0.5796544488188976
0
LINE
8
BLACK
6
CONTINUOUS
10
0.4459361023622047
20
0.5796544488188976
11
0.4427429527559055
21
0.5775208661417323
0
LINE
8
BLACK
6
CONTINUOUS
10
0.4427429527559055
20
0.5775208661417323
11
0.4389763779527559
21
0.5767716535433071
0
LINE
8
BLACK
6
CONTINUOUS
10
0.4389763779527559
20
0.5767716535433071
11
0.4074803149606299
21
0.5767716535433071
0
LINE
8
BLACK
6
CONTINUOUS
10
0.4074803149606299
20
0.5767716535433071
11
0.4037137401574803
21
0.5775208661417323
0
LINE
8
BLACK
6
CONTINUOUS
10
0.4037137401574803
20
0.5775208661417323
11
0.4005205905511811
21
0.5796544488188976
0
LINE
8
BLACK
6
CONTINUOUS
10
0.4005205905511811
20
0.5796544488188976
11
0.3983870078740158
21
0.5828475984251968
0
LINE
8
BLACK
6
CONTINUOUS
10
0.3983870078740158
20
0.5828475984251968
11
0.3976377952755906
21
0.5866141732283464
0
LINE
8
BLACK
6
CONTINUOUS
10
0.3976377952755906
20
0.5866141732283464
11
0.3976377952755906
21
0.6338582677165354
0
LINE
8
BLACK
6
CONTINUOUS
10
0.3976377952755906
20
0.6338582677165354
11
0.3983870078740158
21
0.637624842519685
0
LINE
8
BLACK
6
CONTINUOUS
10
0.3983870078740158
20
0.637624842519685
11
0.4005205905511811
21
0.6408179921259842
0
LINE
8
BLACK
6
CONTINUOUS
10
0.4005205905511811
20
0.6408179921259842
11
0.4037137401574803
21
0.6429515748031496
0
LINE
8
BLACK
6
CONTINUOUS
10
0.4037137401574803
20
0.6429515748031496
11
0.4074803149606299
21
0.6437007874015748
0
LINE
8
BLACK
6
CONTINUOUS
10
0.4074803149606299
20
0.6437007874015748
11
0.4389763779527559
21
0.6437007874015748
0
LINE
8
BLACK
6
CONTINUOUS
10
0.4389763779527559
20
0.6437007874015748
11
0.4427429527559055
21
0.6429515748031496
0
LINE
8
BLACK
6
CONTINUOUS
10
0.5077035826771653
20
0.6380303149606299
11
0.5108967322834645
21
0.6358967322834645
0
LINE
8
BLACK
6
CONTINUOUS
10
0.5108967322834645
20
0.6358967322834645
11
0.5130303149606299
21
0.6327035826771653
0
LINE
8
BLACK
6
CONTINUOUS
10
0.5130303149606299
20
0.6327035826771653
11
0.5137795275590551
21
0.6289370078740157
0
LINE
8
BLACK
6
CONTINUOUS
10
0.5137795275590551
20
0.6289370078740157
11
0.5137795275590551
21
0.5915354330708661
0
LINE
8
BLACK
6
CONTINUOUS
10
0.5137795275590551
20
0.5915354330708661
11
0.5130303149606299
21
0.5877688582677165
0
LINE
8
BLACK
6
CONTINUOUS
10
0.5130303149606299
20
0.5877688582677165
11
0.5108967322834645
21
0.5845757086614173
0
LINE
8
BLACK
6
CONTINUOUS
10
0.5108967322834645
20
0.5845757086614173
11
0.5077035826771653
21
0.5824421259842519
0
LINE
8
BLACK
6
CONTINUOUS
10
0.5077035826771653
20
0.5824421259842519
11
0.5039370078740157
21
0.5816929133858267
0
LINE
8
BLACK
6
CONTINUOUS
10
0.5039370078740157
20
0.5816929133858267
11
0.484251968503937
21
0.5816929133858267
0
LINE
8
BLACK
6
CONTINUOUS
10
0.484251968503937
20
0.5816929133858267
11
0.4804853937007874
21
0.5824421259842519
0
LINE
8
BLACK
6
CONTINUOUS
10
0.4804853937007874
20
0.5824421259842519
11
0.4772922440944882
21
0.5845757086614173
0
LINE
8
BLACK
6
CONTINUOUS
10
0.4772922440944882
20
0.5845757086614173
11
0.4751586614173228
21
0.5877688582677165
0
LINE
8
BLACK
6
CONTINUOUS
10
0.4751586614173228
20
0.5877688582677165
11
0.4744094488188976
21
0.5915354330708661
0
LINE
8
BLACK
6
CONTINUOUS
10
0.4744094488188976
20
0.5915354330708661
11
0.4744094488188976
21
0.6289370078740157
0
LINE
8
BLACK
6
CONTINUOUS
10
0.4744094488188976
20
0.6289370078740157
11
0.4751586614173228
21
0.6327035826771653
0
LINE
8
BLACK
6
CONTINUOUS
10
0.4751586614173228
20
0.6327035826771653
11
0.4772922440944882
21
0.6358967322834645
0
LINE
8
BLACK
6
CONTINUOUS
10
0.4772922440944882
20
0.6358967322834645
11
0.4804853937007874
21
0.6380303149606299
0
LINE
8
BLACK
6
CONTINUOUS
10
0.4804853937007874
20
0.6380303149606299
11
0.484251968503937
21
0.6387795275590551
0
LINE
8
BLACK
6
CONTINUOUS
10
0.484251968503937
20
0.6387795275590551
11
0.5039370078740157
21
0.6387795275590551
0
LINE
8
BLACK
6
CONTINUOUS
10
0.5039370078740157
20
0.6387795275590551
11
0.5077035826771653
21
0.6380303149606299
0
LINE
8
BLACK
6
CONTINUOUS
10
0.5825067322834645
20
0.6380303149606299
11
0.5856998818897637
21
0.6358967322834645
0
LINE
8
BLACK
6
CONTINUOUS
10
0.5856998818897637
20
0.6358967322834645
11
0.5878334645669291
21
0.6327035826771653
0
LINE
8
BLACK
6
CONTINUOUS
10
0.5878334645669291
20
0.6327035826771653
11
0.5885826771653543
21
0.6289370078740157
0
LINE
8
BLACK
6
CONTINUOUS
10
0.5885826771653543
20
0.6289370078740157
11
0.5885826771653543
21
0.5915354330708661
0
LINE
8
BLACK
6
CONTINUOUS
10
0.5885826771653543
20
0.5915354330708661
11
0.5878334645669291
21
0.5877688582677165
0
LINE
8
BLACK
6
CONTINUOUS
10
0.5878334645669291
20
0.5877688582677165
11
0.5856998818897637
21
0.5845757086614173
0
LINE
8
BLACK
6
CONTINUOUS
10
0.5856998818897637
20
0.5845757086614173
11
0.5825067322834645
21
0.5824421259842519
0
LINE
8
BLACK
6
CONTINUOUS
10
0.5825067322834645
20
0.5824421259842519
11
0.5787401574803149
21
0.5816929133858267
0
LINE
8
BLACK
6
CONTINUOUS
10
0.5787401574803149
20
0.5816929133858267
11
0.5590551181102362
21
0.5816929133858267
0
LINE
8
BLACK
6
CONTINUOUS
10
0.5590551181102362
20
0.5816929133858267
11
0.5552885433070865
21
0.5824421259842519
0
LINE
8
BLACK
6
CONTINUOUS
10
0.5552885433070865
20
0.5824421259842519
11
0.5520953937007874
21
0.5845757086614173
0
LINE
8
BLACK
6
CONTINUOUS
10
0.5520953937007874
20
0.5845757086614173
11
0.5499618110236221
21
0.5877688582677165
0
LINE
8
BLACK
6
CONTINUOUS
10
0.5499618110236221
20
0.5877688582677165
11
0.5492125984251969
21
0.5915354330708661
0
LINE
8
BLACK
6
CONTINUOUS
10
0.5492125984251969
20
0.5915354330708661
11
0.5492125984251969
21
0.6289370078740157
0
LINE
8
BLACK
6
CONTINUOUS
10
0.5492125984251969
20
0.6289370078740157
11
0.5499618110236221
21
0.6327035826771653
0
LINE
8
BLACK
6
CONTINUOUS
10
0.5499618110236221
20
0.6327035826771653
11
0.5520953937007874
21
0.6358967322834645
0
LINE
8
BLACK
6
CONTINUOUS
10
0.5520953937007874
20
0.6358967322834645
11
0.5552885433070865
21
0.6380303149606299
0
LINE
8
BLACK
6
CONTINUOUS
10
0.5552885433070865
20
0.6380303149606299
11
0.5590551181102362
21
0.6387795275590551
0
LINE
8
BLACK
6
CONTINUOUS
10
0.5590551181102362
20
0.6387795275590551
11
0.5787401574803149
21
0.6387795275590551
0
LINE
8
BLACK
6
CONTINUOUS
10
0.5787401574803149
20
0.6387795275590551
11
0.5825067322834645
21
0.6380303149606299
0
LINE
8
BLACK
6
CONTINUOUS
10
1.017665
20
0.647707874015748
11
1.0196447637795276
21
0.6463850393700787
0
LINE
8
BLACK
6
CONTINUOUS
10
1.0196447637795276
20
0.6463850393700787
11
1.0282748031496063
21
0.637755
0
LINE
8
BLACK
6
CONTINUOUS
10
1.0282748031496063
20
0.637755
11
1.0295976377952756
21
0.6357752362204724
0
LINE
8
BLACK
6
CONTINUOUS
10
1.0295976377952756
20
0.6357752362204724
11
1.0300621653543307
21
0.63344
0
LINE
8
BLACK
6
CONTINUOUS
10
1.0300621653543307
20
0.63344
11
1.0295976377952756
21
0.6311047244094488
0
LINE
8
BLACK
6
CONTINUOUS
10
1.0295976377952756
20
0.6311047244094488
11
1.0282748031496063
21
0.6291249606299213
0
LINE
8
BLACK
6
CONTINUOUS
10
1.0282748031496063
20
0.6291249606299213
11
1.0164433070866141
21
0.6172934645669291
0
LINE
8
BLACK
6
CONTINUOUS
10
1.0164433070866141
20
0.6172934645669291
11
1.0144635433070865
21
0.6159706299212598
0
LINE
8
BLACK
6
CONTINUOUS
10
1.0144635433070865
20
0.6159706299212598
11
1.0121282677165353
21
0.6155061023622047
0
LINE
8
BLACK
6
CONTINUOUS
10
1.0121282677165353
20
0.6155061023622047
11
1.009793031496063
21
0.6159706299212598
0
LINE
8
BLACK
6
CONTINUOUS
10
1.009793031496063
20
0.6159706299212598
11
1.0078132677165355
21
0.6172934645669291
0
LINE
8
BLACK
6
CONTINUOUS
10
1.0078132677165355
20
0.6172934645669291
11
0.9991832283464567
21
0.6259235039370079
0
LINE
8
BLACK
6
CONTINUOUS
10
0.9991832283464567
20
0.6259235039370079
11
0.9978603937007874
21
0.6279032677165354
0
LINE
8
BLACK
6
CONTINUOUS
10
0.9978603937007874
20
0.6279032677165354
11
0.9973958661417323
21
0.6302385039370079
0
LINE
8
BLACK
6
CONTINUOUS
10
0.9973958661417323
20
0.6302385039370079
11
0.9978603937007874
21
0.632573779527559
0
LINE
8
BLACK
6
CONTINUOUS
10
0.9978603937007874
20
0.632573779527559
11
0.9991832283464567
21
0.6345535433070866
0
LINE
8
BLACK
6
CONTINUOUS
10
0.9991832283464567
20
0.6345535433070866
11
1.0110147244094487
21
0.6463850393700787
0
LINE
8
BLACK
6
CONTINUOUS
10
1.0110147244094487
20
0.6463850393700787
11
1.0129944881889763
21
0.647707874015748
0
LINE
8
BLACK
6
CONTINUOUS
10
1.0129944881889763
20
0.647707874015748
11
1.0153297637795275
21
0.6481724015748032
0
LINE
8
BLACK
6
CONTINUOUS
10
1.0153297637795275
20
0.6481724015748032
11
1.017665
21
0.647707874015748
0
LINE
8
BLACK
6
CONTINUOUS
10
0.8551433070866141
20
0.6370477952755905
11
0.83844
21
0.6203444881889764
0
LINE
8
BLACK
6
CONTINUOUS
10
0.83844
20
0.6203444881889764
11
0.8328722047244095
21
0.625912283464567
0
LINE
8
BLACK
6
CONTINUOUS
10
0.8328722047244095
20
0.625912283464567
11
0.8495755118110236
21
0.6426155905511811
0
LINE
8
BLACK
6
CONTINUOUS
10
0.8495755118110236
20
0.6426155905511811
11
0.8551433070866141
21
0.6370477952755905
0
LINE
8
BLACK
6
CONTINUOUS
10
0.9219565354330709
20
0.625912283464567
11
0.9163887401574803
21
0.6203444881889764
0
LINE
8
BLACK
6
CONTINUOUS
10
0.9163887401574803
20
0.6203444881889764
11
0.8996854330708661
21
0.6370477952755905
0
LINE
8
BLACK
6
CONTINUOUS
10
0.8996854330708661
20
0.6370477952755905
11
0.9052532283464567
21
0.6426155905511811
0
LINE
8
BLACK
6
CONTINUOUS
10
0.9052532283464567
20
0.6426155905511811
11
0.9219565354330709
21
0.625912283464567
0
LINE
8
BLACK
6
CONTINUOUS
10
0.8384399212598425
20
0.6537511811023622
11
0.8217366141732283
21
0.637047874015748
0
LINE
8
BLACK
6
CONTINUOUS
10
0.8217366141732283
20
0.637047874015748
11
0.8161688188976378
21
0.6426156692913386
0
LINE
8
BLACK
6
CONTINUOUS
10
0.8161688188976378
20
0.6426156692913386
11
0.832872125984252
21
0.6593189763779528
0
LINE
8
BLACK
6
CONTINUOUS
10
0.832872125984252
20
0.6593189763779528
11
0.8384399212598425
21
0.6537511811023622
0
LINE
8
BLACK
6
CONTINUOUS
10
0.9386599212598425
20
0.6426156692913386
11
0.933092125984252
21
0.637047874015748
0
LINE
8
BLACK
6
CONTINUOUS
10
0.933092125984252
20
0.637047874015748
11
0.9163888188976378
21
0.6537511811023622
0
LINE
8
BLACK
6
CONTINUOUS
10
0.9163888188976378
20
0.6537511811023622
11
0.9219566141732283
21
0.6593189763779528
0
LINE
8
BLACK
6
CONTINUOUS
10
0.9219566141732283
20
0.6593189763779528
11
0.9386599212598425
21
0.6426156692913386
0
LINE
8
BLACK
6
CONTINUOUS
10
1.0492620866141733
20
0.6793049606299213
11
1.0512418503937007
21
0.677982125984252
0
LINE
8
BLACK
6
CONTINUOUS
10
1.0512418503937007
20
0.677982125984252
11
1.0598718897637796
21
0.6693520866141732
0
LINE
8
BLACK
6
CONTINUOUS
10
1.0598718897637796
20
0.6693520866141732
11
1.0611947244094488
21
0.6673723228346456
0
LINE
8
BLACK
6
CONTINUOUS
10
1.0611947244094488
20
0.6673723228346456
11
1.061659251968504
21
0.6650370866141733
0
LINE
8
BLACK
6
CONTINUOUS
10
1.061659251968504
20
0.6650370866141733
11
1.0611947244094488
21
0.662701811023622
0
LINE
8
BLACK
6
CONTINUOUS
10
1.0611947244094488
20
0.662701811023622
11
1.0598718897637796
21
0.6607220472440944
0
LINE
8
BLACK
6
CONTINUOUS
10
1.0598718897637796
20
0.6607220472440944
11
1.0480403937007874
21
0.6488905511811024
0
LINE
8
BLACK
6
CONTINUOUS
10
1.0480403937007874
20
0.6488905511811024
11
1.0460606299212598
21
0.6475677165354331
0
LINE
8
BLACK
6
CONTINUOUS
10
1.0460606299212598
20
0.6475677165354331
11
1.0437253543307086
21
0.647103188976378
0
LINE
8
BLACK
6
CONTINUOUS
10
1.0437253543307086
20
0.647103188976378
11
1.0413901181102363
21
0.6475677165354331
0
LINE
8
BLACK
6
CONTINUOUS
10
1.0413901181102363
20
0.6475677165354331
11
1.0394103543307087
21
0.6488905511811024
0
LINE
8
BLACK
6
CONTINUOUS
10
1.0394103543307087
20
0.6488905511811024
11
1.0307803149606298
21
0.6575205905511811
0
LINE
8
BLACK
6
CONTINUOUS
10
1.0307803149606298
20
0.6575205905511811
11
1.0294574803149605
21
0.6595003543307086
0
LINE
8
BLACK
6
CONTINUOUS
10
1.0294574803149605
20
0.6595003543307086
11
1.0289929527559054
21
0.6618355905511811
0
LINE
8
BLACK
6
CONTINUOUS
10
1.0289929527559054
20
0.6618355905511811
11
1.0294574803149605
21
0.6641708661417323
0
LINE
8
BLACK
6
CONTINUOUS
10
1.0294574803149605
20
0.6641708661417323
11
1.0307803149606298
21
0.6661506299212598
0
LINE
8
BLACK
6
CONTINUOUS
10
1.0307803149606298
20
0.6661506299212598
11
1.042611811023622
21
0.677982125984252
0
LINE
8
BLACK
6
CONTINUOUS
10
1.042611811023622
20
0.677982125984252
11
1.0445915748031496
21
0.6793049606299213
0
LINE
8
BLACK
6
CONTINUOUS
10
1.0445915748031496
20
0.6793049606299213
11
1.0469268503937008
21
0.6797694881889763
0
LINE
8
BLACK
6
CONTINUOUS
10
1.0469268503937008
20
0.6797694881889763
11
1.0492620866141733
21
0.6793049606299213
0
LINE
8
BLACK
6
CONTINUOUS
10
0.8217366929133858
20
0.6704544094488188
11
0.8050333858267716
21
0.6537511023622047
0
LINE
8
BLACK
6
CONTINUOUS
10
0.8050333858267716
20
0.6537511023622047
11
0.799465590551181
21
0.6593188976377953
0
LINE
8
BLACK
6
CONTINUOUS
10
0.799465590551181
20
0.6593188976377953
11
0.8161688976377952
21
0.6760222047244094
0
LINE
8
BLACK
6
CONTINUOUS
10
0.8161688976377952
20
0.6760222047244094
11
0.8217366929133858
21
0.6704544094488188
0
LINE
8
BLACK
6
CONTINUOUS
10
0.9553631496062992
20
0.6593188976377953
11
0.9497953543307086
21
0.6537511023622047
0
LINE
8
BLACK
6
CONTINUOUS
10
0.9497953543307086
20
0.6537511023622047
11
0.9330920472440944
21
0.6704544094488188
0
LINE
8
BLACK
6
CONTINUOUS
10
0.9330920472440944
20
0.6704544094488188
11
0.938659842519685
21
0.6760222047244094
0
LINE
8
BLACK
6
CONTINUOUS
10
0.938659842519685
20
0.6760222047244094
11
0.9553631496062992
21
0.6593188976377953
0
LINE
8
BLACK
6
CONTINUOUS
10
0.8662788582677166
20
0.6648866929133858
11
0.8551433070866141
21
0.6537511417322834
0
LINE
8
BLACK
6
CONTINUOUS
10
0.8551433070866141
20
0.6537511417322834
11
0.8495755511811024
21
0.6593188976377953
0
LINE
8
BLACK
6
CONTINUOUS
10
0.8495755511811024
20
0.6593188976377953
11
0.8607111023622047
21
0.6704544488188976
0
LINE
8
BLACK
6
CONTINUOUS
10
0.8607111023622047
20
0.6704544488188976
11
0.8662788582677166
21
0.6648866929133858
0
LINE
8
BLACK
6
CONTINUOUS
10
0.905253188976378
20
0.6593188976377953
11
0.8996854330708661
21
0.6537511417322834
0
LINE
8
BLACK
6
CONTINUOUS
10
0.8996854330708661
20
0.6537511417322834
11
0.8885498818897638
21
0.6648866929133858
0
LINE
8
BLACK
6
CONTINUOUS
10
0.8885498818897638
20
0.6648866929133858
11
0.8941176377952755
21
0.6704544488188976
0
LINE
8
BLACK
6
CONTINUOUS
10
0.8941176377952755
20
0.6704544488188976
11
0.905253188976378
21
0.6593188976377953
0
LINE
8
BLACK
6
CONTINUOUS
10
0.849575590551181
20
0.68159
11
0.8384400393700787
21
0.6704544488188976
0
LINE
8
BLACK
6
CONTINUOUS
10
0.8384400393700787
20
0.6704544488188976
11
0.8328722834645669
21
0.6760222047244094
0
LINE
8
BLACK
6
CONTINUOUS
10
0.8328722834645669
20
0.6760222047244094
11
0.8440078346456693
21
0.6871577559055118
0
LINE
8
BLACK
6
CONTINUOUS
10
0.8440078346456693
20
0.6871577559055118
11
0.849575590551181
21
0.68159
0
LINE
8
BLACK
6
CONTINUOUS
10
0.8050333070866141
20
0.6871577952755905
11
0.78833
21
0.6704544881889763
0
LINE
8
BLACK
6
CONTINUOUS
10
0.78833
20
0.6704544881889763
11
0.7827622047244094
21
0.6760222834645669
0
LINE
8
BLACK
6
CONTINUOUS
10
0.7827622047244094
20
0.6760222834645669
11
0.7994655118110237
21
0.6927255905511811
0
LINE
8
BLACK
6
CONTINUOUS
10
0.7994655118110237
20
0.6927255905511811
11
0.8050333070866141
21
0.6871577952755905
0
LINE
8
BLACK
6
CONTINUOUS
10
0.9219565354330709
20
0.6760222440944882
11
0.916388779527559
21
0.6704544881889763
0
LINE
8
BLACK
6
CONTINUOUS
10
0.916388779527559
20
0.6704544881889763
11
0.9052532283464567
21
0.6815900393700787
0
LINE
8
BLACK
6
CONTINUOUS
10
0.9052532283464567
20
0.6815900393700787
11
0.9108209842519684
21
0.6871577952755905
0
LINE
8
BLACK
6
CONTINUOUS
10
0.9108209842519684
20
0.6871577952755905
11
0.9219565354330709
21
0.6760222440944882
0
LINE
8
BLACK
6
CONTINUOUS
10
0.9720665354330709
20
0.6760222834645669
11
0.9664987401574803
21
0.6704544881889763
0
LINE
8
BLACK
6
CONTINUOUS
10
0.9664987401574803
20
0.6704544881889763
11
0.9497954330708661
21
0.6871577952755905
0
LINE
8
BLACK
6
CONTINUOUS
10
0.9497954330708661
20
0.6871577952755905
11
0.9553632283464567
21
0.6927255905511811
0
LINE
8
BLACK
6
CONTINUOUS
10
0.9553632283464567
20
0.6927255905511811
11
0.9720665354330709
21
0.6760222834645669
0
LINE
8
BLACK
6
CONTINUOUS
10
1.5265807480314961
20
0.778452716535433
11
1.5345127165354331
21
0.7758754724409449
0
LINE
8
BLACK
6
CONTINUOUS
10
1.5345127165354331
20
0.7758754724409449
11
1.5419438188976378
21
0.7720891338582677
0
LINE
8
BLACK
6
CONTINUOUS
10
1.5419438188976378
20
0.7720891338582677
11
1.5486911417322835
21
0.7671869291338582
0
LINE
8
BLACK
6
CONTINUOUS
10
1.5486911417322835
20
0.7671869291338582
11
1.5545885039370078
21
0.7612895669291339
0
LINE
8
BLACK
6
CONTINUOUS
10
1.5545885039370078
20
0.7612895669291339
11
1.5594907086614174
21
0.7545422440944882
0
LINE
8
BLACK
6
CONTINUOUS
10
1.5594907086614174
20
0.7545422440944882
11
1.5632770472440944
21
0.7471111417322834
0
LINE
8
BLACK
6
CONTINUOUS
10
1.5632770472440944
20
0.7471111417322834
11
1.5658542913385827
21
0.7391791732283465
0
LINE
8
BLACK
6
CONTINUOUS
10
1.5658542913385827
20
0.7391791732283465
11
1.5671589763779528
21
0.7309417322834646
0
LINE
8
BLACK
6
CONTINUOUS
10
1.5671589763779528
20
0.7309417322834646
11
1.5671589763779528
21
0.7226015748031496
0
LINE
8
BLACK
6
CONTINUOUS
10
1.5671589763779528
20
0.7226015748031496
11
1.5658542913385827
21
0.7143641338582677
0
LINE
8
BLACK
6
CONTINUOUS
10
1.5658542913385827
20
0.7143641338582677
11
1.5632770472440944
21
0.7064321653543307
0
LINE
8
BLACK
6
CONTINUOUS
10
1.5632770472440944
20
0.7064321653543307
11
1.5594907086614174
21
0.6990010629921259
0
LINE
8
BLACK
6
CONTINUOUS
10
1.5594907086614174
20
0.6990010629921259
11
1.5545885039370078
21
0.6922537401574803
0
LINE
8
BLACK
6
CONTINUOUS
10
1.5545885039370078
20
0.6922537401574803
11
1.5486911417322835
21
0.6863563779527558
0
LINE
8
BLACK
6
CONTINUOUS
10
1.5486911417322835
20
0.6863563779527558
11
1.5419438188976378
21
0.6814541732283464
0
LINE
8
BLACK
6
CONTINUOUS
10
1.5419438188976378
20
0.6814541732283464
11
1.5345127165354331
21
0.6776678346456693
0
LINE
8
BLACK
6
CONTINUOUS
10
1.5345127165354331
20
0.6776678346456693
11
1.5265807480314961
21
0.675090590551181
0
LINE
8
BLACK
6
CONTINUOUS
10
1.5265807480314961
20
0.675090590551181
11
1.5183433070866141
21
0.6737859055118111
0
LINE
8
BLACK
6
CONTINUOUS
10
1.5183433070866141
20
0.6737859055118111
11
1.5100031496062991
21
0.6737859055118111
0
LINE
8
BLACK
6
CONTINUOUS
10
1.5100031496062991
20
0.6737859055118111
11
1.5017657086614173
21
0.675090590551181
0
LINE
8
BLACK
6
CONTINUOUS
10
1.5017657086614173
20
0.675090590551181
11
1.4938337401574804
21
0.6776678346456693
0
LINE
8
BLACK
6
CONTINUOUS
10
1.4938337401574804
20
0.6776678346456693
11
1.4864026377952755
21
0.6814541732283464
0
LINE
8
BLACK
6
CONTINUOUS
10
1.4864026377952755
20
0.6814541732283464
11
1.47965531496063
21
0.6863563779527558
0
LINE
8
BLACK
6
CONTINUOUS
10
1.47965531496063
20
0.6863563779527558
11
1.4737579527559055
21
0.6922537401574803
0
LINE
8
BLACK
6
CONTINUOUS
10
1.4737579527559055
20
0.6922537401574803
11
1.4688557480314961
21
0.6990010629921259
0
LINE
8
BLACK
6
CONTINUOUS
10
1.4688557480314961
20
0.6990010629921259
11
1.4650694094488188
21
0.7064321653543307
0
LINE
8
BLACK
6
CONTINUOUS
10
1.4650694094488188
20
0.7064321653543307
11
1.4624921653543306
21
0.7143641338582677
0
LINE
8
BLACK
6
CONTINUOUS
10
1.4624921653543306
20
0.7143641338582677
11
1.4611874803149607
21
0.7226015748031496
0
LINE
8
BLACK
6
CONTINUOUS
10
1.4611874803149607
20
0.7226015748031496
11
1.4611874803149607
21
0.7309417322834646
0
LINE
8
BLACK
6
CONTINUOUS
10
1.4611874803149607
20
0.7309417322834646
11
1.4624921653543306
21
0.7391791732283465
0
LINE
8
BLACK
6
CONTINUOUS
10
1.4624921653543306
20
0.7391791732283465
11
1.4650694094488188
21
0.7471111417322834
0
LINE
8
BLACK
6
CONTINUOUS
10
1.4650694094488188
20
0.7471111417322834
11
1.4688557480314961
21
0.7545422440944882
0
LINE
8
BLACK
6
CONTINUOUS
10
1.4688557480314961
20
0.7545422440944882
11
1.4737579527559055
21
0.7612895669291339
0
LINE
8
BLACK
6
CONTINUOUS
10
1.4737579527559055
20
0.7612895669291339
11
1.47965531496063
21
0.7671869291338582
0
LINE
8
BLACK
6
CONTINUOUS
10
1.47965531496063
20
0.7671869291338582
11
1.4864026377952755
21
0.7720891338582677
0
LINE
8
BLACK
6
CONTINUOUS
10
1.4864026377952755
20
0.7720891338582677
11
1.4938337401574804
21
0.7758754724409449
0
LINE
8
BLACK
6
CONTINUOUS
10
1.4938337401574804
20
0.7758754724409449
11
1.5017657086614173
21
0.778452716535433
0
LINE
8
BLACK
6
CONTINUOUS
10
1.5017657086614173
20
0.778452716535433
11
1.5100031496062991
21
0.7797574015748031
0
LINE
8
BLACK
6
CONTINUOUS
10
1.5100031496062991
20
0.7797574015748031
11
1.5183433070866141
21
0.7797574015748031
0
LINE
8
BLACK
6
CONTINUOUS
10
1.5183433070866141
20
0.7797574015748031
11
1.5265807480314961
21
0.778452716535433
0
LINE
8
BLACK
6
CONTINUOUS
10
1.7265807480314961
20
0.778452716535433
11
1.734512716535433
21
0.7758754724409449
0
LINE
8
BLACK
6
CONTINUOUS
10
1.734512716535433
20
0.7758754724409449
11
1.7419438188976377
21
0.7720891338582677
0
LINE
8
BLACK
6
CONTINUOUS
10
1.7419438188976377
20
0.7720891338582677
11
1.7486911417322835
21
0.7671869291338582
0
LINE
8
BLACK
6
CONTINUOUS
10
1.7486911417322835
20
0.7671869291338582
11
1.7545885039370079
21
0.7612895669291339
0
LINE
8
BLACK
6
CONTINUOUS
10
1.7545885039370079
20
0.7612895669291339
11
1.7594907086614173
21
0.7545422440944882
0
LINE
8
BLACK
6
CONTINUOUS
10
1.7594907086614173
20
0.7545422440944882
11
1.7632770472440944
21
0.7471111417322834
0
LINE
8
BLACK
6
CONTINUOUS
10
1.7632770472440944
20
0.7471111417322834
11
1.7658542913385826
21
0.7391791732283465
0
LINE
8
BLACK
6
CONTINUOUS
10
1.7658542913385826
20
0.7391791732283465
11
1.7671589763779527
21
0.7309417322834646
0
LINE
8
BLACK
6
CONTINUOUS
10
1.7671589763779527
20
0.7309417322834646
11
1.7671589763779527
21
0.7226015748031496
0
LINE
8
BLACK
6
CONTINUOUS
10
1.7671589763779527
20
0.7226015748031496
11
1.7658542913385826
21
0.7143641338582677
0
LINE
8
BLACK
6
CONTINUOUS
10
1.7658542913385826
20
0.7143641338582677
11
1.7632770472440944
21
0.7064321653543307
0
LINE
8
BLACK
6
CONTINUOUS
10
1.7632770472440944
20
0.7064321653543307
11
1.7594907086614173
21
0.6990010629921259
0
LINE
8
BLACK
6
CONTINUOUS
10
1.7594907086614173
20
0.6990010629921259
11
1.7545885039370079
21
0.6922537401574803
0
LINE
8
BLACK
6
CONTINUOUS
10
1.7545885039370079
20
0.6922537401574803
11
1.7486911417322835
21
0.6863563779527558
0
LINE
8
BLACK
6
CONTINUOUS
10
1.7486911417322835
20
0.6863563779527558
11
1.7419438188976377
21
0.6814541732283464
0
LINE
8
BLACK
6
CONTINUOUS
10
1.7419438188976377
20
0.6814541732283464
11
1.734512716535433
21
0.6776678346456693
0
LINE
8
BLACK
6
CONTINUOUS
10
1.734512716535433
20
0.6776678346456693
11
1.7265807480314961
21
0.675090590551181
0
LINE
8
BLACK
6
CONTINUOUS
10
1.7265807480314961
20
0.675090590551181
11
1.7183433070866141
21
0.6737859055118111
0
LINE
8
BLACK
6
CONTINUOUS
10
1.7183433070866141
20
0.6737859055118111
11
1.7100031496062991
21
0.6737859055118111
0
LINE
8
BLACK
6
CONTINUOUS
10
1.7100031496062991
20
0.6737859055118111
11
1.7017657086614173
21
0.675090590551181
0
LINE
8
BLACK
6
CONTINUOUS
10
1.7017657086614173
20
0.675090590551181
11
1.6938337401574803
21
0.6776678346456693
0
LINE
8
BLACK
6
CONTINUOUS
10
1.6938337401574803
20
0.6776678346456693
11
1.6864026377952757
21
0.6814541732283464
0
LINE
8
BLACK
6
CONTINUOUS
10
1.6864026377952757
20
0.6814541732283464
11
1.6796553149606299
21
0.6863563779527558
0
LINE
8
BLACK
6
CONTINUOUS
10
1.6796553149606299
20
0.6863563779527558
11
1.6737579527559054
21
0.6922537401574803
0
LINE
8
BLACK
6
CONTINUOUS
10
1.6737579527559054
20
0.6922537401574803
11
1.6688557480314961
21
0.6990010629921259
0
LINE
8
BLACK
6
CONTINUOUS
10
1.6688557480314961
20
0.6990010629921259
11
1.6650694094488188
21
0.7064321653543307
0
LINE
8
BLACK
6
CONTINUOUS
10
1.6650694094488188
20
0.7064321653543307
11
1.6624921653543308
21
0.7143641338582677
0
LINE
8
BLACK
6
CONTINUOUS
10
1.6624921653543308
20
0.7143641338582677
11
1.6611874803149607
21
0.7226015748031496
0
LINE
8
BLACK
6
CONTINUOUS
10
1.6611874803149607
20
0.7226015748031496
11
1.6611874803149607
21
0.7309417322834646
0
LINE
8
BLACK
6
CONTINUOUS
10
1.6611874803149607
20
0.7309417322834646
11
1.6624921653543308
21
0.7391791732283465
0
LINE
8
BLACK
6
CONTINUOUS
10
1.6624921653543308
20
0.7391791732283465
11
1.6650694094488188
21
0.7471111417322834
0
LINE
8
BLACK
6
CONTINUOUS
10
1.6650694094488188
20
0.7471111417322834
11
1.6688557480314961
21
0.7545422440944882
0
LINE
8
BLACK
6
CONTINUOUS
10
1.6688557480314961
20
0.7545422440944882
11
1.6737579527559054
21
0.7612895669291339
0
LINE
8
BLACK
6
CONTINUOUS
10
1.6737579527559054
20
0.7612895669291339
11
1.6796553149606299
21
0.7671869291338582
0
LINE
8
BLACK
6
CONTINUOUS
10
1.6796553149606299
20
0.7671869291338582
11
1.6864026377952757
21
0.7720891338582677
0
LINE
8
BLACK
6
CONTINUOUS
10
1.6864026377952757
20
0.7720891338582677
11
1.6938337401574803
21
0.7758754724409449
0
LINE
8
BLACK
6
CONTINUOUS
10
1.6938337401574803
20
0.7758754724409449
11
1.7017657086614173
21
0.778452716535433
0
LINE
8
BLACK
6
CONTINUOUS
10
1.7017657086614173
20
0.778452716535433
11
1.7100031496062991
21
0.7797574015748031
0
LINE
8
BLACK
6
CONTINUOUS
10
1.7100031496062991
20
0.7797574015748031
11
1.7183433070866141
21
0.7797574015748031
0
LINE
8
BLACK
6
CONTINUOUS
10
1.7183433070866141
20
0.7797574015748031
11
1.7265807480314961
21
0.778452716535433
0
LINE
8
BLACK
6
CONTINUOUS
10
0.3343307086614173
20
0.6770866141732284
11
0.2743307086614173
21
0.6770866141732284
0
LINE
8
BLACK
6
CONTINUOUS
10
0.2743307086614173
20
0.6770866141732284
11
0.2743307086614173
21
0.7370866141732283
0
LINE
8
BLACK
6
CONTINUOUS
10
0.2743307086614173
20
0.7370866141732283
11
0.3343307086614173
21
0.7370866141732283
0
LINE
8
BLACK
6
CONTINUOUS
10
0.3343307086614173
20
0.7370866141732283
11
0.3343307086614173
21
0.6770866141732284
0
LINE
8
BLACK
6
CONTINUOUS
10
0.4343307086614173
20
0.6770866141732284
11
0.3743307086614173
21
0.6770866141732284
0
LINE
8
BLACK
6
CONTINUOUS
10
0.3743307086614173
20
0.6770866141732284
11
0.3743307086614173
21
0.7370866141732283
0
LINE
8
BLACK
6
CONTINUOUS
10
0.3743307086614173
20
0.7370866141732283
11
0.4343307086614173
21
0.7370866141732283
0
LINE
8
BLACK
6
CONTINUOUS
10
0.4343307086614173
20
0.7370866141732283
11
0.4343307086614173
21
0.6770866141732284
0
LINE
8
BLACK
6
CONTINUOUS
10
0.7883300393700787
20
0.7038610629921259
11
0.7716267322834646
21
0.6871577559055118
0
LINE
8
BLACK
6
CONTINUOUS
10
0.7716267322834646
20
0.6871577559055118
11
0.766058937007874
21
0.6927255511811024
0
LINE
8
BLACK
6
CONTINUOUS
10
0.766058937007874
20
0.6927255511811024
11
0.7827622440944881
21
0.7094288582677165
0
LINE
8
BLACK
6
CONTINUOUS
10
0.7827622440944881
20
0.7094288582677165
11
0.7883300393700787
21
0.7038610629921259
0
LINE
8
BLACK
6
CONTINUOUS
10
0.9887698031496063
20
0.6927255511811024
11
0.9832020078740157
21
0.6871577559055118
0
LINE
8
BLACK
6
CONTINUOUS
10
0.9832020078740157
20
0.6871577559055118
11
0.9664987007874015
21
0.7038610629921259
0
LINE
8
BLACK
6
CONTINUOUS
10
0.9664987007874015
20
0.7038610629921259
11
0.9720664960629921
21
0.7094288582677165
0
LINE
8
BLACK
6
CONTINUOUS
10
0.9720664960629921
20
0.7094288582677165
11
0.9887698031496063
21
0.6927255511811024
0
LINE
8
BLACK
6
CONTINUOUS
10
0.8328722440944881
20
0.6982933464566929
11
0.8217366929133858
21
0.6871577952755905
0
LINE
8
BLACK
6
CONTINUOUS
10
0.8217366929133858
20
0.6871577952755905
11
0.816168937007874
21
0.6927255511811024
0
LINE
8
BLACK
6
CONTINUOUS
10
0.816168937007874
20
0.6927255511811024
11
0.8273044881889764
21
0.7038611023622047
0
LINE
8
BLACK
6
CONTINUOUS
10
0.8273044881889764
20
0.7038611023622047
11
0.8328722440944881
21
0.6982933464566929
0
LINE
8
BLACK
6
CONTINUOUS
10
0.9386598031496063
20
0.6927255511811024
11
0.9330920472440944
21
0.6871577952755905
0
LINE
8
BLACK
6
CONTINUOUS
10
0.9330920472440944
20
0.6871577952755905
11
0.9219564960629921
21
0.6982933464566929
0
LINE
8
BLACK
6
CONTINUOUS
10
0.9219564960629921
20
0.6982933464566929
11
0.927524251968504
21
0.7038611023622047
0
LINE
8
BLACK
6
CONTINUOUS
10
0.927524251968504
20
0.7038611023622047
11
0.9386598031496063
21
0.6927255511811024
0
LINE
8
BLACK
6
CONTINUOUS
10
0.816168937007874
20
0.7149966141732284
11
0.8050333858267716
21
0.7038610629921259
0
LINE
8
BLACK
6
CONTINUOUS
10
0.8050333858267716
20
0.7038610629921259
11
0.7994656299212598
21
0.7094288188976378
0
LINE
8
BLACK
6
CONTINUOUS
10
0.7994656299212598
20
0.7094288188976378
11
0.8106011811023622
21
0.7205643700787402
0
LINE
8
BLACK
6
CONTINUOUS
10
0.8106011811023622
20
0.7205643700787402
11
0.816168937007874
21
0.7149966141732284
0
LINE
8
BLACK
6
CONTINUOUS
10
0.7716266929133858
20
0.7205644094488188
11
0.7549233858267717
21
0.7038611023622047
0
LINE
8
BLACK
6
CONTINUOUS
10
0.7549233858267717
20
0.7038611023622047
11
0.7493555905511811
21
0.7094288976377953
0
LINE
8
BLACK
6
CONTINUOUS
10
0.7493555905511811
20
0.7094288976377953
11
0.7660588976377952
21
0.7261322047244094
0
LINE
8
BLACK
6
CONTINUOUS
10
0.7660588976377952
20
0.7261322047244094
11
0.7716266929133858
21
0.7205644094488188
0
LINE
8
BLACK
6
CONTINUOUS
10
0.9553631496062992
20
0.7094288582677165
11
0.9497953937007874
21
0.7038611023622047
0
LINE
8
BLACK
6
CONTINUOUS
10
0.9497953937007874
20
0.7038611023622047
11
0.938659842519685
21
0.7149966535433071
0
LINE
8
BLACK
6
CONTINUOUS
10
0.938659842519685
20
0.7149966535433071
11
0.9442275984251969
21
0.7205644094488188
0
LINE
8
BLACK
6
CONTINUOUS
10
0.9442275984251969
20
0.7205644094488188
11
0.9553631496062992
21
0.7094288582677165
0
LINE
8
BLACK
6
CONTINUOUS
10
1.0054731496062992
20
0.7094288976377953
11
0.9999053543307086
21
0.7038611023622047
0
LINE
8
BLACK
6
CONTINUOUS
10
0.9999053543307086
20
0.7038611023622047
11
0.9832020472440944
21
0.7205644094488188
0
LINE
8
BLACK
6
CONTINUOUS
10
0.9832020472440944
20
0.7205644094488188
11
0.988769842519685
21
0.7261322047244094
0
LINE
8
BLACK
6
CONTINUOUS
10
0.988769842519685
20
0.7261322047244094
11
1.0054731496062992
21
0.7094288976377953
0
LINE
8
BLACK
6
CONTINUOUS
10
0.7549234251968504
20
0.7372676771653544
11
0.7382201181102362
21
0.7205643700787402
0
LINE
8
BLACK
6
CONTINUOUS
10
0.7382201181102362
20
0.7205643700787402
11
0.7326523228346457
21
0.7261321653543307
0
LINE
8
BLACK
6
CONTINUOUS
10
0.7326523228346457
20
0.7261321653543307
11
0.7493556299212598
21
0.7428354724409448
0
LINE
8
BLACK
6
CONTINUOUS
10
0.7493556299212598
20
0.7428354724409448
11
0.7549234251968504
21
0.7372676771653544
0
LINE
8
BLACK
6
CONTINUOUS
10
1.0221764173228347
20
0.7261321653543307
11
1.0166086220472441
21
0.7205643700787402
0
LINE
8
BLACK
6
CONTINUOUS
10
1.0166086220472441
20
0.7205643700787402
11
0.99990531496063
21
0.7372676771653544
0
LINE
8
BLACK
6
CONTINUOUS
10
0.99990531496063
20
0.7372676771653544
11
1.0054731102362204
21
0.7428354724409448
0
LINE
8
BLACK
6
CONTINUOUS
10
1.0054731102362204
20
0.7428354724409448
11
1.0221764173228347
21
0.7261321653543307
0
LINE
8
BLACK
6
CONTINUOUS
10
0.7994656299212598
20
0.7316999606299213
11
0.7883300787401575
21
0.7205644094488188
0
LINE
8
BLACK
6
CONTINUOUS
10
0.7883300787401575
20
0.7205644094488188
11
0.7827623228346456
21
0.7261321653543307
0
LINE
8
BLACK
6
CONTINUOUS
10
0.7827623228346456
20
0.7261321653543307
11
0.793897874015748
21
0.7372677165354331
0
LINE
8
BLACK
6
CONTINUOUS
10
0.793897874015748
20
0.7372677165354331
11
0.7994656299212598
21
0.7316999606299213
0
LINE
8
BLACK
6
CONTINUOUS
10
0.9720664173228346
20
0.7261321653543307
11
0.9664986614173228
21
0.7205644094488188
0
LINE
8
BLACK
6
CONTINUOUS
10
0.9664986614173228
20
0.7205644094488188
11
0.9553631102362204
21
0.7316999606299213
0
LINE
8
BLACK
6
CONTINUOUS
10
0.9553631102362204
20
0.7316999606299213
11
0.9609308661417323
21
0.7372677165354331
0
LINE
8
BLACK
6
CONTINUOUS
10
0.9609308661417323
20
0.7372677165354331
11
0.9720664173228346
21
0.7261321653543307
0
LINE
8
BLACK
6
CONTINUOUS
10
0.9603741732283464
20
0.8146597244094488
11
0.8685059055118109
21
0.7227914566929133
0
LINE
8
BLACK
6
CONTINUOUS
10
0.8685059055118109
20
0.7227914566929133
11
0.7849893700787401
21
0.8063079921259843
0
LINE
8
BLACK
6
CONTINUOUS
10
0.7849893700787401
20
0.8063079921259843
11
0.8768576377952756
21
0.8981762598425197
0
LINE
8
BLACK
6
CONTINUOUS
10
0.8768576377952756
20
0.8981762598425197
11
0.9603741732283464
21
0.8146597244094488
0
LINE
8
BLACK
6
CONTINUOUS
10
0.7827623228346456
20
0.7484032283464567
11
0.7716267716535433
21
0.7372676771653544
0
LINE
8
BLACK
6
CONTINUOUS
10
0.7716267716535433
20
0.7372676771653544
11
0.7660590157480315
21
0.7428354330708661
0
LINE
8
BLACK
6
CONTINUOUS
10
0.7660590157480315
20
0.7428354330708661
11
0.7771945669291338
21
0.7539709842519685
0
LINE
8
BLACK
6
CONTINUOUS
10
0.7771945669291338
20
0.7539709842519685
11
0.7827623228346456
21
0.7484032283464567
0
LINE
8
BLACK
6
CONTINUOUS
10
0.7382200787401575
20
0.7539710236220473
11
0.7215167716535433
21
0.7372677165354331
0
LINE
8
BLACK
6
CONTINUOUS
10
0.7215167716535433
20
0.7372677165354331
11
0.7159489763779527
21
0.7428355118110236
0
LINE
8
BLACK
6
CONTINUOUS
10
0.7159489763779527
20
0.7428355118110236
11
0.7326522834645669
21
0.7595388188976377
0
LINE
8
BLACK
6
CONTINUOUS
10
0.7326522834645669
20
0.7595388188976377
11
0.7382200787401575
21
0.7539710236220473
0
LINE
8
BLACK
6
CONTINUOUS
10
0.9887697637795275
20
0.7428354724409448
11
0.9832020078740157
21
0.7372677165354331
0
LINE
8
BLACK
6
CONTINUOUS
10
0.9832020078740157
20
0.7372677165354331
11
0.9720664566929134
21
0.7484032677165354
0
LINE
8
BLACK
6
CONTINUOUS
10
0.9720664566929134
20
0.7484032677165354
11
0.9776342125984252
21
0.7539710236220473
0
LINE
8
BLACK
6
CONTINUOUS
10
0.9776342125984252
20
0.7539710236220473
11
0.9887697637795275
21
0.7428354724409448
0
LINE
8
BLACK
6
CONTINUOUS
10
1.0388797637795275
20
0.7428355118110236
11
1.0333119685039369
21
0.7372677165354331
0
LINE
8
BLACK
6
CONTINUOUS
10
1.0333119685039369
20
0.7372677165354331
11
1.0166086614173229
21
0.7539710236220473
0
LINE
8
BLACK
6
CONTINUOUS
10
1.0166086614173229
20
0.7539710236220473
11
1.0221764566929135
21
0.7595388188976377
0
LINE
8
BLACK
6
CONTINUOUS
10
1.0221764566929135
20
0.7595388188976377
11
1.0388797637795275
21
0.7428355118110236
0
LINE
8
BLACK
6
CONTINUOUS
10
0.7215168110236221
20
0.7706743307086614
11
0.7048135039370078
21
0.7539710236220473
0
LINE
8
BLACK
6
CONTINUOUS
10
0.7048135039370078
20
0.7539710236220473
11
0.6992457086614173
21
0.7595388188976377
0
LINE
8
BLACK
6
CONTINUOUS
10
0.6992457086614173
20
0.7595388188976377
11
0.7159490157480315
21
0.7762421259842519
0
LINE
8
BLACK
6
CONTINUOUS
10
0.7159490157480315
20
0.7762421259842519
11
0.7215168110236221
21
0.7706743307086614
0
LINE
8
BLACK
6
CONTINUOUS
10
0.7660590157480315
20
0.7651065748031496
11
0.7549234645669292
21
0.7539710236220473
0
LINE
8
BLACK
6
CONTINUOUS
10
0.7549234645669292
20
0.7539710236220473
11
0.7493557086614173
21
0.759538779527559
0
LINE
8
BLACK
6
CONTINUOUS
10
0.7493557086614173
20
0.759538779527559
11
0.7604912598425196
21
0.7706743307086614
0
LINE
8
BLACK
6
CONTINUOUS
10
0.7604912598425196
20
0.7706743307086614
11
0.7660590157480315
21
0.7651065748031496
0
LINE
8
BLACK
6
CONTINUOUS
10
1.0054730314960629
20
0.759538779527559
11
0.9999052755905512
21
0.7539710236220473
0
LINE
8
BLACK
6
CONTINUOUS
10
0.9999052755905512
20
0.7539710236220473
11
0.9887697244094488
21
0.7651065748031496
0
LINE
8
BLACK
6
CONTINUOUS
10
0.9887697244094488
20
0.7651065748031496
11
0.9943374803149606
21
0.7706743307086614
0
LINE
8
BLACK
6
CONTINUOUS
10
0.9943374803149606
20
0.7706743307086614
11
1.0054730314960629
21
0.759538779527559
0
LINE
8
BLACK
6
CONTINUOUS
10
1.055583031496063
20
0.7595388188976377
11
1.0500152362204724
21
0.7539710236220473
0
LINE
8
BLACK
6
CONTINUOUS
10
1.0500152362204724
20
0.7539710236220473
11
1.0333119291338582
21
0.7706743307086614
0
LINE
8
BLACK
6
CONTINUOUS
10
1.0333119291338582
20
0.7706743307086614
11
1.0388797244094488
21
0.7762421259842519
0
LINE
8
BLACK
6
CONTINUOUS
10
1.0388797244094488
20
0.7762421259842519
11
1.055583031496063
21
0.7595388188976377
0
LINE
8
BLACK
6
CONTINUOUS
10
0.7493557086614173
20
0.781809842519685
11
0.738220157480315
21
0.7706742913385827
0
LINE
8
BLACK
6
CONTINUOUS
10
0.738220157480315
20
0.7706742913385827
11
0.7326524015748032
21
0.7762420472440945
0
LINE
8
BLACK
6
CONTINUOUS
10
0.7326524015748032
20
0.7762420472440945
11
0.7437879527559055
21
0.7873775984251968
0
LINE
8
BLACK
6
CONTINUOUS
10
0.7437879527559055
20
0.7873775984251968
11
0.7493557086614173
21
0.781809842519685
0
LINE
8
BLACK
6
CONTINUOUS
10
0.7048134645669292
20
0.7873776377952756
11
0.6881101574803149
21
0.7706743307086614
0
LINE
8
BLACK
6
CONTINUOUS
10
0.6881101574803149
20
0.7706743307086614
11
0.6825423622047244
21
0.7762421259842519
0
LINE
8
BLACK
6
CONTINUOUS
10
0.6825423622047244
20
0.7762421259842519
11
0.6992456692913386
21
0.7929454330708662
0
LINE
8
BLACK
6
CONTINUOUS
10
0.6992456692913386
20
0.7929454330708662
11
0.7048134645669292
21
0.7873776377952756
0
LINE
8
BLACK
6
CONTINUOUS
10
1.0722863779527558
20
0.7762421259842519
11
1.0667185826771652
21
0.7706743307086614
0
LINE
8
BLACK
6
CONTINUOUS
10
1.0667185826771652
20
0.7706743307086614
11
1.0500152755905512
21
0.7873776377952756
0
LINE
8
BLACK
6
CONTINUOUS
10
1.0500152755905512
20
0.7873776377952756
11
1.0555830708661418
21
0.7929454330708662
0
LINE
8
BLACK
6
CONTINUOUS
10
1.0555830708661418
20
0.7929454330708662
11
1.0722863779527558
21
0.7762421259842519
0
LINE
8
BLACK
6
CONTINUOUS
10
1.022176377952756
20
0.7762421259842519
11
1.0166086220472441
21
0.7706743700787402
0
LINE
8
BLACK
6
CONTINUOUS
10
1.0166086220472441
20
0.7706743700787402
11
1.0054730708661417
21
0.7818099212598425
0
LINE
8
BLACK
6
CONTINUOUS
10
1.0054730708661417
20
0.7818099212598425
11
1.0110408267716535
21
0.7873776771653543
0
LINE
8
BLACK
6
CONTINUOUS
10
1.0110408267716535
20
0.7873776771653543
11
1.022176377952756
21
0.7762421259842519
0
LINE
8
BLACK
6
CONTINUOUS
10
0.3343307086614173
20
0.7770866141732283
11
0.2743307086614173
21
0.7770866141732283
0
LINE
8
BLACK
6
CONTINUOUS
10
0.2743307086614173
20
0.7770866141732283
11
0.2743307086614173
21
0.8370866141732284
0
LINE
8
BLACK
6
CONTINUOUS
10
0.2743307086614173
20
0.8370866141732284
11
0.3343307086614173
21
0.8370866141732284
0
LINE
8
BLACK
6
CONTINUOUS
10
0.3343307086614173
20
0.8370866141732284
11
0.3343307086614173
21
0.7770866141732283
0
LINE
8
BLACK
6
CONTINUOUS
10
0.4343307086614173
20
0.7770866141732283
11
0.3743307086614173
21
0.7770866141732283
0
LINE
8
BLACK
6
CONTINUOUS
10
0.3743307086614173
20
0.7770866141732283
11
0.3743307086614173
21
0.8370866141732284
0
LINE
8
BLACK
6
CONTINUOUS
10
0.3743307086614173
20
0.8370866141732284
11
0.4343307086614173
21
0.8370866141732284
0
LINE
8
BLACK
6
CONTINUOUS
10
0.4343307086614173
20
0.8370866141732284
11
0.4343307086614173
21
0.7770866141732283
0
LINE
8
BLACK
6
CONTINUOUS
10
1.6256616929133858
20
0.8746244881889763
11
1.6330060629921259
21
0.8722381496062992
0
LINE
8
BLACK
6
CONTINUOUS
10
1.6330060629921259
20
0.8722381496062992
11
1.6398867322834645
21
0.8687322834645669
0
LINE
8
BLACK
6
CONTINUOUS
10
1.6398867322834645
20
0.8687322834645669
11
1.6461342519685038
21
0.864193188976378
0
LINE
8
BLACK
6
CONTINUOUS
10
1.6461342519685038
20
0.864193188976378
11
1.6515947637795276
21
0.8587326771653543
0
LINE
8
BLACK
6
CONTINUOUS
10
1.6515947637795276
20
0.8587326771653543
11
1.6561338582677165
21
0.8524851574803149
0
LINE
8
BLACK
6
CONTINUOUS
10
1.6561338582677165
20
0.8524851574803149
11
1.6596397244094487
21
0.8456044881889764
0
LINE
8
BLACK
6
CONTINUOUS
10
1.6596397244094487
20
0.8456044881889764
11
1.662026062992126
21
0.8382601181102362
0
LINE
8
BLACK
6
CONTINUOUS
10
1.662026062992126
20
0.8382601181102362
11
1.6632341338582677
21
0.8306328346456693
0
LINE
8
BLACK
6
CONTINUOUS
10
1.6632341338582677
20
0.8306328346456693
11
1.6632341338582677
21
0.8229104724409448
0
LINE
8
BLACK
6
CONTINUOUS
10
1.6632341338582677
20
0.8229104724409448
11
1.662026062992126
21
0.815283188976378
0
LINE
8
BLACK
6
CONTINUOUS
10
1.662026062992126
20
0.815283188976378
11
1.6596397244094487
21
0.8079388188976377
0
LINE
8
BLACK
6
CONTINUOUS
10
1.6596397244094487
20
0.8079388188976377
11
1.6561338582677165
21
0.8010581496062992
0
LINE
8
BLACK
6
CONTINUOUS
10
1.6561338582677165
20
0.8010581496062992
11
1.6515947637795276
21
0.7948106299212598
0
LINE
8
BLACK
6
CONTINUOUS
10
1.6515947637795276
20
0.7948106299212598
11
1.6461342519685038
21
0.7893501181102363
0
LINE
8
BLACK
6
CONTINUOUS
10
1.6461342519685038
20
0.7893501181102363
11
1.6398867322834645
21
0.7848110236220472
0
LINE
8
BLACK
6
CONTINUOUS
10
1.6398867322834645
20
0.7848110236220472
11
1.6330060629921259
21
0.7813051574803149
0
LINE
8
BLACK
6
CONTINUOUS
10
1.6330060629921259
20
0.7813051574803149
11
1.6256616929133858
21
0.7789188188976378
0
LINE
8
BLACK
6
CONTINUOUS
10
1.6256616929133858
20
0.7789188188976378
11
1.6180344094488188
21
0.7777107480314961
0
LINE
8
BLACK
6
CONTINUOUS
10
1.6180344094488188
20
0.7777107480314961
11
1.6103120472440944
21
0.7777107480314961
0
LINE
8
BLACK
6
CONTINUOUS
10
1.6103120472440944
20
0.7777107480314961
11
1.6026847637795276
21
0.7789188188976378
0
LINE
8
BLACK
6
CONTINUOUS
10
1.6026847637795276
20
0.7789188188976378
11
1.5953403937007873
21
0.7813051574803149
0
LINE
8
BLACK
6
CONTINUOUS
10
1.5953403937007873
20
0.7813051574803149
11
1.5884597244094487
21
0.7848110236220472
0
LINE
8
BLACK
6
CONTINUOUS
10
1.5884597244094487
20
0.7848110236220472
11
1.5822122047244094
21
0.7893501181102363
0
LINE
8
BLACK
6
CONTINUOUS
10
1.5822122047244094
20
0.7893501181102363
11
1.5767516929133858
21
0.7948106299212598
0
LINE
8
BLACK
6
CONTINUOUS
10
1.5767516929133858
20
0.7948106299212598
11
1.5722125984251969
21
0.8010581496062992
0
LINE
8
BLACK
6
CONTINUOUS
10
1.5722125984251969
20
0.8010581496062992
11
1.5687067322834645
21
0.8079388188976377
0
LINE
8
BLACK
6
CONTINUOUS
10
1.5687067322834645
20
0.8079388188976377
11
1.5663203937007875
21
0.815283188976378
0
LINE
8
BLACK
6
CONTINUOUS
10
1.5663203937007875
20
0.815283188976378
11
1.5651123228346457
21
0.8229104724409448
0
LINE
8
BLACK
6
CONTINUOUS
10
1.5651123228346457
20
0.8229104724409448
11
1.5651123228346457
21
0.8306328346456693
0
LINE
8
BLACK
6
CONTINUOUS
10
1.5651123228346457
20
0.8306328346456693
11
1.5663203937007875
21
0.8382601181102362
0
LINE
8
BLACK
6
CONTINUOUS
10
1.5663203937007875
20
0.8382601181102362
11
1.5687067322834645
21
0.8456044881889764
0
LINE
8
BLACK
6
CONTINUOUS
10
1.5687067322834645
20
0.8456044881889764
11
1.5722125984251969
21
0.8524851574803149
0
LINE
8
BLACK
6
CONTINUOUS
10
1.5722125984251969
20
0.8524851574803149
11
1.5767516929133858
21
0.8587326771653543
0
LINE
8
BLACK
6
CONTINUOUS
10
1.5767516929133858
20
0.8587326771653543
11
1.5822122047244094
21
0.864193188976378
0
LINE
8
BLACK
6
CONTINUOUS
10
1.5822122047244094
20
0.864193188976378
11
1.5884597244094487
21
0.8687322834645669
0
LINE
8
BLACK
6
CONTINUOUS
10
1.5884597244094487
20
0.8687322834645669
11
1.5953403937007873
21
0.8722381496062992
0
LINE
8
BLACK
6
CONTINUOUS
10
1.5953403937007873
20
0.8722381496062992
11
1.6026847637795276
21
0.8746244881889763
0
LINE
8
BLACK
6
CONTINUOUS
10
1.6026847637795276
20
0.8746244881889763
11
1.6103120472440944
21
0.8758325590551181
0
LINE
8
BLACK
6
CONTINUOUS
10
1.6103120472440944
20
0.8758325590551181
11
1.6180344094488188
21
0.8758325590551181
0
LINE
8
BLACK
6
CONTINUOUS
10
1.6180344094488188
20
0.8758325590551181
11
1.6256616929133858
21
0.8746244881889763
0
LINE
8
BLACK
6
CONTINUOUS
10
1.3059960629921259
20
0.7843661417322835
11
1.256996062992126
21
0.7843661417322835
0
LINE
8
BLACK
6
CONTINUOUS
10
1.256996062992126
20
0.7843661417322835
11
1.256996062992126
21
0.8063661417322835
0
LINE
8
BLACK
6
CONTINUOUS
10
1.256996062992126
20
0.8063661417322835
11
1.3059960629921259
21
0.8063661417322835
0
LINE
8
BLACK
6
CONTINUOUS
10
1.3059960629921259
20
0.8063661417322835
11
1.3059960629921259
21
0.7843661417322835
0
LINE
8
BLACK
6
CONTINUOUS
10
0.7326523622047244
20
0.7985131889763779
11
0.7215168110236221
21
0.7873776377952756
0
LINE
8
BLACK
6
CONTINUOUS
10
0.7215168110236221
20
0.7873776377952756
11
0.7159490551181102
21
0.7929453937007874
0
LINE
8
BLACK
6
CONTINUOUS
10
0.7159490551181102
20
0.7929453937007874
11
0.7270846062992126
21
0.8040809448818897
0
LINE
8
BLACK
6
CONTINUOUS
10
0.7270846062992126
20
0.8040809448818897
11
0.7326523622047244
21
0.7985131889763779
0
LINE
8
BLACK
6
CONTINUOUS
10
1.03887968503937
20
0.7929453937007874
11
1.0333119291338582
21
0.7873776377952756
0
LINE
8
BLACK
6
CONTINUOUS
10
1.0333119291338582
20
0.7873776377952756
11
1.022176377952756
21
0.7985131889763779
0
LINE
8
BLACK
6
CONTINUOUS
10
1.022176377952756
20
0.7985131889763779
11
1.0277441338582678
21
0.8040809448818897
0
LINE
8
BLACK
6
CONTINUOUS
10
1.0277441338582678
20
0.8040809448818897
11
1.03887968503937
21
0.7929453937007874
0
LINE
8
BLACK
6
CONTINUOUS
10
1.1556817322834645
20
0.8320846850393701
11
1.1576614960629921
21
0.8307618897637795
0
LINE
8
BLACK
6
CONTINUOUS
10
1.1576614960629921
20
0.8307618897637795
11
1.1589842913385826
21
0.8287821259842519
0
LINE
8
BLACK
6
CONTINUOUS
10
1.1589842913385826
20
0.8287821259842519
11
1.1594488188976377
21
0.8264468503937008
0
LINE
8
BLACK
6
CONTINUOUS
10
1.1594488188976377
20
0.8264468503937008
11
1.1594488188976377
21
0.8142421259842519
0
LINE
8
BLACK
6
CONTINUOUS
10
1.1594488188976377
20
0.8142421259842519
11
1.1589842913385826
21
0.8119068503937008
0
LINE
8
BLACK
6
CONTINUOUS
10
1.1589842913385826
20
0.8119068503937008
11
1.1576614960629921
21
0.8099270866141732
0
LINE
8
BLACK
6
CONTINUOUS
10
1.1576614960629921
20
0.8099270866141732
11
1.1556817322834645
21
0.8086042913385827
0
LINE
8
BLACK
6
CONTINUOUS
10
1.1556817322834645
20
0.8086042913385827
11
1.1533464566929135
21
0.8081397637795276
0
LINE
8
BLACK
6
CONTINUOUS
10
1.1533464566929135
20
0.8081397637795276
11
1.1366141732283463
21
0.8081397637795276
0
LINE
8
BLACK
6
CONTINUOUS
10
1.1366141732283463
20
0.8081397637795276
11
1.1342788976377953
21
0.8086042913385827
0
LINE
8
BLACK
6
CONTINUOUS
10
1.1342788976377953
20
0.8086042913385827
11
1.1322991338582677
21
0.8099270866141732
0
LINE
8
BLACK
6
CONTINUOUS
10
1.1322991338582677
20
0.8099270866141732
11
1.1309763385826772
21
0.8119068503937008
0
LINE
8
BLACK
6
CONTINUOUS
10
1.1309763385826772
20
0.8119068503937008
11
1.1305118110236221
21
0.8142421259842519
0
LINE
8
BLACK
6
CONTINUOUS
10
1.1305118110236221
20
0.8142421259842519
11
1.1305118110236221
21
0.8264468503937008
0
LINE
8
BLACK
6
CONTINUOUS
10
1.1305118110236221
20
0.8264468503937008
11
1.1309763385826772
21
0.8287821259842519
0
LINE
8
BLACK
6
CONTINUOUS
10
1.1309763385826772
20
0.8287821259842519
11
1.1322991338582677
21
0.8307618897637795
0
LINE
8
BLACK
6
CONTINUOUS
10
1.1322991338582677
20
0.8307618897637795
11
1.1342788976377953
21
0.8320846850393701
0
LINE
8
BLACK
6
CONTINUOUS
10
1.1342788976377953
20
0.8320846850393701
11
1.1366141732283463
21
0.8325492125984252
0
LINE
8
BLACK
6
CONTINUOUS
10
1.1366141732283463
20
0.8325492125984252
11
1.1533464566929135
21
0.8325492125984252
0
LINE
8
BLACK
6
CONTINUOUS
10
1.1533464566929135
20
0.8325492125984252
11
1.1556817322834645
21
0.8320846850393701
0
LINE
8
BLACK
6
CONTINUOUS
10
1.2003667716535433
20
0.8320846850393701
11
1.2023465354330709
21
0.8307618897637795
0
LINE
8
BLACK
6
CONTINUOUS
10
1.2023465354330709
20
0.8307618897637795
11
1.2036693307086614
21
0.8287821259842519
0
LINE
8
BLACK
6
CONTINUOUS
10
1.2036693307086614
20
0.8287821259842519
11
1.2041338582677166
21
0.8264468503937008
0
LINE
8
BLACK
6
CONTINUOUS
10
1.2041338582677166
20
0.8264468503937008
11
1.2041338582677166
21
0.8142421259842519
0
LINE
8
BLACK
6
CONTINUOUS
10
1.2041338582677166
20
0.8142421259842519
11
1.2036693307086614
21
0.8119068503937008
0
LINE
8
BLACK
6
CONTINUOUS
10
1.2036693307086614
20
0.8119068503937008
11
1.2023465354330709
21
0.8099270866141732
0
LINE
8
BLACK
6
CONTINUOUS
10
1.2023465354330709
20
0.8099270866141732
11
1.2003667716535433
21
0.8086042913385827
0
LINE
8
BLACK
6
CONTINUOUS
10
1.2003667716535433
20
0.8086042913385827
11
1.1980314960629921
21
0.8081397637795276
0
LINE
8
BLACK
6
CONTINUOUS
10
1.1980314960629921
20
0.8081397637795276
11
1.1812992125984252
21
0.8081397637795276
0
LINE
8
BLACK
6
CONTINUOUS
10
1.1812992125984252
20
0.8081397637795276
11
1.1789639370078739
21
0.8086042913385827
0
LINE
8
BLACK
6
CONTINUOUS
10
1.1789639370078739
20
0.8086042913385827
11
1.1769841732283464
21
0.8099270866141732
0
LINE
8
BLACK
6
CONTINUOUS
10
1.1769841732283464
20
0.8099270866141732
11
1.1756613779527558
21
0.8119068503937008
0
LINE
8
BLACK
6
CONTINUOUS
10
1.1756613779527558
20
0.8119068503937008
11
1.1751968503937007
21
0.8142421259842519
0
LINE
8
BLACK
6
CONTINUOUS
10
1.1751968503937007
20
0.8142421259842519
11
1.1751968503937007
21
0.8264468503937008
0
LINE
8
BLACK
6
CONTINUOUS
10
1.1751968503937007
20
0.8264468503937008
11
1.1756613779527558
21
0.8287821259842519
0
LINE
8
BLACK
6
CONTINUOUS
10
1.1756613779527558
20
0.8287821259842519
11
1.1769841732283464
21
0.8307618897637795
0
LINE
8
BLACK
6
CONTINUOUS
10
1.1769841732283464
20
0.8307618897637795
11
1.1789639370078739
21
0.8320846850393701
0
LINE
8
BLACK
6
CONTINUOUS
10
1.1789639370078739
20
0.8320846850393701
11
1.1812992125984252
21
0.8325492125984252
0
LINE
8
BLACK
6
CONTINUOUS
10
1.1812992125984252
20
0.8325492125984252
11
1.1980314960629921
21
0.8325492125984252
0
LINE
8
BLACK
6
CONTINUOUS
10
1.1980314960629921
20
0.8325492125984252
11
1.2003667716535433
21
0.8320846850393701
0
LINE
8
BLACK
6
CONTINUOUS
10
1.3912885433070865
20
0.8329850787401575
11
1.3933321653543307
21
0.8316195669291339
0
LINE
8
BLACK
6
CONTINUOUS
10
1.3933321653543307
20
0.8316195669291339
11
1.3946976771653543
21
0.8295759448818898
0
LINE
8
BLACK
6
CONTINUOUS
10
1.3946976771653543
20
0.8295759448818898
11
1.3951771653543308
21
0.8271653543307086
0
LINE
8
BLACK
6
CONTINUOUS
10
1.3951771653543308
20
0.8271653543307086
11
1.3951771653543308
21
0.8145669291338582
0
LINE
8
BLACK
6
CONTINUOUS
10
1.3951771653543308
20
0.8145669291338582
11
1.3946976771653543
21
0.8121563385826771
0
LINE
8
BLACK
6
CONTINUOUS
10
1.3946976771653543
20
0.8121563385826771
11
1.3933321653543307
21
0.810112716535433
0
LINE
8
BLACK
6
CONTINUOUS
10
1.3933321653543307
20
0.810112716535433
11
1.3912885433070865
21
0.8087472047244094
0
LINE
8
BLACK
6
CONTINUOUS
10
1.3912885433070865
20
0.8087472047244094
11
1.3888779527559054
21
0.8082677165354331
0
LINE
8
BLACK
6
CONTINUOUS
10
1.3888779527559054
20
0.8082677165354331
11
1.3713582677165355
21
0.8082677165354331
0
LINE
8
BLACK
6
CONTINUOUS
10
1.3713582677165355
20
0.8082677165354331
11
1.3689476771653544
21
0.8087472047244094
0
LINE
8
BLACK
6
CONTINUOUS
10
1.3689476771653544
20
0.8087472047244094
11
1.3669040551181102
21
0.810112716535433
0
LINE
8
BLACK
6
CONTINUOUS
10
1.3669040551181102
20
0.810112716535433
11
1.3655385433070866
21
0.8121563385826771
0
LINE
8
BLACK
6
CONTINUOUS
10
1.3655385433070866
20
0.8121563385826771
11
1.3650590551181101
21
0.8145669291338582
0
LINE
8
BLACK
6
CONTINUOUS
10
1.3650590551181101
20
0.8145669291338582
11
1.3650590551181101
21
0.8271653543307086
0
LINE
8
BLACK
6
CONTINUOUS
10
1.3650590551181101
20
0.8271653543307086
11
1.3655385433070866
21
0.8295759448818898
0
LINE
8
BLACK
6
CONTINUOUS
10
1.3655385433070866
20
0.8295759448818898
11
1.3669040551181102
21
0.8316195669291339
0
LINE
8
BLACK
6
CONTINUOUS
10
1.3669040551181102
20
0.8316195669291339
11
1.3689476771653544
21
0.8329850787401575
0
LINE
8
BLACK
6
CONTINUOUS
10
1.3689476771653544
20
0.8329850787401575
11
1.3713582677165355
21
0.8334645669291338
0
LINE
8
BLACK
6
CONTINUOUS
10
1.3713582677165355
20
0.8334645669291338
11
1.3888779527559054
21
0.8334645669291338
0
LINE
8
BLACK
6
CONTINUOUS
10
1.3888779527559054
20
0.8334645669291338
11
1.3912885433070865
21
0.8329850787401575
0
LINE
8
BLACK
6
CONTINUOUS
10
1.4363672834645669
20
0.8329850787401575
11
1.4384109055118111
21
0.8316195669291339
0
LINE
8
BLACK
6
CONTINUOUS
10
1.4384109055118111
20
0.8316195669291339
11
1.4397764173228347
21
0.8295759448818898
0
LINE
8
BLACK
6
CONTINUOUS
10
1.4397764173228347
20
0.8295759448818898
11
1.4402559055118109
21
0.8271653543307086
0
LINE
8
BLACK
6
CONTINUOUS
10
1.4402559055118109
20
0.8271653543307086
11
1.4402559055118109
21
0.8145669291338582
0
LINE
8
BLACK
6
CONTINUOUS
10
1.4402559055118109
20
0.8145669291338582
11
1.4397764173228347
21
0.8121563385826771
0
LINE
8
BLACK
6
CONTINUOUS
10
1.4397764173228347
20
0.8121563385826771
11
1.4384109055118111
21
0.810112716535433
0
LINE
8
BLACK
6
CONTINUOUS
10
1.4384109055118111
20
0.810112716535433
11
1.4363672834645669
21
0.8087472047244094
0
LINE
8
BLACK
6
CONTINUOUS
10
1.4363672834645669
20
0.8087472047244094
11
1.4339566929133858
21
0.8082677165354331
0
LINE
8
BLACK
6
CONTINUOUS
10
1.4339566929133858
20
0.8082677165354331
11
1.4164370078740156
21
0.8082677165354331
0
LINE
8
BLACK
6
CONTINUOUS
10
1.4164370078740156
20
0.8082677165354331
11
1.4140264173228345
21
0.8087472047244094
0
LINE
8
BLACK
6
CONTINUOUS
10
1.4140264173228345
20
0.8087472047244094
11
1.4119827952755906
21
0.810112716535433
0
LINE
8
BLACK
6
CONTINUOUS
10
1.4119827952755906
20
0.810112716535433
11
1.4106172834645669
21
0.8121563385826771
0
LINE
8
BLACK
6
CONTINUOUS
10
1.4106172834645669
20
0.8121563385826771
11
1.4101377952755905
21
0.8145669291338582
0
LINE
8
BLACK
6
CONTINUOUS
10
1.4101377952755905
20
0.8145669291338582
11
1.4101377952755905
21
0.8271653543307086
0
LINE
8
BLACK
6
CONTINUOUS
10
1.4101377952755905
20
0.8271653543307086
11
1.4106172834645669
21
0.8295759448818898
0
LINE
8
BLACK
6
CONTINUOUS
10
1.4106172834645669
20
0.8295759448818898
11
1.4119827952755906
21
0.8316195669291339
0
LINE
8
BLACK
6
CONTINUOUS
10
1.4119827952755906
20
0.8316195669291339
11
1.4140264173228345
21
0.8329850787401575
0
LINE
8
BLACK
6
CONTINUOUS
10
1.4140264173228345
20
0.8329850787401575
11
1.4164370078740156
21
0.8334645669291338
0
LINE
8
BLACK
6
CONTINUOUS
10
1.4164370078740156
20
0.8334645669291338
11
1.4339566929133858
21
0.8334645669291338
0
LINE
8
BLACK
6
CONTINUOUS
10
1.4339566929133858
20
0.8334645669291338
11
1.4363672834645669
21
0.8329850787401575
0
LINE
8
BLACK
6
CONTINUOUS
10
1.2519960629921258
20
0.8138661417322834
11
1.229996062992126
21
0.8138661417322834
0
LINE
8
BLACK
6
CONTINUOUS
10
1.229996062992126
20
0.8138661417322834
11
1.229996062992126
21
0.8278661417322835
0
LINE
8
BLACK
6
CONTINUOUS
10
1.229996062992126
20
0.8278661417322835
11
1.2519960629921258
21
0.8278661417322835
0
LINE
8
BLACK
6
CONTINUOUS
10
1.2519960629921258
20
0.8278661417322835
11
1.2519960629921258
21
0.8138661417322834
0
LINE
8
BLACK
6
CONTINUOUS
10
1.332996062992126
20
0.8138661417322834
11
1.310996062992126
21
0.8138661417322834
0
LINE
8
BLACK
6
CONTINUOUS
10
1.310996062992126
20
0.8138661417322834
11
1.310996062992126
21
0.8278661417322835
0
LINE
8
BLACK
6
CONTINUOUS
10
1.310996062992126
20
0.8278661417322835
11
1.332996062992126
21
0.8278661417322835
0
LINE
8
BLACK
6
CONTINUOUS
10
1.332996062992126
20
0.8278661417322835
11
1.332996062992126
21
0.8138661417322834
0
LINE
8
BLACK
6
CONTINUOUS
10
0.7326523622047244
20
0.8319197244094488
11
0.7270846062992126
21
0.826351968503937
0
LINE
8
BLACK
6
CONTINUOUS
10
0.7270846062992126
20
0.826351968503937
11
0.7159490551181102
21
0.8374875196850393
0
LINE
8
BLACK
6
CONTINUOUS
10
0.7159490551181102
20
0.8374875196850393
11
0.7215168110236221
21
0.8430552755905512
0
LINE
8
BLACK
6
CONTINUOUS
10
0.7215168110236221
20
0.8430552755905512
11
0.7326523622047244
21
0.8319197244094488
0
LINE
8
BLACK
6
CONTINUOUS
10
1.03887968503937
20
0.8374875196850393
11
1.0277441338582678
21
0.826351968503937
0
LINE
8
BLACK
6
CONTINUOUS
10
1.0277441338582678
20
0.826351968503937
11
1.022176377952756
21
0.8319197244094488
0
LINE
8
BLACK
6
CONTINUOUS
10
1.022176377952756
20
0.8319197244094488
11
1.0333119291338582
21
0.8430552755905512
0
LINE
8
BLACK
6
CONTINUOUS
10
1.0333119291338582
20
0.8430552755905512
11
1.03887968503937
21
0.8374875196850393
0
LINE
8
BLACK
6
CONTINUOUS
10
1.3059960629921259
20
0.8353661417322834
11
1.256996062992126
21
0.8353661417322834
0
LINE
8
BLACK
6
CONTINUOUS
10
1.256996062992126
20
0.8353661417322834
11
1.256996062992126
21
0.8573661417322834
0
LINE
8
BLACK
6
CONTINUOUS
10
1.256996062992126
20
0.8573661417322834
11
1.3059960629921259
21
0.8573661417322834
0
LINE
8
BLACK
6
CONTINUOUS
10
1.3059960629921259
20
0.8573661417322834
11
1.3059960629921259
21
0.8353661417322834
0
LINE
8
BLACK
6
CONTINUOUS
10
0.7048135039370078
20
0.8430553149606299
11
0.6992457086614173
21
0.8374875196850393
0
LINE
8
BLACK
6
CONTINUOUS
10
0.6992457086614173
20
0.8374875196850393
11
0.6825424015748032
21
0.8541908267716535
0
LINE
8
BLACK
6
CONTINUOUS
10
0.6825424015748032
20
0.8541908267716535
11
0.6881101968503937
21
0.8597586220472441
0
LINE
8
BLACK
6
CONTINUOUS
10
0.6881101968503937
20
0.8597586220472441
11
0.7048135039370078
21
0.8430553149606299
0
LINE
8
BLACK
6
CONTINUOUS
10
1.0722863385826771
20
0.8541908267716535
11
1.055583031496063
21
0.8374875196850393
0
LINE
8
BLACK
6
CONTINUOUS
10
1.055583031496063
20
0.8374875196850393
11
1.0500152362204724
21
0.8430553149606299
0
LINE
8
BLACK
6
CONTINUOUS
10
1.0500152362204724
20
0.8430553149606299
11
1.0667185433070865
21
0.8597586220472441
0
LINE
8
BLACK
6
CONTINUOUS
10
1.0667185433070865
20
0.8597586220472441
11
1.0722863385826771
21
0.8541908267716535
0
LINE
8
BLACK
6
CONTINUOUS
10
0.7493556692913386
20
0.8486229921259842
11
0.7437879133858267
21
0.8430552362204724
0
LINE
8
BLACK
6
CONTINUOUS
10
0.7437879133858267
20
0.8430552362204724
11
0.7326523622047244
21
0.8541907874015748
0
LINE
8
BLACK
6
CONTINUOUS
10
0.7326523622047244
20
0.8541907874015748
11
0.7382201181102362
21
0.8597585433070866
0
LINE
8
BLACK
6
CONTINUOUS
10
0.7382201181102362
20
0.8597585433070866
11
0.7493556692913386
21
0.8486229921259842
0
LINE
8
BLACK
6
CONTINUOUS
10
1.0221763385826772
20
0.8541908661417322
11
1.0110407874015748
21
0.8430553149606299
0
LINE
8
BLACK
6
CONTINUOUS
10
1.0110407874015748
20
0.8430553149606299
11
1.0054730314960629
21
0.8486230708661417
0
LINE
8
BLACK
6
CONTINUOUS
10
1.0054730314960629
20
0.8486230708661417
11
1.0166085826771654
21
0.8597586220472441
0
LINE
8
BLACK
6
CONTINUOUS
10
1.0166085826771654
20
0.8597586220472441
11
1.0221763385826772
21
0.8541908661417322
0
LINE
8
BLACK
6
CONTINUOUS
10
1.3860951181102361
20
0.8735275984251968
11
1.3880748818897637
21
0.8722048031496062
0
LINE
8
BLACK
6
CONTINUOUS
10
1.3880748818897637
20
0.8722048031496062
11
1.3893976771653542
21
0.8702250393700787
0
LINE
8
BLACK
6
CONTINUOUS
10
1.3893976771653542
20
0.8702250393700787
11
1.3898622047244094
21
0.8678897637795275
0
LINE
8
BLACK
6
CONTINUOUS
10
1.3898622047244094
20
0.8678897637795275
11
1.3898622047244094
21
0.8511574803149606
0
LINE
8
BLACK
6
CONTINUOUS
10
1.3898622047244094
20
0.8511574803149606
11
1.3893976771653542
21
0.8488222047244094
0
LINE
8
BLACK
6
CONTINUOUS
10
1.3893976771653542
20
0.8488222047244094
11
1.3880748818897637
21
0.8468424409448819
0
LINE
8
BLACK
6
CONTINUOUS
10
1.3880748818897637
20
0.8468424409448819
11
1.3860951181102361
21
0.8455196456692913
0
LINE
8
BLACK
6
CONTINUOUS
10
1.3860951181102361
20
0.8455196456692913
11
1.3837598425196851
21
0.8450551181102361
0
LINE
8
BLACK
6
CONTINUOUS
10
1.3837598425196851
20
0.8450551181102361
11
1.3715551181102361
21
0.8450551181102361
0
LINE
8
BLACK
6
CONTINUOUS
10
1.3715551181102361
20
0.8450551181102361
11
1.3692198425196851
21
0.8455196456692913
0
LINE
8
BLACK
6
CONTINUOUS
10
1.3692198425196851
20
0.8455196456692913
11
1.3672400787401575
21
0.8468424409448819
0
LINE
8
BLACK
6
CONTINUOUS
10
1.3672400787401575
20
0.8468424409448819
11
1.365917283464567
21
0.8488222047244094
0
LINE
8
BLACK
6
CONTINUOUS
10
1.365917283464567
20
0.8488222047244094
11
1.3654527559055119
21
0.8511574803149606
0
LINE
8
BLACK
6
CONTINUOUS
10
1.3654527559055119
20
0.8511574803149606
11
1.3654527559055119
21
0.8678897637795275
0
LINE
8
BLACK
6
CONTINUOUS
10
1.3654527559055119
20
0.8678897637795275
11
1.365917283464567
21
0.8702250393700787
0
LINE
8
BLACK
6
CONTINUOUS
10
1.365917283464567
20
0.8702250393700787
11
1.3672400787401575
21
0.8722048031496062
0
LINE
8
BLACK
6
CONTINUOUS
10
1.3672400787401575
20
0.8722048031496062
11
1.3692198425196851
21
0.8735275984251968
0
LINE
8
BLACK
6
CONTINUOUS
10
1.3692198425196851
20
0.8735275984251968
11
1.3715551181102361
21
0.8739921259842519
0
LINE
8
BLACK
6
CONTINUOUS
10
1.3715551181102361
20
0.8739921259842519
11
1.3837598425196851
21
0.8739921259842519
0
LINE
8
BLACK
6
CONTINUOUS
10
1.3837598425196851
20
0.8739921259842519
11
1.3860951181102361
21
0.8735275984251968
0
LINE
8
BLACK
6
CONTINUOUS
10
1.4360951181102362
20
0.8735275984251968
11
1.4380748818897637
21
0.8722048031496062
0
LINE
8
BLACK
6
CONTINUOUS
10
1.4380748818897637
20
0.8722048031496062
11
1.4393976771653543
21
0.8702250393700787
0
LINE
8
BLACK
6
CONTINUOUS
10
1.4393976771653543
20
0.8702250393700787
11
1.4398622047244094
21
0.8678897637795275
0
LINE
8
BLACK
6
CONTINUOUS
10
1.4398622047244094
20
0.8678897637795275
11
1.4398622047244094
21
0.8511574803149606
0
LINE
8
BLACK
6
CONTINUOUS
10
1.4398622047244094
20
0.8511574803149606
11
1.4393976771653543
21
0.8488222047244094
0
LINE
8
BLACK
6
CONTINUOUS
10
1.4393976771653543
20
0.8488222047244094
11
1.4380748818897637
21
0.8468424409448819
0
LINE
8
BLACK
6
CONTINUOUS
10
1.4380748818897637
20
0.8468424409448819
11
1.4360951181102362
21
0.8455196456692913
0
LINE
8
BLACK
6
CONTINUOUS
10
1.4360951181102362
20
0.8455196456692913
11
1.4337598425196849
21
0.8450551181102361
0
LINE
8
BLACK
6
CONTINUOUS
10
1.4337598425196849
20
0.8450551181102361
11
1.4215551181102362
21
0.8450551181102361
0
LINE
8
BLACK
6
CONTINUOUS
10
1.4215551181102362
20
0.8450551181102361
11
1.4192198425196849
21
0.8455196456692913
0
LINE
8
BLACK
6
CONTINUOUS
10
1.4192198425196849
20
0.8455196456692913
11
1.4172400787401573
21
0.8468424409448819
0
LINE
8
BLACK
6
CONTINUOUS
10
1.4172400787401573
20
0.8468424409448819
11
1.4159172834645668
21
0.8488222047244094
0
LINE
8
BLACK
6
CONTINUOUS
10
1.4159172834645668
20
0.8488222047244094
11
1.4154527559055117
21
0.8511574803149606
0
LINE
8
BLACK
6
CONTINUOUS
10
1.4154527559055117
20
0.8511574803149606
11
1.4154527559055117
21
0.8678897637795275
0
LINE
8
BLACK
6
CONTINUOUS
10
1.4154527559055117
20
0.8678897637795275
11
1.4159172834645668
21
0.8702250393700787
0
LINE
8
BLACK
6
CONTINUOUS
10
1.4159172834645668
20
0.8702250393700787
11
1.4172400787401573
21
0.8722048031496062
0
LINE
8
BLACK
6
CONTINUOUS
10
1.4172400787401573
20
0.8722048031496062
11
1.4192198425196849
21
0.8735275984251968
0
LINE
8
BLACK
6
CONTINUOUS
10
1.4192198425196849
20
0.8735275984251968
11
1.4215551181102362
21
0.8739921259842519
0
LINE
8
BLACK
6
CONTINUOUS
10
1.4215551181102362
20
0.8739921259842519
11
1.4337598425196849
21
0.8739921259842519
0
LINE
8
BLACK
6
CONTINUOUS
10
1.4337598425196849
20
0.8739921259842519
11
1.4360951181102362
21
0.8735275984251968
0
LINE
8
BLACK
6
CONTINUOUS
10
1.055583031496063
20
0.870894094488189
11
1.0388797244094488
21
0.8541907874015748
0
LINE
8
BLACK
6
CONTINUOUS
10
1.0388797244094488
20
0.8541907874015748
11
1.0333119291338582
21
0.8597585826771653
0
LINE
8
BLACK
6
CONTINUOUS
10
1.0333119291338582
20
0.8597585826771653
11
1.0500152362204724
21
0.8764618897637795
0
LINE
8
BLACK
6
CONTINUOUS
10
1.0500152362204724
20
0.8764618897637795
11
1.055583031496063
21
0.870894094488189
0
LINE
8
BLACK
6
CONTINUOUS
10
0.7215168897637795
20
0.8597587007874016
11
0.715949094488189
21
0.854190905511811
0
LINE
8
BLACK
6
CONTINUOUS
10
0.715949094488189
20
0.854190905511811
11
0.6992457874015748
21
0.8708942125984251
0
LINE
8
BLACK
6
CONTINUOUS
10
0.6992457874015748
20
0.8708942125984251
11
0.7048135826771653
21
0.8764620078740157
0
LINE
8
BLACK
6
CONTINUOUS
10
0.7048135826771653
20
0.8764620078740157
11
0.7215168897637795
21
0.8597587007874016
0
LINE
8
BLACK
6
CONTINUOUS
10
0.7660590157480315
20
0.8653263385826772
11
0.7604912598425196
21
0.8597585826771653
0
LINE
8
BLACK
6
CONTINUOUS
10
0.7604912598425196
20
0.8597585826771653
11
0.7493557086614173
21
0.8708941338582677
0
LINE
8
BLACK
6
CONTINUOUS
10
0.7493557086614173
20
0.8708941338582677
11
0.7549234645669292
21
0.8764618897637795
0
LINE
8
BLACK
6
CONTINUOUS
10
0.7549234645669292
20
0.8764618897637795
11
0.7660590157480315
21
0.8653263385826772
0
LINE
8
BLACK
6
CONTINUOUS
10
1.0054730314960629
20
0.8708941338582677
11
0.9943374803149606
21
0.8597585826771653
0
LINE
8
BLACK
6
CONTINUOUS
10
0.9943374803149606
20
0.8597585826771653
11
0.9887697244094488
21
0.8653263385826772
0
LINE
8
BLACK
6
CONTINUOUS
10
0.9887697244094488
20
0.8653263385826772
11
0.9999052755905512
21
0.8764618897637795
0
LINE
8
BLACK
6
CONTINUOUS
10
0.9999052755905512
20
0.8764618897637795
11
1.0054730314960629
21
0.8708941338582677
0
LINE
8
BLACK
6
CONTINUOUS
10
0.7382201181102362
20
0.8764619291338582
11
0.7326523228346457
21
0.8708941338582677
0
LINE
8
BLACK
6
CONTINUOUS
10
0.7326523228346457
20
0.8708941338582677
11
0.7159490157480315
21
0.8875974409448819
0
LINE
8
BLACK
6
CONTINUOUS
10
0.7159490157480315
20
0.8875974409448819
11
0.7215168110236221
21
0.8931652362204724
0
LINE
8
BLACK
6
CONTINUOUS
10
0.7215168110236221
20
0.8931652362204724
11
0.7382201181102362
21
0.8764619291338582
0
LINE
8
BLACK
6
CONTINUOUS
10
1.0388797244094488
20
0.8875974409448819
11
1.0221764173228347
21
0.8708941338582677
0
LINE
8
BLACK
6
CONTINUOUS
10
1.0221764173228347
20
0.8708941338582677
11
1.0166086220472441
21
0.8764619291338582
0
LINE
8
BLACK
6
CONTINUOUS
10
1.0166086220472441
20
0.8764619291338582
11
1.0333119291338582
21
0.8931652362204724
0
LINE
8
BLACK
6
CONTINUOUS
10
1.0333119291338582
20
0.8931652362204724
11
1.0388797244094488
21
0.8875974409448819
0
LINE
8
BLACK
6
CONTINUOUS
10
1.5265807480314961
20
0.9784527165354331
11
1.5345127165354331
21
0.9758754724409449
0
LINE
8
BLACK
6
CONTINUOUS
10
1.5345127165354331
20
0.9758754724409449
11
1.5419438188976378
21
0.9720891338582677
0
LINE
8
BLACK
6
CONTINUOUS
10
1.5419438188976378
20
0.9720891338582677
11
1.5486911417322835
21
0.9671869291338583
0
LINE
8
BLACK
6
CONTINUOUS
10
1.5486911417322835
20
0.9671869291338583
11
1.5545885039370078
21
0.9612895669291338
0
LINE
8
BLACK
6
CONTINUOUS
10
1.5545885039370078
20
0.9612895669291338
11
1.5594907086614174
21
0.9545422440944882
0
LINE
8
BLACK
6
CONTINUOUS
10
1.5594907086614174
20
0.9545422440944882
11
1.5632770472440944
21
0.9471111417322834
0
LINE
8
BLACK
6
CONTINUOUS
10
1.5632770472440944
20
0.9471111417322834
11
1.5658542913385827
21
0.9391791732283464
0
LINE
8
BLACK
6
CONTINUOUS
10
1.5658542913385827
20
0.9391791732283464
11
1.5671589763779528
21
0.9309417322834646
0
LINE
8
BLACK
6
CONTINUOUS
10
1.5671589763779528
20
0.9309417322834646
11
1.5671589763779528
21
0.9226015748031496
0
LINE
8
BLACK
6
CONTINUOUS
10
1.5671589763779528
20
0.9226015748031496
11
1.5658542913385827
21
0.9143641338582676
0
LINE
8
BLACK
6
CONTINUOUS
10
1.5658542913385827
20
0.9143641338582676
11
1.5632770472440944
21
0.9064321653543307
0
LINE
8
BLACK
6
CONTINUOUS
10
1.5632770472440944
20
0.9064321653543307
11
1.5594907086614174
21
0.899001062992126
0
LINE
8
BLACK
6
CONTINUOUS
10
1.5594907086614174
20
0.899001062992126
11
1.5545885039370078
21
0.8922537401574803
0
LINE
8
BLACK
6
CONTINUOUS
10
1.5545885039370078
20
0.8922537401574803
11
1.5486911417322835
21
0.8863563779527559
0
LINE
8
BLACK
6
CONTINUOUS
10
1.5486911417322835
20
0.8863563779527559
11
1.5419438188976378
21
0.8814541732283464
0
LINE
8
BLACK
6
CONTINUOUS
10
1.5419438188976378
20
0.8814541732283464
11
1.5345127165354331
21
0.8776678346456692
0
LINE
8
BLACK
6
CONTINUOUS
10
1.5345127165354331
20
0.8776678346456692
11
1.5265807480314961
21
0.8750905905511811
0
LINE
8
BLACK
6
CONTINUOUS
10
1.5265807480314961
20
0.8750905905511811
11
1.5183433070866141
21
0.873785905511811
0
LINE
8
BLACK
6
CONTINUOUS
10
1.5183433070866141
20
0.873785905511811
11
1.5100031496062991
21
0.873785905511811
0
LINE
8
BLACK
6
CONTINUOUS
10
1.5100031496062991
20
0.873785905511811
11
1.5017657086614173
21
0.8750905905511811
0
LINE
8
BLACK
6
CONTINUOUS
10
1.5017657086614173
20
0.8750905905511811
11
1.4938337401574804
21
0.8776678346456692
0
LINE
8
BLACK
6
CONTINUOUS
10
1.4938337401574804
20
0.8776678346456692
11
1.4864026377952755
21
0.8814541732283464
0
LINE
8
BLACK
6
CONTINUOUS
10
1.4864026377952755
20
0.8814541732283464
11
1.47965531496063
21
0.8863563779527559
0
LINE
8
BLACK
6
CONTINUOUS
10
1.47965531496063
20
0.8863563779527559
11
1.4737579527559055
21
0.8922537401574803
0
LINE
8
BLACK
6
CONTINUOUS
10
1.4737579527559055
20
0.8922537401574803
11
1.4688557480314961
21
0.899001062992126
0
LINE
8
BLACK
6
CONTINUOUS
10
1.4688557480314961
20
0.899001062992126
11
1.4650694094488188
21
0.9064321653543307
0
LINE
8
BLACK
6
CONTINUOUS
10
1.4650694094488188
20
0.9064321653543307
11
1.4624921653543306
21
0.9143641338582676
0
LINE
8
BLACK
6
CONTINUOUS
10
1.4624921653543306
20
0.9143641338582676
11
1.4611874803149607
21
0.9226015748031496
0
LINE
8
BLACK
6
CONTINUOUS
10
1.4611874803149607
20
0.9226015748031496
11
1.4611874803149607
21
0.9309417322834646
0
LINE
8
BLACK
6
CONTINUOUS
10
1.4611874803149607
20
0.9309417322834646
11
1.4624921653543306
21
0.9391791732283464
0
LINE
8
BLACK
6
CONTINUOUS
10
1.4624921653543306
20
0.9391791732283464
11
1.4650694094488188
21
0.9471111417322834
0
LINE
8
BLACK
6
CONTINUOUS
10
1.4650694094488188
20
0.9471111417322834
11
1.4688557480314961
21
0.9545422440944882
0
LINE
8
BLACK
6
CONTINUOUS
10
1.4688557480314961
20
0.9545422440944882
11
1.4737579527559055
21
0.9612895669291338
0
LINE
8
BLACK
6
CONTINUOUS
10
1.4737579527559055
20
0.9612895669291338
11
1.47965531496063
21
0.9671869291338583
0
LINE
8
BLACK
6
CONTINUOUS
10
1.47965531496063
20
0.9671869291338583
11
1.4864026377952755
21
0.9720891338582677
0
LINE
8
BLACK
6
CONTINUOUS
10
1.4864026377952755
20
0.9720891338582677
11
1.4938337401574804
21
0.9758754724409449
0
LINE
8
BLACK
6
CONTINUOUS
10
1.4938337401574804
20
0.9758754724409449
11
1.5017657086614173
21
0.9784527165354331
0
LINE
8
BLACK
6
CONTINUOUS
10
1.5017657086614173
20
0.9784527165354331
11
1.5100031496062991
21
0.9797574015748032
0
LINE
8
BLACK
6
CONTINUOUS
10
1.5100031496062991
20
0.9797574015748032
11
1.5183433070866141
21
0.9797574015748032
0
LINE
8
BLACK
6
CONTINUOUS
10
1.5183433070866141
20
0.9797574015748032
11
1.5265807480314961
21
0.9784527165354331
0
LINE
8
BLACK
6
CONTINUOUS
10
1.7265807480314961
20
0.9784527165354331
11
1.734512716535433
21
0.9758754724409449
0
LINE
8
BLACK
6
CONTINUOUS
10
1.734512716535433
20
0.9758754724409449
11
1.7419438188976377
21
0.9720891338582677
0
LINE
8
BLACK
6
CONTINUOUS
10
1.7419438188976377
20
0.9720891338582677
11
1.7486911417322835
21
0.9671869291338583
0
LINE
8
BLACK
6
CONTINUOUS
10
1.7486911417322835
20
0.9671869291338583
11
1.7545885039370079
21
0.9612895669291338
0
LINE
8
BLACK
6
CONTINUOUS
10
1.7545885039370079
20
0.9612895669291338
11
1.7594907086614173
21
0.9545422440944882
0
LINE
8
BLACK
6
CONTINUOUS
10
1.7594907086614173
20
0.9545422440944882
11
1.7632770472440944
21
0.9471111417322834
0
LINE
8
BLACK
6
CONTINUOUS
10
1.7632770472440944
20
0.9471111417322834
11
1.7658542913385826
21
0.9391791732283464
0
LINE
8
BLACK
6
CONTINUOUS
10
1.7658542913385826
20
0.9391791732283464
11
1.7671589763779527
21
0.9309417322834646
0
LINE
8
BLACK
6
CONTINUOUS
10
1.7671589763779527
20
0.9309417322834646
11
1.7671589763779527
21
0.9226015748031496
0
LINE
8
BLACK
6
CONTINUOUS
10
1.7671589763779527
20
0.9226015748031496
11
1.7658542913385826
21
0.9143641338582676
0
LINE
8
BLACK
6
CONTINUOUS
10
1.7658542913385826
20
0.9143641338582676
11
1.7632770472440944
21
0.9064321653543307
0
LINE
8
BLACK
6
CONTINUOUS
10
1.7632770472440944
20
0.9064321653543307
11
1.7594907086614173
21
0.899001062992126
0
LINE
8
BLACK
6
CONTINUOUS
10
1.7594907086614173
20
0.899001062992126
11
1.7545885039370079
21
0.8922537401574803
0
LINE
8
BLACK
6
CONTINUOUS
10
1.7545885039370079
20
0.8922537401574803
11
1.7486911417322835
21
0.8863563779527559
0
LINE
8
BLACK
6
CONTINUOUS
10
1.7486911417322835
20
0.8863563779527559
11
1.7419438188976377
21
0.8814541732283464
0
LINE
8
BLACK
6
CONTINUOUS
10
1.7419438188976377
20
0.8814541732283464
11
1.734512716535433
21
0.8776678346456692
0
LINE
8
BLACK
6
CONTINUOUS
10
1.734512716535433
20
0.8776678346456692
11
1.7265807480314961
21
0.8750905905511811
0
LINE
8
BLACK
6
CONTINUOUS
10
1.7265807480314961
20
0.8750905905511811
11
1.7183433070866141
21
0.873785905511811
0
LINE
8
BLACK
6
CONTINUOUS
10
1.7183433070866141
20
0.873785905511811
11
1.7100031496062991
21
0.873785905511811
0
LINE
8
BLACK
6
CONTINUOUS
10
1.7100031496062991
20
0.873785905511811
11
1.7017657086614173
21
0.8750905905511811
0
LINE
8
BLACK
6
CONTINUOUS
10
1.7017657086614173
20
0.8750905905511811
11
1.6938337401574803
21
0.8776678346456692
0
LINE
8
BLACK
6
CONTINUOUS
10
1.6938337401574803
20
0.8776678346456692
11
1.6864026377952757
21
0.8814541732283464
0
LINE
8
BLACK
6
CONTINUOUS
10
1.6864026377952757
20
0.8814541732283464
11
1.6796553149606299
21
0.8863563779527559
0
LINE
8
BLACK
6
CONTINUOUS
10
1.6796553149606299
20
0.8863563779527559
11
1.6737579527559054
21
0.8922537401574803
0
LINE
8
BLACK
6
CONTINUOUS
10
1.6737579527559054
20
0.8922537401574803
11
1.6688557480314961
21
0.899001062992126
0
LINE
8
BLACK
6
CONTINUOUS
10
1.6688557480314961
20
0.899001062992126
11
1.6650694094488188
21
0.9064321653543307
0
LINE
8
BLACK
6
CONTINUOUS
10
1.6650694094488188
20
0.9064321653543307
11
1.6624921653543308
21
0.9143641338582676
0
LINE
8
BLACK
6
CONTINUOUS
10
1.6624921653543308
20
0.9143641338582676
11
1.6611874803149607
21
0.9226015748031496
0
LINE
8
BLACK
6
CONTINUOUS
10
1.6611874803149607
20
0.9226015748031496
11
1.6611874803149607
21
0.9309417322834646
0
LINE
8
BLACK
6
CONTINUOUS
10
1.6611874803149607
20
0.9309417322834646
11
1.6624921653543308
21
0.9391791732283464
0
LINE
8
BLACK
6
CONTINUOUS
10
1.6624921653543308
20
0.9391791732283464
11
1.6650694094488188
21
0.9471111417322834
0
LINE
8
BLACK
6
CONTINUOUS
10
1.6650694094488188
20
0.9471111417322834
11
1.6688557480314961
21
0.9545422440944882
0
LINE
8
BLACK
6
CONTINUOUS
10
1.6688557480314961
20
0.9545422440944882
11
1.6737579527559054
21
0.9612895669291338
0
LINE
8
BLACK
6
CONTINUOUS
10
1.6737579527559054
20
0.9612895669291338
11
1.6796553149606299
21
0.9671869291338583
0
LINE
8
BLACK
6
CONTINUOUS
10
1.6796553149606299
20
0.9671869291338583
11
1.6864026377952757
21
0.9720891338582677
0
LINE
8
BLACK
6
CONTINUOUS
10
1.6864026377952757
20
0.9720891338582677
11
1.6938337401574803
21
0.9758754724409449
0
LINE
8
BLACK
6
CONTINUOUS
10
1.6938337401574803
20
0.9758754724409449
11
1.7017657086614173
21
0.9784527165354331
0
LINE
8
BLACK
6
CONTINUOUS
10
1.7017657086614173
20
0.9784527165354331
11
1.7100031496062991
21
0.9797574015748032
0
LINE
8
BLACK
6
CONTINUOUS
10
1.7100031496062991
20
0.9797574015748032
11
1.7183433070866141
21
0.9797574015748032
0
LINE
8
BLACK
6
CONTINUOUS
10
1.7183433070866141
20
0.9797574015748032
11
1.7265807480314961
21
0.9784527165354331
0
LINE
8
BLACK
6
CONTINUOUS
10
0.7827622834645669
20
0.8820296456692913
11
0.777194527559055
21
0.8764618897637795
0
LINE
8
BLACK
6
CONTINUOUS
10
0.777194527559055
20
0.8764618897637795
11
0.7660589763779527
21
0.8875974409448819
0
LINE
8
BLACK
6
CONTINUOUS
10
0.7660589763779527
20
0.8875974409448819
11
0.7716267322834646
21
0.8931651968503936
0
LINE
8
BLACK
6
CONTINUOUS
10
0.7716267322834646
20
0.8931651968503936
11
0.7827622834645669
21
0.8820296456692913
0
LINE
8
BLACK
6
CONTINUOUS
10
0.9887697244094488
20
0.8875974803149607
11
0.9776341732283464
21
0.8764619291338582
0
LINE
8
BLACK
6
CONTINUOUS
10
0.9776341732283464
20
0.8764619291338582
11
0.9720664173228346
21
0.8820296850393701
0
LINE
8
BLACK
6
CONTINUOUS
10
0.9720664173228346
20
0.8820296850393701
11
0.983201968503937
21
0.8931652362204724
0
LINE
8
BLACK
6
CONTINUOUS
10
0.983201968503937
20
0.8931652362204724
11
0.9887697244094488
21
0.8875974803149607
0
LINE
8
BLACK
6
CONTINUOUS
10
0.3343307086614173
20
0.8770866141732283
11
0.2743307086614173
21
0.8770866141732283
0
LINE
8
BLACK
6
CONTINUOUS
10
0.2743307086614173
20
0.8770866141732283
11
0.2743307086614173
21
0.9370866141732284
0
LINE
8
BLACK
6
CONTINUOUS
10
0.2743307086614173
20
0.9370866141732284
11
0.3343307086614173
21
0.9370866141732284
0
LINE
8
BLACK
6
CONTINUOUS
10
0.3343307086614173
20
0.9370866141732284
11
0.3343307086614173
21
0.8770866141732283
0
LINE
8
BLACK
6
CONTINUOUS
10
0.4343307086614173
20
0.8770866141732283
11
0.3743307086614173
21
0.8770866141732283
0
LINE
8
BLACK
6
CONTINUOUS
10
0.3743307086614173
20
0.8770866141732283
11
0.3743307086614173
21
0.9370866141732284
0
LINE
8
BLACK
6
CONTINUOUS
10
0.3743307086614173
20
0.9370866141732284
11
0.4343307086614173
21
0.9370866141732284
0
LINE
8
BLACK
6
CONTINUOUS
10
0.4343307086614173
20
0.9370866141732284
11
0.4343307086614173
21
0.8770866141732283
0
LINE
8
BLACK
6
CONTINUOUS
10
1.0221764173228347
20
0.9043007480314961
11
1.0054731102362204
21
0.8875974409448819
0
LINE
8
BLACK
6
CONTINUOUS
10
1.0054731102362204
20
0.8875974409448819
11
0.99990531496063
21
0.8931652362204724
0
LINE
8
BLACK
6
CONTINUOUS
10
0.99990531496063
20
0.8931652362204724
11
1.0166086220472441
21
0.9098685433070866
0
LINE
8
BLACK
6
CONTINUOUS
10
1.0166086220472441
20
0.9098685433070866
11
1.0221764173228347
21
0.9043007480314961
0
LINE
8
BLACK
6
CONTINUOUS
10
0.7549235039370079
20
0.8931653149606299
11
0.7493557086614173
21
0.8875975196850393
0
LINE
8
BLACK
6
CONTINUOUS
10
0.7493557086614173
20
0.8875975196850393
11
0.7326524015748032
21
0.9043008267716536
0
LINE
8
BLACK
6
CONTINUOUS
10
0.7326524015748032
20
0.9043008267716536
11
0.7382201968503936
21
0.9098686220472441
0
LINE
8
BLACK
6
CONTINUOUS
10
0.7382201968503936
20
0.9098686220472441
11
0.7549235039370079
21
0.8931653149606299
0
LINE
8
BLACK
6
CONTINUOUS
10
1.3860951181102361
20
0.9182126377952756
11
1.3880748818897637
21
0.916889842519685
0
LINE
8
BLACK
6
CONTINUOUS
10
1.3880748818897637
20
0.916889842519685
11
1.3893976771653542
21
0.9149100787401575
0
LINE
8
BLACK
6
CONTINUOUS
10
1.3893976771653542
20
0.9149100787401575
11
1.3898622047244094
21
0.9125748031496063
0
LINE
8
BLACK
6
CONTINUOUS
10
1.3898622047244094
20
0.9125748031496063
11
1.3898622047244094
21
0.8958425196850394
0
LINE
8
BLACK
6
CONTINUOUS
10
1.3898622047244094
20
0.8958425196850394
11
1.3893976771653542
21
0.8935072440944881
0
LINE
8
BLACK
6
CONTINUOUS
10
1.3893976771653542
20
0.8935072440944881
11
1.3880748818897637
21
0.8915274803149607
0
LINE
8
BLACK
6
CONTINUOUS
10
1.3880748818897637
20
0.8915274803149607
11
1.3860951181102361
21
0.8902046850393701
0
LINE
8
BLACK
6
CONTINUOUS
10
1.3860951181102361
20
0.8902046850393701
11
1.3837598425196851
21
0.889740157480315
0
LINE
8
BLACK
6
CONTINUOUS
10
1.3837598425196851
20
0.889740157480315
11
1.3715551181102361
21
0.889740157480315
0
LINE
8
BLACK
6
CONTINUOUS
10
1.3715551181102361
20
0.889740157480315
11
1.3692198425196851
21
0.8902046850393701
0
LINE
8
BLACK
6
CONTINUOUS
10
1.3692198425196851
20
0.8902046850393701
11
1.3672400787401575
21
0.8915274803149607
0
LINE
8
BLACK
6
CONTINUOUS
10
1.3672400787401575
20
0.8915274803149607
11
1.365917283464567
21
0.8935072440944881
0
LINE
8
BLACK
6
CONTINUOUS
10
1.365917283464567
20
0.8935072440944881
11
1.3654527559055119
21
0.8958425196850394
0
LINE
8
BLACK
6
CONTINUOUS
10
1.3654527559055119
20
0.8958425196850394
11
1.3654527559055119
21
0.9125748031496063
0
LINE
8
BLACK
6
CONTINUOUS
10
1.3654527559055119
20
0.9125748031496063
11
1.365917283464567
21
0.9149100787401575
0
LINE
8
BLACK
6
CONTINUOUS
10
1.365917283464567
20
0.9149100787401575
11
1.3672400787401575
21
0.916889842519685
0
LINE
8
BLACK
6
CONTINUOUS
10
1.3672400787401575
20
0.916889842519685
11
1.3692198425196851
21
0.9182126377952756
0
LINE
8
BLACK
6
CONTINUOUS
10
1.3692198425196851
20
0.9182126377952756
11
1.3715551181102361
21
0.9186771653543306
0
LINE
8
BLACK
6
CONTINUOUS
10
1.3715551181102361
20
0.9186771653543306
11
1.3837598425196851
21
0.9186771653543306
0
LINE
8
BLACK
6
CONTINUOUS
10
1.3837598425196851
20
0.9186771653543306
11
1.3860951181102361
21
0.9182126377952756
0
LINE
8
BLACK
6
CONTINUOUS
10
1.4360951181102362
20
0.9182126377952756
11
1.4380748818897637
21
0.916889842519685
0
LINE
8
BLACK
6
CONTINUOUS
10
1.4380748818897637
20
0.916889842519685
11
1.4393976771653543
21
0.9149100787401575
0
LINE
8
BLACK
6
CONTINUOUS
10
1.4393976771653543
20
0.9149100787401575
11
1.4398622047244094
21
0.9125748031496063
0
LINE
8
BLACK
6
CONTINUOUS
10
1.4398622047244094
20
0.9125748031496063
11
1.4398622047244094
21
0.8958425196850394
0
LINE
8
BLACK
6
CONTINUOUS
10
1.4398622047244094
20
0.8958425196850394
11
1.4393976771653543
21
0.8935072440944881
0
LINE
8
BLACK
6
CONTINUOUS
10
1.4393976771653543
20
0.8935072440944881
11
1.4380748818897637
21
0.8915274803149607
0
LINE
8
BLACK
6
CONTINUOUS
10
1.4380748818897637
20
0.8915274803149607
11
1.4360951181102362
21
0.8902046850393701
0
LINE
8
BLACK
6
CONTINUOUS
10
1.4360951181102362
20
0.8902046850393701
11
1.4337598425196849
21
0.889740157480315
0
LINE
8
BLACK
6
CONTINUOUS
10
1.4337598425196849
20
0.889740157480315
11
1.4215551181102362
21
0.889740157480315
0
LINE
8
BLACK
6
CONTINUOUS
10
1.4215551181102362
20
0.889740157480315
11
1.4192198425196849
21
0.8902046850393701
0
LINE
8
BLACK
6
CONTINUOUS
10
1.4192198425196849
20
0.8902046850393701
11
1.4172400787401573
21
0.8915274803149607
0
LINE
8
BLACK
6
CONTINUOUS
10
1.4172400787401573
20
0.8915274803149607
11
1.4159172834645668
21
0.8935072440944881
0
LINE
8
BLACK
6
CONTINUOUS
10
1.4159172834645668
20
0.8935072440944881
11
1.4154527559055117
21
0.8958425196850394
0
LINE
8
BLACK
6
CONTINUOUS
10
1.4154527559055117
20
0.8958425196850394
11
1.4154527559055117
21
0.9125748031496063
0
LINE
8
BLACK
6
CONTINUOUS
10
1.4154527559055117
20
0.9125748031496063
11
1.4159172834645668
21
0.9149100787401575
0
LINE
8
BLACK
6
CONTINUOUS
10
1.4159172834645668
20
0.9149100787401575
11
1.4172400787401573
21
0.916889842519685
0
LINE
8
BLACK
6
CONTINUOUS
10
1.4172400787401573
20
0.916889842519685
11
1.4192198425196849
21
0.9182126377952756
0
LINE
8
BLACK
6
CONTINUOUS
10
1.4192198425196849
20
0.9182126377952756
11
1.4215551181102362
21
0.9186771653543306
0
LINE
8
BLACK
6
CONTINUOUS
10
1.4215551181102362
20
0.9186771653543306
11
1.4337598425196849
21
0.9186771653543306
0
LINE
8
BLACK
6
CONTINUOUS
10
1.4337598425196849
20
0.9186771653543306
11
1.4360951181102362
21
0.9182126377952756
0
LINE
8
BLACK
6
CONTINUOUS
10
0.7994656299212598
20
0.8987329527559055
11
0.793897874015748
21
0.8931651968503936
0
LINE
8
BLACK
6
CONTINUOUS
10
0.793897874015748
20
0.8931651968503936
11
0.7827623228346456
21
0.9043007480314961
0
LINE
8
BLACK
6
CONTINUOUS
10
0.7827623228346456
20
0.9043007480314961
11
0.7883300787401575
21
0.9098685039370078
0
LINE
8
BLACK
6
CONTINUOUS
10
0.7883300787401575
20
0.9098685039370078
11
0.7994656299212598
21
0.8987329527559055
0
LINE
8
BLACK
6
CONTINUOUS
10
0.9720664173228346
20
0.9043007480314961
11
0.9609308661417323
21
0.8931651968503936
0
LINE
8
BLACK
6
CONTINUOUS
10
0.9609308661417323
20
0.8931651968503936
11
0.9553631102362204
21
0.8987329527559055
0
LINE
8
BLACK
6
CONTINUOUS
10
0.9553631102362204
20
0.8987329527559055
11
0.9664986614173228
21
0.9098685039370078
0
LINE
8
BLACK
6
CONTINUOUS
10
0.9664986614173228
20
0.9098685039370078
11
0.9720664173228346
21
0.9043007480314961
0
LINE
8
BLACK
6
CONTINUOUS
10
0.7716267716535433
20
0.9098685826771653
11
0.7660589763779527
21
0.9043007874015748
0
LINE
8
BLACK
6
CONTINUOUS
10
0.7660589763779527
20
0.9043007874015748
11
0.7493556692913386
21
0.921004094488189
0
LINE
8
BLACK
6
CONTINUOUS
10
0.7493556692913386
20
0.921004094488189
11
0.7549234645669292
21
0.9265718897637795
0
LINE
8
BLACK
6
CONTINUOUS
10
0.7549234645669292
20
0.9265718897637795
11
0.7716267716535433
21
0.9098685826771653
0
LINE
8
BLACK
6
CONTINUOUS
10
1.0054730708661417
20
0.921004094488189
11
0.9887697637795275
21
0.9043007874015748
0
LINE
8
BLACK
6
CONTINUOUS
10
0.9887697637795275
20
0.9043007874015748
11
0.983201968503937
21
0.9098685826771653
0
LINE
8
BLACK
6
CONTINUOUS
10
0.983201968503937
20
0.9098685826771653
11
0.9999052755905512
21
0.9265718897637795
0
LINE
8
BLACK
6
CONTINUOUS
10
0.9999052755905512
20
0.9265718897637795
11
1.0054730708661417
21
0.921004094488189
0
LINE
8
BLACK
6
CONTINUOUS
10
0.8161688976377952
20
0.9154362598425196
11
0.8106011417322835
21
0.9098685039370078
0
LINE
8
BLACK
6
CONTINUOUS
10
0.8106011417322835
20
0.9098685039370078
11
0.799465590551181
21
0.9210040551181102
0
LINE
8
BLACK
6
CONTINUOUS
10
0.799465590551181
20
0.9210040551181102
11
0.8050333464566929
21
0.9265718110236221
0
LINE
8
BLACK
6
CONTINUOUS
10
0.8050333464566929
20
0.9265718110236221
11
0.8161688976377952
21
0.9154362598425196
0
LINE
8
BLACK
6
CONTINUOUS
10
0.9553631102362204
20
0.921004094488189
11
0.9442275590551181
21
0.9098685433070866
0
LINE
8
BLACK
6
CONTINUOUS
10
0.9442275590551181
20
0.9098685433070866
11
0.9386598031496063
21
0.9154362992125984
0
LINE
8
BLACK
6
CONTINUOUS
10
0.9386598031496063
20
0.9154362992125984
11
0.9497953543307086
21
0.9265718503937007
0
LINE
8
BLACK
6
CONTINUOUS
10
0.9497953543307086
20
0.9265718503937007
11
0.9553631102362204
21
0.921004094488189
0
LINE
8
BLACK
6
CONTINUOUS
10
0.6209376377952756
20
0.9349685433070866
11
0.6229174015748031
21
0.933645748031496
0
LINE
8
BLACK
6
CONTINUOUS
10
0.6229174015748031
20
0.933645748031496
11
0.6242401968503937
21
0.9316659842519684
0
LINE
8
BLACK
6
CONTINUOUS
10
0.6242401968503937
20
0.9316659842519684
11
0.6247047244094488
21
0.9293307086614173
0
LINE
8
BLACK
6
CONTINUOUS
10
0.6247047244094488
20
0.9293307086614173
11
0.6247047244094488
21
0.9171259842519685
0
LINE
8
BLACK
6
CONTINUOUS
10
0.6247047244094488
20
0.9171259842519685
11
0.6242401968503937
21
0.9147907086614173
0
LINE
8
BLACK
6
CONTINUOUS
10
0.6242401968503937
20
0.9147907086614173
11
0.6229174015748031
21
0.9128109448818897
0
LINE
8
BLACK
6
CONTINUOUS
10
0.6229174015748031
20
0.9128109448818897
11
0.6209376377952756
21
0.9114881496062992
0
LINE
8
BLACK
6
CONTINUOUS
10
0.6209376377952756
20
0.9114881496062992
11
0.6186023622047244
21
0.9110236220472441
0
LINE
8
BLACK
6
CONTINUOUS
10
0.6186023622047244
20
0.9110236220472441
11
0.6018700787401575
21
0.9110236220472441
0
LINE
8
BLACK
6
CONTINUOUS
10
0.6018700787401575
20
0.9110236220472441
11
0.5995348031496063
21
0.9114881496062992
0
LINE
8
BLACK
6
CONTINUOUS
10
0.5995348031496063
20
0.9114881496062992
11
0.5975550393700787
21
0.9128109448818897
0
LINE
8
BLACK
6
CONTINUOUS
10
0.5975550393700787
20
0.9128109448818897
11
0.5962322440944882
21
0.9147907086614173
0
LINE
8
BLACK
6
CONTINUOUS
10
0.5962322440944882
20
0.9147907086614173
11
0.595767716535433
21
0.9171259842519685
0
LINE
8
BLACK
6
CONTINUOUS
10
0.595767716535433
20
0.9171259842519685
11
0.595767716535433
21
0.9293307086614173
0
LINE
8
BLACK
6
CONTINUOUS
10
0.595767716535433
20
0.9293307086614173
11
0.5962322440944882
21
0.9316659842519684
0
LINE
8
BLACK
6
CONTINUOUS
10
0.5962322440944882
20
0.9316659842519684
11
0.5975550393700787
21
0.933645748031496
0
LINE
8
BLACK
6
CONTINUOUS
10
0.5975550393700787
20
0.933645748031496
11
0.5995348031496063
21
0.9349685433070866
0
LINE
8
BLACK
6
CONTINUOUS
10
0.5995348031496063
20
0.9349685433070866
11
0.6018700787401575
21
0.9354330708661417
0
LINE
8
BLACK
6
CONTINUOUS
10
0.6018700787401575
20
0.9354330708661417
11
0.6186023622047244
21
0.9354330708661417
0
LINE
8
BLACK
6
CONTINUOUS
10
0.6186023622047244
20
0.9354330708661417
11
0.6209376377952756
21
0.9349685433070866
0
LINE
8
BLACK
6
CONTINUOUS
10
0.6656226771653543
20
0.9349685433070866
11
0.6676024409448819
21
0.933645748031496
0
LINE
8
BLACK
6
CONTINUOUS
10
0.6676024409448819
20
0.933645748031496
11
0.6689252362204724
21
0.9316659842519684
0
LINE
8
BLACK
6
CONTINUOUS
10
0.6689252362204724
20
0.9316659842519684
11
0.6693897637795275
21
0.9293307086614173
0
LINE
8
BLACK
6
CONTINUOUS
10
0.6693897637795275
20
0.9293307086614173
11
0.6693897637795275
21
0.9171259842519685
0
LINE
8
BLACK
6
CONTINUOUS
10
0.6693897637795275
20
0.9171259842519685
11
0.6689252362204724
21
0.9147907086614173
0
LINE
8
BLACK
6
CONTINUOUS
10
0.6689252362204724
20
0.9147907086614173
11
0.6676024409448819
21
0.9128109448818897
0
LINE
8
BLACK
6
CONTINUOUS
10
0.6676024409448819
20
0.9128109448818897
11
0.6656226771653543
21
0.9114881496062992
0
LINE
8
BLACK
6
CONTINUOUS
10
0.6656226771653543
20
0.9114881496062992
11
0.6632874015748031
21
0.9110236220472441
0
LINE
8
BLACK
6
CONTINUOUS
10
0.6632874015748031
20
0.9110236220472441
11
0.6465551181102362
21
0.9110236220472441
0
LINE
8
BLACK
6
CONTINUOUS
10
0.6465551181102362
20
0.9110236220472441
11
0.644219842519685
21
0.9114881496062992
0
LINE
8
BLACK
6
CONTINUOUS
10
0.644219842519685
20
0.9114881496062992
11
0.6422400787401574
21
0.9128109448818897
0
LINE
8
BLACK
6
CONTINUOUS
10
0.6422400787401574
20
0.9128109448818897
11
0.6409172834645669
21
0.9147907086614173
0
LINE
8
BLACK
6
CONTINUOUS
10
0.6409172834645669
20
0.9147907086614173
11
0.6404527559055118
21
0.9171259842519685
0
LINE
8
BLACK
6
CONTINUOUS
10
0.6404527559055118
20
0.9171259842519685
11
0.6404527559055118
21
0.9293307086614173
0
LINE
8
BLACK
6
CONTINUOUS
10
0.6404527559055118
20
0.9293307086614173
11
0.6409172834645669
21
0.9316659842519684
0
LINE
8
BLACK
6
CONTINUOUS
10
0.6409172834645669
20
0.9316659842519684
11
0.6422400787401574
21
0.933645748031496
0
LINE
8
BLACK
6
CONTINUOUS
10
0.6422400787401574
20
0.933645748031496
11
0.644219842519685
21
0.9349685433070866
0
LINE
8
BLACK
6
CONTINUOUS
10
0.644219842519685
20
0.9349685433070866
11
0.6465551181102362
21
0.9354330708661417
0
LINE
8
BLACK
6
CONTINUOUS
10
0.6465551181102362
20
0.9354330708661417
11
0.6632874015748031
21
0.9354330708661417
0
LINE
8
BLACK
6
CONTINUOUS
10
0.6632874015748031
20
0.9354330708661417
11
0.6656226771653543
21
0.9349685433070866
0
LINE
8
BLACK
6
CONTINUOUS
10
0.9887698031496063
20
0.9377073622047244
11
0.9720664960629921
21
0.9210040551181102
0
LINE
8
BLACK
6
CONTINUOUS
10
0.9720664960629921
20
0.9210040551181102
11
0.9664987007874015
21
0.9265718503937007
0
LINE
8
BLACK
6
CONTINUOUS
10
0.9664987007874015
20
0.9265718503937007
11
0.9832020078740157
21
0.943275157480315
0
LINE
8
BLACK
6
CONTINUOUS
10
0.9832020078740157
20
0.943275157480315
11
0.9887698031496063
21
0.9377073622047244
0
LINE
8
BLACK
6
CONTINUOUS
10
0.7883301181102362
20
0.9265719291338582
11
0.7827623228346456
21
0.9210041338582677
0
LINE
8
BLACK
6
CONTINUOUS
10
0.7827623228346456
20
0.9210041338582677
11
0.7660590157480315
21
0.9377074409448819
0
LINE
8
BLACK
6
CONTINUOUS
10
0.7660590157480315
20
0.9377074409448819
11
0.7716268110236221
21
0.9432752362204724
0
LINE
8
BLACK
6
CONTINUOUS
10
0.7716268110236221
20
0.9432752362204724
11
0.7883301181102362
21
0.9265719291338582
0
LINE
8
BLACK
6
CONTINUOUS
10
0.8328722440944881
20
0.9321395669291338
11
0.8273044881889764
21
0.9265718110236221
0
LINE
8
BLACK
6
CONTINUOUS
10
0.8273044881889764
20
0.9265718110236221
11
0.816168937007874
21
0.9377073622047244
0
LINE
8
BLACK
6
CONTINUOUS
10
0.816168937007874
20
0.9377073622047244
11
0.8217366929133858
21
0.9432751181102362
0
LINE
8
BLACK
6
CONTINUOUS
10
0.8217366929133858
20
0.9432751181102362
11
0.8328722440944881
21
0.9321395669291338
0
LINE
8
BLACK
6
CONTINUOUS
10
0.9386598031496063
20
0.9377073622047244
11
0.927524251968504
21
0.9265718110236221
0
LINE
8
BLACK
6
CONTINUOUS
10
0.927524251968504
20
0.9265718110236221
11
0.9219564960629921
21
0.9321395669291338
0
LINE
8
BLACK
6
CONTINUOUS
10
0.9219564960629921
20
0.9321395669291338
11
0.9330920472440944
21
0.9432751181102362
0
LINE
8
BLACK
6
CONTINUOUS
10
0.9330920472440944
20
0.9432751181102362
11
0.9386598031496063
21
0.9377073622047244
0
LINE
8
BLACK
6
CONTINUOUS
10
0.5145933464566929
20
0.9657862204724409
11
0.5177864960629921
21
0.9636526377952755
0
LINE
8
BLACK
6
CONTINUOUS
10
0.5177864960629921
20
0.9636526377952755
11
0.5199200787401574
21
0.9604594881889763
0
LINE
8
BLACK
6
CONTINUOUS
10
0.5199200787401574
20
0.9604594881889763
11
0.5206692913385826
21
0.9566929133858267
0
LINE
8
BLACK
6
CONTINUOUS
10
0.5206692913385826
20
0.9566929133858267
11
0.5206692913385826
21
0.937007874015748
0
LINE
8
BLACK
6
CONTINUOUS
10
0.5206692913385826
20
0.937007874015748
11
0.5199200787401574
21
0.9332412992125984
0
LINE
8
BLACK
6
CONTINUOUS
10
0.5199200787401574
20
0.9332412992125984
11
0.5177864960629921
21
0.9300481496062992
0
LINE
8
BLACK
6
CONTINUOUS
10
0.5177864960629921
20
0.9300481496062992
11
0.5145933464566929
21
0.9279145669291339
0
LINE
8
BLACK
6
CONTINUOUS
10
0.5145933464566929
20
0.9279145669291339
11
0.5108267716535433
21
0.9271653543307087
0
LINE
8
BLACK
6
CONTINUOUS
10
0.5108267716535433
20
0.9271653543307087
11
0.4734251968503937
21
0.9271653543307087
0
LINE
8
BLACK
6
CONTINUOUS
10
0.4734251968503937
20
0.9271653543307087
11
0.4696586220472441
21
0.9279145669291339
0
LINE
8
BLACK
6
CONTINUOUS
10
0.4696586220472441
20
0.9279145669291339
11
0.4664654724409449
21
0.9300481496062992
0
LINE
8
BLACK
6
CONTINUOUS
10
0.4664654724409449
20
0.9300481496062992
11
0.4643318897637795
21
0.9332412992125984
0
LINE
8
BLACK
6
CONTINUOUS
10
0.4643318897637795
20
0.9332412992125984
11
0.4635826771653543
21
0.937007874015748
0
LINE
8
BLACK
6
CONTINUOUS
10
0.4635826771653543
20
0.937007874015748
11
0.4635826771653543
21
0.9566929133858267
0
LINE
8
BLACK
6
CONTINUOUS
10
0.4635826771653543
20
0.9566929133858267
11
0.4643318897637795
21
0.9604594881889763
0
LINE
8
BLACK
6
CONTINUOUS
10
0.4643318897637795
20
0.9604594881889763
11
0.4664654724409449
21
0.9636526377952755
0
LINE
8
BLACK
6
CONTINUOUS
10
0.4664654724409449
20
0.9636526377952755
11
0.4696586220472441
21
0.9657862204724409
0
LINE
8
BLACK
6
CONTINUOUS
10
0.4696586220472441
20
0.9657862204724409
11
0.4734251968503937
21
0.9665354330708661
0
LINE
8
BLACK
6
CONTINUOUS
10
0.4734251968503937
20
0.9665354330708661
11
0.5108267716535433
21
0.9665354330708661
0
LINE
8
BLACK
6
CONTINUOUS
10
0.5108267716535433
20
0.9665354330708661
11
0.5145933464566929
21
0.9657862204724409
0
LINE
8
BLACK
6
CONTINUOUS
10
0.8050333858267716
20
0.9432751968503936
11
0.799465590551181
21
0.9377074015748031
0
LINE
8
BLACK
6
CONTINUOUS
10
0.799465590551181
20
0.9377074015748031
11
0.7827622834645669
21
0.9544107086614173
0
LINE
8
BLACK
6
CONTINUOUS
10
0.7827622834645669
20
0.9544107086614173
11
0.7883300787401575
21
0.9599785039370079
0
LINE
8
BLACK
6
CONTINUOUS
10
0.7883300787401575
20
0.9599785039370079
11
0.8050333858267716
21
0.9432751968503936
0
LINE
8
BLACK
6
CONTINUOUS
10
0.9720664566929134
20
0.9544107086614173
11
0.9553631496062992
21
0.9377074015748031
0
LINE
8
BLACK
6
CONTINUOUS
10
0.9553631496062992
20
0.9377074015748031
11
0.9497953543307086
21
0.9432751968503936
0
LINE
8
BLACK
6
CONTINUOUS
10
0.9497953543307086
20
0.9432751968503936
11
0.9664986614173228
21
0.9599785039370079
0
LINE
8
BLACK
6
CONTINUOUS
10
0.9664986614173228
20
0.9599785039370079
11
0.9720664566929134
21
0.9544107086614173
0
LINE
8
BLACK
6
CONTINUOUS
10
0.8495755118110236
20
0.948842874015748
11
0.8440077559055118
21
0.9432751181102362
0
LINE
8
BLACK
6
CONTINUOUS
10
0.8440077559055118
20
0.9432751181102362
11
0.8328722047244095
21
0.9544106692913386
0
LINE
8
BLACK
6
CONTINUOUS
10
0.8328722047244095
20
0.9544106692913386
11
0.8384399606299212
21
0.9599784251968504
0
LINE
8
BLACK
6
CONTINUOUS
10
0.8384399606299212
20
0.9599784251968504
11
0.8495755118110236
21
0.948842874015748
0
LINE
8
BLACK
6
CONTINUOUS
10
0.9219564566929134
20
0.9544107086614173
11
0.9108209055118111
21
0.943275157480315
0
LINE
8
BLACK
6
CONTINUOUS
10
0.9108209055118111
20
0.943275157480315
11
0.9052531496062992
21
0.9488429133858267
0
LINE
8
BLACK
6
CONTINUOUS
10
0.9052531496062992
20
0.9488429133858267
11
0.9163887007874015
21
0.9599784645669291
0
LINE
8
BLACK
6
CONTINUOUS
10
0.9163887007874015
20
0.9599784645669291
11
0.9219564566929134
21
0.9544107086614173
0
LINE
8
BLACK
6
CONTINUOUS
10
0.9553631496062992
20
0.9711140157480315
11
0.938659842519685
21
0.9544107086614173
0
LINE
8
BLACK
6
CONTINUOUS
10
0.938659842519685
20
0.9544107086614173
11
0.9330920472440944
21
0.9599785039370079
0
LINE
8
BLACK
6
CONTINUOUS
10
0.9330920472440944
20
0.9599785039370079
11
0.9497953543307086
21
0.9766818110236221
0
LINE
8
BLACK
6
CONTINUOUS
10
0.9497953543307086
20
0.9766818110236221
11
0.9553631496062992
21
0.9711140157480315
0
LINE
8
BLACK
6
CONTINUOUS
10
0.8217367322834646
20
0.9599785433070865
11
0.816168937007874
21
0.9544107480314961
0
LINE
8
BLACK
6
CONTINUOUS
10
0.816168937007874
20
0.9544107480314961
11
0.7994656299212598
21
0.9711140551181102
0
LINE
8
BLACK
6
CONTINUOUS
10
0.7994656299212598
20
0.9711140551181102
11
0.8050334251968504
21
0.9766818503937008
0
LINE
8
BLACK
6
CONTINUOUS
10
0.8050334251968504
20
0.9766818503937008
11
0.8217367322834646
21
0.9599785433070865
0
LINE
8
BLACK
6
CONTINUOUS
10
0.8662788582677166
20
0.9655462204724409
11
0.8607111023622047
21
0.9599784645669291
0
LINE
8
BLACK
6
CONTINUOUS
10
0.8607111023622047
20
0.9599784645669291
11
0.8495755511811024
21
0.9711140157480315
0
LINE
8
BLACK
6
CONTINUOUS
10
0.8495755511811024
20
0.9711140157480315
11
0.8551433070866141
21
0.9766817716535433
0
LINE
8
BLACK
6
CONTINUOUS
10
0.8551433070866141
20
0.9766817716535433
11
0.8662788582677166
21
0.9655462204724409
0
LINE
8
BLACK
6
CONTINUOUS
10
0.905253188976378
20
0.9711140157480315
11
0.8941176377952755
21
0.9599784645669291
0
LINE
8
BLACK
6
CONTINUOUS
10
0.8941176377952755
20
0.9599784645669291
11
0.8885498818897638
21
0.9655462204724409
0
LINE
8
BLACK
6
CONTINUOUS
10
0.8885498818897638
20
0.9655462204724409
11
0.8996854330708661
21
0.9766817716535433
0
LINE
8
BLACK
6
CONTINUOUS
10
0.8996854330708661
20
0.9766817716535433
11
0.905253188976378
21
0.9711140157480315
0
LINE
8
BLACK
6
CONTINUOUS
10
0.8384400393700787
20
0.9766818110236221
11
0.8328722440944881
21
0.9711140157480315
0
LINE
8
BLACK
6
CONTINUOUS
10
0.8328722440944881
20
0.9711140157480315
11
0.816168937007874
21
0.9878173228346456
0
LINE
8
BLACK
6
CONTINUOUS
10
0.816168937007874
20
0.9878173228346456
11
0.8217367322834646
21
0.9933851181102362
0
LINE
8
BLACK
6
CONTINUOUS
10
0.8217367322834646
20
0.9933851181102362
11
0.8384400393700787
21
0.9766818110236221
0
LINE
8
BLACK
6
CONTINUOUS
10
0.9386598031496063
20
0.9878173228346456
11
0.9219564960629921
21
0.9711140157480315
0
LINE
8
BLACK
6
CONTINUOUS
10
0.9219564960629921
20
0.9711140157480315
11
0.9163887007874015
21
0.9766818110236221
0
LINE
8
BLACK
6
CONTINUOUS
10
0.9163887007874015
20
0.9766818110236221
11
0.9330920078740157
21
0.9933851181102362
0
LINE
8
BLACK
6
CONTINUOUS
10
0.9330920078740157
20
0.9933851181102362
11
0.9386598031496063
21
0.9878173228346456
0
LINE
8
BLACK
6
CONTINUOUS
10
0.9219565354330709
20
1.0045206299212599
11
0.9052532283464567
21
0.9878173228346456
0
LINE
8
BLACK
6
CONTINUOUS
10
0.9052532283464567
20
0.9878173228346456
11
0.8996854330708661
21
0.9933851181102362
0
LINE
8
BLACK
6
CONTINUOUS
10
0.8996854330708661
20
0.9933851181102362
11
0.9163887401574803
21
1.0100884251968503
0
LINE
8
BLACK
6
CONTINUOUS
10
0.9163887401574803
20
1.0100884251968503
11
0.9219565354330709
21
1.0045206299212599
0
LINE
8
BLACK
6
CONTINUOUS
10
0.8551433464566929
20
0.993385157480315
11
0.8495755511811024
21
0.9878173622047244
0
LINE
8
BLACK
6
CONTINUOUS
10
0.8495755511811024
20
0.9878173622047244
11
0.8328722440944881
21
1.0045206692913387
0
LINE
8
BLACK
6
CONTINUOUS
10
0.8328722440944881
20
1.0045206692913387
11
0.8384400393700787
21
1.010088464566929
0
LINE
8
BLACK
6
CONTINUOUS
10
0.8384400393700787
20
1.010088464566929
11
0.8551433464566929
21
0.993385157480315
0
LINE
8
BLACK
6
CONTINUOUS
10
0.5145933464566929
20
1.0405893700787401
11
0.5177864960629921
21
1.0384557874015747
0
LINE
8
BLACK
6
CONTINUOUS
10
0.5177864960629921
20
1.0384557874015747
11
0.5199200787401574
21
1.0352626377952756
0
LINE
8
BLACK
6
CONTINUOUS
10
0.5199200787401574
20
1.0352626377952756
11
0.5206692913385826
21
1.0314960629921259
0
LINE
8
BLACK
6
CONTINUOUS
10
0.5206692913385826
20
1.0314960629921259
11
0.5206692913385826
21
1.0118110236220472
0
LINE
8
BLACK
6
CONTINUOUS
10
0.5206692913385826
20
1.0118110236220472
11
0.5199200787401574
21
1.0080444488188975
0
LINE
8
BLACK
6
CONTINUOUS
10
0.5199200787401574
20
1.0080444488188975
11
0.5177864960629921
21
1.0048512992125984
0
LINE
8
BLACK
6
CONTINUOUS
10
0.5177864960629921
20
1.0048512992125984
11
0.5145933464566929
21
1.0027177165354331
0
LINE
8
BLACK
6
CONTINUOUS
10
0.5145933464566929
20
1.0027177165354331
11
0.5108267716535433
21
1.0019685039370079
0
LINE
8
BLACK
6
CONTINUOUS
10
0.5108267716535433
20
1.0019685039370079
11
0.4734251968503937
21
1.0019685039370079
0
LINE
8
BLACK
6
CONTINUOUS
10
0.4734251968503937
20
1.0019685039370079
11
0.4696586220472441
21
1.0027177165354331
0
LINE
8
BLACK
6
CONTINUOUS
10
0.4696586220472441
20
1.0027177165354331
11
0.4664654724409449
21
1.0048512992125984
0
LINE
8
BLACK
6
CONTINUOUS
10
0.4664654724409449
20
1.0048512992125984
11
0.4643318897637795
21
1.0080444488188975
0
LINE
8
BLACK
6
CONTINUOUS
10
0.4643318897637795
20
1.0080444488188975
11
0.4635826771653543
21
1.0118110236220472
0
LINE
8
BLACK
6
CONTINUOUS
10
0.4635826771653543
20
1.0118110236220472
11
0.4635826771653543
21
1.0314960629921259
0
LINE
8
BLACK
6
CONTINUOUS
10
0.4635826771653543
20
1.0314960629921259
11
0.4643318897637795
21
1.0352626377952756
0
LINE
8
BLACK
6
CONTINUOUS
10
0.4643318897637795
20
1.0352626377952756
11
0.4664654724409449
21
1.0384557874015747
0
LINE
8
BLACK
6
CONTINUOUS
10
0.4664654724409449
20
1.0384557874015747
11
0.4696586220472441
21
1.0405893700787401
0
LINE
8
BLACK
6
CONTINUOUS
10
0.4696586220472441
20
1.0405893700787401
11
0.4734251968503937
21
1.0413385826771653
0
LINE
8
BLACK
6
CONTINUOUS
10
0.4734251968503937
20
1.0413385826771653
11
0.5108267716535433
21
1.0413385826771653
0
LINE
8
BLACK
6
CONTINUOUS
10
0.5108267716535433
20
1.0413385826771653
11
0.5145933464566929
21
1.0405893700787401
0
LINE
8
BLACK
6
CONTINUOUS
10
0.647175905511811
20
1.1333617322834646
11
0.6484531889763779
21
1.1325083070866142
0
LINE
8
BLACK
6
CONTINUOUS
10
0.6484531889763779
20
1.1325083070866142
11
0.6493066141732283
21
1.1312310236220473
0
LINE
8
BLACK
6
CONTINUOUS
10
0.6493066141732283
20
1.1312310236220473
11
0.6496062992125984
21
1.1297244094488188
0
LINE
8
BLACK
6
CONTINUOUS
10
0.6496062992125984
20
1.1297244094488188
11
0.6496062992125984
21
1.0795275590551181
0
LINE
8
BLACK
6
CONTINUOUS
10
0.6496062992125984
20
1.0795275590551181
11
0.6493066141732283
21
1.0780209448818898
0
LINE
8
BLACK
6
CONTINUOUS
10
0.6493066141732283
20
1.0780209448818898
11
0.6484531889763779
21
1.0767436614173229
0
LINE
8
BLACK
6
CONTINUOUS
10
0.6484531889763779
20
1.0767436614173229
11
0.647175905511811
21
1.0758902362204723
0
LINE
8
BLACK
6
CONTINUOUS
10
0.647175905511811
20
1.0758902362204723
11
0.6456692913385826
21
1.0755905511811024
0
LINE
8
BLACK
6
CONTINUOUS
10
0.6456692913385826
20
1.0755905511811024
11
0.6377952755905512
21
1.0755905511811024
0
LINE
8
BLACK
6
CONTINUOUS
10
0.6377952755905512
20
1.0755905511811024
11
0.6362886614173228
21
1.0758902362204723
0
LINE
8
BLACK
6
CONTINUOUS
10
0.6362886614173228
20
1.0758902362204723
11
0.6350113779527559
21
1.0767436614173229
0
LINE
8
BLACK
6
CONTINUOUS
10
0.6350113779527559
20
1.0767436614173229
11
0.6341579527559055
21
1.0780209448818898
0
LINE
8
BLACK
6
CONTINUOUS
10
0.6341579527559055
20
1.0780209448818898
11
0.6338582677165354
21
1.0795275590551181
0
LINE
8
BLACK
6
CONTINUOUS
10
0.6338582677165354
20
1.0795275590551181
11
0.6338582677165354
21
1.1297244094488188
0
LINE
8
BLACK
6
CONTINUOUS
10
0.6338582677165354
20
1.1297244094488188
11
0.6341579527559055
21
1.1312310236220473
0
LINE
8
BLACK
6
CONTINUOUS
10
0.6341579527559055
20
1.1312310236220473
11
0.6350113779527559
21
1.1325083070866142
0
LINE
8
BLACK
6
CONTINUOUS
10
0.6350113779527559
20
1.1325083070866142
11
0.6362886614173228
21
1.1333617322834646
0
LINE
8
BLACK
6
CONTINUOUS
10
0.6362886614173228
20
1.1333617322834646
11
0.6377952755905512
21
1.1336614173228345
0
LINE
8
BLACK
6
CONTINUOUS
10
0.6377952755905512
20
1.1336614173228345
11
0.6456692913385826
21
1.1336614173228345
0
LINE
8
BLACK
6
CONTINUOUS
10
0.6456692913385826
20
1.1336614173228345
11
0.647175905511811
21
1.1333617322834646
0
LINE
8
BLACK
6
CONTINUOUS
10
0.6727664566929134
20
1.1333617322834646
11
0.6740437401574803
21
1.1325083070866142
0
LINE
8
BLACK
6
CONTINUOUS
10
0.6740437401574803
20
1.1325083070866142
11
0.6748971653543306
21
1.1312310236220473
0
LINE
8
BLACK
6
CONTINUOUS
10
0.6748971653543306
20
1.1312310236220473
11
0.6751968503937008
21
1.1297244094488188
0
LINE
8
BLACK
6
CONTINUOUS
10
0.6751968503937008
20
1.1297244094488188
11
0.6751968503937008
21
1.0795275590551181
0
LINE
8
BLACK
6
CONTINUOUS
10
0.6751968503937008
20
1.0795275590551181
11
0.6748971653543306
21
1.0780209448818898
0
LINE
8
BLACK
6
CONTINUOUS
10
0.6748971653543306
20
1.0780209448818898
11
0.6740437401574803
21
1.0767436614173229
0
LINE
8
BLACK
6
CONTINUOUS
10
0.6740437401574803
20
1.0767436614173229
11
0.6727664566929134
21
1.0758902362204723
0
LINE
8
BLACK
6
CONTINUOUS
10
0.6727664566929134
20
1.0758902362204723
11
0.6712598425196851
21
1.0755905511811024
0
LINE
8
BLACK
6
CONTINUOUS
10
0.6712598425196851
20
1.0755905511811024
11
0.6633858267716535
21
1.0755905511811024
0
LINE
8
BLACK
6
CONTINUOUS
10
0.6633858267716535
20
1.0755905511811024
11
0.6618792125984252
21
1.0758902362204723
0
LINE
8
BLACK
6
CONTINUOUS
10
0.6618792125984252
20
1.0758902362204723
11
0.6606019291338583
21
1.0767436614173229
0
LINE
8
BLACK
6
CONTINUOUS
10
0.6606019291338583
20
1.0767436614173229
11
0.6597485039370079
21
1.0780209448818898
0
LINE
8
BLACK
6
CONTINUOUS
10
0.6597485039370079
20
1.0780209448818898
11
0.6594488188976377
21
1.0795275590551181
0
LINE
8
BLACK
6
CONTINUOUS
10
0.6594488188976377
20
1.0795275590551181
11
0.6594488188976377
21
1.1297244094488188
0
LINE
8
BLACK
6
CONTINUOUS
10
0.6594488188976377
20
1.1297244094488188
11
0.6597485039370079
21
1.1312310236220473
0
LINE
8
BLACK
6
CONTINUOUS
10
0.6597485039370079
20
1.1312310236220473
11
0.6606019291338583
21
1.1325083070866142
0
LINE
8
BLACK
6
CONTINUOUS
10
0.6606019291338583
20
1.1325083070866142
11
0.6618792125984252
21
1.1333617322834646
0
LINE
8
BLACK
6
CONTINUOUS
10
0.6618792125984252
20
1.1333617322834646
11
0.6633858267716535
21
1.1336614173228345
0
LINE
8
BLACK
6
CONTINUOUS
10
0.6633858267716535
20
1.1336614173228345
11
0.6712598425196851
21
1.1336614173228345
0
LINE
8
BLACK
6
CONTINUOUS
10
0.6712598425196851
20
1.1336614173228345
11
0.6727664566929134
21
1.1333617322834646
0
LINE
8
BLACK
6
CONTINUOUS
10
0.6983570078740158
20
1.1333617322834646
11
0.6996342913385827
21
1.1325083070866142
0
LINE
8
BLACK
6
CONTINUOUS
10
0.6996342913385827
20
1.1325083070866142
11
0.7004877165354331
21
1.1312310236220473
0
LINE
8
BLACK
6
CONTINUOUS
10
0.7004877165354331
20
1.1312310236220473
11
0.7007874015748031
21
1.1297244094488188
0
LINE
8
BLACK
6
CONTINUOUS
10
0.7007874015748031
20
1.1297244094488188
11
0.7007874015748031
21
1.0795275590551181
0
LINE
8
BLACK
6
CONTINUOUS
10
0.7007874015748031
20
1.0795275590551181
11
0.7004877165354331
21
1.0780209448818898
0
LINE
8
BLACK
6
CONTINUOUS
10
0.7004877165354331
20
1.0780209448818898
11
0.6996342913385827
21
1.0767436614173229
0
LINE
8
BLACK
6
CONTINUOUS
10
0.6996342913385827
20
1.0767436614173229
11
0.6983570078740158
21
1.0758902362204723
0
LINE
8
BLACK
6
CONTINUOUS
10
0.6983570078740158
20
1.0758902362204723
11
0.6968503937007874
21
1.0755905511811024
0
LINE
8
BLACK
6
CONTINUOUS
10
0.6968503937007874
20
1.0755905511811024
11
0.6889763779527559
21
1.0755905511811024
0
LINE
8
BLACK
6
CONTINUOUS
10
0.6889763779527559
20
1.0755905511811024
11
0.6874697637795275
21
1.0758902362204723
0
LINE
8
BLACK
6
CONTINUOUS
10
0.6874697637795275
20
1.0758902362204723
11
0.6861924803149606
21
1.0767436614173229
0
LINE
8
BLACK
6
CONTINUOUS
10
0.6861924803149606
20
1.0767436614173229
11
0.6853390551181102
21
1.0780209448818898
0
LINE
8
BLACK
6
CONTINUOUS
10
0.6853390551181102
20
1.0780209448818898
11
0.6850393700787402
21
1.0795275590551181
0
LINE
8
BLACK
6
CONTINUOUS
10
0.6850393700787402
20
1.0795275590551181
11
0.6850393700787402
21
1.1297244094488188
0
LINE
8
BLACK
6
CONTINUOUS
10
0.6850393700787402
20
1.1297244094488188
11
0.6853390551181102
21
1.1312310236220473
0
LINE
8
BLACK
6
CONTINUOUS
10
0.6853390551181102
20
1.1312310236220473
11
0.6861924803149606
21
1.1325083070866142
0
LINE
8
BLACK
6
CONTINUOUS
10
0.6861924803149606
20
1.1325083070866142
11
0.6874697637795275
21
1.1333617322834646
0
LINE
8
BLACK
6
CONTINUOUS
10
0.6874697637795275
20
1.1333617322834646
11
0.6889763779527559
21
1.1336614173228345
0
LINE
8
BLACK
6
CONTINUOUS
10
0.6889763779527559
20
1.1336614173228345
11
0.6968503937007874
21
1.1336614173228345
0
LINE
8
BLACK
6
CONTINUOUS
10
0.6968503937007874
20
1.1336614173228345
11
0.6983570078740158
21
1.1333617322834646
0
LINE
8
BLACK
6
CONTINUOUS
10
0.7239475590551181
20
1.1333617322834646
11
0.725224842519685
21
1.1325083070866142
0
LINE
8
BLACK
6
CONTINUOUS
10
0.725224842519685
20
1.1325083070866142
11
0.7260782677165354
21
1.1312310236220473
0
LINE
8
BLACK
6
CONTINUOUS
10
0.7260782677165354
20
1.1312310236220473
11
0.7263779527559054
21
1.1297244094488188
0
LINE
8
BLACK
6
CONTINUOUS
10
0.7263779527559054
20
1.1297244094488188
11
0.7263779527559054
21
1.0795275590551181
0
LINE
8
BLACK
6
CONTINUOUS
10
0.7263779527559054
20
1.0795275590551181
11
0.7260782677165354
21
1.0780209448818898
0
LINE
8
BLACK
6
CONTINUOUS
10
0.7260782677165354
20
1.0780209448818898
11
0.725224842519685
21
1.0767436614173229
0
LINE
8
BLACK
6
CONTINUOUS
10
0.725224842519685
20
1.0767436614173229
11
0.7239475590551181
21
1.0758902362204723
0
LINE
8
BLACK
6
CONTINUOUS
10
0.7239475590551181
20
1.0758902362204723
11
0.7224409448818897
21
1.0755905511811024
0
LINE
8
BLACK
6
CONTINUOUS
10
0.7224409448818897
20
1.0755905511811024
11
0.7145669291338582
21
1.0755905511811024
0
LINE
8
BLACK
6
CONTINUOUS
10
0.7145669291338582
20
1.0755905511811024
11
0.7130603149606299
21
1.0758902362204723
0
LINE
8
BLACK
6
CONTINUOUS
10
0.7130603149606299
20
1.0758902362204723
11
0.7117830314960629
21
1.0767436614173229
0
LINE
8
BLACK
6
CONTINUOUS
10
0.7117830314960629
20
1.0767436614173229
11
0.7109296062992125
21
1.0780209448818898
0
LINE
8
BLACK
6
CONTINUOUS
10
0.7109296062992125
20
1.0780209448818898
11
0.7106299212598425
21
1.0795275590551181
0
LINE
8
BLACK
6
CONTINUOUS
10
0.7106299212598425
20
1.0795275590551181
11
0.7106299212598425
21
1.1297244094488188
0
LINE
8
BLACK
6
CONTINUOUS
10
0.7106299212598425
20
1.1297244094488188
11
0.7109296062992125
21
1.1312310236220473
0
LINE
8
BLACK
6
CONTINUOUS
10
0.7109296062992125
20
1.1312310236220473
11
0.7117830314960629
21
1.1325083070866142
0
LINE
8
BLACK
6
CONTINUOUS
10
0.7117830314960629
20
1.1325083070866142
11
0.7130603149606299
21
1.1333617322834646
0
LINE
8
BLACK
6
CONTINUOUS
10
0.7130603149606299
20
1.1333617322834646
11
0.7145669291338582
21
1.1336614173228345
0
LINE
8
BLACK
6
CONTINUOUS
10
0.7145669291338582
20
1.1336614173228345
11
0.7224409448818897
21
1.1336614173228345
0
LINE
8
BLACK
6
CONTINUOUS
10
0.7224409448818897
20
1.1336614173228345
11
0.7239475590551181
21
1.1333617322834646
0
LINE
8
BLACK
6
CONTINUOUS
10
0.7495381102362204
20
1.1333617322834646
11
0.7508153937007874
21
1.1325083070866142
0
LINE
8
BLACK
6
CONTINUOUS
10
0.7508153937007874
20
1.1325083070866142
11
0.7516688188976378
21
1.1312310236220473
0
LINE
8
BLACK
6
CONTINUOUS
10
0.7516688188976378
20
1.1312310236220473
11
0.7519685039370079
21
1.1297244094488188
0
LINE
8
BLACK
6
CONTINUOUS
10
0.7519685039370079
20
1.1297244094488188
11
0.7519685039370079
21
1.0795275590551181
0
LINE
8
BLACK
6
CONTINUOUS
10
0.7519685039370079
20
1.0795275590551181
11
0.7516688188976378
21
1.0780209448818898
0
LINE
8
BLACK
6
CONTINUOUS
10
0.7516688188976378
20
1.0780209448818898
11
0.7508153937007874
21
1.0767436614173229
0
LINE
8
BLACK
6
CONTINUOUS
10
0.7508153937007874
20
1.0767436614173229
11
0.7495381102362204
21
1.0758902362204723
0
LINE
8
BLACK
6
CONTINUOUS
10
0.7495381102362204
20
1.0758902362204723
11
0.7480314960629921
21
1.0755905511811024
0
LINE
8
BLACK
6
CONTINUOUS
10
0.7480314960629921
20
1.0755905511811024
11
0.7401574803149606
21
1.0755905511811024
0
LINE
8
BLACK
6
CONTINUOUS
10
0.7401574803149606
20
1.0755905511811024
11
0.7386508661417323
21
1.0758902362204723
0
LINE
8
BLACK
6
CONTINUOUS
10
0.7386508661417323
20
1.0758902362204723
11
0.7373735826771654
21
1.0767436614173229
0
LINE
8
BLACK
6
CONTINUOUS
10
0.7373735826771654
20
1.0767436614173229
11
0.736520157480315
21
1.0780209448818898
0
LINE
8
BLACK
6
CONTINUOUS
10
0.736520157480315
20
1.0780209448818898
11
0.7362204724409449
21
1.0795275590551181
0
LINE
8
BLACK
6
CONTINUOUS
10
0.7362204724409449
20
1.0795275590551181
11
0.7362204724409449
21
1.1297244094488188
0
LINE
8
BLACK
6
CONTINUOUS
10
0.7362204724409449
20
1.1297244094488188
11
0.736520157480315
21
1.1312310236220473
0
LINE
8
BLACK
6
CONTINUOUS
10
0.736520157480315
20
1.1312310236220473
11
0.7373735826771654
21
1.1325083070866142
0
LINE
8
BLACK
6
CONTINUOUS
10
0.7373735826771654
20
1.1325083070866142
11
0.7386508661417323
21
1.1333617322834646
0
LINE
8
BLACK
6
CONTINUOUS
10
0.7386508661417323
20
1.1333617322834646
11
0.7401574803149606
21
1.1336614173228345
0
LINE
8
BLACK
6
CONTINUOUS
10
0.7401574803149606
20
1.1336614173228345
11
0.7480314960629921
21
1.1336614173228345
0
LINE
8
BLACK
6
CONTINUOUS
10
0.7480314960629921
20
1.1336614173228345
11
0.7495381102362204
21
1.1333617322834646
0
LINE
8
BLACK
6
CONTINUOUS
10
0.7751286614173228
20
1.1333617322834646
11
0.7764059448818897
21
1.1325083070866142
0
LINE
8
BLACK
6
CONTINUOUS
10
0.7764059448818897
20
1.1325083070866142
11
0.7772593700787401
21
1.1312310236220473
0
LINE
8
BLACK
6
CONTINUOUS
10
0.7772593700787401
20
1.1312310236220473
11
0.7775590551181102
21
1.1297244094488188
0
LINE
8
BLACK
6
CONTINUOUS
10
0.7775590551181102
20
1.1297244094488188
11
0.7775590551181102
21
1.0795275590551181
0
LINE
8
BLACK
6
CONTINUOUS
10
0.7775590551181102
20
1.0795275590551181
11
0.7772593700787401
21
1.0780209448818898
0
LINE
8
BLACK
6
CONTINUOUS
10
0.7772593700787401
20
1.0780209448818898
11
0.7764059448818897
21
1.0767436614173229
0
LINE
8
BLACK
6
CONTINUOUS
10
0.7764059448818897
20
1.0767436614173229
11
0.7751286614173228
21
1.0758902362204723
0
LINE
8
BLACK
6
CONTINUOUS
10
0.7751286614173228
20
1.0758902362204723
11
0.7736220472440944
21
1.0755905511811024
0
LINE
8
BLACK
6
CONTINUOUS
10
0.7736220472440944
20
1.0755905511811024
11
0.765748031496063
21
1.0755905511811024
0
LINE
8
BLACK
6
CONTINUOUS
10
0.765748031496063
20
1.0755905511811024
11
0.7642414173228347
21
1.0758902362204723
0
LINE
8
BLACK
6
CONTINUOUS
10
0.7642414173228347
20
1.0758902362204723
11
0.7629641338582677
21
1.0767436614173229
0
LINE
8
BLACK
6
CONTINUOUS
10
0.7629641338582677
20
1.0767436614173229
11
0.7621107086614173
21
1.0780209448818898
0
LINE
8
BLACK
6
CONTINUOUS
10
0.7621107086614173
20
1.0780209448818898
11
0.7618110236220472
21
1.0795275590551181
0
LINE
8
BLACK
6
CONTINUOUS
10
0.7618110236220472
20
1.0795275590551181
11
0.7618110236220472
21
1.1297244094488188
0
LINE
8
BLACK
6
CONTINUOUS
10
0.7618110236220472
20
1.1297244094488188
11
0.7621107086614173
21
1.1312310236220473
0
LINE
8
BLACK
6
CONTINUOUS
10
0.7621107086614173
20
1.1312310236220473
11
0.7629641338582677
21
1.1325083070866142
0
LINE
8
BLACK
6
CONTINUOUS
10
0.7629641338582677
20
1.1325083070866142
11
0.7642414173228347
21
1.1333617322834646
0
LINE
8
BLACK
6
CONTINUOUS
10
0.7642414173228347
20
1.1333617322834646
11
0.765748031496063
21
1.1336614173228345
0
LINE
8
BLACK
6
CONTINUOUS
10
0.765748031496063
20
1.1336614173228345
11
0.7736220472440944
21
1.1336614173228345
0
LINE
8
BLACK
6
CONTINUOUS
10
0.7736220472440944
20
1.1336614173228345
11
0.7751286614173228
21
1.1333617322834646
0
LINE
8
BLACK
6
CONTINUOUS
10
0.8007192125984252
20
1.1333617322834646
11
0.8019964960629921
21
1.1325083070866142
0
LINE
8
BLACK
6
CONTINUOUS
10
0.8019964960629921
20
1.1325083070866142
11
0.8028499212598424
21
1.1312310236220473
0
LINE
8
BLACK
6
CONTINUOUS
10
0.8028499212598424
20
1.1312310236220473
11
0.8031496062992126
21
1.1297244094488188
0
LINE
8
BLACK
6
CONTINUOUS
10
0.8031496062992126
20
1.1297244094488188
11
0.8031496062992126
21
1.0795275590551181
0
LINE
8
BLACK
6
CONTINUOUS
10
0.8031496062992126
20
1.0795275590551181
11
0.8028499212598424
21
1.0780209448818898
0
LINE
8
BLACK
6
CONTINUOUS
10
0.8028499212598424
20
1.0780209448818898
11
0.8019964960629921
21
1.0767436614173229
0
LINE
8
BLACK
6
CONTINUOUS
10
0.8019964960629921
20
1.0767436614173229
11
0.8007192125984252
21
1.0758902362204723
0
LINE
8
BLACK
6
CONTINUOUS
10
0.8007192125984252
20
1.0758902362204723
11
0.7992125984251969
21
1.0755905511811024
0
LINE
8
BLACK
6
CONTINUOUS
10
0.7992125984251969
20
1.0755905511811024
11
0.7913385826771653
21
1.0755905511811024
0
LINE
8
BLACK
6
CONTINUOUS
10
0.7913385826771653
20
1.0755905511811024
11
0.789831968503937
21
1.0758902362204723
0
LINE
8
BLACK
6
CONTINUOUS
10
0.789831968503937
20
1.0758902362204723
11
0.7885546850393701
21
1.0767436614173229
0
LINE
8
BLACK
6
CONTINUOUS
10
0.7885546850393701
20
1.0767436614173229
11
0.7877012598425197
21
1.0780209448818898
0
LINE
8
BLACK
6
CONTINUOUS
10
0.7877012598425197
20
1.0780209448818898
11
0.7874015748031495
21
1.0795275590551181
0
LINE
8
BLACK
6
CONTINUOUS
10
0.7874015748031495
20
1.0795275590551181
11
0.7874015748031495
21
1.1297244094488188
0
LINE
8
BLACK
6
CONTINUOUS
10
0.7874015748031495
20
1.1297244094488188
11
0.7877012598425197
21
1.1312310236220473
0
LINE
8
BLACK
6
CONTINUOUS
10
0.7877012598425197
20
1.1312310236220473
11
0.7885546850393701
21
1.1325083070866142
0
LINE
8
BLACK
6
CONTINUOUS
10
0.7885546850393701
20
1.1325083070866142
11
0.789831968503937
21
1.1333617322834646
0
LINE
8
BLACK
6
CONTINUOUS
10
0.789831968503937
20
1.1333617322834646
11
0.7913385826771653
21
1.1336614173228345
0
LINE
8
BLACK
6
CONTINUOUS
10
0.7913385826771653
20
1.1336614173228345
11
0.7992125984251969
21
1.1336614173228345
0
LINE
8
BLACK
6
CONTINUOUS
10
0.7992125984251969
20
1.1336614173228345
11
0.8007192125984252
21
1.1333617322834646
0
LINE
8
BLACK
6
CONTINUOUS
10
0.4197842125984252
20
1.3164414566929135
11
0.432697125984252
21
1.3134941732283465
0
LINE
8
BLACK
6
CONTINUOUS
10
0.432697125984252
20
1.3134941732283465
11
0.4451988188976378
21
1.3091196456692913
0
LINE
8
BLACK
6
CONTINUOUS
10
0.4451988188976378
20
1.3091196456692913
11
0.4571321653543307
21
1.3033728346456692
0
LINE
8
BLACK
6
CONTINUOUS
10
0.4571321653543307
20
1.3033728346456692
11
0.4683470078740157
21
1.2963261023622048
0
LINE
8
BLACK
6
CONTINUOUS
10
0.4683470078740157
20
1.2963261023622048
11
0.4787023622047244
21
1.2880679527559056
0
LINE
8
BLACK
6
CONTINUOUS
10
0.4787023622047244
20
1.2880679527559056
11
0.4880679527559055
21
1.2787023622047244
0
LINE
8
BLACK
6
CONTINUOUS
10
0.4880679527559055
20
1.2787023622047244
11
0.4963261023622047
21
1.2683470078740158
0
LINE
8
BLACK
6
CONTINUOUS
10
0.4963261023622047
20
1.2683470078740158
11
0.5033728346456693
21
1.2571321653543306
0
LINE
8
BLACK
6
CONTINUOUS
10
0.5033728346456693
20
1.2571321653543306
11
0.5091196456692914
21
1.2451988188976377
0
LINE
8
BLACK
6
CONTINUOUS
10
0.5091196456692914
20
1.2451988188976377
11
0.5134941732283465
21
1.2326971259842519
0
LINE
8
BLACK
6
CONTINUOUS
10
0.5134941732283465
20
1.2326971259842519
11
0.5164414566929134
21
1.2197842125984251
0
LINE
8
BLACK
6
CONTINUOUS
10
0.5164414566929134
20
1.2197842125984251
11
0.5179244094488189
21
1.2066224803149606
0
LINE
8
BLACK
6
CONTINUOUS
10
0.5179244094488189
20
1.2066224803149606
11
0.5179244094488189
21
1.1933775196850394
0
LINE
8
BLACK
6
CONTINUOUS
10
0.5179244094488189
20
1.1933775196850394
11
0.5164414566929134
21
1.1802157874015748
0
LINE
8
BLACK
6
CONTINUOUS
10
0.5164414566929134
20
1.1802157874015748
11
0.5134941732283465
21
1.1673028740157481
0
LINE
8
BLACK
6
CONTINUOUS
10
0.5134941732283465
20
1.1673028740157481
11
0.5091196456692914
21
1.1548011811023622
0
LINE
8
BLACK
6
CONTINUOUS
10
0.5091196456692914
20
1.1548011811023622
11
0.5033728346456693
21
1.1428678346456693
0
LINE
8
BLACK
6
CONTINUOUS
10
0.5033728346456693
20
1.1428678346456693
11
0.4963261023622047
21
1.1316529921259841
0
LINE
8
BLACK
6
CONTINUOUS
10
0.4963261023622047
20
1.1316529921259841
11
0.4880679527559055
21
1.1212976377952755
0
LINE
8
BLACK
6
CONTINUOUS
10
0.4880679527559055
20
1.1212976377952755
11
0.4787023622047244
21
1.1119320472440946
0
LINE
8
BLACK
6
CONTINUOUS
10
0.4787023622047244
20
1.1119320472440946
11
0.4683470078740157
21
1.1036738976377953
0
LINE
8
BLACK
6
CONTINUOUS
10
0.4683470078740157
20
1.1036738976377953
11
0.4571321653543307
21
1.0966271653543307
0
LINE
8
BLACK
6
CONTINUOUS
10
0.4571321653543307
20
1.0966271653543307
11
0.4451988188976378
21
1.0908803543307086
0
LINE
8
BLACK
6
CONTINUOUS
10
0.4451988188976378
20
1.0908803543307086
11
0.432697125984252
21
1.0865058267716534
0
LINE
8
BLACK
6
CONTINUOUS
10
0.432697125984252
20
1.0865058267716534
11
0.4197842125984252
21
1.0835585433070867
0
LINE
8
BLACK
6
CONTINUOUS
10
0.4197842125984252
20
1.0835585433070867
11
0.4066224803149606
21
1.0820755905511812
0
LINE
8
BLACK
6
CONTINUOUS
10
0.4066224803149606
20
1.0820755905511812
11
0.3933775196850394
21
1.0820755905511812
0
LINE
8
BLACK
6
CONTINUOUS
10
0.3933775196850394
20
1.0820755905511812
11
0.3802157874015748
21
1.0835585433070867
0
LINE
8
BLACK
6
CONTINUOUS
10
0.3802157874015748
20
1.0835585433070867
11
0.367302874015748
21
1.0865058267716534
0
LINE
8
BLACK
6
CONTINUOUS
10
0.367302874015748
20
1.0865058267716534
11
0.3548011811023622
21
1.0908803543307086
0
LINE
8
BLACK
6
CONTINUOUS
10
0.3548011811023622
20
1.0908803543307086
11
0.3428678346456693
21
1.0966271653543307
0
LINE
8
BLACK
6
CONTINUOUS
10
0.3428678346456693
20
1.0966271653543307
11
0.3316529921259843
21
1.1036738976377953
0
LINE
8
BLACK
6
CONTINUOUS
10
0.3316529921259843
20
1.1036738976377953
11
0.3212976377952756
21
1.1119320472440946
0
LINE
8
BLACK
6
CONTINUOUS
10
0.3212976377952756
20
1.1119320472440946
11
0.3119320472440945
21
1.1212976377952755
0
LINE
8
BLACK
6
CONTINUOUS
10
0.3119320472440945
20
1.1212976377952755
11
0.3036738976377953
21
1.1316529921259841
0
LINE
8
BLACK
6
CONTINUOUS
10
0.3036738976377953
20
1.1316529921259841
11
0.2966271653543307
21
1.1428678346456693
0
LINE
8
BLACK
6
CONTINUOUS
10
0.2966271653543307
20
1.1428678346456693
11
0.2908803543307086
21
1.1548011811023622
0
LINE
8
BLACK
6
CONTINUOUS
10
0.2908803543307086
20
1.1548011811023622
11
0.2865058267716535
21
1.1673028740157481
0
LINE
8
BLACK
6
CONTINUOUS
10
0.2865058267716535
20
1.1673028740157481
11
0.2835585433070866
21
1.1802157874015748
0
LINE
8
BLACK
6
CONTINUOUS
10
0.2835585433070866
20
1.1802157874015748
11
0.2820755905511811
21
1.1933775196850394
0
LINE
8
BLACK
6
CONTINUOUS
10
0.2820755905511811
20
1.1933775196850394
11
0.2820755905511811
21
1.2066224803149606
0
LINE
8
BLACK
6
CONTINUOUS
10
0.2820755905511811
20
1.2066224803149606
11
0.2835585433070866
21
1.2197842125984251
0
LINE
8
BLACK
6
CONTINUOUS
10
0.2835585433070866
20
1.2197842125984251
11
0.2865058267716535
21
1.2326971259842519
0
LINE
8
BLACK
6
CONTINUOUS
10
0.2865058267716535
20
1.2326971259842519
11
0.2908803543307086
21
1.2451988188976377
0
LINE
8
BLACK
6
CONTINUOUS
10
0.2908803543307086
20
1.2451988188976377
11
0.2966271653543307
21
1.2571321653543306
0
LINE
8
BLACK
6
CONTINUOUS
10
0.2966271653543307
20
1.2571321653543306
11
0.3036738976377953
21
1.2683470078740158
0
LINE
8
BLACK
6
CONTINUOUS
10
0.3036738976377953
20
1.2683470078740158
11
0.3119320472440945
21
1.2787023622047244
0
LINE
8
BLACK
6
CONTINUOUS
10
0.3119320472440945
20
1.2787023622047244
11
0.3212976377952756
21
1.2880679527559056
0
LINE
8
BLACK
6
CONTINUOUS
10
0.3212976377952756
20
1.2880679527559056
11
0.3316529921259843
21
1.2963261023622048
0
LINE
8
BLACK
6
CONTINUOUS
10
0.3316529921259843
20
1.2963261023622048
11
0.3428678346456693
21
1.3033728346456692
0
LINE
8
BLACK
6
CONTINUOUS
10
0.3428678346456693
20
1.3033728346456692
11
0.3548011811023622
21
1.3091196456692913
0
LINE
8
BLACK
6
CONTINUOUS
10
0.3548011811023622
20
1.3091196456692913
11
0.367302874015748
21
1.3134941732283465
0
LINE
8
BLACK
6
CONTINUOUS
10
0.367302874015748
20
1.3134941732283465
11
0.3802157874015748
21
1.3164414566929135
0
LINE
8
BLACK
6
CONTINUOUS
10
0.3802157874015748
20
1.3164414566929135
11
0.3933775196850394
21
1.3179244094488189
0
LINE
8
BLACK
6
CONTINUOUS
10
0.3933775196850394
20
1.3179244094488189
11
0.4066224803149606
21
1.3179244094488189
0
LINE
8
BLACK
6
CONTINUOUS
10
0.4066224803149606
20
1.3179244094488189
11
0.4197842125984252
21
1.3164414566929135
0
LINE
8
BLACK
6
CONTINUOUS
10
1.6197842125984252
20
1.3164414566929135
11
1.632697125984252
21
1.3134941732283465
0
LINE
8
BLACK
6
CONTINUOUS
10
1.632697125984252
20
1.3134941732283465
11
1.6451988188976379
21
1.3091196456692913
0
LINE
8
BLACK
6
CONTINUOUS
10
1.6451988188976379
20
1.3091196456692913
11
1.6571321653543307
21
1.3033728346456692
0
LINE
8
BLACK
6
CONTINUOUS
10
1.6571321653543307
20
1.3033728346456692
11
1.6683470078740157
21
1.2963261023622048
0
LINE
8
BLACK
6
CONTINUOUS
10
1.6683470078740157
20
1.2963261023622048
11
1.6787023622047244
21
1.2880679527559056
0
LINE
8
BLACK
6
CONTINUOUS
10
1.6787023622047244
20
1.2880679527559056
11
1.6880679527559055
21
1.2787023622047244
0
LINE
8
BLACK
6
CONTINUOUS
10
1.6880679527559055
20
1.2787023622047244
11
1.6963261023622047
21
1.2683470078740158
0
LINE
8
BLACK
6
CONTINUOUS
10
1.6963261023622047
20
1.2683470078740158
11
1.7033728346456694
21
1.2571321653543306
0
LINE
8
BLACK
6
CONTINUOUS
10
1.7033728346456694
20
1.2571321653543306
11
1.7091196456692912
21
1.2451988188976377
0
LINE
8
BLACK
6
CONTINUOUS
10
1.7091196456692912
20
1.2451988188976377
11
1.7134941732283464
21
1.2326971259842519
0
LINE
8
BLACK
6
CONTINUOUS
10
1.7134941732283464
20
1.2326971259842519
11
1.7164414566929134
21
1.2197842125984251
0
LINE
8
BLACK
6
CONTINUOUS
10
1.7164414566929134
20
1.2197842125984251
11
1.7179244094488189
21
1.2066224803149606
0
LINE
8
BLACK
6
CONTINUOUS
10
1.7179244094488189
20
1.2066224803149606
11
1.7179244094488189
21
1.1933775196850394
0
LINE
8
BLACK
6
CONTINUOUS
10
1.7179244094488189
20
1.1933775196850394
11
1.7164414566929134
21
1.1802157874015748
0
LINE
8
BLACK
6
CONTINUOUS
10
1.7164414566929134
20
1.1802157874015748
11
1.7134941732283464
21
1.1673028740157481
0
LINE
8
BLACK
6
CONTINUOUS
10
1.7134941732283464
20
1.1673028740157481
11
1.7091196456692912
21
1.1548011811023622
0
LINE
8
BLACK
6
CONTINUOUS
10
1.7091196456692912
20
1.1548011811023622
11
1.7033728346456694
21
1.1428678346456693
0
LINE
8
BLACK
6
CONTINUOUS
10
1.7033728346456694
20
1.1428678346456693
11
1.6963261023622047
21
1.1316529921259841
0
LINE
8
BLACK
6
CONTINUOUS
10
1.6963261023622047
20
1.1316529921259841
11
1.6880679527559055
21
1.1212976377952755
0
LINE
8
BLACK
6
CONTINUOUS
10
1.6880679527559055
20
1.1212976377952755
11
1.6787023622047244
21
1.1119320472440946
0
LINE
8
BLACK
6
CONTINUOUS
10
1.6787023622047244
20
1.1119320472440946
11
1.6683470078740157
21
1.1036738976377953
0
LINE
8
BLACK
6
CONTINUOUS
10
1.6683470078740157
20
1.1036738976377953
11
1.6571321653543307
21
1.0966271653543307
0
LINE
8
BLACK
6
CONTINUOUS
10
1.6571321653543307
20
1.0966271653543307
11
1.6451988188976379
21
1.0908803543307086
0
LINE
8
BLACK
6
CONTINUOUS
10
1.6451988188976379
20
1.0908803543307086
11
1.632697125984252
21
1.0865058267716534
0
LINE
8
BLACK
6
CONTINUOUS
10
1.632697125984252
20
1.0865058267716534
11
1.6197842125984252
21
1.0835585433070867
0
LINE
8
BLACK
6
CONTINUOUS
10
1.6197842125984252
20
1.0835585433070867
11
1.6066224803149607
21
1.0820755905511812
0
LINE
8
BLACK
6
CONTINUOUS
10
1.6066224803149607
20
1.0820755905511812
11
1.5933775196850393
21
1.0820755905511812
0
LINE
8
BLACK
6
CONTINUOUS
10
1.5933775196850393
20
1.0820755905511812
11
1.5802157874015748
21
1.0835585433070867
0
LINE
8
BLACK
6
CONTINUOUS
10
1.5802157874015748
20
1.0835585433070867
11
1.567302874015748
21
1.0865058267716534
0
LINE
8
BLACK
6
CONTINUOUS
10
1.567302874015748
20
1.0865058267716534
11
1.5548011811023621
21
1.0908803543307086
0
LINE
8
BLACK
6
CONTINUOUS
10
1.5548011811023621
20
1.0908803543307086
11
1.5428678346456692
21
1.0966271653543307
0
LINE
8
BLACK
6
CONTINUOUS
10
1.5428678346456692
20
1.0966271653543307
11
1.5316529921259843
21
1.1036738976377953
0
LINE
8
BLACK
6
CONTINUOUS
10
1.5316529921259843
20
1.1036738976377953
11
1.5212976377952756
21
1.1119320472440946
0
LINE
8
BLACK
6
CONTINUOUS
10
1.5212976377952756
20
1.1119320472440946
11
1.5119320472440945
21
1.1212976377952755
0
LINE
8
BLACK
6
CONTINUOUS
10
1.5119320472440945
20
1.1212976377952755
11
1.5036738976377952
21
1.1316529921259841
0
LINE
8
BLACK
6
CONTINUOUS
10
1.5036738976377952
20
1.1316529921259841
11
1.4966271653543306
21
1.1428678346456693
0
LINE
8
BLACK
6
CONTINUOUS
10
1.4966271653543306
20
1.1428678346456693
11
1.4908803543307085
21
1.1548011811023622
0
LINE
8
BLACK
6
CONTINUOUS
10
1.4908803543307085
20
1.1548011811023622
11
1.4865058267716535
21
1.1673028740157481
0
LINE
8
BLACK
6
CONTINUOUS
10
1.4865058267716535
20
1.1673028740157481
11
1.4835585433070866
21
1.1802157874015748
0
LINE
8
BLACK
6
CONTINUOUS
10
1.4835585433070866
20
1.1802157874015748
11
1.4820755905511811
21
1.1933775196850394
0
LINE
8
BLACK
6
CONTINUOUS
10
1.4820755905511811
20
1.1933775196850394
11
1.4820755905511811
21
1.2066224803149606
0
LINE
8
BLACK
6
CONTINUOUS
10
1.4820755905511811
20
1.2066224803149606
11
1.4835585433070866
21
1.2197842125984251
0
LINE
8
BLACK
6
CONTINUOUS
10
1.4835585433070866
20
1.2197842125984251
11
1.4865058267716535
21
1.2326971259842519
0
LINE
8
BLACK
6
CONTINUOUS
10
1.4865058267716535
20
1.2326971259842519
11
1.4908803543307085
21
1.2451988188976377
0
LINE
8
BLACK
6
CONTINUOUS
10
1.4908803543307085
20
1.2451988188976377
11
1.4966271653543306
21
1.2571321653543306
0
LINE
8
BLACK
6
CONTINUOUS
10
1.4966271653543306
20
1.2571321653543306
11
1.5036738976377952
21
1.2683470078740158
0
LINE
8
BLACK
6
CONTINUOUS
10
1.5036738976377952
20
1.2683470078740158
11
1.5119320472440945
21
1.2787023622047244
0
LINE
8
BLACK
6
CONTINUOUS
10
1.5119320472440945
20
1.2787023622047244
11
1.5212976377952756
21
1.2880679527559056
0
LINE
8
BLACK
6
CONTINUOUS
10
1.5212976377952756
20
1.2880679527559056
11
1.5316529921259843
21
1.2963261023622048
0
LINE
8
BLACK
6
CONTINUOUS
10
1.5316529921259843
20
1.2963261023622048
11
1.5428678346456692
21
1.3033728346456692
0
LINE
8
BLACK
6
CONTINUOUS
10
1.5428678346456692
20
1.3033728346456692
11
1.5548011811023621
21
1.3091196456692913
0
LINE
8
BLACK
6
CONTINUOUS
10
1.5548011811023621
20
1.3091196456692913
11
1.567302874015748
21
1.3134941732283465
0
LINE
8
BLACK
6
CONTINUOUS
10
1.567302874015748
20
1.3134941732283465
11
1.5802157874015748
21
1.3164414566929135
0
LINE
8
BLACK
6
CONTINUOUS
10
1.5802157874015748
20
1.3164414566929135
11
1.5933775196850393
21
1.3179244094488189
0
LINE
8
BLACK
6
CONTINUOUS
10
1.5933775196850393
20
1.3179244094488189
11
1.6066224803149607
21
1.3179244094488189
0
LINE
8
BLACK
6
CONTINUOUS
10
1.6066224803149607
20
1.3179244094488189
11
1.6197842125984252
21
1.3164414566929135
0
LINE
8
BLACK
6
CONTINUOUS
10
0.9650393700787402
20
1.1633070866141733
11
0.9050393700787401
21
1.1633070866141733
0
LINE
8
BLACK
6
CONTINUOUS
10
0.9050393700787401
20
1.1633070866141733
11
0.9050393700787401
21
1.2233070866141733
0
LINE
8
BLACK
6
CONTINUOUS
10
0.9050393700787401
20
1.2233070866141733
11
0.9650393700787402
21
1.2233070866141733
0
LINE
8
BLACK
6
CONTINUOUS
10
0.9650393700787402
20
1.2233070866141733
11
0.9650393700787402
21
1.1633070866141733
0
LINE
8
BLACK
6
CONTINUOUS
10
1.0650393700787402
20
1.1633070866141733
11
1.0050393700787401
21
1.1633070866141733
0
LINE
8
BLACK
6
CONTINUOUS
10
1.0050393700787401
20
1.1633070866141733
11
1.0050393700787401
21
1.2233070866141733
0
LINE
8
BLACK
6
CONTINUOUS
10
1.0050393700787401
20
1.2233070866141733
11
1.0650393700787402
21
1.2233070866141733
0
LINE
8
BLACK
6
CONTINUOUS
10
1.0650393700787402
20
1.2233070866141733
11
1.0650393700787402
21
1.1633070866141733
0
LINE
8
BLACK
6
CONTINUOUS
10
1.16503937007874
20
1.1633070866141733
11
1.1050393700787402
21
1.1633070866141733
0
LINE
8
BLACK
6
CONTINUOUS
10
1.1050393700787402
20
1.1633070866141733
11
1.1050393700787402
21
1.2233070866141733
0
LINE
8
BLACK
6
CONTINUOUS
10
1.1050393700787402
20
1.2233070866141733
11
1.16503937007874
21
1.2233070866141733
0
LINE
8
BLACK
6
CONTINUOUS
10
1.16503937007874
20
1.2233070866141733
11
1.16503937007874
21
1.1633070866141733
0
LINE
8
BLACK
6
CONTINUOUS
10
1.2650393700787401
20
1.1633070866141733
11
1.2050393700787401
21
1.1633070866141733
0
LINE
8
BLACK
6
CONTINUOUS
10
1.2050393700787401
20
1.1633070866141733
11
1.2050393700787401
21
1.2233070866141733
0
LINE
8
BLACK
6
CONTINUOUS
10
1.2050393700787401
20
1.2233070866141733
11
1.2650393700787401
21
1.2233070866141733
0
LINE
8
BLACK
6
CONTINUOUS
10
1.2650393700787401
20
1.2233070866141733
11
1.2650393700787401
21
1.1633070866141733
0
LINE
8
BLACK
6
CONTINUOUS
10
1.3650393700787402
20
1.1633070866141733
11
1.3050393700787402
21
1.1633070866141733
0
LINE
8
BLACK
6
CONTINUOUS
10
1.3050393700787402
20
1.1633070866141733
11
1.3050393700787402
21
1.2233070866141733
0
LINE
8
BLACK
6
CONTINUOUS
10
1.3050393700787402
20
1.2233070866141733
11
1.3650393700787402
21
1.2233070866141733
0
LINE
8
BLACK
6
CONTINUOUS
10
1.3650393700787402
20
1.2233070866141733
11
1.3650393700787402
21
1.1633070866141733
0
LINE
8
BLACK
6
CONTINUOUS
10
0.9650393700787402
20
1.2633070866141731
11
0.9050393700787401
21
1.2633070866141731
0
LINE
8
BLACK
6
CONTINUOUS
10
0.9050393700787401
20
1.2633070866141731
11
0.9050393700787401
21
1.3233070866141732
0
LINE
8
BLACK
6
CONTINUOUS
10
0.9050393700787401
20
1.3233070866141732
11
0.9650393700787402
21
1.3233070866141732
0
LINE
8
BLACK
6
CONTINUOUS
10
0.9650393700787402
20
1.3233070866141732
11
0.9650393700787402
21
1.2633070866141731
0
LINE
8
BLACK
6
CONTINUOUS
10
1.0650393700787402
20
1.2633070866141731
11
1.0050393700787401
21
1.2633070866141731
0
LINE
8
BLACK
6
CONTINUOUS
10
1.0050393700787401
20
1.2633070866141731
11
1.0050393700787401
21
1.3233070866141732
0
LINE
8
BLACK
6
CONTINUOUS
10
1.0050393700787401
20
1.3233070866141732
11
1.0650393700787402
21
1.3233070866141732
0
LINE
8
BLACK
6
CONTINUOUS
10
1.0650393700787402
20
1.3233070866141732
11
1.0650393700787402
21
1.2633070866141731
0
LINE
8
BLACK
6
CONTINUOUS
10
1.16503937007874
20
1.2633070866141731
11
1.1050393700787402
21
1.2633070866141731
0
LINE
8
BLACK
6
CONTINUOUS
10
1.1050393700787402
20
1.2633070866141731
11
1.1050393700787402
21
1.3233070866141732
0
LINE
8
BLACK
6
CONTINUOUS
10
1.1050393700787402
20
1.3233070866141732
11
1.16503937007874
21
1.3233070866141732
0
LINE
8
BLACK
6
CONTINUOUS
10
1.16503937007874
20
1.3233070866141732
11
1.16503937007874
21
1.2633070866141731
0
LINE
8
BLACK
6
CONTINUOUS
10
1.2650393700787401
20
1.2633070866141731
11
1.2050393700787401
21
1.2633070866141731
0
LINE
8
BLACK
6
CONTINUOUS
10
1.2050393700787401
20
1.2633070866141731
11
1.2050393700787401
21
1.3233070866141732
0
LINE
8
BLACK
6
CONTINUOUS
10
1.2050393700787401
20
1.3233070866141732
11
1.2650393700787401
21
1.3233070866141732
0
LINE
8
BLACK
6
CONTINUOUS
10
1.2650393700787401
20
1.3233070866141732
11
1.2650393700787401
21
1.2633070866141731
0
LINE
8
BLACK
6
CONTINUOUS
10
1.3650393700787402
20
1.2633070866141731
11
1.3050393700787402
21
1.2633070866141731
0
LINE
8
BLACK
6
CONTINUOUS
10
1.3050393700787402
20
1.2633070866141731
11
1.3050393700787402
21
1.3233070866141732
0
LINE
8
BLACK
6
CONTINUOUS
10
1.3050393700787402
20
1.3233070866141732
11
1.3650393700787402
21
1.3233070866141732
0
LINE
8
BLACK
6
CONTINUOUS
10
1.3650393700787402
20
1.3233070866141732
11
1.3650393700787402
21
1.2633070866141731
0
LINE
8
BLACK
6
CONTINUOUS
10
0.647175905511811
20
1.3587554330708662
11
0.6484531889763779
21
1.3579020078740158
0
LINE
8
BLACK
6
CONTINUOUS
10
0.6484531889763779
20
1.3579020078740158
11
0.6493066141732283
21
1.3566247244094487
0
LINE
8
BLACK
6
CONTINUOUS
10
0.6493066141732283
20
1.3566247244094487
11
0.6496062992125984
21
1.3551181102362204
0
LINE
8
BLACK
6
CONTINUOUS
10
0.6496062992125984
20
1.3551181102362204
11
0.6496062992125984
21
1.3049212598425197
0
LINE
8
BLACK
6
CONTINUOUS
10
0.6496062992125984
20
1.3049212598425197
11
0.6493066141732283
21
1.3034146456692912
0
LINE
8
BLACK
6
CONTINUOUS
10
0.6493066141732283
20
1.3034146456692912
11
0.6484531889763779
21
1.3021373622047243
0
LINE
8
BLACK
6
CONTINUOUS
10
0.6484531889763779
20
1.3021373622047243
11
0.647175905511811
21
1.3012839370078739
0
LINE
8
BLACK
6
CONTINUOUS
10
0.647175905511811
20
1.3012839370078739
11
0.6456692913385826
21
1.300984251968504
0
LINE
8
BLACK
6
CONTINUOUS
10
0.6456692913385826
20
1.300984251968504
11
0.6377952755905512
21
1.300984251968504
0
LINE
8
BLACK
6
CONTINUOUS
10
0.6377952755905512
20
1.300984251968504
11
0.6362886614173228
21
1.3012839370078739
0
LINE
8
BLACK
6
CONTINUOUS
10
0.6362886614173228
20
1.3012839370078739
11
0.6350113779527559
21
1.3021373622047243
0
LINE
8
BLACK
6
CONTINUOUS
10
0.6350113779527559
20
1.3021373622047243
11
0.6341579527559055
21
1.3034146456692912
0
LINE
8
BLACK
6
CONTINUOUS
10
0.6341579527559055
20
1.3034146456692912
11
0.6338582677165354
21
1.3049212598425197
0
LINE
8
BLACK
6
CONTINUOUS
10
0.6338582677165354
20
1.3049212598425197
11
0.6338582677165354
21
1.3551181102362204
0
LINE
8
BLACK
6
CONTINUOUS
10
0.6338582677165354
20
1.3551181102362204
11
0.6341579527559055
21
1.3566247244094487
0
LINE
8
BLACK
6
CONTINUOUS
10
0.6341579527559055
20
1.3566247244094487
11
0.6350113779527559
21
1.3579020078740158
0
LINE
8
BLACK
6
CONTINUOUS
10
0.6350113779527559
20
1.3579020078740158
11
0.6362886614173228
21
1.3587554330708662
0
LINE
8
BLACK
6
CONTINUOUS
10
0.6362886614173228
20
1.3587554330708662
11
0.6377952755905512
21
1.3590551181102362
0
LINE
8
BLACK
6
CONTINUOUS
10
0.6377952755905512
20
1.3590551181102362
11
0.6456692913385826
21
1.3590551181102362
0
LINE
8
BLACK
6
CONTINUOUS
10
0.6456692913385826
20
1.3590551181102362
11
0.647175905511811
21
1.3587554330708662
0
LINE
8
BLACK
6
CONTINUOUS
10
0.6727664566929134
20
1.3587554330708662
11
0.6740437401574803
21
1.3579020078740158
0
LINE
8
BLACK
6
CONTINUOUS
10
0.6740437401574803
20
1.3579020078740158
11
0.6748971653543306
21
1.3566247244094487
0
LINE
8
BLACK
6
CONTINUOUS
10
0.6748971653543306
20
1.3566247244094487
11
0.6751968503937008
21
1.3551181102362204
0
LINE
8
BLACK
6
CONTINUOUS
10
0.6751968503937008
20
1.3551181102362204
11
0.6751968503937008
21
1.3049212598425197
0
LINE
8
BLACK
6
CONTINUOUS
10
0.6751968503937008
20
1.3049212598425197
11
0.6748971653543306
21
1.3034146456692912
0
LINE
8
BLACK
6
CONTINUOUS
10
0.6748971653543306
20
1.3034146456692912
11
0.6740437401574803
21
1.3021373622047243
0
LINE
8
BLACK
6
CONTINUOUS
10
0.6740437401574803
20
1.3021373622047243
11
0.6727664566929134
21
1.3012839370078739
0
LINE
8
BLACK
6
CONTINUOUS
10
0.6727664566929134
20
1.3012839370078739
11
0.6712598425196851
21
1.300984251968504
0
LINE
8
BLACK
6
CONTINUOUS
10
0.6712598425196851
20
1.300984251968504
11
0.6633858267716535
21
1.300984251968504
0
LINE
8
BLACK
6
CONTINUOUS
10
0.6633858267716535
20
1.300984251968504
11
0.6618792125984252
21
1.3012839370078739
0
LINE
8
BLACK
6
CONTINUOUS
10
0.6618792125984252
20
1.3012839370078739
11
0.6606019291338583
21
1.3021373622047243
0
LINE
8
BLACK
6
CONTINUOUS
10
0.6606019291338583
20
1.3021373622047243
11
0.6597485039370079
21
1.3034146456692912
0
LINE
8
BLACK
6
CONTINUOUS
10
0.6597485039370079
20
1.3034146456692912
11
0.6594488188976377
21
1.3049212598425197
0
LINE
8
BLACK
6
CONTINUOUS
10
0.6594488188976377
20
1.3049212598425197
11
0.6594488188976377
21
1.3551181102362204
0
LINE
8
BLACK
6
CONTINUOUS
10
0.6594488188976377
20
1.3551181102362204
11
0.6597485039370079
21
1.3566247244094487
0
LINE
8
BLACK
6
CONTINUOUS
10
0.6597485039370079
20
1.3566247244094487
11
0.6606019291338583
21
1.3579020078740158
0
LINE
8
BLACK
6
CONTINUOUS
10
0.6606019291338583
20
1.3579020078740158
11
0.6618792125984252
21
1.3587554330708662
0
LINE
8
BLACK
6
CONTINUOUS
10
0.6618792125984252
20
1.3587554330708662
11
0.6633858267716535
21
1.3590551181102362
0
LINE
8
BLACK
6
CONTINUOUS
10
0.6633858267716535
20
1.3590551181102362
11
0.6712598425196851
21
1.3590551181102362
0
LINE
8
BLACK
6
CONTINUOUS
10
0.6712598425196851
20
1.3590551181102362
11
0.6727664566929134
21
1.3587554330708662
0
LINE
8
BLACK
6
CONTINUOUS
10
0.6983570078740158
20
1.3587554330708662
11
0.6996342913385827
21
1.3579020078740158
0
LINE
8
BLACK
6
CONTINUOUS
10
0.6996342913385827
20
1.3579020078740158
11
0.7004877165354331
21
1.3566247244094487
0
LINE
8
BLACK
6
CONTINUOUS
10
0.7004877165354331
20
1.3566247244094487
11
0.7007874015748031
21
1.3551181102362204
0
LINE
8
BLACK
6
CONTINUOUS
10
0.7007874015748031
20
1.3551181102362204
11
0.7007874015748031
21
1.3049212598425197
0
LINE
8
BLACK
6
CONTINUOUS
10
0.7007874015748031
20
1.3049212598425197
11
0.7004877165354331
21
1.3034146456692912
0
LINE
8
BLACK
6
CONTINUOUS
10
0.7004877165354331
20
1.3034146456692912
11
0.6996342913385827
21
1.3021373622047243
0
LINE
8
BLACK
6
CONTINUOUS
10
0.6996342913385827
20
1.3021373622047243
11
0.6983570078740158
21
1.3012839370078739
0
LINE
8
BLACK
6
CONTINUOUS
10
0.6983570078740158
20
1.3012839370078739
11
0.6968503937007874
21
1.300984251968504
0
LINE
8
BLACK
6
CONTINUOUS
10
0.6968503937007874
20
1.300984251968504
11
0.6889763779527559
21
1.300984251968504
0
LINE
8
BLACK
6
CONTINUOUS
10
0.6889763779527559
20
1.300984251968504
11
0.6874697637795275
21
1.3012839370078739
0
LINE
8
BLACK
6
CONTINUOUS
10
0.6874697637795275
20
1.3012839370078739
11
0.6861924803149606
21
1.3021373622047243
0
LINE
8
BLACK
6
CONTINUOUS
10
0.6861924803149606
20
1.3021373622047243
11
0.6853390551181102
21
1.3034146456692912
0
LINE
8
BLACK
6
CONTINUOUS
10
0.6853390551181102
20
1.3034146456692912
11
0.6850393700787402
21
1.3049212598425197
0
LINE
8
BLACK
6
CONTINUOUS
10
0.6850393700787402
20
1.3049212598425197
11
0.6850393700787402
21
1.3551181102362204
0
LINE
8
BLACK
6
CONTINUOUS
10
0.6850393700787402
20
1.3551181102362204
11
0.6853390551181102
21
1.3566247244094487
0
LINE
8
BLACK
6
CONTINUOUS
10
0.6853390551181102
20
1.3566247244094487
11
0.6861924803149606
21
1.3579020078740158
0
LINE
8
BLACK
6
CONTINUOUS
10
0.6861924803149606
20
1.3579020078740158
11
0.6874697637795275
21
1.3587554330708662
0
LINE
8
BLACK
6
CONTINUOUS
10
0.6874697637795275
20
1.3587554330708662
11
0.6889763779527559
21
1.3590551181102362
0
LINE
8
BLACK
6
CONTINUOUS
10
0.6889763779527559
20
1.3590551181102362
11
0.6968503937007874
21
1.3590551181102362
0
LINE
8
BLACK
6
CONTINUOUS
10
0.6968503937007874
20
1.3590551181102362
11
0.6983570078740158
21
1.3587554330708662
0
LINE
8
BLACK
6
CONTINUOUS
10
0.7239475590551181
20
1.3587554330708662
11
0.725224842519685
21
1.3579020078740158
0
LINE
8
BLACK
6
CONTINUOUS
10
0.725224842519685
20
1.3579020078740158
11
0.7260782677165354
21
1.3566247244094487
0
LINE
8
BLACK
6
CONTINUOUS
10
0.7260782677165354
20
1.3566247244094487
11
0.7263779527559054
21
1.3551181102362204
0
LINE
8
BLACK
6
CONTINUOUS
10
0.7263779527559054
20
1.3551181102362204
11
0.7263779527559054
21
1.3049212598425197
0
LINE
8
BLACK
6
CONTINUOUS
10
0.7263779527559054
20
1.3049212598425197
11
0.7260782677165354
21
1.3034146456692912
0
LINE
8
BLACK
6
CONTINUOUS
10
0.7260782677165354
20
1.3034146456692912
11
0.725224842519685
21
1.3021373622047243
0
LINE
8
BLACK
6
CONTINUOUS
10
0.725224842519685
20
1.3021373622047243
11
0.7239475590551181
21
1.3012839370078739
0
LINE
8
BLACK
6
CONTINUOUS
10
0.7239475590551181
20
1.3012839370078739
11
0.7224409448818897
21
1.300984251968504
0
LINE
8
BLACK
6
CONTINUOUS
10
0.7224409448818897
20
1.300984251968504
11
0.7145669291338582
21
1.300984251968504
0
LINE
8
BLACK
6
CONTINUOUS
10
0.7145669291338582
20
1.300984251968504
11
0.7130603149606299
21
1.3012839370078739
0
LINE
8
BLACK
6
CONTINUOUS
10
0.7130603149606299
20
1.3012839370078739
11
0.7117830314960629
21
1.3021373622047243
0
LINE
8
BLACK
6
CONTINUOUS
10
0.7117830314960629
20
1.3021373622047243
11
0.7109296062992125
21
1.3034146456692912
0
LINE
8
BLACK
6
CONTINUOUS
10
0.7109296062992125
20
1.3034146456692912
11
0.7106299212598425
21
1.3049212598425197
0
LINE
8
BLACK
6
CONTINUOUS
10
0.7106299212598425
20
1.3049212598425197
11
0.7106299212598425
21
1.3551181102362204
0
LINE
8
BLACK
6
CONTINUOUS
10
0.7106299212598425
20
1.3551181102362204
11
0.7109296062992125
21
1.3566247244094487
0
LINE
8
BLACK
6
CONTINUOUS
10
0.7109296062992125
20
1.3566247244094487
11
0.7117830314960629
21
1.3579020078740158
0
LINE
8
BLACK
6
CONTINUOUS
10
0.7117830314960629
20
1.3579020078740158
11
0.7130603149606299
21
1.3587554330708662
0
LINE
8
BLACK
6
CONTINUOUS
10
0.7130603149606299
20
1.3587554330708662
11
0.7145669291338582
21
1.3590551181102362
0
LINE
8
BLACK
6
CONTINUOUS
10
0.7145669291338582
20
1.3590551181102362
11
0.7224409448818897
21
1.3590551181102362
0
LINE
8
BLACK
6
CONTINUOUS
10
0.7224409448818897
20
1.3590551181102362
11
0.7239475590551181
21
1.3587554330708662
0
LINE
8
BLACK
6
CONTINUOUS
10
0.7495381102362204
20
1.3587554330708662
11
0.7508153937007874
21
1.3579020078740158
0
LINE
8
BLACK
6
CONTINUOUS
10
0.7508153937007874
20
1.3579020078740158
11
0.7516688188976378
21
1.3566247244094487
0
LINE
8
BLACK
6
CONTINUOUS
10
0.7516688188976378
20
1.3566247244094487
11
0.7519685039370079
21
1.3551181102362204
0
LINE
8
BLACK
6
CONTINUOUS
10
0.7519685039370079
20
1.3551181102362204
11
0.7519685039370079
21
1.3049212598425197
0
LINE
8
BLACK
6
CONTINUOUS
10
0.7519685039370079
20
1.3049212598425197
11
0.7516688188976378
21
1.3034146456692912
0
LINE
8
BLACK
6
CONTINUOUS
10
0.7516688188976378
20
1.3034146456692912
11
0.7508153937007874
21
1.3021373622047243
0
LINE
8
BLACK
6
CONTINUOUS
10
0.7508153937007874
20
1.3021373622047243
11
0.7495381102362204
21
1.3012839370078739
0
LINE
8
BLACK
6
CONTINUOUS
10
0.7495381102362204
20
1.3012839370078739
11
0.7480314960629921
21
1.300984251968504
0
LINE
8
BLACK
6
CONTINUOUS
10
0.7480314960629921
20
1.300984251968504
11
0.7401574803149606
21
1.300984251968504
0
LINE
8
BLACK
6
CONTINUOUS
10
0.7401574803149606
20
1.300984251968504
11
0.7386508661417323
21
1.3012839370078739
0
LINE
8
BLACK
6
CONTINUOUS
10
0.7386508661417323
20
1.3012839370078739
11
0.7373735826771654
21
1.3021373622047243
0
LINE
8
BLACK
6
CONTINUOUS
10
0.7373735826771654
20
1.3021373622047243
11
0.736520157480315
21
1.3034146456692912
0
LINE
8
BLACK
6
CONTINUOUS
10
0.736520157480315
20
1.3034146456692912
11
0.7362204724409449
21
1.3049212598425197
0
LINE
8
BLACK
6
CONTINUOUS
10
0.7362204724409449
20
1.3049212598425197
11
0.7362204724409449
21
1.3551181102362204
0
LINE
8
BLACK
6
CONTINUOUS
10
0.7362204724409449
20
1.3551181102362204
11
0.736520157480315
21
1.3566247244094487
0
LINE
8
BLACK
6
CONTINUOUS
10
0.736520157480315
20
1.3566247244094487
11
0.7373735826771654
21
1.3579020078740158
0
LINE
8
BLACK
6
CONTINUOUS
10
0.7373735826771654
20
1.3579020078740158
11
0.7386508661417323
21
1.3587554330708662
0
LINE
8
BLACK
6
CONTINUOUS
10
0.7386508661417323
20
1.3587554330708662
11
0.7401574803149606
21
1.3590551181102362
0
LINE
8
BLACK
6
CONTINUOUS
10
0.7401574803149606
20
1.3590551181102362
11
0.7480314960629921
21
1.3590551181102362
0
LINE
8
BLACK
6
CONTINUOUS
10
0.7480314960629921
20
1.3590551181102362
11
0.7495381102362204
21
1.3587554330708662
0
LINE
8
BLACK
6
CONTINUOUS
10
0.7751286614173228
20
1.3587554330708662
11
0.7764059448818897
21
1.3579020078740158
0
LINE
8
BLACK
6
CONTINUOUS
10
0.7764059448818897
20
1.3579020078740158
11
0.7772593700787401
21
1.3566247244094487
0
LINE
8
BLACK
6
CONTINUOUS
10
0.7772593700787401
20
1.3566247244094487
11
0.7775590551181102
21
1.3551181102362204
0
LINE
8
BLACK
6
CONTINUOUS
10
0.7775590551181102
20
1.3551181102362204
11
0.7775590551181102
21
1.3049212598425197
0
LINE
8
BLACK
6
CONTINUOUS
10
0.7775590551181102
20
1.3049212598425197
11
0.7772593700787401
21
1.3034146456692912
0
LINE
8
BLACK
6
CONTINUOUS
10
0.7772593700787401
20
1.3034146456692912
11
0.7764059448818897
21
1.3021373622047243
0
LINE
8
BLACK
6
CONTINUOUS
10
0.7764059448818897
20
1.3021373622047243
11
0.7751286614173228
21
1.3012839370078739
0
LINE
8
BLACK
6
CONTINUOUS
10
0.7751286614173228
20
1.3012839370078739
11
0.7736220472440944
21
1.300984251968504
0
LINE
8
BLACK
6
CONTINUOUS
10
0.7736220472440944
20
1.300984251968504
11
0.765748031496063
21
1.300984251968504
0
LINE
8
BLACK
6
CONTINUOUS
10
0.765748031496063
20
1.300984251968504
11
0.7642414173228347
21
1.3012839370078739
0
LINE
8
BLACK
6
CONTINUOUS
10
0.7642414173228347
20
1.3012839370078739
11
0.7629641338582677
21
1.3021373622047243
0
LINE
8
BLACK
6
CONTINUOUS
10
0.7629641338582677
20
1.3021373622047243
11
0.7621107086614173
21
1.3034146456692912
0
LINE
8
BLACK
6
CONTINUOUS
10
0.7621107086614173
20
1.3034146456692912
11
0.7618110236220472
21
1.3049212598425197
0
LINE
8
BLACK
6
CONTINUOUS
10
0.7618110236220472
20
1.3049212598425197
11
0.7618110236220472
21
1.3551181102362204
0
LINE
8
BLACK
6
CONTINUOUS
10
0.7618110236220472
20
1.3551181102362204
11
0.7621107086614173
21
1.3566247244094487
0
LINE
8
BLACK
6
CONTINUOUS
10
0.7621107086614173
20
1.3566247244094487
11
0.7629641338582677
21
1.3579020078740158
0
LINE
8
BLACK
6
CONTINUOUS
10
0.7629641338582677
20
1.3579020078740158
11
0.7642414173228347
21
1.3587554330708662
0
LINE
8
BLACK
6
CONTINUOUS
10
0.7642414173228347
20
1.3587554330708662
11
0.765748031496063
21
1.3590551181102362
0
LINE
8
BLACK
6
CONTINUOUS
10
0.765748031496063
20
1.3590551181102362
11
0.7736220472440944
21
1.3590551181102362
0
LINE
8
BLACK
6
CONTINUOUS
10
0.7736220472440944
20
1.3590551181102362
11
0.7751286614173228
21
1.3587554330708662
0
LINE
8
BLACK
6
CONTINUOUS
10
0.8007192125984252
20
1.3587554330708662
11
0.8019964960629921
21
1.3579020078740158
0
LINE
8
BLACK
6
CONTINUOUS
10
0.8019964960629921
20
1.3579020078740158
11
0.8028499212598424
21
1.3566247244094487
0
LINE
8
BLACK
6
CONTINUOUS
10
0.8028499212598424
20
1.3566247244094487
11
0.8031496062992126
21
1.3551181102362204
0
LINE
8
BLACK
6
CONTINUOUS
10
0.8031496062992126
20
1.3551181102362204
11
0.8031496062992126
21
1.3049212598425197
0
LINE
8
BLACK
6
CONTINUOUS
10
0.8031496062992126
20
1.3049212598425197
11
0.8028499212598424
21
1.3034146456692912
0
LINE
8
BLACK
6
CONTINUOUS
10
0.8028499212598424
20
1.3034146456692912
11
0.8019964960629921
21
1.3021373622047243
0
LINE
8
BLACK
6
CONTINUOUS
10
0.8019964960629921
20
1.3021373622047243
11
0.8007192125984252
21
1.3012839370078739
0
LINE
8
BLACK
6
CONTINUOUS
10
0.8007192125984252
20
1.3012839370078739
11
0.7992125984251969
21
1.300984251968504
0
LINE
8
BLACK
6
CONTINUOUS
10
0.7992125984251969
20
1.300984251968504
11
0.7913385826771653
21
1.300984251968504
0
LINE
8
BLACK
6
CONTINUOUS
10
0.7913385826771653
20
1.300984251968504
11
0.789831968503937
21
1.3012839370078739
0
LINE
8
BLACK
6
CONTINUOUS
10
0.789831968503937
20
1.3012839370078739
11
0.7885546850393701
21
1.3021373622047243
0
LINE
8
BLACK
6
CONTINUOUS
10
0.7885546850393701
20
1.3021373622047243
11
0.7877012598425197
21
1.3034146456692912
0
LINE
8
BLACK
6
CONTINUOUS
10
0.7877012598425197
20
1.3034146456692912
11
0.7874015748031495
21
1.3049212598425197
0
LINE
8
BLACK
6
CONTINUOUS
10
0.7874015748031495
20
1.3049212598425197
11
0.7874015748031495
21
1.3551181102362204
0
LINE
8
BLACK
6
CONTINUOUS
10
0.7874015748031495
20
1.3551181102362204
11
0.7877012598425197
21
1.3566247244094487
0
LINE
8
BLACK
6
CONTINUOUS
10
0.7877012598425197
20
1.3566247244094487
11
0.7885546850393701
21
1.3579020078740158
0
LINE
8
BLACK
6
CONTINUOUS
10
0.7885546850393701
20
1.3579020078740158
11
0.789831968503937
21
1.3587554330708662
0
LINE
8
BLACK
6
CONTINUOUS
10
0.789831968503937
20
1.3587554330708662
11
0.7913385826771653
21
1.3590551181102362
0
LINE
8
BLACK
6
CONTINUOUS
10
0.7913385826771653
20
1.3590551181102362
11
0.7992125984251969
21
1.3590551181102362
0
LINE
8
BLACK
6
CONTINUOUS
10
0.7992125984251969
20
1.3590551181102362
11
0.8007192125984252
21
1.3587554330708662
0
LINE
8
BLACK
6
CONTINUOUS
10
1.0958592125984252
20
1.4887874409448818
11
1.0978389763779528
21
1.4874646062992125
0
LINE
8
BLACK
6
CONTINUOUS
10
1.0978389763779528
20
1.4874646062992125
11
1.1064690157480315
21
1.4788345669291338
0
LINE
8
BLACK
6
CONTINUOUS
10
1.1064690157480315
20
1.4788345669291338
11
1.1077918503937008
21
1.4768548031496063
0
LINE
8
BLACK
6
CONTINUOUS
10
1.1077918503937008
20
1.4768548031496063
11
1.1082563779527559
21
1.4745195669291338
0
LINE
8
BLACK
6
CONTINUOUS
10
1.1082563779527559
20
1.4745195669291338
11
1.1077918503937008
21
1.4721842913385828
0
LINE
8
BLACK
6
CONTINUOUS
10
1.1077918503937008
20
1.4721842913385828
11
1.1064690157480315
21
1.4702045275590552
0
LINE
8
BLACK
6
CONTINUOUS
10
1.1064690157480315
20
1.4702045275590552
11
1.0946375196850393
21
1.458373031496063
0
LINE
8
BLACK
6
CONTINUOUS
10
1.0946375196850393
20
1.458373031496063
11
1.0926577559055117
21
1.4570501968503937
0
LINE
8
BLACK
6
CONTINUOUS
10
1.0926577559055117
20
1.4570501968503937
11
1.0903224803149607
21
1.4565856692913386
0
LINE
8
BLACK
6
CONTINUOUS
10
1.0903224803149607
20
1.4565856692913386
11
1.0879872440944882
21
1.4570501968503937
0
LINE
8
BLACK
6
CONTINUOUS
10
1.0879872440944882
20
1.4570501968503937
11
1.0860074803149606
21
1.458373031496063
0
LINE
8
BLACK
6
CONTINUOUS
10
1.0860074803149606
20
1.458373031496063
11
1.077377440944882
21
1.4670030708661417
0
LINE
8
BLACK
6
CONTINUOUS
10
1.077377440944882
20
1.4670030708661417
11
1.0760546062992127
21
1.4689828346456693
0
LINE
8
BLACK
6
CONTINUOUS
10
1.0760546062992127
20
1.4689828346456693
11
1.0755900787401576
21
1.4713180708661417
0
LINE
8
BLACK
6
CONTINUOUS
10
1.0755900787401576
20
1.4713180708661417
11
1.0760546062992127
21
1.4736533464566928
0
LINE
8
BLACK
6
CONTINUOUS
10
1.0760546062992127
20
1.4736533464566928
11
1.077377440944882
21
1.4756331102362203
0
LINE
8
BLACK
6
CONTINUOUS
10
1.077377440944882
20
1.4756331102362203
11
1.0892089370078739
21
1.4874646062992125
0
LINE
8
BLACK
6
CONTINUOUS
10
1.0892089370078739
20
1.4874646062992125
11
1.0911887007874015
21
1.4887874409448818
0
LINE
8
BLACK
6
CONTINUOUS
10
1.0911887007874015
20
1.4887874409448818
11
1.0935239763779527
21
1.4892519685039369
0
LINE
8
BLACK
6
CONTINUOUS
10
1.0935239763779527
20
1.4892519685039369
11
1.0958592125984252
21
1.4887874409448818
0
LINE
8
BLACK
6
CONTINUOUS
10
-0.1028155511811024
20
1.5544385826771654
11
-0.095685157480315
21
1.5514850787401575
0
LINE
8
BLACK
6
CONTINUOUS
10
-0.095685157480315
20
1.5514850787401575
11
-0.0892679921259843
21
1.5471972440944881
0
LINE
8
BLACK
6
CONTINUOUS
10
-0.0892679921259843
20
1.5471972440944881
11
-0.0838106299212598
21
1.5417398818897639
0
LINE
8
BLACK
6
CONTINUOUS
10
-0.0838106299212598
20
1.5417398818897639
11
-0.0795227952755905
21
1.5353227165354331
0
LINE
8
BLACK
6
CONTINUOUS
10
-0.0795227952755905
20
1.5353227165354331
11
-0.0765692913385827
21
1.5281923228346457
0
LINE
8
BLACK
6
CONTINUOUS
10
-0.0765692913385827
20
1.5281923228346457
11
-0.0750635826771654
21
1.5206227165354331
0
LINE
8
BLACK
6
CONTINUOUS
10
-0.0750635826771654
20
1.5206227165354331
11
-0.0750635826771654
21
1.5129048425196849
0
LINE
8
BLACK
6
CONTINUOUS
10
-0.0750635826771654
20
1.5129048425196849
11
-0.0765692913385827
21
1.5053352362204724
0
LINE
8
BLACK
6
CONTINUOUS
10
-0.0765692913385827
20
1.5053352362204724
11
-0.0795227952755905
21
1.498204842519685
0
LINE
8
BLACK
6
CONTINUOUS
10
-0.0795227952755905
20
1.498204842519685
11
-0.0838106299212598
21
1.4917876771653542
0
LINE
8
BLACK
6
CONTINUOUS
10
-0.0838106299212598
20
1.4917876771653542
11
-0.0892679921259843
21
1.48633031496063
0
LINE
8
BLACK
6
CONTINUOUS
10
-0.0892679921259843
20
1.48633031496063
11
-0.095685157480315
21
1.4820424803149606
0
LINE
8
BLACK
6
CONTINUOUS
10
-0.095685157480315
20
1.4820424803149606
11
-0.1028155511811024
21
1.4790889763779527
0
LINE
8
BLACK
6
CONTINUOUS
10
-0.1028155511811024
20
1.4790889763779527
11
-0.110385157480315
21
1.4775832677165355
0
LINE
8
BLACK
6
CONTINUOUS
10
-0.110385157480315
20
1.4775832677165355
11
-0.118103031496063
21
1.4775832677165355
0
LINE
8
BLACK
6
CONTINUOUS
10
-0.118103031496063
20
1.4775832677165355
11
-0.1256726377952756
21
1.4790889763779527
0
LINE
8
BLACK
6
CONTINUOUS
10
-0.1256726377952756
20
1.4790889763779527
11
-0.132803031496063
21
1.4820424803149606
0
LINE
8
BLACK
6
CONTINUOUS
10
-0.132803031496063
20
1.4820424803149606
11
-0.1392201968503937
21
1.48633031496063
0
LINE
8
BLACK
6
CONTINUOUS
10
-0.1392201968503937
20
1.48633031496063
11
-0.1446775590551181
21
1.4917876771653542
0
LINE
8
BLACK
6
CONTINUOUS
10
-0.1446775590551181
20
1.4917876771653542
11
-0.1489653937007874
21
1.498204842519685
0
LINE
8
BLACK
6
CONTINUOUS
10
-0.1489653937007874
20
1.498204842519685
11
-0.1519188976377953
21
1.5053352362204724
0
LINE
8
BLACK
6
CONTINUOUS
10
-0.1519188976377953
20
1.5053352362204724
11
-0.1534246062992126
21
1.5129048425196849
0
LINE
8
BLACK
6
CONTINUOUS
10
-0.1534246062992126
20
1.5129048425196849
11
-0.1534246062992126
21
1.5206227165354331
0
LINE
8
BLACK
6
CONTINUOUS
10
-0.1534246062992126
20
1.5206227165354331
11
-0.1519188976377953
21
1.5281923228346457
0
LINE
8
BLACK
6
CONTINUOUS
10
-0.1519188976377953
20
1.5281923228346457
11
-0.1489653937007874
21
1.5353227165354331
0
LINE
8
BLACK
6
CONTINUOUS
10
-0.1489653937007874
20
1.5353227165354331
11
-0.1446775590551181
21
1.5417398818897639
0
LINE
8
BLACK
6
CONTINUOUS
10
-0.1446775590551181
20
1.5417398818897639
11
-0.1392201968503937
21
1.5471972440944881
0
LINE
8
BLACK
6
CONTINUOUS
10
-0.1392201968503937
20
1.5471972440944881
11
-0.132803031496063
21
1.5514850787401575
0
LINE
8
BLACK
6
CONTINUOUS
10
-0.132803031496063
20
1.5514850787401575
11
-0.1256726377952756
21
1.5544385826771654
0
LINE
8
BLACK
6
CONTINUOUS
10
-0.1256726377952756
20
1.5544385826771654
11
-0.118103031496063
21
1.5559442913385826
0
LINE
8
BLACK
6
CONTINUOUS
10
-0.118103031496063
20
1.5559442913385826
11
-0.110385157480315
21
1.5559442913385826
0
LINE
8
BLACK
6
CONTINUOUS
10
-0.110385157480315
20
1.5559442913385826
11
-0.1028155511811024
21
1.5544385826771654
0
LINE
8
BLACK
6
CONTINUOUS
10
1.0731723622047245
20
1.5141751968503936
11
1.0453335433070865
21
1.4863363779527559
0
LINE
8
BLACK
6
CONTINUOUS
10
1.0453335433070865
20
1.4863363779527559
11
1.0119269291338582
21
1.5197429921259842
0
LINE
8
BLACK
6
CONTINUOUS
10
1.0119269291338582
20
1.5197429921259842
11
1.0397657480314961
21
1.5475818110236219
0
LINE
8
BLACK
6
CONTINUOUS
10
1.0397657480314961
20
1.5475818110236219
11
1.0731723622047245
21
1.5141751968503936
0
LINE
8
BLACK
6
CONTINUOUS
10
1.1274562992125985
20
1.5203845275590551
11
1.1294360629921261
21
1.5190616929133858
0
LINE
8
BLACK
6
CONTINUOUS
10
1.1294360629921261
20
1.5190616929133858
11
1.1380661023622047
21
1.5104316535433071
0
LINE
8
BLACK
6
CONTINUOUS
10
1.1380661023622047
20
1.5104316535433071
11
1.139388937007874
21
1.5084518897637795
0
LINE
8
BLACK
6
CONTINUOUS
10
1.139388937007874
20
1.5084518897637795
11
1.1398534645669292
21
1.506116653543307
0
LINE
8
BLACK
6
CONTINUOUS
10
1.1398534645669292
20
1.506116653543307
11
1.139388937007874
21
1.5037813779527558
0
LINE
8
BLACK
6
CONTINUOUS
10
1.139388937007874
20
1.5037813779527558
11
1.1380661023622047
21
1.5018016141732282
0
LINE
8
BLACK
6
CONTINUOUS
10
1.1380661023622047
20
1.5018016141732282
11
1.1262346062992126
21
1.4899701181102363
0
LINE
8
BLACK
6
CONTINUOUS
10
1.1262346062992126
20
1.4899701181102363
11
1.124254842519685
21
1.488647283464567
0
LINE
8
BLACK
6
CONTINUOUS
10
1.124254842519685
20
1.488647283464567
11
1.1219195669291337
21
1.4881827559055119
0
LINE
8
BLACK
6
CONTINUOUS
10
1.1219195669291337
20
1.4881827559055119
11
1.1195843307086615
21
1.488647283464567
0
LINE
8
BLACK
6
CONTINUOUS
10
1.1195843307086615
20
1.488647283464567
11
1.1176045669291339
21
1.4899701181102363
0
LINE
8
BLACK
6
CONTINUOUS
10
1.1176045669291339
20
1.4899701181102363
11
1.108974527559055
21
1.4986001574803149
0
LINE
8
BLACK
6
CONTINUOUS
10
1.108974527559055
20
1.4986001574803149
11
1.1076516929133857
21
1.5005799212598425
0
LINE
8
BLACK
6
CONTINUOUS
10
1.1076516929133857
20
1.5005799212598425
11
1.1071871653543306
21
1.502915157480315
0
LINE
8
BLACK
6
CONTINUOUS
10
1.1071871653543306
20
1.502915157480315
11
1.1076516929133857
21
1.505250433070866
0
LINE
8
BLACK
6
CONTINUOUS
10
1.1076516929133857
20
1.505250433070866
11
1.108974527559055
21
1.5072301968503936
0
LINE
8
BLACK
6
CONTINUOUS
10
1.108974527559055
20
1.5072301968503936
11
1.1208060236220472
21
1.5190616929133858
0
LINE
8
BLACK
6
CONTINUOUS
10
1.1208060236220472
20
1.5190616929133858
11
1.1227857874015748
21
1.5203845275590551
0
LINE
8
BLACK
6
CONTINUOUS
10
1.1227857874015748
20
1.5203845275590551
11
1.125121062992126
21
1.5208490551181102
0
LINE
8
BLACK
6
CONTINUOUS
10
1.125121062992126
20
1.5208490551181102
11
1.1274562992125985
21
1.5203845275590551
0
LINE
8
BLACK
6
CONTINUOUS
10
1.5319381496062991
20
1.527866968503937
11
1.5339817716535433
21
1.5265014566929134
0
LINE
8
BLACK
6
CONTINUOUS
10
1.5339817716535433
20
1.5265014566929134
11
1.5353472834645669
21
1.5244578346456692
0
LINE
8
BLACK
6
CONTINUOUS
10
1.5353472834645669
20
1.5244578346456692
11
1.5358267716535432
21
1.5220472440944881
0
LINE
8
BLACK
6
CONTINUOUS
10
1.5358267716535432
20
1.5220472440944881
11
1.5358267716535432
21
1.5094488188976378
0
LINE
8
BLACK
6
CONTINUOUS
10
1.5358267716535432
20
1.5094488188976378
11
1.5353472834645669
21
1.5070382283464567
0
LINE
8
BLACK
6
CONTINUOUS
10
1.5353472834645669
20
1.5070382283464567
11
1.5339817716535433
21
1.5049946062992126
0
LINE
8
BLACK
6
CONTINUOUS
10
1.5339817716535433
20
1.5049946062992126
11
1.5319381496062991
21
1.5036290944881889
0
LINE
8
BLACK
6
CONTINUOUS
10
1.5319381496062991
20
1.5036290944881889
11
1.5295275590551181
21
1.5031496062992125
0
LINE
8
BLACK
6
CONTINUOUS
10
1.5295275590551181
20
1.5031496062992125
11
1.513976377952756
21
1.5031496062992125
0
LINE
8
BLACK
6
CONTINUOUS
10
1.513976377952756
20
1.5031496062992125
11
1.5115657874015749
21
1.5036290944881889
0
LINE
8
BLACK
6
CONTINUOUS
10
1.5115657874015749
20
1.5036290944881889
11
1.5095221653543307
21
1.5049946062992126
0
LINE
8
BLACK
6
CONTINUOUS
10
1.5095221653543307
20
1.5049946062992126
11
1.5081566535433071
21
1.5070382283464567
0
LINE
8
BLACK
6
CONTINUOUS
10
1.5081566535433071
20
1.5070382283464567
11
1.5076771653543306
21
1.5094488188976378
0
LINE
8
BLACK
6
CONTINUOUS
10
1.5076771653543306
20
1.5094488188976378
11
1.5076771653543306
21
1.5220472440944881
0
LINE
8
BLACK
6
CONTINUOUS
10
1.5076771653543306
20
1.5220472440944881
11
1.5081566535433071
21
1.5244578346456692
0
LINE
8
BLACK
6
CONTINUOUS
10
1.5081566535433071
20
1.5244578346456692
11
1.5095221653543307
21
1.5265014566929134
0
LINE
8
BLACK
6
CONTINUOUS
10
1.5095221653543307
20
1.5265014566929134
11
1.5115657874015749
21
1.527866968503937
0
LINE
8
BLACK
6
CONTINUOUS
10
1.5115657874015749
20
1.527866968503937
11
1.513976377952756
21
1.5283464566929132
0
LINE
8
BLACK
6
CONTINUOUS
10
1.513976377952756
20
1.5283464566929132
11
1.5295275590551181
21
1.5283464566929132
0
LINE
8
BLACK
6
CONTINUOUS
10
1.5295275590551181
20
1.5283464566929132
11
1.5319381496062991
21
1.527866968503937
0
LINE
8
BLACK
6
CONTINUOUS
10
1.5789853937007874
20
1.527866968503937
11
1.5810290157480316
21
1.5265014566929134
0
LINE
8
BLACK
6
CONTINUOUS
10
1.5810290157480316
20
1.5265014566929134
11
1.5823945275590552
21
1.5244578346456692
0
LINE
8
BLACK
6
CONTINUOUS
10
1.5823945275590552
20
1.5244578346456692
11
1.5828740157480314
21
1.5220472440944881
0
LINE
8
BLACK
6
CONTINUOUS
10
1.5828740157480314
20
1.5220472440944881
11
1.5828740157480314
21
1.5094488188976378
0
LINE
8
BLACK
6
CONTINUOUS
10
1.5828740157480314
20
1.5094488188976378
11
1.5823945275590552
21
1.5070382283464567
0
LINE
8
BLACK
6
CONTINUOUS
10
1.5823945275590552
20
1.5070382283464567
11
1.5810290157480316
21
1.5049946062992126
0
LINE
8
BLACK
6
CONTINUOUS
10
1.5810290157480316
20
1.5049946062992126
11
1.5789853937007874
21
1.5036290944881889
0
LINE
8
BLACK
6
CONTINUOUS
10
1.5789853937007874
20
1.5036290944881889
11
1.5765748031496063
21
1.5031496062992125
0
LINE
8
BLACK
6
CONTINUOUS
10
1.5765748031496063
20
1.5031496062992125
11
1.561023622047244
21
1.5031496062992125
0
LINE
8
BLACK
6
CONTINUOUS
10
1.561023622047244
20
1.5031496062992125
11
1.5586130314960629
21
1.5036290944881889
0
LINE
8
BLACK
6
CONTINUOUS
10
1.5586130314960629
20
1.5036290944881889
11
1.5565694094488189
21
1.5049946062992126
0
LINE
8
BLACK
6
CONTINUOUS
10
1.5565694094488189
20
1.5049946062992126
11
1.5552038976377953
21
1.5070382283464567
0
LINE
8
BLACK
6
CONTINUOUS
10
1.5552038976377953
20
1.5070382283464567
11
1.5547244094488188
21
1.5094488188976378
0
LINE
8
BLACK
6
CONTINUOUS
10
1.5547244094488188
20
1.5094488188976378
11
1.5547244094488188
21
1.5220472440944881
0
LINE
8
BLACK
6
CONTINUOUS
10
1.5547244094488188
20
1.5220472440944881
11
1.5552038976377953
21
1.5244578346456692
0
LINE
8
BLACK
6
CONTINUOUS
10
1.5552038976377953
20
1.5244578346456692
11
1.5565694094488189
21
1.5265014566929134
0
LINE
8
BLACK
6
CONTINUOUS
10
1.5565694094488189
20
1.5265014566929134
11
1.5586130314960629
21
1.527866968503937
0
LINE
8
BLACK
6
CONTINUOUS
10
1.5586130314960629
20
1.527866968503937
11
1.561023622047244
21
1.5283464566929132
0
LINE
8
BLACK
6
CONTINUOUS
10
1.561023622047244
20
1.5283464566929132
11
1.5765748031496063
21
1.5283464566929132
0
LINE
8
BLACK
6
CONTINUOUS
10
1.5765748031496063
20
1.5283464566929132
11
1.5789853937007874
21
1.527866968503937
0
LINE
8
BLACK
6
CONTINUOUS
10
1.109362874015748
20
1.5503657086614173
11
1.0815240551181102
21
1.5225268897637796
0
LINE
8
BLACK
6
CONTINUOUS
10
1.0815240551181102
20
1.5225268897637796
11
1.0481174409448819
21
1.5559335039370079
0
LINE
8
BLACK
6
CONTINUOUS
10
1.0481174409448819
20
1.5559335039370079
11
1.0759562598425196
21
1.5837723228346456
0
LINE
8
BLACK
6
CONTINUOUS
10
1.0759562598425196
20
1.5837723228346456
11
1.109362874015748
21
1.5503657086614173
0
LINE
8
BLACK
6
CONTINUOUS
10
1.025846338582677
20
1.561501220472441
11
0.9980075196850393
21
1.533662401574803
0
LINE
8
BLACK
6
CONTINUOUS
10
0.9980075196850393
20
1.533662401574803
11
0.964600905511811
21
1.5670690157480314
0
LINE
8
BLACK
6
CONTINUOUS
10
0.964600905511811
20
1.5670690157480314
11
0.9924397244094488
21
1.5949078346456693
0
LINE
8
BLACK
6
CONTINUOUS
10
0.9924397244094488
20
1.5949078346456693
11
1.025846338582677
21
1.561501220472441
0
LINE
8
BLACK
6
CONTINUOUS
10
1.0620368503937008
20
1.5976917322834645
11
1.034198031496063
21
1.5698529133858268
0
LINE
8
BLACK
6
CONTINUOUS
10
1.034198031496063
20
1.5698529133858268
11
1.0007914173228347
21
1.6032595275590551
0
LINE
8
BLACK
6
CONTINUOUS
10
1.0007914173228347
20
1.6032595275590551
11
1.0286302362204724
21
1.6310983464566928
0
LINE
8
BLACK
6
CONTINUOUS
10
1.0286302362204724
20
1.6310983464566928
11
1.0620368503937008
21
1.5976917322834645
0
LINE
8
BLACK
6
CONTINUOUS
10
1.1150533858267717
20
1.6187874409448819
11
1.1170331496062993
21
1.6174646062992126
0
LINE
8
BLACK
6
CONTINUOUS
10
1.1170331496062993
20
1.6174646062992126
11
1.1288646456692912
21
1.6056331102362205
0
LINE
8
BLACK
6
CONTINUOUS
10
1.1288646456692912
20
1.6056331102362205
11
1.1301874803149605
21
1.6036533464566929
0
LINE
8
BLACK
6
CONTINUOUS
10
1.1301874803149605
20
1.6036533464566929
11
1.1306520078740157
21
1.6013180708661416
0
LINE
8
BLACK
6
CONTINUOUS
10
1.1306520078740157
20
1.6013180708661416
11
1.1301874803149605
21
1.5989828346456691
0
LINE
8
BLACK
6
CONTINUOUS
10
1.1301874803149605
20
1.5989828346456691
11
1.1288646456692912
21
1.5970030708661418
0
LINE
8
BLACK
6
CONTINUOUS
10
1.1288646456692912
20
1.5970030708661418
11
1.1202346062992126
21
1.5883730314960629
0
LINE
8
BLACK
6
CONTINUOUS
10
1.1202346062992126
20
1.5883730314960629
11
1.118254842519685
21
1.5870501968503936
0
LINE
8
BLACK
6
CONTINUOUS
10
1.118254842519685
20
1.5870501968503936
11
1.1159196062992125
21
1.5865856692913385
0
LINE
8
BLACK
6
CONTINUOUS
10
1.1159196062992125
20
1.5865856692913385
11
1.1135843307086615
21
1.5870501968503936
0
LINE
8
BLACK
6
CONTINUOUS
10
1.1135843307086615
20
1.5870501968503936
11
1.1116045669291339
21
1.5883730314960629
0
LINE
8
BLACK
6
CONTINUOUS
10
1.1116045669291339
20
1.5883730314960629
11
1.0997730708661417
21
1.6002045275590551
0
LINE
8
BLACK
6
CONTINUOUS
10
1.0997730708661417
20
1.6002045275590551
11
1.0984502362204724
21
1.6021842913385826
0
LINE
8
BLACK
6
CONTINUOUS
10
1.0984502362204724
20
1.6021842913385826
11
1.0979857086614173
21
1.6045195669291339
0
LINE
8
BLACK
6
CONTINUOUS
10
1.0979857086614173
20
1.6045195669291339
11
1.0984502362204724
21
1.6068548031496062
0
LINE
8
BLACK
6
CONTINUOUS
10
1.0984502362204724
20
1.6068548031496062
11
1.0997730708661417
21
1.6088345669291337
0
LINE
8
BLACK
6
CONTINUOUS
10
1.0997730708661417
20
1.6088345669291337
11
1.1084031102362204
21
1.6174646062992126
0
LINE
8
BLACK
6
CONTINUOUS
10
1.1084031102362204
20
1.6174646062992126
11
1.110382874015748
21
1.6187874409448819
0
LINE
8
BLACK
6
CONTINUOUS
10
1.110382874015748
20
1.6187874409448819
11
1.1127181102362205
21
1.619251968503937
0
LINE
8
BLACK
6
CONTINUOUS
10
1.1127181102362205
20
1.619251968503937
11
1.1150533858267717
21
1.6187874409448819
0
LINE
8
BLACK
6
CONTINUOUS
10
-0.1028155511811024
20
1.6942023622047244
11
-0.095685157480315
21
1.6912488582677165
0
LINE
8
BLACK
6
CONTINUOUS
10
-0.095685157480315
20
1.6912488582677165
11
-0.0892679921259843
21
1.6869610236220471
0
LINE
8
BLACK
6
CONTINUOUS
10
-0.0892679921259843
20
1.6869610236220471
11
-0.0838106299212598
21
1.6815036614173229
0
LINE
8
BLACK
6
CONTINUOUS
10
-0.0838106299212598
20
1.6815036614173229
11
-0.0795227952755905
21
1.6750864960629921
0
LINE
8
BLACK
6
CONTINUOUS
10
-0.0795227952755905
20
1.6750864960629921
11
-0.0765692913385827
21
1.6679561023622047
0
LINE
8
BLACK
6
CONTINUOUS
10
-0.0765692913385827
20
1.6679561023622047
11
-0.0750635826771654
21
1.6603864960629922
0
LINE
8
BLACK
6
CONTINUOUS
10
-0.0750635826771654
20
1.6603864960629922
11
-0.0750635826771654
21
1.652668622047244
0
LINE
8
BLACK
6
CONTINUOUS
10
-0.0750635826771654
20
1.652668622047244
11
-0.0765692913385827
21
1.6450990157480314
0
LINE
8
BLACK
6
CONTINUOUS
10
-0.0765692913385827
20
1.6450990157480314
11
-0.0795227952755905
21
1.637968622047244
0
LINE
8
BLACK
6
CONTINUOUS
10
-0.0795227952755905
20
1.637968622047244
11
-0.0838106299212598
21
1.6315514566929132
0
LINE
8
BLACK
6
CONTINUOUS
10
-0.0838106299212598
20
1.6315514566929132
11
-0.0892679921259843
21
1.626094094488189
0
LINE
8
BLACK
6
CONTINUOUS
10
-0.0892679921259843
20
1.626094094488189
11
-0.095685157480315
21
1.6218062598425196
0
LINE
8
BLACK
6
CONTINUOUS
10
-0.095685157480315
20
1.6218062598425196
11
-0.1028155511811024
21
1.6188527559055117
0
LINE
8
BLACK
6
CONTINUOUS
10
-0.1028155511811024
20
1.6188527559055117
11
-0.110385157480315
21
1.6173470472440945
0
LINE
8
BLACK
6
CONTINUOUS
10
-0.110385157480315
20
1.6173470472440945
11
-0.118103031496063
21
1.6173470472440945
0
LINE
8
BLACK
6
CONTINUOUS
10
-0.118103031496063
20
1.6173470472440945
11
-0.1256726377952756
21
1.6188527559055117
0
LINE
8
BLACK
6
CONTINUOUS
10
-0.1256726377952756
20
1.6188527559055117
11
-0.132803031496063
21
1.6218062598425196
0
LINE
8
BLACK
6
CONTINUOUS
10
-0.132803031496063
20
1.6218062598425196
11
-0.1392201968503937
21
1.626094094488189
0
LINE
8
BLACK
6
CONTINUOUS
10
-0.1392201968503937
20
1.626094094488189
11
-0.1446775590551181
21
1.6315514566929132
0
LINE
8
BLACK
6
CONTINUOUS
10
-0.1446775590551181
20
1.6315514566929132
11
-0.1489653937007874
21
1.637968622047244
0
LINE
8
BLACK
6
CONTINUOUS
10
-0.1489653937007874
20
1.637968622047244
11
-0.1519188976377953
21
1.6450990157480314
0
LINE
8
BLACK
6
CONTINUOUS
10
-0.1519188976377953
20
1.6450990157480314
11
-0.1534246062992126
21
1.652668622047244
0
LINE
8
BLACK
6
CONTINUOUS
10
-0.1534246062992126
20
1.652668622047244
11
-0.1534246062992126
21
1.6603864960629922
0
LINE
8
BLACK
6
CONTINUOUS
10
-0.1534246062992126
20
1.6603864960629922
11
-0.1519188976377953
21
1.6679561023622047
0
LINE
8
BLACK
6
CONTINUOUS
10
-0.1519188976377953
20
1.6679561023622047
11
-0.1489653937007874
21
1.6750864960629921
0
LINE
8
BLACK
6
CONTINUOUS
10
-0.1489653937007874
20
1.6750864960629921
11
-0.1446775590551181
21
1.6815036614173229
0
LINE
8
BLACK
6
CONTINUOUS
10
-0.1446775590551181
20
1.6815036614173229
11
-0.1392201968503937
21
1.6869610236220471
0
LINE
8
BLACK
6
CONTINUOUS
10
-0.1392201968503937
20
1.6869610236220471
11
-0.132803031496063
21
1.6912488582677165
0
LINE
8
BLACK
6
CONTINUOUS
10
-0.132803031496063
20
1.6912488582677165
11
-0.1256726377952756
21
1.6942023622047244
0
LINE
8
BLACK
6
CONTINUOUS
10
-0.1256726377952756
20
1.6942023622047244
11
-0.118103031496063
21
1.6957080708661416
0
LINE
8
BLACK
6
CONTINUOUS
10
-0.118103031496063
20
1.6957080708661416
11
-0.110385157480315
21
1.6957080708661416
0
LINE
8
BLACK
6
CONTINUOUS
10
-0.110385157480315
20
1.6957080708661416
11
-0.1028155511811024
21
1.6942023622047244
0
LINE
8
BLACK
6
CONTINUOUS
10
1.0834562992125985
20
1.6503845275590552
11
1.085436062992126
21
1.6490616929133859
0
LINE
8
BLACK
6
CONTINUOUS
10
1.085436062992126
20
1.6490616929133859
11
1.0972675590551182
21
1.6372301968503937
0
LINE
8
BLACK
6
CONTINUOUS
10
1.0972675590551182
20
1.6372301968503937
11
1.0985903937007875
21
1.6352504330708661
0
LINE
8
BLACK
6
CONTINUOUS
10
1.0985903937007875
20
1.6352504330708661
11
1.0990549212598424
21
1.6329151574803149
0
LINE
8
BLACK
6
CONTINUOUS
10
1.0990549212598424
20
1.6329151574803149
11
1.0985903937007875
21
1.6305799212598424
0
LINE
8
BLACK
6
CONTINUOUS
10
1.0985903937007875
20
1.6305799212598424
11
1.0972675590551182
21
1.6286001574803148
0
LINE
8
BLACK
6
CONTINUOUS
10
1.0972675590551182
20
1.6286001574803148
11
1.0886375196850393
21
1.6199701181102362
0
LINE
8
BLACK
6
CONTINUOUS
10
1.0886375196850393
20
1.6199701181102362
11
1.0866577559055117
21
1.6186472834645669
0
LINE
8
BLACK
6
CONTINUOUS
10
1.0866577559055117
20
1.6186472834645669
11
1.0843225196850395
21
1.6181827559055117
0
LINE
8
BLACK
6
CONTINUOUS
10
1.0843225196850395
20
1.6181827559055117
11
1.0819872440944882
21
1.6186472834645669
0
LINE
8
BLACK
6
CONTINUOUS
10
1.0819872440944882
20
1.6186472834645669
11
1.0800074803149606
21
1.6199701181102362
0
LINE
8
BLACK
6
CONTINUOUS
10
1.0800074803149606
20
1.6199701181102362
11
1.0681759842519685
21
1.6318016141732283
0
LINE
8
BLACK
6
CONTINUOUS
10
1.0681759842519685
20
1.6318016141732283
11
1.0668531496062992
21
1.6337813779527559
0
LINE
8
BLACK
6
CONTINUOUS
10
1.0668531496062992
20
1.6337813779527559
11
1.0663886220472441
21
1.6361166535433072
0
LINE
8
BLACK
6
CONTINUOUS
10
1.0663886220472441
20
1.6361166535433072
11
1.0668531496062992
21
1.6384518897637794
0
LINE
8
BLACK
6
CONTINUOUS
10
1.0668531496062992
20
1.6384518897637794
11
1.0681759842519685
21
1.640431653543307
0
LINE
8
BLACK
6
CONTINUOUS
10
1.0681759842519685
20
1.640431653543307
11
1.0768060236220471
21
1.6490616929133859
0
LINE
8
BLACK
6
CONTINUOUS
10
1.0768060236220471
20
1.6490616929133859
11
1.0787857874015747
21
1.6503845275590552
0
LINE
8
BLACK
6
CONTINUOUS
10
1.0787857874015747
20
1.6503845275590552
11
1.0811210236220472
21
1.6508490551181103
0
LINE
8
BLACK
6
CONTINUOUS
10
1.0811210236220472
20
1.6508490551181103
11
1.0834562992125985
21
1.6503845275590552
0
LINE
8
BLACK
6
CONTINUOUS
10
0.4227092913385826
20
1.6574094881889763
11
0.4246890551181102
21
1.6560866929133857
0
LINE
8
BLACK
6
CONTINUOUS
10
0.4246890551181102
20
1.6560866929133857
11
0.4260118503937008
21
1.6541069291338582
0
LINE
8
BLACK
6
CONTINUOUS
10
0.4260118503937008
20
1.6541069291338582
11
0.4264763779527559
21
1.6517716535433071
0
LINE
8
BLACK
6
CONTINUOUS
10
0.4264763779527559
20
1.6517716535433071
11
0.4264763779527559
21
1.6395669291338582
0
LINE
8
BLACK
6
CONTINUOUS
10
0.4264763779527559
20
1.6395669291338582
11
0.4260118503937008
21
1.6372316535433071
0
LINE
8
BLACK
6
CONTINUOUS
10
0.4260118503937008
20
1.6372316535433071
11
0.4246890551181102
21
1.6352518897637796
0
LINE
8
BLACK
6
CONTINUOUS
10
0.4246890551181102
20
1.6352518897637796
11
0.4227092913385826
21
1.633929094488189
0
LINE
8
BLACK
6
CONTINUOUS
10
0.4227092913385826
20
1.633929094488189
11
0.4203740157480315
21
1.6334645669291339
0
LINE
8
BLACK
6
CONTINUOUS
10
0.4203740157480315
20
1.6334645669291339
11
0.4036417322834646
21
1.6334645669291339
0
LINE
8
BLACK
6
CONTINUOUS
10
0.4036417322834646
20
1.6334645669291339
11
0.4013064566929134
21
1.633929094488189
0
LINE
8
BLACK
6
CONTINUOUS
10
0.4013064566929134
20
1.633929094488189
11
0.3993266929133858
21
1.6352518897637796
0
LINE
8
BLACK
6
CONTINUOUS
10
0.3993266929133858
20
1.6352518897637796
11
0.3980038976377953
21
1.6372316535433071
0
LINE
8
BLACK
6
CONTINUOUS
10
0.3980038976377953
20
1.6372316535433071
11
0.3975393700787401
21
1.6395669291338582
0
LINE
8
BLACK
6
CONTINUOUS
10
0.3975393700787401
20
1.6395669291338582
11
0.3975393700787401
21
1.6517716535433071
0
LINE
8
BLACK
6
CONTINUOUS
10
0.3975393700787401
20
1.6517716535433071
11
0.3980038976377953
21
1.6541069291338582
0
LINE
8
BLACK
6
CONTINUOUS
10
0.3980038976377953
20
1.6541069291338582
11
0.3993266929133858
21
1.6560866929133857
0
LINE
8
BLACK
6
CONTINUOUS
10
0.3993266929133858
20
1.6560866929133857
11
0.4013064566929134
21
1.6574094881889763
0
LINE
8
BLACK
6
CONTINUOUS
10
0.4013064566929134
20
1.6574094881889763
11
0.4036417322834646
21
1.6578740157480314
0
LINE
8
BLACK
6
CONTINUOUS
10
0.4036417322834646
20
1.6578740157480314
11
0.4203740157480315
21
1.6578740157480314
0
LINE
8
BLACK
6
CONTINUOUS
10
0.4203740157480315
20
1.6578740157480314
11
0.4227092913385826
21
1.6574094881889763
0
LINE
8
BLACK
6
CONTINUOUS
10
0.4673943307086614
20
1.6574094881889763
11
0.469374094488189
21
1.6560866929133857
0
LINE
8
BLACK
6
CONTINUOUS
10
0.469374094488189
20
1.6560866929133857
11
0.4706968897637795
21
1.6541069291338582
0
LINE
8
BLACK
6
CONTINUOUS
10
0.4706968897637795
20
1.6541069291338582
11
0.4711614173228346
21
1.6517716535433071
0
LINE
8
BLACK
6
CONTINUOUS
10
0.4711614173228346
20
1.6517716535433071
11
0.4711614173228346
21
1.6395669291338582
0
LINE
8
BLACK
6
CONTINUOUS
10
0.4711614173228346
20
1.6395669291338582
11
0.4706968897637795
21
1.6372316535433071
0
LINE
8
BLACK
6
CONTINUOUS
10
0.4706968897637795
20
1.6372316535433071
11
0.469374094488189
21
1.6352518897637796
0
LINE
8
BLACK
6
CONTINUOUS
10
0.469374094488189
20
1.6352518897637796
11
0.4673943307086614
21
1.633929094488189
0
LINE
8
BLACK
6
CONTINUOUS
10
0.4673943307086614
20
1.633929094488189
11
0.4650590551181102
21
1.6334645669291339
0
LINE
8
BLACK
6
CONTINUOUS
10
0.4650590551181102
20
1.6334645669291339
11
0.4483267716535433
21
1.6334645669291339
0
LINE
8
BLACK
6
CONTINUOUS
10
0.4483267716535433
20
1.6334645669291339
11
0.4459914960629921
21
1.633929094488189
0
LINE
8
BLACK
6
CONTINUOUS
10
0.4459914960629921
20
1.633929094488189
11
0.4440117322834646
21
1.6352518897637796
0
LINE
8
BLACK
6
CONTINUOUS
10
0.4440117322834646
20
1.6352518897637796
11
0.442688937007874
21
1.6372316535433071
0
LINE
8
BLACK
6
CONTINUOUS
10
0.442688937007874
20
1.6372316535433071
11
0.4422244094488189
21
1.6395669291338582
0
LINE
8
BLACK
6
CONTINUOUS
10
0.4422244094488189
20
1.6395669291338582
11
0.4422244094488189
21
1.6517716535433071
0
LINE
8
BLACK
6
CONTINUOUS
10
0.4422244094488189
20
1.6517716535433071
11
0.442688937007874
21
1.6541069291338582
0
LINE
8
BLACK
6
CONTINUOUS
10
0.442688937007874
20
1.6541069291338582
11
0.4440117322834646
21
1.6560866929133857
0
LINE
8
BLACK
6
CONTINUOUS
10
0.4440117322834646
20
1.6560866929133857
11
0.4459914960629921
21
1.6574094881889763
0
LINE
8
BLACK
6
CONTINUOUS
10
0.4459914960629921
20
1.6574094881889763
11
0.4483267716535433
21
1.6578740157480314
0
LINE
8
BLACK
6
CONTINUOUS
10
0.4483267716535433
20
1.6578740157480314
11
0.4650590551181102
21
1.6578740157480314
0
LINE
8
BLACK
6
CONTINUOUS
10
0.4650590551181102
20
1.6578740157480314
11
0.4673943307086614
21
1.6574094881889763
0
LINE
8
BLACK
6
CONTINUOUS
10
-0.1028155511811024
20
1.8339661417322835
11
-0.095685157480315
21
1.8310126377952756
0
LINE
8
BLACK
6
CONTINUOUS
10
-0.095685157480315
20
1.8310126377952756
11
-0.0892679921259843
21
1.8267248031496062
0
LINE
8
BLACK
6
CONTINUOUS
10
-0.0892679921259843
20
1.8267248031496062
11
-0.0838106299212598
21
1.8212674409448819
0
LINE
8
BLACK
6
CONTINUOUS
10
-0.0838106299212598
20
1.8212674409448819
11
-0.0795227952755905
21
1.8148502755905511
0
LINE
8
BLACK
6
CONTINUOUS
10
-0.0795227952755905
20
1.8148502755905511
11
-0.0765692913385827
21
1.8077198818897637
0
LINE
8
BLACK
6
CONTINUOUS
10
-0.0765692913385827
20
1.8077198818897637
11
-0.0750635826771654
21
1.8001502755905512
0
LINE
8
BLACK
6
CONTINUOUS
10
-0.0750635826771654
20
1.8001502755905512
11
-0.0750635826771654
21
1.7924324015748032
0
LINE
8
BLACK
6
CONTINUOUS
10
-0.0750635826771654
20
1.7924324015748032
11
-0.0765692913385827
21
1.7848627952755904
0
LINE
8
BLACK
6
CONTINUOUS
10
-0.0765692913385827
20
1.7848627952755904
11
-0.0795227952755905
21
1.7777324015748031
0
LINE
8
BLACK
6
CONTINUOUS
10
-0.0795227952755905
20
1.7777324015748031
11
-0.0838106299212598
21
1.7713152362204725
0
LINE
8
BLACK
6
CONTINUOUS
10
-0.0838106299212598
20
1.7713152362204725
11
-0.0892679921259843
21
1.765857874015748
0
LINE
8
BLACK
6
CONTINUOUS
10
-0.0892679921259843
20
1.765857874015748
11
-0.095685157480315
21
1.7615700393700786
0
LINE
8
BLACK
6
CONTINUOUS
10
-0.095685157480315
20
1.7615700393700786
11
-0.1028155511811024
21
1.7586165354330707
0
LINE
8
BLACK
6
CONTINUOUS
10
-0.1028155511811024
20
1.7586165354330707
11
-0.110385157480315
21
1.7571108267716535
0
LINE
8
BLACK
6
CONTINUOUS
10
-0.110385157480315
20
1.7571108267716535
11
-0.118103031496063
21
1.7571108267716535
0
LINE
8
BLACK
6
CONTINUOUS
10
-0.118103031496063
20
1.7571108267716535
11
-0.1256726377952756
21
1.7586165354330707
0
LINE
8
BLACK
6
CONTINUOUS
10
-0.1256726377952756
20
1.7586165354330707
11
-0.132803031496063
21
1.7615700393700786
0
LINE
8
BLACK
6
CONTINUOUS
10
-0.132803031496063
20
1.7615700393700786
11
-0.1392201968503937
21
1.765857874015748
0
LINE
8
BLACK
6
CONTINUOUS
10
-0.1392201968503937
20
1.765857874015748
11
-0.1446775590551181
21
1.7713152362204725
0
LINE
8
BLACK
6
CONTINUOUS
10
-0.1446775590551181
20
1.7713152362204725
11
-0.1489653937007874
21
1.7777324015748031
0
LINE
8
BLACK
6
CONTINUOUS
10
-0.1489653937007874
20
1.7777324015748031
11
-0.1519188976377953
21
1.7848627952755904
0
LINE
8
BLACK
6
CONTINUOUS
10
-0.1519188976377953
20
1.7848627952755904
11
-0.1534246062992126
21
1.7924324015748032
0
LINE
8
BLACK
6
CONTINUOUS
10
-0.1534246062992126
20
1.7924324015748032
11
-0.1534246062992126
21
1.8001502755905512
0
LINE
8
BLACK
6
CONTINUOUS
10
-0.1534246062992126
20
1.8001502755905512
11
-0.1519188976377953
21
1.8077198818897637
0
LINE
8
BLACK
6
CONTINUOUS
10
-0.1519188976377953
20
1.8077198818897637
11
-0.1489653937007874
21
1.8148502755905511
0
LINE
8
BLACK
6
CONTINUOUS
10
-0.1489653937007874
20
1.8148502755905511
11
-0.1446775590551181
21
1.8212674409448819
0
LINE
8
BLACK
6
CONTINUOUS
10
-0.1446775590551181
20
1.8212674409448819
11
-0.1392201968503937
21
1.8267248031496062
0
LINE
8
BLACK
6
CONTINUOUS
10
-0.1392201968503937
20
1.8267248031496062
11
-0.132803031496063
21
1.8310126377952756
0
LINE
8
BLACK
6
CONTINUOUS
10
-0.132803031496063
20
1.8310126377952756
11
-0.1256726377952756
21
1.8339661417322835
0
LINE
8
BLACK
6
CONTINUOUS
10
-0.1256726377952756
20
1.8339661417322835
11
-0.118103031496063
21
1.8354718503937006
0
LINE
8
BLACK
6
CONTINUOUS
10
-0.118103031496063
20
1.8354718503937006
11
-0.110385157480315
21
1.8354718503937006
0
LINE
8
BLACK
6
CONTINUOUS
10
-0.110385157480315
20
1.8354718503937006
11
-0.1028155511811024
21
1.8339661417322835
0
CIRCLE
8
BLACK
10
0.9350393700787402
20
1.1933070866141733
40
0.0068897637795276
0
CIRCLE
8
BLACK
10
0.9350393700787402
20
1.2933070866141732
40
0.0068897637795276
0
CIRCLE
8
BLACK
10
1.0350393700787401
20
1.1933070866141733
40
0.0068897637795276
0
CIRCLE
8
BLACK
10
1.0350393700787401
20
1.2933070866141732
40
0.0068897637795276
0
CIRCLE
8
BLACK
10
1.1350393700787402
20
1.1933070866141733
40
0.0068897637795276
0
CIRCLE
8
BLACK
10
1.1350393700787402
20
1.2933070866141732
40
0.0068897637795276
0
CIRCLE
8
BLACK
10
1.2350393700787401
20
1.1933070866141733
40
0.0068897637795276
0
CIRCLE
8
BLACK
10
1.2350393700787401
20
1.2933070866141732
40
0.0068897637795276
0
CIRCLE
8
BLACK
10
1.3350393700787402
20
1.1933070866141733
40
0.0068897637795276
0
CIRCLE
8
BLACK
10
1.3350393700787402
20
1.2933070866141732
40
0.0068897637795276
0
CIRCLE
8
BLACK
10
1.6141732283464567
20
0.8267716535433071
40
0.0068897637795276
0
CIRCLE
8
BLACK
10
1.7141732283464566
20
0.926771653543307
40
0.0068897637795276
0
CIRCLE
8
BLACK
10
1.5141732283464566
20
0.926771653543307
40
0.0068897637795276
0
CIRCLE
8
BLACK
10
1.7141732283464566
20
0.7267716535433071
40
0.0068897637795276
0
CIRCLE
8
BLACK
10
1.5141732283464566
20
0.7267716535433071
40
0.0068897637795276
0
CIRCLE
8
BLACK
10
0.4
20
0.4
40
0.0068897637795276
0
CIRCLE
8
BLACK
10
1.5999999999999999
20
1.2
40
0.0068897637795276
0
CIRCLE
8
BLACK
10
1.5999999999999999
20
0.4
40
0.0068897637795276
0
CIRCLE
8
BLACK
10
0.4
20
1.2
40
0.0068897637795276
0
CIRCLE
8
BLACK
10
0.3043307086614173
20
0.9070866141732283
40
0.0068897637795276
0
CIRCLE
8
BLACK
10
0.4043307086614173
20
0.9070866141732283
40
0.0068897637795276
0
CIRCLE
8
BLACK
10
0.3043307086614173
20
0.8070866141732284
40
0.0068897637795276
0
CIRCLE
8
BLACK
10
0.4043307086614173
20
0.8070866141732284
40
0.0068897637795276
0
CIRCLE
8
BLACK
10
0.3043307086614173
20
0.7070866141732284
40
0.0068897637795276
0
CIRCLE
8
BLACK
10
0.4043307086614173
20
0.7070866141732284
40
0.0068897637795276
0
CIRCLE
8
BLACK
10
0.937007874015748
20
0.2989173228346457
40
0.0068897637795276
0
CIRCLE
8
BLACK
10
0.937007874015748
20
0.3989173228346456
40
0.0068897637795276
0
CIRCLE
8
BLACK
10
1.037007874015748
20
0.2989173228346457
40
0.0068897637795276
0
CIRCLE
8
BLACK
10
1.037007874015748
20
0.3989173228346456
40
0.0068897637795276
0
CIRCLE
8
BLACK
10
1.1370078740157481
20
0.2989173228346457
40
0.0068897637795276
0
CIRCLE
8
BLACK
10
1.1370078740157481
20
0.3989173228346456
40
0.0068897637795276
0
CIRCLE
8
BLACK
10
1.237007874015748
20
0.2989173228346457
40
0.0068897637795276
0
CIRCLE
8
BLACK
10
1.237007874015748
20
0.3989173228346456
40
0.0068897637795276
0
CIRCLE
8
BLACK
10
1.3370078740157481
20
0.2989173228346457
40
0.0068897637795276
0
CIRCLE
8
BLACK
10
1.3370078740157481
20
0.3989173228346456
40
0.0068897637795276
0
CIRCLE
8
BLACK
10
0.9116561417322835
20
0.8494582283464567
40
0.004
0
CIRCLE
8
BLACK
10
0.9074803149606299
20
0.7756852755905511
40
0.004
0
CIRCLE
8
BLACK
10
0.8726817716535433
20
0.8104838582677165
40
0.004
0
CIRCLE
8
BLACK
10
0.8378831889763779
20
0.8452824015748032
40
0.004
0
CIRCLE
8
BLACK
10
0.8337074015748032
20
0.7715094881889764
40
0.004
0
CIRCLE
8
WHITE
10
0.9350393700787402
20
1.1933070866141733
40
0.0068897637795276
0
CIRCLE
8
WHITE
10
0.9350393700787402
20
1.2933070866141732
40
0.0068897637795276
0
CIRCLE
8
WHITE
10
1.0350393700787401
20
1.1933070866141733
40
0.0068897637795276
0
CIRCLE
8
WHITE
10
1.0350393700787401
20
1.2933070866141732
40
0.0068897637795276
0
CIRCLE
8
WHITE
10
1.1350393700787402
20
1.1933070866141733
40
0.0068897637795276
0
CIRCLE
8
WHITE
10
1.1350393700787402
20
1.2933070866141732
40
0.0068897637795276
0
CIRCLE
8
WHITE
10
1.2350393700787401
20
1.1933070866141733
40
0.0068897637795276
0
CIRCLE
8
WHITE
10
1.2350393700787401
20
1.2933070866141732
40
0.0068897637795276
0
CIRCLE
8
WHITE
10
1.3350393700787402
20
1.1933070866141733
40
0.0068897637795276
0
CIRCLE
8
WHITE
10
1.3350393700787402
20
1.2933070866141732
40
0.0068897637795276
0
CIRCLE
8
WHITE
10
1.6141732283464567
20
0.8267716535433071
40
0.0068897637795276
0
CIRCLE
8
WHITE
10
1.7141732283464566
20
0.926771653543307
40
0.0068897637795276
0
CIRCLE
8
WHITE
10
1.5141732283464566
20
0.926771653543307
40
0.0068897637795276
0
CIRCLE
8
WHITE
10
1.7141732283464566
20
0.7267716535433071
40
0.0068897637795276
0
CIRCLE
8
WHITE
10
1.5141732283464566
20
0.7267716535433071
40
0.0068897637795276
0
CIRCLE
8
WHITE
10
0.4
20
0.4
40
0.0068897637795276
0
CIRCLE
8
WHITE
10
1.5999999999999999
20
1.2
40
0.0068897637795276
0
CIRCLE
8
WHITE
10
1.5999999999999999
20
0.4
40
0.0068897637795276
0
CIRCLE
8
WHITE
10
0.4
20
1.2
40
0.0068897637795276
0
CIRCLE
8
WHITE
10
0.3043307086614173
20
0.9070866141732283
40
0.0068897637795276
0
CIRCLE
8
WHITE
10
0.4043307086614173
20
0.9070866141732283
40
0.0068897637795276
0
CIRCLE
8
WHITE
10
0.3043307086614173
20
0.8070866141732284
40
0.0068897637795276
0
CIRCLE
8
WHITE
10
0.4043307086614173
20
0.8070866141732284
40
0.0068897637795276
0
CIRCLE
8
WHITE
10
0.3043307086614173
20
0.7070866141732284
40
0.0068897637795276
0
CIRCLE
8
WHITE
10
0.4043307086614173
20
0.7070866141732284
40
0.0068897637795276
0
CIRCLE
8
WHITE
10
0.937007874015748
20
0.2989173228346457
40
0.0068897637795276
0
CIRCLE
8
WHITE
10
0.937007874015748
20
0.3989173228346456
40
0.0068897637795276
0
CIRCLE
8
WHITE
10
1.037007874015748
20
0.2989173228346457
40
0.0068897637795276
0
CIRCLE
8
WHITE
10
1.037007874015748
20
0.3989173228346456
40
0.0068897637795276
0
CIRCLE
8
WHITE
10
1.1370078740157481
20
0.2989173228346457
40
0.0068897637795276
0
CIRCLE
8
WHITE
10
1.1370078740157481
20
0.3989173228346456
40
0.0068897637795276
0
CIRCLE
8
WHITE
10
1.237007874015748
20
0.2989173228346457
40
0.0068897637795276
0
CIRCLE
8
WHITE
10
1.237007874015748
20
0.3989173228346456
40
0.0068897637795276
0
CIRCLE
8
WHITE
10
1.3370078740157481
20
0.2989173228346457
40
0.0068897637795276
0
CIRCLE
8
WHITE
10
1.3370078740157481
20
0.3989173228346456
40
0.0068897637795276
0
CIRCLE
8
WHITE
10
0.9116561417322835
20
0.8494582283464567
40
0.004
0
CIRCLE
8
WHITE
10
0.9074803149606299
20
0.7756852755905511
40
0.004
0
CIRCLE
8
WHITE
10
0.8726817716535433
20
0.8104838582677165
40
0.004
0
CIRCLE
8
WHITE
10
0.8378831889763779
20
0.8452824015748032
40
0.004
0
CIRCLE
8
WHITE
10
0.8337074015748032
20
0.7715094881889764
40
0.004
  0
ENDSEC
  0
EOF
