  0
SECTION
  2
HEADER
  9
$ANGBASE
  50
0.0
  9
$ANGDIR
  70
1
  9
$MEASUREMENT
  70
0
  0
ENDSEC
  0
SECTION
  2
TABLES
  0
TABLE
  2
LTYPE
  70
4
  0
LTYPE
  5
40F
  2
CONTINUOUS
  70
0
  3
Solid line
  72
65
  73
0
  40
0.0
  0
LTYPE
  5
410
  2
DASHDOT
 70
0
  3
Dash Dot ____ _ ____ _
 72
65
 73
4
 40
2.0
 49
1.25
 49
-0.25
 49
0.25
 49
-0.25
  0
LTYPE
  5
411
  2
DASHED
 70
0
  3
Dashed __ __ __ __ __
 72
65
 73
2
 40
0.75
 49
0.5
 49
-0.25
  0
LTYPE
  5
43B
  2
DOTTED
 70
0
  3
Dotted .  .  .  .
 72
65
 73
2
 40
0.2
 49
0.0
 49
-0.2
  0
ENDTAB
  0
TABLE
  2
STYLE
  70
4
  0
STYLE
  2
KICAD
  70
0
  40
0
  41
1
  42
1
  50
0
  71
0
  3
isocp.shx
  0
STYLE
  2
KICADB
  70
0
  40
0
  41
1
  42
1
  50
0
  71
0
  3
isocp.shx
  0
STYLE
  2
KICADI
  70
0
  40
0
  41
1
  42
1
  50
15
  71
0
  3
isocp.shx
  0
STYLE
  2
KICADBI
  70
0
  40
0
  41
1
  42
1
  50
15
  71
0
  3
isocp.shx
  0
ENDTAB
  0
TABLE
  2
LAYER
  70
1
  0
LAYER
  2
BLACK
  70
0
  62
7
  6
CONTINUOUS
  0
ENDTAB
  0
ENDSEC
  0
SECTION
  2
ENTITIES
0
LINE
8
BLACK
6
CONTINUOUS
10
1.017007874015748
20
0.2689173228346456
11
0.9570078740157481
21
0.2689173228346456
0
LINE
8
BLACK
6
CONTINUOUS
10
0.9570078740157481
20
0.2689173228346456
11
0.9570078740157481
21
0.3289173228346456
0
LINE
8
BLACK
6
CONTINUOUS
10
0.9570078740157481
20
0.3289173228346456
11
1.017007874015748
21
0.3289173228346456
0
LINE
8
BLACK
6
CONTINUOUS
10
1.017007874015748
20
0.3289173228346456
11
1.017007874015748
21
0.2689173228346456
0
LINE
8
BLACK
6
CONTINUOUS
10
1.1170078740157481
20
0.2689173228346456
11
1.057007874015748
21
0.2689173228346456
0
LINE
8
BLACK
6
CONTINUOUS
10
1.057007874015748
20
0.2689173228346456
11
1.057007874015748
21
0.3289173228346456
0
LINE
8
BLACK
6
CONTINUOUS
10
1.057007874015748
20
0.3289173228346456
11
1.1170078740157481
21
0.3289173228346456
0
LINE
8
BLACK
6
CONTINUOUS
10
1.1170078740157481
20
0.3289173228346456
11
1.1170078740157481
21
0.2689173228346456
0
LINE
8
BLACK
6
CONTINUOUS
10
1.2170078740157479
20
0.2689173228346456
11
1.1570078740157479
21
0.2689173228346456
0
LINE
8
BLACK
6
CONTINUOUS
10
1.1570078740157479
20
0.2689173228346456
11
1.1570078740157479
21
0.3289173228346456
0
LINE
8
BLACK
6
CONTINUOUS
10
1.1570078740157479
20
0.3289173228346456
11
1.2170078740157479
21
0.3289173228346456
0
LINE
8
BLACK
6
CONTINUOUS
10
1.2170078740157479
20
0.3289173228346456
11
1.2170078740157479
21
0.2689173228346456
0
LINE
8
BLACK
6
CONTINUOUS
10
1.317007874015748
20
0.2689173228346456
11
1.257007874015748
21
0.2689173228346456
0
LINE
8
BLACK
6
CONTINUOUS
10
1.257007874015748
20
0.2689173228346456
11
1.257007874015748
21
0.3289173228346456
0
LINE
8
BLACK
6
CONTINUOUS
10
1.257007874015748
20
0.3289173228346456
11
1.317007874015748
21
0.3289173228346456
0
LINE
8
BLACK
6
CONTINUOUS
10
1.317007874015748
20
0.3289173228346456
11
1.317007874015748
21
0.2689173228346456
0
LINE
8
BLACK
6
CONTINUOUS
10
0.9391951574803149
20
0.4021908267716535
11
0.9402813779527559
21
0.4011046062992126
0
LINE
8
BLACK
6
CONTINUOUS
10
0.9402813779527559
20
0.4011046062992126
11
0.9408692519685039
21
0.3996853937007874
0
LINE
8
BLACK
6
CONTINUOUS
10
0.9408692519685039
20
0.3996853937007874
11
0.9409448818897638
21
0.3989173228346456
0
LINE
8
BLACK
6
CONTINUOUS
10
0.9409448818897638
20
0.3989173228346456
11
0.9409448818897638
21
0.2989173228346457
0
LINE
8
BLACK
6
CONTINUOUS
10
0.9409448818897638
20
0.2989173228346457
11
0.9408692519685039
21
0.2981492519685039
0
LINE
8
BLACK
6
CONTINUOUS
10
0.9408692519685039
20
0.2981492519685039
11
0.9402813779527559
21
0.2967300393700787
0
LINE
8
BLACK
6
CONTINUOUS
10
0.9402813779527559
20
0.2967300393700787
11
0.9391951574803149
21
0.2956438188976378
0
LINE
8
BLACK
6
CONTINUOUS
10
0.9391951574803149
20
0.2956438188976378
11
0.9377759448818898
21
0.2950559448818897
0
LINE
8
BLACK
6
CONTINUOUS
10
0.9377759448818898
20
0.2950559448818897
11
0.9362398031496063
21
0.2950559448818897
0
LINE
8
BLACK
6
CONTINUOUS
10
0.9362398031496063
20
0.2950559448818897
11
0.9348205905511811
21
0.2956438188976378
0
LINE
8
BLACK
6
CONTINUOUS
10
0.9348205905511811
20
0.2956438188976378
11
0.9337343700787402
21
0.2967300393700787
0
LINE
8
BLACK
6
CONTINUOUS
10
0.9337343700787402
20
0.2967300393700787
11
0.9331464960629922
21
0.2981492519685039
0
LINE
8
BLACK
6
CONTINUOUS
10
0.9331464960629922
20
0.2981492519685039
11
0.9330708661417323
21
0.2989173228346457
0
LINE
8
BLACK
6
CONTINUOUS
10
0.9330708661417323
20
0.2989173228346457
11
0.9330708661417323
21
0.3989173228346456
0
LINE
8
BLACK
6
CONTINUOUS
10
0.9330708661417323
20
0.3989173228346456
11
0.9331464960629922
21
0.3996853937007874
0
LINE
8
BLACK
6
CONTINUOUS
10
0.9331464960629922
20
0.3996853937007874
11
0.9337343700787402
21
0.4011046062992126
0
LINE
8
BLACK
6
CONTINUOUS
10
0.9337343700787402
20
0.4011046062992126
11
0.9348205905511811
21
0.4021908267716535
0
LINE
8
BLACK
6
CONTINUOUS
10
0.9348205905511811
20
0.4021908267716535
11
0.9362398031496063
21
0.4027787007874016
0
LINE
8
BLACK
6
CONTINUOUS
10
0.9362398031496063
20
0.4027787007874016
11
0.9377759448818898
21
0.4027787007874016
0
LINE
8
BLACK
6
CONTINUOUS
10
0.9377759448818898
20
0.4027787007874016
11
0.9391951574803149
21
0.4021908267716535
0
LINE
8
BLACK
6
CONTINUOUS
10
1.0391951574803149
20
0.4021908267716535
11
1.040281377952756
21
0.4011046062992126
0
LINE
8
BLACK
6
CONTINUOUS
10
1.040281377952756
20
0.4011046062992126
11
1.0408692519685039
21
0.3996853937007874
0
LINE
8
BLACK
6
CONTINUOUS
10
1.0408692519685039
20
0.3996853937007874
11
1.0409448818897638
21
0.3989173228346456
0
LINE
8
BLACK
6
CONTINUOUS
10
1.0409448818897638
20
0.3989173228346456
11
1.0409448818897638
21
0.2989173228346457
0
LINE
8
BLACK
6
CONTINUOUS
10
1.0409448818897638
20
0.2989173228346457
11
1.0408692519685039
21
0.2981492519685039
0
LINE
8
BLACK
6
CONTINUOUS
10
1.0408692519685039
20
0.2981492519685039
11
1.040281377952756
21
0.2967300393700787
0
LINE
8
BLACK
6
CONTINUOUS
10
1.040281377952756
20
0.2967300393700787
11
1.0391951574803149
21
0.2956438188976378
0
LINE
8
BLACK
6
CONTINUOUS
10
1.0391951574803149
20
0.2956438188976378
11
1.0377759448818897
21
0.2950559448818897
0
LINE
8
BLACK
6
CONTINUOUS
10
1.0377759448818897
20
0.2950559448818897
11
1.0362398031496063
21
0.2950559448818897
0
LINE
8
BLACK
6
CONTINUOUS
10
1.0362398031496063
20
0.2950559448818897
11
1.0348205905511811
21
0.2956438188976378
0
LINE
8
BLACK
6
CONTINUOUS
10
1.0348205905511811
20
0.2956438188976378
11
1.03373437007874
21
0.2967300393700787
0
LINE
8
BLACK
6
CONTINUOUS
10
1.03373437007874
20
0.2967300393700787
11
1.0331464960629921
21
0.2981492519685039
0
LINE
8
BLACK
6
CONTINUOUS
10
1.0331464960629921
20
0.2981492519685039
11
1.0330708661417323
21
0.2989173228346457
0
LINE
8
BLACK
6
CONTINUOUS
10
1.0330708661417323
20
0.2989173228346457
11
1.0330708661417323
21
0.3989173228346456
0
LINE
8
BLACK
6
CONTINUOUS
10
1.0330708661417323
20
0.3989173228346456
11
1.0331464960629921
21
0.3996853937007874
0
LINE
8
BLACK
6
CONTINUOUS
10
1.0331464960629921
20
0.3996853937007874
11
1.03373437007874
21
0.4011046062992126
0
LINE
8
BLACK
6
CONTINUOUS
10
1.03373437007874
20
0.4011046062992126
11
1.0348205905511811
21
0.4021908267716535
0
LINE
8
BLACK
6
CONTINUOUS
10
1.0348205905511811
20
0.4021908267716535
11
1.0362398031496063
21
0.4027787007874016
0
LINE
8
BLACK
6
CONTINUOUS
10
1.0362398031496063
20
0.4027787007874016
11
1.0377759448818897
21
0.4027787007874016
0
LINE
8
BLACK
6
CONTINUOUS
10
1.0377759448818897
20
0.4027787007874016
11
1.0391951574803149
21
0.4021908267716535
0
LINE
8
BLACK
6
CONTINUOUS
10
1.017007874015748
20
0.3689173228346457
11
0.9570078740157481
21
0.3689173228346457
0
LINE
8
BLACK
6
CONTINUOUS
10
0.9570078740157481
20
0.3689173228346457
11
0.9570078740157481
21
0.4289173228346457
0
LINE
8
BLACK
6
CONTINUOUS
10
0.9570078740157481
20
0.4289173228346457
11
1.017007874015748
21
0.4289173228346457
0
LINE
8
BLACK
6
CONTINUOUS
10
1.017007874015748
20
0.4289173228346457
11
1.017007874015748
21
0.3689173228346457
0
LINE
8
BLACK
6
CONTINUOUS
10
1.1170078740157481
20
0.3689173228346457
11
1.057007874015748
21
0.3689173228346457
0
LINE
8
BLACK
6
CONTINUOUS
10
1.057007874015748
20
0.3689173228346457
11
1.057007874015748
21
0.4289173228346457
0
LINE
8
BLACK
6
CONTINUOUS
10
1.057007874015748
20
0.4289173228346457
11
1.1170078740157481
21
0.4289173228346457
0
LINE
8
BLACK
6
CONTINUOUS
10
1.1170078740157481
20
0.4289173228346457
11
1.1170078740157481
21
0.3689173228346457
0
LINE
8
BLACK
6
CONTINUOUS
10
1.2170078740157479
20
0.3689173228346457
11
1.1570078740157479
21
0.3689173228346457
0
LINE
8
BLACK
6
CONTINUOUS
10
1.1570078740157479
20
0.3689173228346457
11
1.1570078740157479
21
0.4289173228346457
0
LINE
8
BLACK
6
CONTINUOUS
10
1.1570078740157479
20
0.4289173228346457
11
1.2170078740157479
21
0.4289173228346457
0
LINE
8
BLACK
6
CONTINUOUS
10
1.2170078740157479
20
0.4289173228346457
11
1.2170078740157479
21
0.3689173228346457
0
LINE
8
BLACK
6
CONTINUOUS
10
1.317007874015748
20
0.3689173228346457
11
1.257007874015748
21
0.3689173228346457
0
LINE
8
BLACK
6
CONTINUOUS
10
1.257007874015748
20
0.3689173228346457
11
1.257007874015748
21
0.4289173228346457
0
LINE
8
BLACK
6
CONTINUOUS
10
1.257007874015748
20
0.4289173228346457
11
1.317007874015748
21
0.4289173228346457
0
LINE
8
BLACK
6
CONTINUOUS
10
1.317007874015748
20
0.4289173228346457
11
1.317007874015748
21
0.3689173228346457
0
LINE
8
BLACK
6
CONTINUOUS
10
1.6256616929133858
20
0.8746244881889763
11
1.6330060629921259
21
0.8722381496062992
0
LINE
8
BLACK
6
CONTINUOUS
10
1.6330060629921259
20
0.8722381496062992
11
1.6398867322834645
21
0.8687322834645669
0
LINE
8
BLACK
6
CONTINUOUS
10
1.6398867322834645
20
0.8687322834645669
11
1.6461342519685038
21
0.864193188976378
0
LINE
8
BLACK
6
CONTINUOUS
10
1.6461342519685038
20
0.864193188976378
11
1.6515947637795276
21
0.8587326771653543
0
LINE
8
BLACK
6
CONTINUOUS
10
1.6515947637795276
20
0.8587326771653543
11
1.6561338582677165
21
0.8524851574803149
0
LINE
8
BLACK
6
CONTINUOUS
10
1.6561338582677165
20
0.8524851574803149
11
1.6596397244094487
21
0.8456044881889764
0
LINE
8
BLACK
6
CONTINUOUS
10
1.6596397244094487
20
0.8456044881889764
11
1.662026062992126
21
0.8382601181102362
0
LINE
8
BLACK
6
CONTINUOUS
10
1.662026062992126
20
0.8382601181102362
11
1.6632341338582677
21
0.8306328346456693
0
LINE
8
BLACK
6
CONTINUOUS
10
1.6632341338582677
20
0.8306328346456693
11
1.6632341338582677
21
0.8229104724409448
0
LINE
8
BLACK
6
CONTINUOUS
10
1.6632341338582677
20
0.8229104724409448
11
1.662026062992126
21
0.815283188976378
0
LINE
8
BLACK
6
CONTINUOUS
10
1.662026062992126
20
0.815283188976378
11
1.6596397244094487
21
0.8079388188976377
0
LINE
8
BLACK
6
CONTINUOUS
10
1.6596397244094487
20
0.8079388188976377
11
1.6561338582677165
21
0.8010581496062992
0
LINE
8
BLACK
6
CONTINUOUS
10
1.6561338582677165
20
0.8010581496062992
11
1.6515947637795276
21
0.7948106299212598
0
LINE
8
BLACK
6
CONTINUOUS
10
1.6515947637795276
20
0.7948106299212598
11
1.6461342519685038
21
0.7893501181102363
0
LINE
8
BLACK
6
CONTINUOUS
10
1.6461342519685038
20
0.7893501181102363
11
1.6398867322834645
21
0.7848110236220472
0
LINE
8
BLACK
6
CONTINUOUS
10
1.6398867322834645
20
0.7848110236220472
11
1.6330060629921259
21
0.7813051574803149
0
LINE
8
BLACK
6
CONTINUOUS
10
1.6330060629921259
20
0.7813051574803149
11
1.6256616929133858
21
0.7789188188976378
0
LINE
8
BLACK
6
CONTINUOUS
10
1.6256616929133858
20
0.7789188188976378
11
1.6180344094488188
21
0.7777107480314961
0
LINE
8
BLACK
6
CONTINUOUS
10
1.6180344094488188
20
0.7777107480314961
11
1.6103120472440944
21
0.7777107480314961
0
LINE
8
BLACK
6
CONTINUOUS
10
1.6103120472440944
20
0.7777107480314961
11
1.6026847637795276
21
0.7789188188976378
0
LINE
8
BLACK
6
CONTINUOUS
10
1.6026847637795276
20
0.7789188188976378
11
1.5953403937007873
21
0.7813051574803149
0
LINE
8
BLACK
6
CONTINUOUS
10
1.5953403937007873
20
0.7813051574803149
11
1.5884597244094487
21
0.7848110236220472
0
LINE
8
BLACK
6
CONTINUOUS
10
1.5884597244094487
20
0.7848110236220472
11
1.5822122047244094
21
0.7893501181102363
0
LINE
8
BLACK
6
CONTINUOUS
10
1.5822122047244094
20
0.7893501181102363
11
1.5767516929133858
21
0.7948106299212598
0
LINE
8
BLACK
6
CONTINUOUS
10
1.5767516929133858
20
0.7948106299212598
11
1.5722125984251969
21
0.8010581496062992
0
LINE
8
BLACK
6
CONTINUOUS
10
1.5722125984251969
20
0.8010581496062992
11
1.5687067322834645
21
0.8079388188976377
0
LINE
8
BLACK
6
CONTINUOUS
10
1.5687067322834645
20
0.8079388188976377
11
1.5663203937007875
21
0.815283188976378
0
LINE
8
BLACK
6
CONTINUOUS
10
1.5663203937007875
20
0.815283188976378
11
1.5651123228346457
21
0.8229104724409448
0
LINE
8
BLACK
6
CONTINUOUS
10
1.5651123228346457
20
0.8229104724409448
11
1.5651123228346457
21
0.8306328346456693
0
LINE
8
BLACK
6
CONTINUOUS
10
1.5651123228346457
20
0.8306328346456693
11
1.5663203937007875
21
0.8382601181102362
0
LINE
8
BLACK
6
CONTINUOUS
10
1.5663203937007875
20
0.8382601181102362
11
1.5687067322834645
21
0.8456044881889764
0
LINE
8
BLACK
6
CONTINUOUS
10
1.5687067322834645
20
0.8456044881889764
11
1.5722125984251969
21
0.8524851574803149
0
LINE
8
BLACK
6
CONTINUOUS
10
1.5722125984251969
20
0.8524851574803149
11
1.5767516929133858
21
0.8587326771653543
0
LINE
8
BLACK
6
CONTINUOUS
10
1.5767516929133858
20
0.8587326771653543
11
1.5822122047244094
21
0.864193188976378
0
LINE
8
BLACK
6
CONTINUOUS
10
1.5822122047244094
20
0.864193188976378
11
1.5884597244094487
21
0.8687322834645669
0
LINE
8
BLACK
6
CONTINUOUS
10
1.5884597244094487
20
0.8687322834645669
11
1.5953403937007873
21
0.8722381496062992
0
LINE
8
BLACK
6
CONTINUOUS
10
1.5953403937007873
20
0.8722381496062992
11
1.6026847637795276
21
0.8746244881889763
0
LINE
8
BLACK
6
CONTINUOUS
10
1.6026847637795276
20
0.8746244881889763
11
1.6103120472440944
21
0.8758325590551181
0
LINE
8
BLACK
6
CONTINUOUS
10
1.6103120472440944
20
0.8758325590551181
11
1.6180344094488188
21
0.8758325590551181
0
LINE
8
BLACK
6
CONTINUOUS
10
1.6180344094488188
20
0.8758325590551181
11
1.6256616929133858
21
0.8746244881889763
0
LINE
8
BLACK
6
CONTINUOUS
10
0.8391755905511811
20
0.7796932283464567
11
0.8418911417322834
21
0.7769776771653543
0
LINE
8
BLACK
6
CONTINUOUS
10
0.8418911417322834
20
0.7769776771653543
11
0.8433607480314961
21
0.7734296456692913
0
LINE
8
BLACK
6
CONTINUOUS
10
0.8433607480314961
20
0.7734296456692913
11
0.8433607480314961
21
0.7695893307086614
0
LINE
8
BLACK
6
CONTINUOUS
10
0.8433607480314961
20
0.7695893307086614
11
0.8418911417322834
21
0.7660412992125984
0
LINE
8
BLACK
6
CONTINUOUS
10
0.8418911417322834
20
0.7660412992125984
11
0.8391755905511811
21
0.763325748031496
0
LINE
8
BLACK
6
CONTINUOUS
10
0.8391755905511811
20
0.763325748031496
11
0.8356275590551181
21
0.7618561417322834
0
LINE
8
BLACK
6
CONTINUOUS
10
0.8356275590551181
20
0.7618561417322834
11
0.8317872440944881
21
0.7618561417322834
0
LINE
8
BLACK
6
CONTINUOUS
10
0.8317872440944881
20
0.7618561417322834
11
0.8282392125984251
21
0.763325748031496
0
LINE
8
BLACK
6
CONTINUOUS
10
0.8282392125984251
20
0.763325748031496
11
0.8255236614173228
21
0.7660412992125984
0
LINE
8
BLACK
6
CONTINUOUS
10
0.8255236614173228
20
0.7660412992125984
11
0.8240540551181103
21
0.7695893307086614
0
LINE
8
BLACK
6
CONTINUOUS
10
0.8240540551181103
20
0.7695893307086614
11
0.8240540551181103
21
0.7734296456692913
0
LINE
8
BLACK
6
CONTINUOUS
10
0.8240540551181103
20
0.7734296456692913
11
0.8255236614173228
21
0.7769776771653543
0
LINE
8
BLACK
6
CONTINUOUS
10
0.8255236614173228
20
0.7769776771653543
11
0.8282392125984251
21
0.7796932283464567
0
LINE
8
BLACK
6
CONTINUOUS
10
0.8282392125984251
20
0.7796932283464567
11
0.8317872440944881
21
0.7811628346456693
0
LINE
8
BLACK
6
CONTINUOUS
10
0.8317872440944881
20
0.7811628346456693
11
0.8356275590551181
21
0.7811628346456693
0
LINE
8
BLACK
6
CONTINUOUS
10
0.8356275590551181
20
0.7811628346456693
11
0.8391755905511811
21
0.7796932283464567
0
LINE
8
BLACK
6
CONTINUOUS
10
0.9129485039370079
20
0.7838690157480315
11
0.9156640551181102
21
0.7811534645669291
0
LINE
8
BLACK
6
CONTINUOUS
10
0.9156640551181102
20
0.7811534645669291
11
0.9171336614173228
21
0.7776054330708662
0
LINE
8
BLACK
6
CONTINUOUS
10
0.9171336614173228
20
0.7776054330708662
11
0.9171336614173228
21
0.7737651181102362
0
LINE
8
BLACK
6
CONTINUOUS
10
0.9171336614173228
20
0.7737651181102362
11
0.9156640551181102
21
0.7702170866141732
0
LINE
8
BLACK
6
CONTINUOUS
10
0.9156640551181102
20
0.7702170866141732
11
0.9129485039370079
21
0.7675015354330709
0
LINE
8
BLACK
6
CONTINUOUS
10
0.9129485039370079
20
0.7675015354330709
11
0.9094004724409449
21
0.7660319291338582
0
LINE
8
BLACK
6
CONTINUOUS
10
0.9094004724409449
20
0.7660319291338582
11
0.9055601574803149
21
0.7660319291338582
0
LINE
8
BLACK
6
CONTINUOUS
10
0.9055601574803149
20
0.7660319291338582
11
0.902012125984252
21
0.7675015354330709
0
LINE
8
BLACK
6
CONTINUOUS
10
0.902012125984252
20
0.7675015354330709
11
0.8992965748031496
21
0.7702170866141732
0
LINE
8
BLACK
6
CONTINUOUS
10
0.8992965748031496
20
0.7702170866141732
11
0.897826968503937
21
0.7737651181102362
0
LINE
8
BLACK
6
CONTINUOUS
10
0.897826968503937
20
0.7737651181102362
11
0.897826968503937
21
0.7776054330708662
0
LINE
8
BLACK
6
CONTINUOUS
10
0.897826968503937
20
0.7776054330708662
11
0.8992965748031496
21
0.7811534645669291
0
LINE
8
BLACK
6
CONTINUOUS
10
0.8992965748031496
20
0.7811534645669291
11
0.902012125984252
21
0.7838690157480315
0
LINE
8
BLACK
6
CONTINUOUS
10
0.902012125984252
20
0.7838690157480315
11
0.9055601574803149
21
0.785338622047244
0
LINE
8
BLACK
6
CONTINUOUS
10
0.9055601574803149
20
0.785338622047244
11
0.9094004724409449
21
0.785338622047244
0
LINE
8
BLACK
6
CONTINUOUS
10
0.9094004724409449
20
0.785338622047244
11
0.9129485039370079
21
0.7838690157480315
0
LINE
8
BLACK
6
CONTINUOUS
10
0.8781499606299212
20
0.8186675984251969
11
0.8808655118110236
21
0.8159520472440944
0
LINE
8
BLACK
6
CONTINUOUS
10
0.8808655118110236
20
0.8159520472440944
11
0.8823351181102362
21
0.8124040157480314
0
LINE
8
BLACK
6
CONTINUOUS
10
0.8823351181102362
20
0.8124040157480314
11
0.8823351181102362
21
0.8085637007874016
0
LINE
8
BLACK
6
CONTINUOUS
10
0.8823351181102362
20
0.8085637007874016
11
0.8808655118110236
21
0.8050156692913386
0
LINE
8
BLACK
6
CONTINUOUS
10
0.8808655118110236
20
0.8050156692913386
11
0.8781499606299212
21
0.8023001181102362
0
LINE
8
BLACK
6
CONTINUOUS
10
0.8781499606299212
20
0.8023001181102362
11
0.8746019291338583
21
0.8008305118110236
0
LINE
8
BLACK
6
CONTINUOUS
10
0.8746019291338583
20
0.8008305118110236
11
0.8707616141732283
21
0.8008305118110236
0
LINE
8
BLACK
6
CONTINUOUS
10
0.8707616141732283
20
0.8008305118110236
11
0.8672135826771653
21
0.8023001181102362
0
LINE
8
BLACK
6
CONTINUOUS
10
0.8672135826771653
20
0.8023001181102362
11
0.864498031496063
21
0.8050156692913386
0
LINE
8
BLACK
6
CONTINUOUS
10
0.864498031496063
20
0.8050156692913386
11
0.8630284251968504
21
0.8085637007874016
0
LINE
8
BLACK
6
CONTINUOUS
10
0.8630284251968504
20
0.8085637007874016
11
0.8630284251968504
21
0.8124040157480314
0
LINE
8
BLACK
6
CONTINUOUS
10
0.8630284251968504
20
0.8124040157480314
11
0.864498031496063
21
0.8159520472440944
0
LINE
8
BLACK
6
CONTINUOUS
10
0.864498031496063
20
0.8159520472440944
11
0.8672135826771653
21
0.8186675984251969
0
LINE
8
BLACK
6
CONTINUOUS
10
0.8672135826771653
20
0.8186675984251969
11
0.8707616141732283
21
0.8201372047244094
0
LINE
8
BLACK
6
CONTINUOUS
10
0.8707616141732283
20
0.8201372047244094
11
0.8746019291338583
21
0.8201372047244094
0
LINE
8
BLACK
6
CONTINUOUS
10
0.8746019291338583
20
0.8201372047244094
11
0.8781499606299212
21
0.8186675984251969
0
LINE
8
BLACK
6
CONTINUOUS
10
0.8433513779527558
20
0.8534661417322834
11
0.8460669291338583
21
0.8507505905511811
0
LINE
8
BLACK
6
CONTINUOUS
10
0.8460669291338583
20
0.8507505905511811
11
0.8475365354330708
21
0.8472025590551181
0
LINE
8
BLACK
6
CONTINUOUS
10
0.8475365354330708
20
0.8472025590551181
11
0.8475365354330708
21
0.8433622440944881
0
LINE
8
BLACK
6
CONTINUOUS
10
0.8475365354330708
20
0.8433622440944881
11
0.8460669291338583
21
0.8398142125984251
0
LINE
8
BLACK
6
CONTINUOUS
10
0.8460669291338583
20
0.8398142125984251
11
0.8433513779527558
21
0.8370986614173228
0
LINE
8
BLACK
6
CONTINUOUS
10
0.8433513779527558
20
0.8370986614173228
11
0.8398033464566929
21
0.8356290551181103
0
LINE
8
BLACK
6
CONTINUOUS
10
0.8398033464566929
20
0.8356290551181103
11
0.835963031496063
21
0.8356290551181103
0
LINE
8
BLACK
6
CONTINUOUS
10
0.835963031496063
20
0.8356290551181103
11
0.832415
21
0.8370986614173228
0
LINE
8
BLACK
6
CONTINUOUS
10
0.832415
20
0.8370986614173228
11
0.8296994488188976
21
0.8398142125984251
0
LINE
8
BLACK
6
CONTINUOUS
10
0.8296994488188976
20
0.8398142125984251
11
0.828229842519685
21
0.8433622440944881
0
LINE
8
BLACK
6
CONTINUOUS
10
0.828229842519685
20
0.8433622440944881
11
0.828229842519685
21
0.8472025590551181
0
LINE
8
BLACK
6
CONTINUOUS
10
0.828229842519685
20
0.8472025590551181
11
0.8296994488188976
21
0.8507505905511811
0
LINE
8
BLACK
6
CONTINUOUS
10
0.8296994488188976
20
0.8507505905511811
11
0.832415
21
0.8534661417322834
0
LINE
8
BLACK
6
CONTINUOUS
10
0.832415
20
0.8534661417322834
11
0.835963031496063
21
0.8549357480314961
0
LINE
8
BLACK
6
CONTINUOUS
10
0.835963031496063
20
0.8549357480314961
11
0.8398033464566929
21
0.8549357480314961
0
LINE
8
BLACK
6
CONTINUOUS
10
0.8398033464566929
20
0.8549357480314961
11
0.8433513779527558
21
0.8534661417322834
0
LINE
8
BLACK
6
CONTINUOUS
10
0.9171243307086614
20
0.857641968503937
11
0.9198398818897637
21
0.8549264173228346
0
LINE
8
BLACK
6
CONTINUOUS
10
0.9198398818897637
20
0.8549264173228346
11
0.9213094881889764
21
0.8513783858267716
0
LINE
8
BLACK
6
CONTINUOUS
10
0.9213094881889764
20
0.8513783858267716
11
0.9213094881889764
21
0.8475380708661417
0
LINE
8
BLACK
6
CONTINUOUS
10
0.9213094881889764
20
0.8475380708661417
11
0.9198398818897637
21
0.8439900393700788
0
LINE
8
BLACK
6
CONTINUOUS
10
0.9198398818897637
20
0.8439900393700788
11
0.9171243307086614
21
0.8412744881889763
0
LINE
8
BLACK
6
CONTINUOUS
10
0.9171243307086614
20
0.8412744881889763
11
0.9135762992125984
21
0.8398048818897638
0
LINE
8
BLACK
6
CONTINUOUS
10
0.9135762992125984
20
0.8398048818897638
11
0.9097359842519684
21
0.8398048818897638
0
LINE
8
BLACK
6
CONTINUOUS
10
0.9097359842519684
20
0.8398048818897638
11
0.9061879527559055
21
0.8412744881889763
0
LINE
8
BLACK
6
CONTINUOUS
10
0.9061879527559055
20
0.8412744881889763
11
0.9034724015748031
21
0.8439900393700788
0
LINE
8
BLACK
6
CONTINUOUS
10
0.9034724015748031
20
0.8439900393700788
11
0.9020027952755906
21
0.8475380708661417
0
LINE
8
BLACK
6
CONTINUOUS
10
0.9020027952755906
20
0.8475380708661417
11
0.9020027952755906
21
0.8513783858267716
0
LINE
8
BLACK
6
CONTINUOUS
10
0.9020027952755906
20
0.8513783858267716
11
0.9034724015748031
21
0.8549264173228346
0
LINE
8
BLACK
6
CONTINUOUS
10
0.9034724015748031
20
0.8549264173228346
11
0.9061879527559055
21
0.857641968503937
0
LINE
8
BLACK
6
CONTINUOUS
10
0.9061879527559055
20
0.857641968503937
11
0.9097359842519684
21
0.8591115748031496
0
LINE
8
BLACK
6
CONTINUOUS
10
0.9097359842519684
20
0.8591115748031496
11
0.9135762992125984
21
0.8591115748031496
0
LINE
8
BLACK
6
CONTINUOUS
10
0.9135762992125984
20
0.8591115748031496
11
0.9171243307086614
21
0.857641968503937
0
LINE
8
BLACK
6
CONTINUOUS
10
0.3343307086614173
20
0.7770866141732283
11
0.2743307086614173
21
0.7770866141732283
0
LINE
8
BLACK
6
CONTINUOUS
10
0.2743307086614173
20
0.7770866141732283
11
0.2743307086614173
21
0.8370866141732284
0
LINE
8
BLACK
6
CONTINUOUS
10
0.2743307086614173
20
0.8370866141732284
11
0.3343307086614173
21
0.8370866141732284
0
LINE
8
BLACK
6
CONTINUOUS
10
0.3343307086614173
20
0.8370866141732284
11
0.3343307086614173
21
0.7770866141732283
0
LINE
8
BLACK
6
CONTINUOUS
10
0.4343307086614173
20
0.7770866141732283
11
0.3743307086614173
21
0.7770866141732283
0
LINE
8
BLACK
6
CONTINUOUS
10
0.3743307086614173
20
0.7770866141732283
11
0.3743307086614173
21
0.8370866141732284
0
LINE
8
BLACK
6
CONTINUOUS
10
0.3743307086614173
20
0.8370866141732284
11
0.4343307086614173
21
0.8370866141732284
0
LINE
8
BLACK
6
CONTINUOUS
10
0.4343307086614173
20
0.8370866141732284
11
0.4343307086614173
21
0.7770866141732283
0
LINE
8
BLACK
6
CONTINUOUS
10
0.8219598818897638
20
1.3098912598425196
11
0.8244581889763779
21
1.3073929527559054
0
LINE
8
BLACK
6
CONTINUOUS
10
0.8244581889763779
20
1.3073929527559054
11
0.8258102755905512
21
1.3041287795275591
0
LINE
8
BLACK
6
CONTINUOUS
10
0.8258102755905512
20
1.3041287795275591
11
0.8258102755905512
21
1.3005956299212598
0
LINE
8
BLACK
6
CONTINUOUS
10
0.8258102755905512
20
1.3005956299212598
11
0.8244581889763779
21
1.2973314566929133
0
LINE
8
BLACK
6
CONTINUOUS
10
0.8244581889763779
20
1.2973314566929133
11
0.8219598818897638
21
1.2948331496062992
0
LINE
8
BLACK
6
CONTINUOUS
10
0.8219598818897638
20
1.2948331496062992
11
0.8186957086614173
21
1.2934810629921261
0
LINE
8
BLACK
6
CONTINUOUS
10
0.8186957086614173
20
1.2934810629921261
11
0.8151625590551181
21
1.2934810629921261
0
LINE
8
BLACK
6
CONTINUOUS
10
0.8151625590551181
20
1.2934810629921261
11
0.8118983858267717
21
1.2948331496062992
0
LINE
8
BLACK
6
CONTINUOUS
10
0.8118983858267717
20
1.2948331496062992
11
0.8094000787401575
21
1.2973314566929133
0
LINE
8
BLACK
6
CONTINUOUS
10
0.8094000787401575
20
1.2973314566929133
11
0.8080479921259842
21
1.3005956299212598
0
LINE
8
BLACK
6
CONTINUOUS
10
0.8080479921259842
20
1.3005956299212598
11
0.8080479921259842
21
1.3041287795275591
0
LINE
8
BLACK
6
CONTINUOUS
10
0.8080479921259842
20
1.3041287795275591
11
0.8094000787401575
21
1.3073929527559054
0
LINE
8
BLACK
6
CONTINUOUS
10
0.8094000787401575
20
1.3073929527559054
11
0.8118983858267717
21
1.3098912598425196
0
LINE
8
BLACK
6
CONTINUOUS
10
0.8118983858267717
20
1.3098912598425196
11
0.8151625590551181
21
1.3112433464566928
0
LINE
8
BLACK
6
CONTINUOUS
10
0.8151625590551181
20
1.3112433464566928
11
0.8186957086614173
21
1.3112433464566928
0
LINE
8
BLACK
6
CONTINUOUS
10
0.8186957086614173
20
1.3112433464566928
11
0.8219598818897638
21
1.3098912598425196
0
LINE
8
BLACK
6
CONTINUOUS
10
1.0800000000000001
20
1.2633070866141731
11
1.0389763779527559
21
1.2633070866141731
0
LINE
8
BLACK
6
CONTINUOUS
10
1.0389763779527559
20
1.2633070866141731
11
1.0389763779527559
21
1.2233070866141733
0
LINE
8
BLACK
6
CONTINUOUS
10
1.0389763779527559
20
1.2233070866141733
11
1.0800000000000001
21
1.2233070866141733
0
LINE
8
BLACK
6
CONTINUOUS
10
1.0800000000000001
20
1.2233070866141733
11
1.0800000000000001
21
1.1633070866141733
0
LINE
8
BLACK
6
CONTINUOUS
10
1.0800000000000001
20
1.1633070866141733
11
1.02
21
1.1633070866141733
0
LINE
8
BLACK
6
CONTINUOUS
10
1.02
20
1.1633070866141733
11
1.02
21
1.2233070866141733
0
LINE
8
BLACK
6
CONTINUOUS
10
1.02
20
1.2233070866141733
11
1.0311023622047244
21
1.2233070866141733
0
LINE
8
BLACK
6
CONTINUOUS
10
1.0311023622047244
20
1.2233070866141733
11
1.0311023622047244
21
1.2633070866141731
0
LINE
8
BLACK
6
CONTINUOUS
10
1.0311023622047244
20
1.2633070866141731
11
1.02
21
1.2633070866141731
0
LINE
8
BLACK
6
CONTINUOUS
10
1.02
20
1.2633070866141731
11
1.02
21
1.3233070866141732
0
LINE
8
BLACK
6
CONTINUOUS
10
1.02
20
1.3233070866141732
11
1.0800000000000001
21
1.3233070866141732
0
LINE
8
BLACK
6
CONTINUOUS
10
1.0800000000000001
20
1.3233070866141732
11
1.0800000000000001
21
1.2633070866141731
0
LINE
8
BLACK
6
CONTINUOUS
10
1.1799999999999999
20
1.1633070866141733
11
1.1199999999999999
21
1.1633070866141733
0
LINE
8
BLACK
6
CONTINUOUS
10
1.1199999999999999
20
1.1633070866141733
11
1.1199999999999999
21
1.2233070866141733
0
LINE
8
BLACK
6
CONTINUOUS
10
1.1199999999999999
20
1.2233070866141733
11
1.1799999999999999
21
1.2233070866141733
0
LINE
8
BLACK
6
CONTINUOUS
10
1.1799999999999999
20
1.2233070866141733
11
1.1799999999999999
21
1.1633070866141733
0
LINE
8
BLACK
6
CONTINUOUS
10
1.28
20
1.1633070866141733
11
1.22
21
1.1633070866141733
0
LINE
8
BLACK
6
CONTINUOUS
10
1.22
20
1.1633070866141733
11
1.22
21
1.2233070866141733
0
LINE
8
BLACK
6
CONTINUOUS
10
1.22
20
1.2233070866141733
11
1.28
21
1.2233070866141733
0
LINE
8
BLACK
6
CONTINUOUS
10
1.28
20
1.2233070866141733
11
1.28
21
1.1633070866141733
0
LINE
8
BLACK
6
CONTINUOUS
10
1.3799999999999999
20
1.1633070866141733
11
1.3200000000000001
21
1.1633070866141733
0
LINE
8
BLACK
6
CONTINUOUS
10
1.3200000000000001
20
1.1633070866141733
11
1.3200000000000001
21
1.2233070866141733
0
LINE
8
BLACK
6
CONTINUOUS
10
1.3200000000000001
20
1.2233070866141733
11
1.3799999999999999
21
1.2233070866141733
0
LINE
8
BLACK
6
CONTINUOUS
10
1.3799999999999999
20
1.2233070866141733
11
1.3799999999999999
21
1.1633070866141733
0
LINE
8
BLACK
6
CONTINUOUS
10
1.1799999999999999
20
1.2633070866141731
11
1.1199999999999999
21
1.2633070866141731
0
LINE
8
BLACK
6
CONTINUOUS
10
1.1199999999999999
20
1.2633070866141731
11
1.1199999999999999
21
1.3233070866141732
0
LINE
8
BLACK
6
CONTINUOUS
10
1.1199999999999999
20
1.3233070866141732
11
1.1799999999999999
21
1.3233070866141732
0
LINE
8
BLACK
6
CONTINUOUS
10
1.1799999999999999
20
1.3233070866141732
11
1.1799999999999999
21
1.2633070866141731
0
LINE
8
BLACK
6
CONTINUOUS
10
1.28
20
1.2633070866141731
11
1.22
21
1.2633070866141731
0
LINE
8
BLACK
6
CONTINUOUS
10
1.22
20
1.2633070866141731
11
1.22
21
1.3233070866141732
0
LINE
8
BLACK
6
CONTINUOUS
10
1.22
20
1.3233070866141732
11
1.28
21
1.3233070866141732
0
LINE
8
BLACK
6
CONTINUOUS
10
1.28
20
1.3233070866141732
11
1.28
21
1.2633070866141731
0
LINE
8
BLACK
6
CONTINUOUS
10
1.3799999999999999
20
1.2633070866141731
11
1.3200000000000001
21
1.2633070866141731
0
LINE
8
BLACK
6
CONTINUOUS
10
1.3200000000000001
20
1.2633070866141731
11
1.3200000000000001
21
1.3233070866141732
0
LINE
8
BLACK
6
CONTINUOUS
10
1.3200000000000001
20
1.3233070866141732
11
1.3799999999999999
21
1.3233070866141732
0
LINE
8
BLACK
6
CONTINUOUS
10
1.3799999999999999
20
1.3233070866141732
11
1.3799999999999999
21
1.2633070866141731
0
LINE
8
BLACK
6
CONTINUOUS
10
1.7798275984251968
20
1.3813188188976377
11
1.7816580314960631
21
1.3792063779527559
0
LINE
8
BLACK
6
CONTINUOUS
10
1.7816580314960631
20
1.3792063779527559
11
1.7821062992125984
21
1.3771456692913386
0
LINE
8
BLACK
6
CONTINUOUS
10
1.7821062992125984
20
1.3771456692913386
11
1.7821062992125984
21
0.973014527559055
0
LINE
8
BLACK
6
CONTINUOUS
10
1.7821062992125984
20
0.973014527559055
11
1.7813188188976377
21
0.9703325984251968
0
LINE
8
BLACK
6
CONTINUOUS
10
1.7813188188976377
20
0.9703325984251968
11
1.7792063779527558
21
0.9685021653543306
0
LINE
8
BLACK
6
CONTINUOUS
10
1.7792063779527558
20
0.9685021653543306
11
1.77643968503937
21
0.9681043700787402
0
LINE
8
BLACK
6
CONTINUOUS
10
1.77643968503937
20
0.9681043700787402
11
1.7738971653543307
21
0.9692655511811024
0
LINE
8
BLACK
6
CONTINUOUS
10
1.7738971653543307
20
0.9692655511811024
11
1.773210157480315
21
0.9699946456692913
0
LINE
8
BLACK
6
CONTINUOUS
10
1.773210157480315
20
0.9699946456692913
11
1.7724842519685038
21
0.9709406299212598
0
LINE
8
BLACK
6
CONTINUOUS
10
1.7724842519685038
20
0.9709406299212598
11
1.7580579133858267
21
0.9565143307086614
0
LINE
8
BLACK
6
CONTINUOUS
10
1.7580579133858267
20
0.9565143307086614
11
1.7594907086614173
21
0.9545422440944882
0
LINE
8
BLACK
6
CONTINUOUS
10
1.7594907086614173
20
0.9545422440944882
11
1.7632770472440944
21
0.9471111417322834
0
LINE
8
BLACK
6
CONTINUOUS
10
1.7632770472440944
20
0.9471111417322834
11
1.7658542913385826
21
0.9391791732283464
0
LINE
8
BLACK
6
CONTINUOUS
10
1.7658542913385826
20
0.9391791732283464
11
1.7671589763779527
21
0.9309417322834646
0
LINE
8
BLACK
6
CONTINUOUS
10
1.7671589763779527
20
0.9309417322834646
11
1.7671589763779527
21
0.9226015748031496
0
LINE
8
BLACK
6
CONTINUOUS
10
1.7671589763779527
20
0.9226015748031496
11
1.7658542913385826
21
0.9143641338582676
0
LINE
8
BLACK
6
CONTINUOUS
10
1.7658542913385826
20
0.9143641338582676
11
1.7632770472440944
21
0.9064321653543307
0
LINE
8
BLACK
6
CONTINUOUS
10
1.7632770472440944
20
0.9064321653543307
11
1.7594907086614173
21
0.899001062992126
0
LINE
8
BLACK
6
CONTINUOUS
10
1.7594907086614173
20
0.899001062992126
11
1.7580579527559055
21
0.8970290551181103
0
LINE
8
BLACK
6
CONTINUOUS
10
1.7580579527559055
20
0.8970290551181103
11
1.7724842519685038
21
0.8826027559055117
0
LINE
8
BLACK
6
CONTINUOUS
10
1.7724842519685038
20
0.8826027559055117
11
1.773210157480315
21
0.8835487401574803
0
LINE
8
BLACK
6
CONTINUOUS
10
1.773210157480315
20
0.8835487401574803
11
1.7754675590551181
21
0.8851970472440944
0
LINE
8
BLACK
6
CONTINUOUS
10
1.7754675590551181
20
0.8851970472440944
11
1.7782577559055117
21
0.8853632283464566
0
LINE
8
BLACK
6
CONTINUOUS
10
1.7782577559055117
20
0.8853632283464566
11
1.7806948818897637
21
0.8839945275590551
0
LINE
8
BLACK
6
CONTINUOUS
10
1.7806948818897637
20
0.8839945275590551
11
1.7820051574803148
21
0.8815255118110236
0
LINE
8
BLACK
6
CONTINUOUS
10
1.7820051574803148
20
0.8815255118110236
11
1.7821062992125984
21
0.8805288582677165
0
LINE
8
BLACK
6
CONTINUOUS
10
1.7821062992125984
20
0.8805288582677165
11
1.7821062992125984
21
0.7730145275590551
0
LINE
8
BLACK
6
CONTINUOUS
10
1.7821062992125984
20
0.7730145275590551
11
1.7813188188976377
21
0.7703325984251969
0
LINE
8
BLACK
6
CONTINUOUS
10
1.7813188188976377
20
0.7703325984251969
11
1.7792063779527558
21
0.7685021653543307
0
LINE
8
BLACK
6
CONTINUOUS
10
1.7792063779527558
20
0.7685021653543307
11
1.77643968503937
21
0.7681043700787401
0
LINE
8
BLACK
6
CONTINUOUS
10
1.77643968503937
20
0.7681043700787401
11
1.7738971653543307
21
0.7692655511811023
0
LINE
8
BLACK
6
CONTINUOUS
10
1.7738971653543307
20
0.7692655511811023
11
1.773210157480315
21
0.7699946456692913
0
LINE
8
BLACK
6
CONTINUOUS
10
1.773210157480315
20
0.7699946456692913
11
1.7724842519685038
21
0.7709406299212598
0
LINE
8
BLACK
6
CONTINUOUS
10
1.7724842519685038
20
0.7709406299212598
11
1.7580579133858267
21
0.7565143307086614
0
LINE
8
BLACK
6
CONTINUOUS
10
1.7580579133858267
20
0.7565143307086614
11
1.7594907086614173
21
0.7545422440944882
0
LINE
8
BLACK
6
CONTINUOUS
10
1.7594907086614173
20
0.7545422440944882
11
1.7632770472440944
21
0.7471111417322834
0
LINE
8
BLACK
6
CONTINUOUS
10
1.7632770472440944
20
0.7471111417322834
11
1.7658542913385826
21
0.7391791732283465
0
LINE
8
BLACK
6
CONTINUOUS
10
1.7658542913385826
20
0.7391791732283465
11
1.7671589763779527
21
0.7309417322834646
0
LINE
8
BLACK
6
CONTINUOUS
10
1.7671589763779527
20
0.7309417322834646
11
1.7671589763779527
21
0.7226015748031496
0
LINE
8
BLACK
6
CONTINUOUS
10
1.7671589763779527
20
0.7226015748031496
11
1.7658542913385826
21
0.7143641338582677
0
LINE
8
BLACK
6
CONTINUOUS
10
1.7658542913385826
20
0.7143641338582677
11
1.7632770472440944
21
0.7064321653543307
0
LINE
8
BLACK
6
CONTINUOUS
10
1.7632770472440944
20
0.7064321653543307
11
1.7594907086614173
21
0.6990010629921259
0
LINE
8
BLACK
6
CONTINUOUS
10
1.7594907086614173
20
0.6990010629921259
11
1.7580579527559055
21
0.6970290551181102
0
LINE
8
BLACK
6
CONTINUOUS
10
1.7580579527559055
20
0.6970290551181102
11
1.7724842519685038
21
0.6826027559055118
0
LINE
8
BLACK
6
CONTINUOUS
10
1.7724842519685038
20
0.6826027559055118
11
1.773210157480315
21
0.6835487401574804
0
LINE
8
BLACK
6
CONTINUOUS
10
1.773210157480315
20
0.6835487401574804
11
1.7754675590551181
21
0.6851970472440945
0
LINE
8
BLACK
6
CONTINUOUS
10
1.7754675590551181
20
0.6851970472440945
11
1.7782577559055117
21
0.6853632283464567
0
LINE
8
BLACK
6
CONTINUOUS
10
1.7782577559055117
20
0.6853632283464567
11
1.7806948818897637
21
0.6839945275590551
0
LINE
8
BLACK
6
CONTINUOUS
10
1.7806948818897637
20
0.6839945275590551
11
1.7820051574803148
21
0.6815255118110236
0
LINE
8
BLACK
6
CONTINUOUS
10
1.7820051574803148
20
0.6815255118110236
11
1.7821062992125984
21
0.6805288582677165
0
LINE
8
BLACK
6
CONTINUOUS
10
1.7821062992125984
20
0.6805288582677165
11
1.7821062992125984
21
0.2228543307086614
0
LINE
8
BLACK
6
CONTINUOUS
10
1.7821062992125984
20
0.2228543307086614
11
1.7813188188976377
21
0.2201724015748031
0
LINE
8
BLACK
6
CONTINUOUS
10
1.7813188188976377
20
0.2201724015748031
11
1.7792063779527558
21
0.218341968503937
0
LINE
8
BLACK
6
CONTINUOUS
10
1.7792063779527558
20
0.218341968503937
11
1.7771456692913385
21
0.2178937007874016
0
LINE
8
BLACK
6
CONTINUOUS
10
1.7771456692913385
20
0.2178937007874016
11
0.2228543307086614
21
0.2178937007874016
0
LINE
8
BLACK
6
CONTINUOUS
10
0.2228543307086614
20
0.2178937007874016
11
0.2201724015748031
21
0.2186811811023622
0
LINE
8
BLACK
6
CONTINUOUS
10
0.2201724015748031
20
0.2186811811023622
11
0.218341968503937
21
0.2207936220472441
0
LINE
8
BLACK
6
CONTINUOUS
10
0.218341968503937
20
0.2207936220472441
11
0.2178937007874016
21
0.2228543307086614
0
LINE
8
BLACK
6
CONTINUOUS
10
0.2178937007874016
20
0.2228543307086614
11
0.2178937007874016
21
0.4020712992125984
0
LINE
8
BLACK
6
CONTINUOUS
10
0.2178937007874016
20
0.4020712992125984
11
0.2178937007874016
21
0.8390019685039369
0
LINE
8
BLACK
6
CONTINUOUS
10
0.2178937007874016
20
0.8390019685039369
11
0.2178937007874016
21
1.3052259448818897
0
LINE
8
BLACK
6
CONTINUOUS
10
0.2178937007874016
20
1.3052259448818897
11
0.2178937007874016
21
1.3771456692913386
0
LINE
8
BLACK
6
CONTINUOUS
10
0.2178937007874016
20
1.3771456692913386
11
0.2186811811023622
21
1.3798275984251969
0
LINE
8
BLACK
6
CONTINUOUS
10
0.2186811811023622
20
1.3798275984251969
11
0.2207936220472441
21
1.3816580314960629
0
LINE
8
BLACK
6
CONTINUOUS
10
0.2207936220472441
20
1.3816580314960629
11
0.2228543307086614
21
1.3821062992125983
0
LINE
8
BLACK
6
CONTINUOUS
10
0.2228543307086614
20
1.3821062992125983
11
1.7771456692913385
21
1.3821062992125983
0
LINE
8
BLACK
6
CONTINUOUS
10
1.7771456692913385
20
1.3821062992125983
11
1.7798275984251968
21
1.3813188188976377
0
LINE
8
BLACK
6
CONTINUOUS
10
0.9527087795275591
20
0.448680748031496
11
0.9527084645669291
21
0.4486806692913386
0
LINE
8
BLACK
6
CONTINUOUS
10
0.9527084645669291
20
0.4486806692913386
11
0.947314842519685
21
0.4466688976377953
0
LINE
8
BLACK
6
CONTINUOUS
10
0.947314842519685
20
0.4466688976377953
11
0.9473146456692914
21
0.4466688188976378
0
LINE
8
BLACK
6
CONTINUOUS
10
0.9473146456692914
20
0.4466688188976378
11
0.9427062204724409
21
0.4432189763779528
0
LINE
8
BLACK
6
CONTINUOUS
10
0.9427062204724409
20
0.4432189763779528
11
0.9392563779527558
21
0.4386105511811024
0
LINE
8
BLACK
6
CONTINUOUS
10
0.9392563779527558
20
0.4386105511811024
11
0.9392562992125985
21
0.4386103543307087
0
LINE
8
BLACK
6
CONTINUOUS
10
0.9392562992125985
20
0.4386103543307087
11
0.9372445275590551
21
0.4332167322834646
0
LINE
8
BLACK
6
CONTINUOUS
10
0.9372445275590551
20
0.4332167322834646
11
0.9372444488188976
21
0.4332164173228346
0
LINE
8
BLACK
6
CONTINUOUS
10
0.9372444488188976
20
0.4332164173228346
11
0.9369881889763779
21
0.4308326771653543
0
LINE
8
BLACK
6
CONTINUOUS
10
0.9369881889763779
20
0.4308326771653543
11
0.9369881889763779
21
0.4275202755905512
0
LINE
8
BLACK
6
CONTINUOUS
10
0.9369881889763779
20
0.4275202755905512
11
0.9362007086614172
21
0.4248383464566929
0
LINE
8
BLACK
6
CONTINUOUS
10
0.9362007086614172
20
0.4248383464566929
11
0.9340882677165354
21
0.4230079133858268
0
LINE
8
BLACK
6
CONTINUOUS
10
0.9340882677165354
20
0.4230079133858268
11
0.9333115354330709
21
0.4227287007874015
0
LINE
8
BLACK
6
CONTINUOUS
10
0.9333115354330709
20
0.4227287007874015
11
0.9316190157480315
21
0.4222751968503937
0
LINE
8
BLACK
6
CONTINUOUS
10
0.9316190157480315
20
0.4222751968503937
11
0.9277610236220473
21
0.4212414566929134
0
LINE
8
BLACK
6
CONTINUOUS
10
0.9277610236220473
20
0.4212414566929134
11
0.927760748031496
21
0.4212413385826771
0
LINE
8
BLACK
6
CONTINUOUS
10
0.927760748031496
20
0.4212413385826771
11
0.9222982283464567
21
0.4180875590551181
0
LINE
8
BLACK
6
CONTINUOUS
10
0.9222982283464567
20
0.4180875590551181
11
0.9222978346456693
21
0.4180872440944882
0
LINE
8
BLACK
6
CONTINUOUS
10
0.9222978346456693
20
0.4180872440944882
11
0.9178379527559055
21
0.4136273622047244
0
LINE
8
BLACK
6
CONTINUOUS
10
0.9178379527559055
20
0.4136273622047244
11
0.9178376377952756
21
0.413626968503937
0
LINE
8
BLACK
6
CONTINUOUS
10
0.9178376377952756
20
0.413626968503937
11
0.9146838582677165
21
0.4081644488188976
0
LINE
8
BLACK
6
CONTINUOUS
10
0.9146838582677165
20
0.4081644488188976
11
0.9146837795275591
21
0.4081642519685039
0
LINE
8
BLACK
6
CONTINUOUS
10
0.9146837795275591
20
0.4081642519685039
11
0.9130511811023622
21
0.4020712992125984
0
LINE
8
BLACK
6
CONTINUOUS
10
0.9130511811023622
20
0.4020712992125984
11
0.9130511811023622
21
0.2957633464566929
0
LINE
8
BLACK
6
CONTINUOUS
10
0.9130511811023622
20
0.2957633464566929
11
0.9142462598425196
21
0.2913031496062992
0
LINE
8
BLACK
6
CONTINUOUS
10
0.9142462598425196
20
0.2913031496062992
11
0.9146837401574803
21
0.2896705118110236
0
LINE
8
BLACK
6
CONTINUOUS
10
0.9146837401574803
20
0.2896705118110236
11
0.9146838582677165
21
0.2896702362204724
0
LINE
8
BLACK
6
CONTINUOUS
10
0.9146838582677165
20
0.2896702362204724
11
0.9178376377952756
21
0.2842077165354331
0
LINE
8
BLACK
6
CONTINUOUS
10
0.9178376377952756
20
0.2842077165354331
11
0.9178379527559055
21
0.2842073228346457
0
LINE
8
BLACK
6
CONTINUOUS
10
0.9178379527559055
20
0.2842073228346457
11
0.9222978346456693
21
0.2797474409448819
0
LINE
8
BLACK
6
CONTINUOUS
10
0.9222978346456693
20
0.2797474409448819
11
0.9222980314960629
21
0.2797472834645669
0
LINE
8
BLACK
6
CONTINUOUS
10
0.9222980314960629
20
0.2797472834645669
11
0.9222981102362204
21
0.2797472047244094
0
LINE
8
BLACK
6
CONTINUOUS
10
0.9222981102362204
20
0.2797472047244094
11
0.9277609448818898
21
0.2765932283464567
0
LINE
8
BLACK
6
CONTINUOUS
10
0.9277609448818898
20
0.2765932283464567
11
0.9333115748031496
21
0.2751059448818898
0
LINE
8
BLACK
6
CONTINUOUS
10
0.9333115748031496
20
0.2751059448818898
11
0.9356981496062992
21
0.2736512598425197
0
LINE
8
BLACK
6
CONTINUOUS
10
0.9356981496062992
20
0.2736512598425197
11
0.9369194881889763
21
0.2711370472440945
0
LINE
8
BLACK
6
CONTINUOUS
10
0.9369194881889763
20
0.2711370472440945
11
0.9369881889763779
21
0.2703144094488189
0
LINE
8
BLACK
6
CONTINUOUS
10
0.9369881889763779
20
0.2703144094488189
11
0.9369881889763779
21
0.2670020078740157
0
LINE
8
BLACK
6
CONTINUOUS
10
0.9369881889763779
20
0.2670020078740157
11
0.9372444488188976
21
0.2646182677165354
0
LINE
8
BLACK
6
CONTINUOUS
10
0.9372444488188976
20
0.2646182677165354
11
0.9372445275590551
21
0.2646179527559055
0
LINE
8
BLACK
6
CONTINUOUS
10
0.9372445275590551
20
0.2646179527559055
11
0.9392562992125985
21
0.2592243307086614
0
LINE
8
BLACK
6
CONTINUOUS
10
0.9392562992125985
20
0.2592243307086614
11
0.9392563779527558
21
0.2592241338582677
0
LINE
8
BLACK
6
CONTINUOUS
10
0.9392563779527558
20
0.2592241338582677
11
0.9427062204724409
21
0.2546157086614173
0
LINE
8
BLACK
6
CONTINUOUS
10
0.9427062204724409
20
0.2546157086614173
11
0.9473146456692914
21
0.2511658661417323
0
LINE
8
BLACK
6
CONTINUOUS
10
0.9473146456692914
20
0.2511658661417323
11
0.9473147244094487
21
0.2511658267716536
0
LINE
8
BLACK
6
CONTINUOUS
10
0.9473147244094487
20
0.2511658267716536
11
0.9473148031496063
21
0.2511657874015748
0
LINE
8
BLACK
6
CONTINUOUS
10
0.9473148031496063
20
0.2511657874015748
11
0.949640748031496
21
0.2502982677165354
0
LINE
8
BLACK
6
CONTINUOUS
10
0.949640748031496
20
0.2502982677165354
11
0.9527084645669291
21
0.2491540157480315
0
LINE
8
BLACK
6
CONTINUOUS
10
0.9527084645669291
20
0.2491540157480315
11
0.9527087795275591
21
0.249153937007874
0
LINE
8
BLACK
6
CONTINUOUS
10
0.9527087795275591
20
0.249153937007874
11
0.9550925196850394
21
0.2488976771653543
0
LINE
8
BLACK
6
CONTINUOUS
10
0.9550925196850394
20
0.2488976771653543
11
0.955092716535433
21
0.2488976771653543
0
LINE
8
BLACK
6
CONTINUOUS
10
0.955092716535433
20
0.2488976771653543
11
0.9550929921259842
21
0.2488976377952756
0
LINE
8
BLACK
6
CONTINUOUS
10
0.9550929921259842
20
0.2488976377952756
11
0.9550932283464567
21
0.2488976377952756
0
LINE
8
BLACK
6
CONTINUOUS
10
0.9550932283464567
20
0.2488976377952756
11
1.0189225196850393
21
0.2488976377952756
0
LINE
8
BLACK
6
CONTINUOUS
10
1.0189225196850393
20
0.2488976377952756
11
1.0189227559055118
21
0.2488976377952756
0
LINE
8
BLACK
6
CONTINUOUS
10
1.0189227559055118
20
0.2488976377952756
11
1.0189230314960629
21
0.2488976771653543
0
LINE
8
BLACK
6
CONTINUOUS
10
1.0189230314960629
20
0.2488976771653543
11
1.0189231889763779
21
0.2488976771653543
0
LINE
8
BLACK
6
CONTINUOUS
10
1.0189231889763779
20
0.2488976771653543
11
1.0213069291338583
21
0.249153937007874
0
LINE
8
BLACK
6
CONTINUOUS
10
1.0213069291338583
20
0.249153937007874
11
1.0213070472440944
21
0.2491539763779528
0
LINE
8
BLACK
6
CONTINUOUS
10
1.0213070472440944
20
0.2491539763779528
11
1.0213071259842519
21
0.2491539763779528
0
LINE
8
BLACK
6
CONTINUOUS
10
1.0213071259842519
20
0.2491539763779528
11
1.0267009448818898
21
0.2511657874015748
0
LINE
8
BLACK
6
CONTINUOUS
10
1.0267009448818898
20
0.2511657874015748
11
1.0313094881889764
21
0.2546157086614173
0
LINE
8
BLACK
6
CONTINUOUS
10
1.0313094881889764
20
0.2546157086614173
11
1.0330366929133858
21
0.2569229527559055
0
LINE
8
BLACK
6
CONTINUOUS
10
1.0330366929133858
20
0.2569229527559055
11
1.0352743307086614
21
0.258598031496063
0
LINE
8
BLACK
6
CONTINUOUS
10
1.0352743307086614
20
0.258598031496063
11
1.0380623622047245
21
0.2587974015748031
0
LINE
8
BLACK
6
CONTINUOUS
10
1.0380623622047245
20
0.2587974015748031
11
1.0405155905511811
21
0.2574578346456693
0
LINE
8
BLACK
6
CONTINUOUS
10
1.0405155905511811
20
0.2574578346456693
11
1.0409790551181102
21
0.2569229527559055
0
LINE
8
BLACK
6
CONTINUOUS
10
1.0409790551181102
20
0.2569229527559055
11
1.0427062204724409
21
0.2546157086614173
0
LINE
8
BLACK
6
CONTINUOUS
10
1.0427062204724409
20
0.2546157086614173
11
1.0473146456692912
21
0.2511658661417323
0
LINE
8
BLACK
6
CONTINUOUS
10
1.0473146456692912
20
0.2511658661417323
11
1.0473147244094487
21
0.2511658267716536
0
LINE
8
BLACK
6
CONTINUOUS
10
1.0473147244094487
20
0.2511658267716536
11
1.0473148031496062
21
0.2511657874015748
0
LINE
8
BLACK
6
CONTINUOUS
10
1.0473148031496062
20
0.2511657874015748
11
1.049640748031496
21
0.2502982677165354
0
LINE
8
BLACK
6
CONTINUOUS
10
1.049640748031496
20
0.2502982677165354
11
1.0527084645669291
21
0.2491540157480315
0
LINE
8
BLACK
6
CONTINUOUS
10
1.0527084645669291
20
0.2491540157480315
11
1.0527087795275589
21
0.249153937007874
0
LINE
8
BLACK
6
CONTINUOUS
10
1.0527087795275589
20
0.249153937007874
11
1.0550925196850394
21
0.2488976771653543
0
LINE
8
BLACK
6
CONTINUOUS
10
1.0550925196850394
20
0.2488976771653543
11
1.0550927165354331
21
0.2488976771653543
0
LINE
8
BLACK
6
CONTINUOUS
10
1.0550927165354331
20
0.2488976771653543
11
1.0550929921259842
21
0.2488976377952756
0
LINE
8
BLACK
6
CONTINUOUS
10
1.0550929921259842
20
0.2488976377952756
11
1.0550932283464567
21
0.2488976377952756
0
LINE
8
BLACK
6
CONTINUOUS
10
1.0550932283464567
20
0.2488976377952756
11
1.1189225196850394
21
0.2488976377952756
0
LINE
8
BLACK
6
CONTINUOUS
10
1.1189225196850394
20
0.2488976377952756
11
1.1189227559055117
21
0.2488976377952756
0
LINE
8
BLACK
6
CONTINUOUS
10
1.1189227559055117
20
0.2488976377952756
11
1.118923031496063
21
0.2488976771653543
0
LINE
8
BLACK
6
CONTINUOUS
10
1.118923031496063
20
0.2488976771653543
11
1.118923188976378
21
0.2488976771653543
0
LINE
8
BLACK
6
CONTINUOUS
10
1.118923188976378
20
0.2488976771653543
11
1.1213069291338582
21
0.249153937007874
0
LINE
8
BLACK
6
CONTINUOUS
10
1.1213069291338582
20
0.249153937007874
11
1.1213070472440945
21
0.2491539763779528
0
LINE
8
BLACK
6
CONTINUOUS
10
1.1213070472440945
20
0.2491539763779528
11
1.121307125984252
21
0.2491539763779528
0
LINE
8
BLACK
6
CONTINUOUS
10
1.121307125984252
20
0.2491539763779528
11
1.1267009448818897
21
0.2511657874015748
0
LINE
8
BLACK
6
CONTINUOUS
10
1.1267009448818897
20
0.2511657874015748
11
1.1313094881889763
21
0.2546157086614173
0
LINE
8
BLACK
6
CONTINUOUS
10
1.1313094881889763
20
0.2546157086614173
11
1.1330366929133857
21
0.2569229527559055
0
LINE
8
BLACK
6
CONTINUOUS
10
1.1330366929133857
20
0.2569229527559055
11
1.1352743307086615
21
0.258598031496063
0
LINE
8
BLACK
6
CONTINUOUS
10
1.1352743307086615
20
0.258598031496063
11
1.1380623622047243
21
0.2587974015748031
0
LINE
8
BLACK
6
CONTINUOUS
10
1.1380623622047243
20
0.2587974015748031
11
1.140515590551181
21
0.2574578346456693
0
LINE
8
BLACK
6
CONTINUOUS
10
1.140515590551181
20
0.2574578346456693
11
1.1409790551181103
21
0.2569229527559055
0
LINE
8
BLACK
6
CONTINUOUS
10
1.1409790551181103
20
0.2569229527559055
11
1.142706220472441
21
0.2546157086614173
0
LINE
8
BLACK
6
CONTINUOUS
10
1.142706220472441
20
0.2546157086614173
11
1.1473146456692913
21
0.2511658661417323
0
LINE
8
BLACK
6
CONTINUOUS
10
1.1473146456692913
20
0.2511658661417323
11
1.1473147244094488
21
0.2511658267716536
0
LINE
8
BLACK
6
CONTINUOUS
10
1.1473147244094488
20
0.2511658267716536
11
1.1473148031496063
21
0.2511657874015748
0
LINE
8
BLACK
6
CONTINUOUS
10
1.1473148031496063
20
0.2511657874015748
11
1.1496407480314961
21
0.2502982677165354
0
LINE
8
BLACK
6
CONTINUOUS
10
1.1496407480314961
20
0.2502982677165354
11
1.1527084645669292
21
0.2491540157480315
0
LINE
8
BLACK
6
CONTINUOUS
10
1.1527084645669292
20
0.2491540157480315
11
1.152708779527559
21
0.249153937007874
0
LINE
8
BLACK
6
CONTINUOUS
10
1.152708779527559
20
0.249153937007874
11
1.1550925196850395
21
0.2488976771653543
0
LINE
8
BLACK
6
CONTINUOUS
10
1.1550925196850395
20
0.2488976771653543
11
1.155092716535433
21
0.2488976771653543
0
LINE
8
BLACK
6
CONTINUOUS
10
1.155092716535433
20
0.2488976771653543
11
1.1550929921259843
21
0.2488976377952756
0
LINE
8
BLACK
6
CONTINUOUS
10
1.1550929921259843
20
0.2488976377952756
11
1.1550932283464566
21
0.2488976377952756
0
LINE
8
BLACK
6
CONTINUOUS
10
1.1550932283464566
20
0.2488976377952756
11
1.2189225196850393
21
0.2488976377952756
0
LINE
8
BLACK
6
CONTINUOUS
10
1.2189225196850393
20
0.2488976377952756
11
1.2189227559055118
21
0.2488976377952756
0
LINE
8
BLACK
6
CONTINUOUS
10
1.2189227559055118
20
0.2488976377952756
11
1.2189230314960631
21
0.2488976771653543
0
LINE
8
BLACK
6
CONTINUOUS
10
1.2189230314960631
20
0.2488976771653543
11
1.2189231889763779
21
0.2488976771653543
0
LINE
8
BLACK
6
CONTINUOUS
10
1.2189231889763779
20
0.2488976771653543
11
1.2213069291338583
21
0.249153937007874
0
LINE
8
BLACK
6
CONTINUOUS
10
1.2213069291338583
20
0.249153937007874
11
1.2213070472440946
21
0.2491539763779528
0
LINE
8
BLACK
6
CONTINUOUS
10
1.2213070472440946
20
0.2491539763779528
11
1.2213071259842518
21
0.2491539763779528
0
LINE
8
BLACK
6
CONTINUOUS
10
1.2213071259842518
20
0.2491539763779528
11
1.2267009448818897
21
0.2511657874015748
0
LINE
8
BLACK
6
CONTINUOUS
10
1.2267009448818897
20
0.2511657874015748
11
1.2313094881889763
21
0.2546157086614173
0
LINE
8
BLACK
6
CONTINUOUS
10
1.2313094881889763
20
0.2546157086614173
11
1.2330366929133858
21
0.2569229527559055
0
LINE
8
BLACK
6
CONTINUOUS
10
1.2330366929133858
20
0.2569229527559055
11
1.2352743307086613
21
0.258598031496063
0
LINE
8
BLACK
6
CONTINUOUS
10
1.2352743307086613
20
0.258598031496063
11
1.2380623622047244
21
0.2587974015748031
0
LINE
8
BLACK
6
CONTINUOUS
10
1.2380623622047244
20
0.2587974015748031
11
1.2405155905511811
21
0.2574578346456693
0
LINE
8
BLACK
6
CONTINUOUS
10
1.2405155905511811
20
0.2574578346456693
11
1.2409790551181101
21
0.2569229527559055
0
LINE
8
BLACK
6
CONTINUOUS
10
1.2409790551181101
20
0.2569229527559055
11
1.2427062204724408
21
0.2546157086614173
0
LINE
8
BLACK
6
CONTINUOUS
10
1.2427062204724408
20
0.2546157086614173
11
1.2473146456692914
21
0.2511658661417323
0
LINE
8
BLACK
6
CONTINUOUS
10
1.2473146456692914
20
0.2511658661417323
11
1.2473147244094487
21
0.2511658267716536
0
LINE
8
BLACK
6
CONTINUOUS
10
1.2473147244094487
20
0.2511658267716536
11
1.2473148031496062
21
0.2511657874015748
0
LINE
8
BLACK
6
CONTINUOUS
10
1.2473148031496062
20
0.2511657874015748
11
1.2496407480314959
21
0.2502982677165354
0
LINE
8
BLACK
6
CONTINUOUS
10
1.2496407480314959
20
0.2502982677165354
11
1.2527084645669291
21
0.2491540157480315
0
LINE
8
BLACK
6
CONTINUOUS
10
1.2527084645669291
20
0.2491540157480315
11
1.2527087795275591
21
0.249153937007874
0
LINE
8
BLACK
6
CONTINUOUS
10
1.2527087795275591
20
0.249153937007874
11
1.2550925196850393
21
0.2488976771653543
0
LINE
8
BLACK
6
CONTINUOUS
10
1.2550925196850393
20
0.2488976771653543
11
1.2550927165354331
21
0.2488976771653543
0
LINE
8
BLACK
6
CONTINUOUS
10
1.2550927165354331
20
0.2488976771653543
11
1.2550929921259841
21
0.2488976377952756
0
LINE
8
BLACK
6
CONTINUOUS
10
1.2550929921259841
20
0.2488976377952756
11
1.2550932283464566
21
0.2488976377952756
0
LINE
8
BLACK
6
CONTINUOUS
10
1.2550932283464566
20
0.2488976377952756
11
1.3189225196850394
21
0.2488976377952756
0
LINE
8
BLACK
6
CONTINUOUS
10
1.3189225196850394
20
0.2488976377952756
11
1.3189227559055119
21
0.2488976377952756
0
LINE
8
BLACK
6
CONTINUOUS
10
1.3189227559055119
20
0.2488976377952756
11
1.3189230314960629
21
0.2488976771653543
0
LINE
8
BLACK
6
CONTINUOUS
10
1.3189230314960629
20
0.2488976771653543
11
1.3189231889763779
21
0.2488976771653543
0
LINE
8
BLACK
6
CONTINUOUS
10
1.3189231889763779
20
0.2488976771653543
11
1.3213069291338582
21
0.249153937007874
0
LINE
8
BLACK
6
CONTINUOUS
10
1.3213069291338582
20
0.249153937007874
11
1.3213070472440944
21
0.2491539763779528
0
LINE
8
BLACK
6
CONTINUOUS
10
1.3213070472440944
20
0.2491539763779528
11
1.3213071259842519
21
0.2491539763779528
0
LINE
8
BLACK
6
CONTINUOUS
10
1.3213071259842519
20
0.2491539763779528
11
1.3267009448818898
21
0.2511657874015748
0
LINE
8
BLACK
6
CONTINUOUS
10
1.3267009448818898
20
0.2511657874015748
11
1.3313094881889764
21
0.2546157086614173
0
LINE
8
BLACK
6
CONTINUOUS
10
1.3313094881889764
20
0.2546157086614173
11
1.3347594094488189
21
0.2592242519685039
0
LINE
8
BLACK
6
CONTINUOUS
10
1.3347594094488189
20
0.2592242519685039
11
1.3367712204724409
21
0.2646180708661418
0
LINE
8
BLACK
6
CONTINUOUS
10
1.3367712204724409
20
0.2646180708661418
11
1.3370275590551182
21
0.2670024409448819
0
LINE
8
BLACK
6
CONTINUOUS
10
1.3370275590551182
20
0.2670024409448819
11
1.3370275590551182
21
0.3308322047244094
0
LINE
8
BLACK
6
CONTINUOUS
10
1.3370275590551182
20
0.3308322047244094
11
1.3370078740157481
21
0.3310153149606299
0
LINE
8
BLACK
6
CONTINUOUS
10
1.3370078740157481
20
0.3310153149606299
11
1.3367712598425197
21
0.3332164173228346
0
LINE
8
BLACK
6
CONTINUOUS
10
1.3367712598425197
20
0.3332164173228346
11
1.3367711811023621
21
0.3332167322834645
0
LINE
8
BLACK
6
CONTINUOUS
10
1.3367711811023621
20
0.3332167322834645
11
1.3347594094488189
21
0.3386103543307086
0
LINE
8
BLACK
6
CONTINUOUS
10
1.3347594094488189
20
0.3386103543307086
11
1.3347593307086614
21
0.3386105511811023
0
LINE
8
BLACK
6
CONTINUOUS
10
1.3347593307086614
20
0.3386105511811023
11
1.3313094881889764
21
0.3432189763779527
0
LINE
8
BLACK
6
CONTINUOUS
10
1.3313094881889764
20
0.3432189763779527
11
1.3290022440944882
21
0.3449461417322834
0
LINE
8
BLACK
6
CONTINUOUS
10
1.3290022440944882
20
0.3449461417322834
11
1.3273271653543306
21
0.347183779527559
0
LINE
8
BLACK
6
CONTINUOUS
10
1.3273271653543306
20
0.347183779527559
11
1.3271277952755904
21
0.349971811023622
0
LINE
8
BLACK
6
CONTINUOUS
10
1.3271277952755904
20
0.349971811023622
11
1.3284673622047243
21
0.3524250393700787
0
LINE
8
BLACK
6
CONTINUOUS
10
1.3284673622047243
20
0.3524250393700787
11
1.3290022440944882
21
0.3528885039370079
0
LINE
8
BLACK
6
CONTINUOUS
10
1.3290022440944882
20
0.3528885039370079
11
1.3313094881889764
21
0.3546157086614173
0
LINE
8
BLACK
6
CONTINUOUS
10
1.3313094881889764
20
0.3546157086614173
11
1.3347593307086614
21
0.3592241338582677
0
LINE
8
BLACK
6
CONTINUOUS
10
1.3347593307086614
20
0.3592241338582677
11
1.3347593307086614
21
0.3592241732283464
0
LINE
8
BLACK
6
CONTINUOUS
10
1.3347593307086614
20
0.3592241732283464
11
1.3347594094488189
21
0.3592242519685039
0
LINE
8
BLACK
6
CONTINUOUS
10
1.3347594094488189
20
0.3592242519685039
11
1.3367712204724409
21
0.3646180708661417
0
LINE
8
BLACK
6
CONTINUOUS
10
1.3367712204724409
20
0.3646180708661417
11
1.3370275590551182
21
0.3670024409448819
0
LINE
8
BLACK
6
CONTINUOUS
10
1.3370275590551182
20
0.3670024409448819
11
1.3370275590551182
21
0.4308322047244094
0
LINE
8
BLACK
6
CONTINUOUS
10
1.3370275590551182
20
0.4308322047244094
11
1.3370078740157481
21
0.4310153149606299
0
LINE
8
BLACK
6
CONTINUOUS
10
1.3370078740157481
20
0.4310153149606299
11
1.3367712598425197
21
0.4332164173228346
0
LINE
8
BLACK
6
CONTINUOUS
10
1.3367712598425197
20
0.4332164173228346
11
1.3367711811023621
21
0.4332167322834646
0
LINE
8
BLACK
6
CONTINUOUS
10
1.3367711811023621
20
0.4332167322834646
11
1.3347594094488189
21
0.4386103543307087
0
LINE
8
BLACK
6
CONTINUOUS
10
1.3347594094488189
20
0.4386103543307087
11
1.3347593307086614
21
0.4386105511811024
0
LINE
8
BLACK
6
CONTINUOUS
10
1.3347593307086614
20
0.4386105511811024
11
1.3313094881889764
21
0.4432189763779528
0
LINE
8
BLACK
6
CONTINUOUS
10
1.3313094881889764
20
0.4432189763779528
11
1.3267010629921259
21
0.4466688188976378
0
LINE
8
BLACK
6
CONTINUOUS
10
1.3267010629921259
20
0.4466688188976378
11
1.3267008661417323
21
0.4466688976377953
0
LINE
8
BLACK
6
CONTINUOUS
10
1.3267008661417323
20
0.4466688976377953
11
1.3213072440944882
21
0.4486806692913386
0
LINE
8
BLACK
6
CONTINUOUS
10
1.3213072440944882
20
0.4486806692913386
11
1.3213069291338582
21
0.448680748031496
0
LINE
8
BLACK
6
CONTINUOUS
10
1.3213069291338582
20
0.448680748031496
11
1.3189231889763779
21
0.4489370078740157
0
LINE
8
BLACK
6
CONTINUOUS
10
1.3189231889763779
20
0.4489370078740157
11
1.3189227559055119
21
0.4489370078740157
0
LINE
8
BLACK
6
CONTINUOUS
10
1.3189227559055119
20
0.4489370078740157
11
1.2550929921259841
21
0.4489370078740157
0
LINE
8
BLACK
6
CONTINUOUS
10
1.2550929921259841
20
0.4489370078740157
11
1.2550925196850393
21
0.4489370078740157
0
LINE
8
BLACK
6
CONTINUOUS
10
1.2550925196850393
20
0.4489370078740157
11
1.2527087795275591
21
0.448680748031496
0
LINE
8
BLACK
6
CONTINUOUS
10
1.2527087795275591
20
0.448680748031496
11
1.2527084645669291
21
0.4486806692913386
0
LINE
8
BLACK
6
CONTINUOUS
10
1.2527084645669291
20
0.4486806692913386
11
1.2473148425196849
21
0.4466688976377953
0
LINE
8
BLACK
6
CONTINUOUS
10
1.2473148425196849
20
0.4466688976377953
11
1.2473146456692914
21
0.4466688188976378
0
LINE
8
BLACK
6
CONTINUOUS
10
1.2473146456692914
20
0.4466688188976378
11
1.2427062204724408
21
0.443218937007874
0
LINE
8
BLACK
6
CONTINUOUS
10
1.2427062204724408
20
0.443218937007874
11
1.2409790157480314
21
0.4409116929133858
0
LINE
8
BLACK
6
CONTINUOUS
10
1.2409790157480314
20
0.4409116929133858
11
1.2387413779527559
21
0.4392366535433071
0
LINE
8
BLACK
6
CONTINUOUS
10
1.2387413779527559
20
0.4392366535433071
11
1.2359533858267717
21
0.4390372834645669
0
LINE
8
BLACK
6
CONTINUOUS
10
1.2359533858267717
20
0.4390372834645669
11
1.2335001574803148
21
0.4403768503937008
0
LINE
8
BLACK
6
CONTINUOUS
10
1.2335001574803148
20
0.4403768503937008
11
1.2330367322834646
21
0.4409116929133858
0
LINE
8
BLACK
6
CONTINUOUS
10
1.2330367322834646
20
0.4409116929133858
11
1.2313094881889763
21
0.443218937007874
0
LINE
8
BLACK
6
CONTINUOUS
10
1.2313094881889763
20
0.443218937007874
11
1.226701062992126
21
0.4466688188976378
0
LINE
8
BLACK
6
CONTINUOUS
10
1.226701062992126
20
0.4466688188976378
11
1.2267008661417322
21
0.4466688976377953
0
LINE
8
BLACK
6
CONTINUOUS
10
1.2267008661417322
20
0.4466688976377953
11
1.2213072440944881
21
0.4486806692913386
0
LINE
8
BLACK
6
CONTINUOUS
10
1.2213072440944881
20
0.4486806692913386
11
1.2213069291338583
21
0.448680748031496
0
LINE
8
BLACK
6
CONTINUOUS
10
1.2213069291338583
20
0.448680748031496
11
1.2189231889763779
21
0.4489370078740157
0
LINE
8
BLACK
6
CONTINUOUS
10
1.2189231889763779
20
0.4489370078740157
11
1.2189227559055118
21
0.4489370078740157
0
LINE
8
BLACK
6
CONTINUOUS
10
1.2189227559055118
20
0.4489370078740157
11
1.1550929921259843
21
0.4489370078740157
0
LINE
8
BLACK
6
CONTINUOUS
10
1.1550929921259843
20
0.4489370078740157
11
1.1550925196850395
21
0.4489370078740157
0
LINE
8
BLACK
6
CONTINUOUS
10
1.1550925196850395
20
0.4489370078740157
11
1.152708779527559
21
0.448680748031496
0
LINE
8
BLACK
6
CONTINUOUS
10
1.152708779527559
20
0.448680748031496
11
1.1527084645669292
21
0.4486806692913386
0
LINE
8
BLACK
6
CONTINUOUS
10
1.1527084645669292
20
0.4486806692913386
11
1.1473148425196851
21
0.4466688976377953
0
LINE
8
BLACK
6
CONTINUOUS
10
1.1473148425196851
20
0.4466688976377953
11
1.1473146456692913
21
0.4466688188976378
0
LINE
8
BLACK
6
CONTINUOUS
10
1.1473146456692913
20
0.4466688188976378
11
1.142706220472441
21
0.443218937007874
0
LINE
8
BLACK
6
CONTINUOUS
10
1.142706220472441
20
0.443218937007874
11
1.1409790157480315
21
0.4409116929133858
0
LINE
8
BLACK
6
CONTINUOUS
10
1.1409790157480315
20
0.4409116929133858
11
1.138741377952756
21
0.4392366535433071
0
LINE
8
BLACK
6
CONTINUOUS
10
1.138741377952756
20
0.4392366535433071
11
1.1359533858267716
21
0.4390372834645669
0
LINE
8
BLACK
6
CONTINUOUS
10
1.1359533858267716
20
0.4390372834645669
11
1.133500157480315
21
0.4403768503937008
0
LINE
8
BLACK
6
CONTINUOUS
10
1.133500157480315
20
0.4403768503937008
11
1.1330367322834645
21
0.4409116929133858
0
LINE
8
BLACK
6
CONTINUOUS
10
1.1330367322834645
20
0.4409116929133858
11
1.1313094881889763
21
0.443218937007874
0
LINE
8
BLACK
6
CONTINUOUS
10
1.1313094881889763
20
0.443218937007874
11
1.1267010629921259
21
0.4466688188976378
0
LINE
8
BLACK
6
CONTINUOUS
10
1.1267010629921259
20
0.4466688188976378
11
1.1267008661417321
21
0.4466688976377953
0
LINE
8
BLACK
6
CONTINUOUS
10
1.1267008661417321
20
0.4466688976377953
11
1.1213072440944882
21
0.4486806692913386
0
LINE
8
BLACK
6
CONTINUOUS
10
1.1213072440944882
20
0.4486806692913386
11
1.1213069291338582
21
0.448680748031496
0
LINE
8
BLACK
6
CONTINUOUS
10
1.1213069291338582
20
0.448680748031496
11
1.118923188976378
21
0.4489370078740157
0
LINE
8
BLACK
6
CONTINUOUS
10
1.118923188976378
20
0.4489370078740157
11
1.1189227559055117
21
0.4489370078740157
0
LINE
8
BLACK
6
CONTINUOUS
10
1.1189227559055117
20
0.4489370078740157
11
1.0550929921259842
21
0.4489370078740157
0
LINE
8
BLACK
6
CONTINUOUS
10
1.0550929921259842
20
0.4489370078740157
11
1.0550925196850394
21
0.4489370078740157
0
LINE
8
BLACK
6
CONTINUOUS
10
1.0550925196850394
20
0.4489370078740157
11
1.0527087795275589
21
0.448680748031496
0
LINE
8
BLACK
6
CONTINUOUS
10
1.0527087795275589
20
0.448680748031496
11
1.0527084645669291
21
0.4486806692913386
0
LINE
8
BLACK
6
CONTINUOUS
10
1.0527084645669291
20
0.4486806692913386
11
1.047314842519685
21
0.4466688976377953
0
LINE
8
BLACK
6
CONTINUOUS
10
1.047314842519685
20
0.4466688976377953
11
1.0473146456692912
21
0.4466688188976378
0
LINE
8
BLACK
6
CONTINUOUS
10
1.0473146456692912
20
0.4466688188976378
11
1.0427062204724409
21
0.443218937007874
0
LINE
8
BLACK
6
CONTINUOUS
10
1.0427062204724409
20
0.443218937007874
11
1.0409790157480314
21
0.4409116929133858
0
LINE
8
BLACK
6
CONTINUOUS
10
1.0409790157480314
20
0.4409116929133858
11
1.0387413779527559
21
0.4392366535433071
0
LINE
8
BLACK
6
CONTINUOUS
10
1.0387413779527559
20
0.4392366535433071
11
1.0359533858267715
21
0.4390372834645669
0
LINE
8
BLACK
6
CONTINUOUS
10
1.0359533858267715
20
0.4390372834645669
11
1.0335001574803149
21
0.4403768503937008
0
LINE
8
BLACK
6
CONTINUOUS
10
1.0335001574803149
20
0.4403768503937008
11
1.0330367322834646
21
0.4409116929133858
0
LINE
8
BLACK
6
CONTINUOUS
10
1.0330367322834646
20
0.4409116929133858
11
1.0313094881889764
21
0.443218937007874
0
LINE
8
BLACK
6
CONTINUOUS
10
1.0313094881889764
20
0.443218937007874
11
1.026701062992126
21
0.4466688188976378
0
LINE
8
BLACK
6
CONTINUOUS
10
1.026701062992126
20
0.4466688188976378
11
1.0267008661417323
21
0.4466688976377953
0
LINE
8
BLACK
6
CONTINUOUS
10
1.0267008661417323
20
0.4466688976377953
11
1.0213072440944881
21
0.4486806692913386
0
LINE
8
BLACK
6
CONTINUOUS
10
1.0213072440944881
20
0.4486806692913386
11
1.0213069291338583
21
0.448680748031496
0
LINE
8
BLACK
6
CONTINUOUS
10
1.0213069291338583
20
0.448680748031496
11
1.0189231889763779
21
0.4489370078740157
0
LINE
8
BLACK
6
CONTINUOUS
10
1.0189231889763779
20
0.4489370078740157
11
1.0189227559055118
21
0.4489370078740157
0
LINE
8
BLACK
6
CONTINUOUS
10
1.0189227559055118
20
0.4489370078740157
11
0.9550929921259842
21
0.4489370078740157
0
LINE
8
BLACK
6
CONTINUOUS
10
0.9550929921259842
20
0.4489370078740157
11
0.9550925196850394
21
0.4489370078740157
0
LINE
8
BLACK
6
CONTINUOUS
10
0.9550925196850394
20
0.4489370078740157
11
0.9527087795275591
21
0.448680748031496
0
LINE
8
BLACK
6
CONTINUOUS
10
1.5419438188976378
20
0.6814541732283464
11
1.5345127165354331
21
0.6776678346456693
0
LINE
8
BLACK
6
CONTINUOUS
10
1.5345127165354331
20
0.6776678346456693
11
1.5265807480314961
21
0.675090590551181
0
LINE
8
BLACK
6
CONTINUOUS
10
1.5265807480314961
20
0.675090590551181
11
1.5183433070866141
21
0.6737859055118111
0
LINE
8
BLACK
6
CONTINUOUS
10
1.5183433070866141
20
0.6737859055118111
11
1.5100031496062991
21
0.6737859055118111
0
LINE
8
BLACK
6
CONTINUOUS
10
1.5100031496062991
20
0.6737859055118111
11
1.5017657086614173
21
0.675090590551181
0
LINE
8
BLACK
6
CONTINUOUS
10
1.5017657086614173
20
0.675090590551181
11
1.4938337401574804
21
0.6776678346456693
0
LINE
8
BLACK
6
CONTINUOUS
10
1.4938337401574804
20
0.6776678346456693
11
1.4864026377952755
21
0.6814541732283464
0
LINE
8
BLACK
6
CONTINUOUS
10
1.4864026377952755
20
0.6814541732283464
11
1.4844305511811022
21
0.682886968503937
0
LINE
8
BLACK
6
CONTINUOUS
10
1.4844305511811022
20
0.682886968503937
11
1.4700042519685039
21
0.6684606299212599
0
LINE
8
BLACK
6
CONTINUOUS
10
1.4700042519685039
20
0.6684606299212599
11
1.4700042519685039
21
0.6684605905511811
0
LINE
8
BLACK
6
CONTINUOUS
10
1.4700042519685039
20
0.6684605905511811
11
1.4734461023622047
21
0.6658195669291338
0
LINE
8
BLACK
6
CONTINUOUS
10
1.4734461023622047
20
0.6658195669291338
11
1.4734463779527558
21
0.6658193700787401
0
LINE
8
BLACK
6
CONTINUOUS
10
1.4734463779527558
20
0.6658193700787401
11
1.4817500393700787
21
0.6610252755905511
0
LINE
8
BLACK
6
CONTINUOUS
10
1.4817500393700787
20
0.6610252755905511
11
1.4817504724409449
21
0.6610250393700787
0
LINE
8
BLACK
6
CONTINUOUS
10
1.4817504724409449
20
0.6610250393700787
11
1.4906096062992125
21
0.6573554724409448
0
LINE
8
BLACK
6
CONTINUOUS
10
1.4906096062992125
20
0.6573554724409448
11
1.4998720472440945
21
0.6548736220472441
0
LINE
8
BLACK
6
CONTINUOUS
10
1.4998720472440945
20
0.6548736220472441
11
1.509378622047244
21
0.6536220866141732
0
LINE
8
BLACK
6
CONTINUOUS
10
1.509378622047244
20
0.6536220866141732
11
1.5093790157480316
21
0.6536220472440945
0
LINE
8
BLACK
6
CONTINUOUS
10
1.5093790157480316
20
0.6536220472440945
11
1.5189674409448819
21
0.6536220472440945
0
LINE
8
BLACK
6
CONTINUOUS
10
1.5189674409448819
20
0.6536220472440945
11
1.5189677952755904
21
0.6536220866141732
0
LINE
8
BLACK
6
CONTINUOUS
10
1.5189677952755904
20
0.6536220866141732
11
1.5284743700787402
21
0.6548736220472441
0
LINE
8
BLACK
6
CONTINUOUS
10
1.5284743700787402
20
0.6548736220472441
11
1.537736811023622
21
0.6573554724409448
0
LINE
8
BLACK
6
CONTINUOUS
10
1.537736811023622
20
0.6573554724409448
11
1.5465959448818898
21
0.6610250393700787
0
LINE
8
BLACK
6
CONTINUOUS
10
1.5465959448818898
20
0.6610250393700787
11
1.5465963779527558
21
0.6610252755905511
0
LINE
8
BLACK
6
CONTINUOUS
10
1.5465963779527558
20
0.6610252755905511
11
1.5548999999999999
21
0.6658193700787401
0
LINE
8
BLACK
6
CONTINUOUS
10
1.5548999999999999
20
0.6658193700787401
11
1.558342125984252
21
0.6684606299212599
0
LINE
8
BLACK
6
CONTINUOUS
10
1.558342125984252
20
0.6684606299212599
11
1.5439158267716535
21
0.682886968503937
0
LINE
8
BLACK
6
CONTINUOUS
10
1.5439158267716535
20
0.682886968503937
11
1.5419438188976378
21
0.6814541732283464
0
LINE
8
BLACK
6
CONTINUOUS
10
1.7419438188976377
20
0.6814541732283464
11
1.734512716535433
21
0.6776678346456693
0
LINE
8
BLACK
6
CONTINUOUS
10
1.734512716535433
20
0.6776678346456693
11
1.7265807480314961
21
0.675090590551181
0
LINE
8
BLACK
6
CONTINUOUS
10
1.7265807480314961
20
0.675090590551181
11
1.7183433070866141
21
0.6737859055118111
0
LINE
8
BLACK
6
CONTINUOUS
10
1.7183433070866141
20
0.6737859055118111
11
1.7100031496062991
21
0.6737859055118111
0
LINE
8
BLACK
6
CONTINUOUS
10
1.7100031496062991
20
0.6737859055118111
11
1.7017657086614173
21
0.675090590551181
0
LINE
8
BLACK
6
CONTINUOUS
10
1.7017657086614173
20
0.675090590551181
11
1.6938337401574803
21
0.6776678346456693
0
LINE
8
BLACK
6
CONTINUOUS
10
1.6938337401574803
20
0.6776678346456693
11
1.6864026377952757
21
0.6814541732283464
0
LINE
8
BLACK
6
CONTINUOUS
10
1.6864026377952757
20
0.6814541732283464
11
1.6844305511811024
21
0.682886968503937
0
LINE
8
BLACK
6
CONTINUOUS
10
1.6844305511811024
20
0.682886968503937
11
1.6700042519685039
21
0.6684606299212599
0
LINE
8
BLACK
6
CONTINUOUS
10
1.6700042519685039
20
0.6684606299212599
11
1.6700042519685039
21
0.6684605905511811
0
LINE
8
BLACK
6
CONTINUOUS
10
1.6700042519685039
20
0.6684605905511811
11
1.6734461023622047
21
0.6658195669291338
0
LINE
8
BLACK
6
CONTINUOUS
10
1.6734461023622047
20
0.6658195669291338
11
1.673446377952756
21
0.6658193700787401
0
LINE
8
BLACK
6
CONTINUOUS
10
1.673446377952756
20
0.6658193700787401
11
1.6817500393700786
21
0.6610252755905511
0
LINE
8
BLACK
6
CONTINUOUS
10
1.6817500393700786
20
0.6610252755905511
11
1.6817504724409449
21
0.6610250393700787
0
LINE
8
BLACK
6
CONTINUOUS
10
1.6817504724409449
20
0.6610250393700787
11
1.6906096062992126
21
0.6573554724409448
0
LINE
8
BLACK
6
CONTINUOUS
10
1.6906096062992126
20
0.6573554724409448
11
1.6998720472440945
21
0.6548736220472441
0
LINE
8
BLACK
6
CONTINUOUS
10
1.6998720472440945
20
0.6548736220472441
11
1.709378622047244
21
0.6536220866141732
0
LINE
8
BLACK
6
CONTINUOUS
10
1.709378622047244
20
0.6536220866141732
11
1.7093790157480315
21
0.6536220472440945
0
LINE
8
BLACK
6
CONTINUOUS
10
1.7093790157480315
20
0.6536220472440945
11
1.7189674409448819
21
0.6536220472440945
0
LINE
8
BLACK
6
CONTINUOUS
10
1.7189674409448819
20
0.6536220472440945
11
1.7189677952755904
21
0.6536220866141732
0
LINE
8
BLACK
6
CONTINUOUS
10
1.7189677952755904
20
0.6536220866141732
11
1.7284743700787402
21
0.6548736220472441
0
LINE
8
BLACK
6
CONTINUOUS
10
1.7284743700787402
20
0.6548736220472441
11
1.737736811023622
21
0.6573554724409448
0
LINE
8
BLACK
6
CONTINUOUS
10
1.737736811023622
20
0.6573554724409448
11
1.7465959448818897
21
0.6610250393700787
0
LINE
8
BLACK
6
CONTINUOUS
10
1.7465959448818897
20
0.6610250393700787
11
1.7465963779527558
21
0.6610252755905511
0
LINE
8
BLACK
6
CONTINUOUS
10
1.7465963779527558
20
0.6610252755905511
11
1.7548999999999999
21
0.6658193700787401
0
LINE
8
BLACK
6
CONTINUOUS
10
1.7548999999999999
20
0.6658193700787401
11
1.758342125984252
21
0.6684606299212599
0
LINE
8
BLACK
6
CONTINUOUS
10
1.758342125984252
20
0.6684606299212599
11
1.7439158267716535
21
0.682886968503937
0
LINE
8
BLACK
6
CONTINUOUS
10
1.7439158267716535
20
0.682886968503937
11
1.7419438188976377
21
0.6814541732283464
0
LINE
8
BLACK
6
CONTINUOUS
10
0.2543307086614173
20
0.6970866141732284
11
0.2543307086614173
21
0.6751733464566929
0
LINE
8
BLACK
6
CONTINUOUS
10
0.2543307086614173
20
0.6751733464566929
11
0.254586811023622
21
0.6727916141732283
0
LINE
8
BLACK
6
CONTINUOUS
10
0.254586811023622
20
0.6727916141732283
11
0.2565966535433071
21
0.6674029921259842
0
LINE
8
BLACK
6
CONTINUOUS
10
0.2565966535433071
20
0.6674029921259842
11
0.2565966535433071
21
0.6674029527559054
0
LINE
8
BLACK
6
CONTINUOUS
10
0.2565966535433071
20
0.6674029527559054
11
0.2600431102362205
21
0.6627990551181102
0
LINE
8
BLACK
6
CONTINUOUS
10
0.2600431102362205
20
0.6627990551181102
11
0.2646470078740157
21
0.6593525984251969
0
LINE
8
BLACK
6
CONTINUOUS
10
0.2646470078740157
20
0.6593525984251969
11
0.2700356692913386
21
0.6573427559055118
0
LINE
8
BLACK
6
CONTINUOUS
10
0.2700356692913386
20
0.6573427559055118
11
0.2724174015748032
21
0.6570866535433071
0
LINE
8
BLACK
6
CONTINUOUS
10
0.2724174015748032
20
0.6570866535433071
11
0.2724179133858268
21
0.6570866141732283
0
LINE
8
BLACK
6
CONTINUOUS
10
0.2724179133858268
20
0.6570866141732283
11
0.2943307086614173
21
0.6570866141732283
0
LINE
8
BLACK
6
CONTINUOUS
10
0.2943307086614173
20
0.6570866141732283
11
0.2943307086614173
21
0.6770866141732284
0
LINE
8
BLACK
6
CONTINUOUS
10
0.2943307086614173
20
0.6770866141732284
11
0.2743307086614173
21
0.6770866141732284
0
LINE
8
BLACK
6
CONTINUOUS
10
0.2743307086614173
20
0.6770866141732284
11
0.2743307086614173
21
0.6970866141732284
0
LINE
8
BLACK
6
CONTINUOUS
10
0.2743307086614173
20
0.6970866141732284
11
0.2543307086614173
21
0.6970866141732284
0
LINE
8
BLACK
6
CONTINUOUS
10
0.3343307086614173
20
0.6970866141732284
11
0.3343307086614173
21
0.6770866141732284
0
LINE
8
BLACK
6
CONTINUOUS
10
0.3343307086614173
20
0.6770866141732284
11
0.3143307086614173
21
0.6770866141732284
0
LINE
8
BLACK
6
CONTINUOUS
10
0.3143307086614173
20
0.6770866141732284
11
0.3143307086614173
21
0.6570866141732283
0
LINE
8
BLACK
6
CONTINUOUS
10
0.3143307086614173
20
0.6570866141732283
11
0.3362435039370079
21
0.6570866141732283
0
LINE
8
BLACK
6
CONTINUOUS
10
0.3362435039370079
20
0.6570866141732283
11
0.3362439763779527
21
0.6570866535433071
0
LINE
8
BLACK
6
CONTINUOUS
10
0.3362439763779527
20
0.6570866535433071
11
0.3386257086614173
21
0.6573427559055118
0
LINE
8
BLACK
6
CONTINUOUS
10
0.3386257086614173
20
0.6573427559055118
11
0.3440143307086614
21
0.6593525984251969
0
LINE
8
BLACK
6
CONTINUOUS
10
0.3440143307086614
20
0.6593525984251969
11
0.3440143700787401
21
0.6593525984251969
0
LINE
8
BLACK
6
CONTINUOUS
10
0.3440143700787401
20
0.6593525984251969
11
0.3486182677165354
21
0.6627990551181102
0
LINE
8
BLACK
6
CONTINUOUS
10
0.3486182677165354
20
0.6627990551181102
11
0.3503595275590551
21
0.6651250787401575
0
LINE
8
BLACK
6
CONTINUOUS
10
0.3503595275590551
20
0.6651250787401575
11
0.3525971653543307
21
0.666800157480315
0
LINE
8
BLACK
6
CONTINUOUS
10
0.3525971653543307
20
0.666800157480315
11
0.355385157480315
21
0.6669995275590551
0
LINE
8
BLACK
6
CONTINUOUS
10
0.355385157480315
20
0.6669995275590551
11
0.3578384251968504
21
0.6656599606299213
0
LINE
8
BLACK
6
CONTINUOUS
10
0.3578384251968504
20
0.6656599606299213
11
0.3583018897637795
21
0.6651250787401575
0
LINE
8
BLACK
6
CONTINUOUS
10
0.3583018897637795
20
0.6651250787401575
11
0.3600431102362205
21
0.6627990551181102
0
LINE
8
BLACK
6
CONTINUOUS
10
0.3600431102362205
20
0.6627990551181102
11
0.3646470078740157
21
0.6593525984251969
0
LINE
8
BLACK
6
CONTINUOUS
10
0.3646470078740157
20
0.6593525984251969
11
0.3700356692913386
21
0.6573427559055118
0
LINE
8
BLACK
6
CONTINUOUS
10
0.3700356692913386
20
0.6573427559055118
11
0.3724174015748031
21
0.6570866535433071
0
LINE
8
BLACK
6
CONTINUOUS
10
0.3724174015748031
20
0.6570866535433071
11
0.3724179133858267
21
0.6570866141732283
0
LINE
8
BLACK
6
CONTINUOUS
10
0.3724179133858267
20
0.6570866141732283
11
0.3943307086614173
21
0.6570866141732283
0
LINE
8
BLACK
6
CONTINUOUS
10
0.3943307086614173
20
0.6570866141732283
11
0.3943307086614173
21
0.6770866141732284
0
LINE
8
BLACK
6
CONTINUOUS
10
0.3943307086614173
20
0.6770866141732284
11
0.3743307086614173
21
0.6770866141732284
0
LINE
8
BLACK
6
CONTINUOUS
10
0.3743307086614173
20
0.6770866141732284
11
0.3743307086614173
21
0.6970866141732284
0
LINE
8
BLACK
6
CONTINUOUS
10
0.3743307086614173
20
0.6970866141732284
11
0.3343307086614173
21
0.6970866141732284
0
LINE
8
BLACK
6
CONTINUOUS
10
0.4343307086614173
20
0.6770866141732284
11
0.4143307086614173
21
0.6770866141732284
0
LINE
8
BLACK
6
CONTINUOUS
10
0.4143307086614173
20
0.6770866141732284
11
0.4143307086614173
21
0.6570866141732283
0
LINE
8
BLACK
6
CONTINUOUS
10
0.4143307086614173
20
0.6570866141732283
11
0.4362435039370078
21
0.6570866141732283
0
LINE
8
BLACK
6
CONTINUOUS
10
0.4362435039370078
20
0.6570866141732283
11
0.4362439763779528
21
0.6570866535433071
0
LINE
8
BLACK
6
CONTINUOUS
10
0.4362439763779528
20
0.6570866535433071
11
0.4386257086614173
21
0.6573427559055118
0
LINE
8
BLACK
6
CONTINUOUS
10
0.4386257086614173
20
0.6573427559055118
11
0.4440143307086614
21
0.6593525984251969
0
LINE
8
BLACK
6
CONTINUOUS
10
0.4440143307086614
20
0.6593525984251969
11
0.4440143700787402
21
0.6593525984251969
0
LINE
8
BLACK
6
CONTINUOUS
10
0.4440143700787402
20
0.6593525984251969
11
0.4486182677165354
21
0.6627990551181102
0
LINE
8
BLACK
6
CONTINUOUS
10
0.4486182677165354
20
0.6627990551181102
11
0.4520647244094488
21
0.6674029527559054
0
LINE
8
BLACK
6
CONTINUOUS
10
0.4520647244094488
20
0.6674029527559054
11
0.4538212992125984
21
0.6721125196850394
0
LINE
8
BLACK
6
CONTINUOUS
10
0.4538212992125984
20
0.6721125196850394
11
0.4538213385826771
21
0.6721125984251969
0
LINE
8
BLACK
6
CONTINUOUS
10
0.4538213385826771
20
0.6721125984251969
11
0.4540745669291338
21
0.6727915748031496
0
LINE
8
BLACK
6
CONTINUOUS
10
0.4540745669291338
20
0.6727915748031496
11
0.4543306692913386
21
0.6751733464566929
0
LINE
8
BLACK
6
CONTINUOUS
10
0.4543306692913386
20
0.6751733464566929
11
0.4543307086614173
21
0.6751738188976378
0
LINE
8
BLACK
6
CONTINUOUS
10
0.4543307086614173
20
0.6751738188976378
11
0.4543307086614173
21
0.6970866141732284
0
LINE
8
BLACK
6
CONTINUOUS
10
0.4543307086614173
20
0.6970866141732284
11
0.4343307086614173
21
0.6970866141732284
0
LINE
8
BLACK
6
CONTINUOUS
10
0.4343307086614173
20
0.6970866141732284
11
0.4343307086614173
21
0.6770866141732284
0
LINE
8
BLACK
6
CONTINUOUS
10
1.453220905511811
20
0.7674985039370078
11
1.448426811023622
21
0.7591948425196851
0
LINE
8
BLACK
6
CONTINUOUS
10
1.448426811023622
20
0.7591948425196851
11
1.4484265748031495
21
0.7591944094488189
0
LINE
8
BLACK
6
CONTINUOUS
10
1.4484265748031495
20
0.7591944094488189
11
1.4447570078740157
21
0.7503352755905511
0
LINE
8
BLACK
6
CONTINUOUS
10
1.4447570078740157
20
0.7503352755905511
11
1.442275157480315
21
0.7410728346456693
0
LINE
8
BLACK
6
CONTINUOUS
10
1.442275157480315
20
0.7410728346456693
11
1.4410236220472441
21
0.7315662598425197
0
LINE
8
BLACK
6
CONTINUOUS
10
1.4410236220472441
20
0.7315662598425197
11
1.4410236220472441
21
0.7219770866141733
0
LINE
8
BLACK
6
CONTINUOUS
10
1.4410236220472441
20
0.7219770866141733
11
1.442275157480315
21
0.7124705118110236
0
LINE
8
BLACK
6
CONTINUOUS
10
1.442275157480315
20
0.7124705118110236
11
1.4447570078740157
21
0.7032080708661417
0
LINE
8
BLACK
6
CONTINUOUS
10
1.4447570078740157
20
0.7032080708661417
11
1.4484265748031495
21
0.694348937007874
0
LINE
8
BLACK
6
CONTINUOUS
10
1.4484265748031495
20
0.694348937007874
11
1.448426811023622
21
0.6943485039370079
0
LINE
8
BLACK
6
CONTINUOUS
10
1.448426811023622
20
0.6943485039370079
11
1.453220905511811
21
0.686044842519685
0
LINE
8
BLACK
6
CONTINUOUS
10
1.453220905511811
20
0.686044842519685
11
1.4532210629921261
21
0.6860446062992126
0
LINE
8
BLACK
6
CONTINUOUS
10
1.4532210629921261
20
0.6860446062992126
11
1.4558620866141732
21
0.6826027952755905
0
LINE
8
BLACK
6
CONTINUOUS
10
1.4558620866141732
20
0.6826027952755905
11
1.4558621653543307
21
0.6826027559055118
0
LINE
8
BLACK
6
CONTINUOUS
10
1.4558621653543307
20
0.6826027559055118
11
1.4702884645669292
21
0.6970290944881889
0
LINE
8
BLACK
6
CONTINUOUS
10
1.4702884645669292
20
0.6970290944881889
11
1.4688557480314961
21
0.6990010629921259
0
LINE
8
BLACK
6
CONTINUOUS
10
1.4688557480314961
20
0.6990010629921259
11
1.4650694094488188
21
0.7064321653543307
0
LINE
8
BLACK
6
CONTINUOUS
10
1.4650694094488188
20
0.7064321653543307
11
1.4624921653543306
21
0.7143641338582677
0
LINE
8
BLACK
6
CONTINUOUS
10
1.4624921653543306
20
0.7143641338582677
11
1.4611874803149607
21
0.7226015748031496
0
LINE
8
BLACK
6
CONTINUOUS
10
1.4611874803149607
20
0.7226015748031496
11
1.4611874803149607
21
0.7309417322834646
0
LINE
8
BLACK
6
CONTINUOUS
10
1.4611874803149607
20
0.7309417322834646
11
1.4624921653543306
21
0.7391791732283465
0
LINE
8
BLACK
6
CONTINUOUS
10
1.4624921653543306
20
0.7391791732283465
11
1.4650694094488188
21
0.7471111417322834
0
LINE
8
BLACK
6
CONTINUOUS
10
1.4650694094488188
20
0.7471111417322834
11
1.4688557480314961
21
0.7545422440944882
0
LINE
8
BLACK
6
CONTINUOUS
10
1.4688557480314961
20
0.7545422440944882
11
1.4702884645669292
21
0.7565142913385826
0
LINE
8
BLACK
6
CONTINUOUS
10
1.4702884645669292
20
0.7565142913385826
11
1.4558621259842519
21
0.7709406299212598
0
LINE
8
BLACK
6
CONTINUOUS
10
1.4558621259842519
20
0.7709406299212598
11
1.453220905511811
21
0.7674985039370078
0
LINE
8
BLACK
6
CONTINUOUS
10
1.653220905511811
20
0.9674985039370079
11
1.648426811023622
21
0.959194842519685
0
LINE
8
BLACK
6
CONTINUOUS
10
1.648426811023622
20
0.959194842519685
11
1.6484265748031495
21
0.9591944094488188
0
LINE
8
BLACK
6
CONTINUOUS
10
1.6484265748031495
20
0.9591944094488188
11
1.6447570078740157
21
0.9503352755905512
0
LINE
8
BLACK
6
CONTINUOUS
10
1.6447570078740157
20
0.9503352755905512
11
1.6422751574803149
21
0.9410728346456693
0
LINE
8
BLACK
6
CONTINUOUS
10
1.6422751574803149
20
0.9410728346456693
11
1.6410236220472441
21
0.9315662598425196
0
LINE
8
BLACK
6
CONTINUOUS
10
1.6410236220472441
20
0.9315662598425196
11
1.6410236220472441
21
0.9219770078740157
0
LINE
8
BLACK
6
CONTINUOUS
10
1.6410236220472441
20
0.9219770078740157
11
1.6415109448818896
21
0.9182753543307086
0
LINE
8
BLACK
6
CONTINUOUS
10
1.6415109448818896
20
0.9182753543307086
11
1.6410802362204724
21
0.9155135826771653
0
LINE
8
BLACK
6
CONTINUOUS
10
1.6410802362204724
20
0.9155135826771653
11
1.6392248031496062
21
0.9134231102362205
0
LINE
8
BLACK
6
CONTINUOUS
10
1.6392248031496062
20
0.9134231102362205
11
1.6365336614173227
21
0.9126676377952756
0
LINE
8
BLACK
6
CONTINUOUS
10
1.6365336614173227
20
0.9126676377952756
11
1.6353088976377952
21
0.9128362992125985
0
LINE
8
BLACK
6
CONTINUOUS
10
1.6353088976377952
20
0.9128362992125985
11
1.631495590551181
21
0.9138580708661417
0
LINE
8
BLACK
6
CONTINUOUS
10
1.631495590551181
20
0.9138580708661417
11
1.6199806299212598
21
0.9153740157480315
0
LINE
8
BLACK
6
CONTINUOUS
10
1.6199806299212598
20
0.9153740157480315
11
1.6199805511811023
21
0.9153740157480315
0
LINE
8
BLACK
6
CONTINUOUS
10
1.6199805511811023
20
0.9153740157480315
11
1.6083659055118109
21
0.9153740157480315
0
LINE
8
BLACK
6
CONTINUOUS
10
1.6083659055118109
20
0.9153740157480315
11
1.6083657874015749
21
0.9153740157480315
0
LINE
8
BLACK
6
CONTINUOUS
10
1.6083657874015749
20
0.9153740157480315
11
1.5968508267716535
21
0.9138580708661417
0
LINE
8
BLACK
6
CONTINUOUS
10
1.5968508267716535
20
0.9138580708661417
11
1.5930375196850393
21
0.9128362992125985
0
LINE
8
BLACK
6
CONTINUOUS
10
1.5930375196850393
20
0.9128362992125985
11
1.5902431496062992
21
0.9129028346456692
0
LINE
8
BLACK
6
CONTINUOUS
10
1.5902431496062992
20
0.9129028346456692
11
1.5879283858267716
21
0.9144695669291338
0
LINE
8
BLACK
6
CONTINUOUS
10
1.5879283858267716
20
0.9144695669291338
11
1.5868281102362205
21
0.9170390551181102
0
LINE
8
BLACK
6
CONTINUOUS
10
1.5868281102362205
20
0.9170390551181102
11
1.5868354724409448
21
0.9182753937007874
0
LINE
8
BLACK
6
CONTINUOUS
10
1.5868354724409448
20
0.9182753937007874
11
1.5873227952755906
21
0.921977125984252
0
LINE
8
BLACK
6
CONTINUOUS
10
1.5873227952755906
20
0.921977125984252
11
1.5873228346456691
21
0.9219774409448819
0
LINE
8
BLACK
6
CONTINUOUS
10
1.5873228346456691
20
0.9219774409448819
11
1.5873228346456691
21
0.9315658661417323
0
LINE
8
BLACK
6
CONTINUOUS
10
1.5873228346456691
20
0.9315658661417323
11
1.5873227952755906
21
0.9315662598425196
0
LINE
8
BLACK
6
CONTINUOUS
10
1.5873227952755906
20
0.9315662598425196
11
1.5860712598425197
21
0.9410728346456693
0
LINE
8
BLACK
6
CONTINUOUS
10
1.5860712598425197
20
0.9410728346456693
11
1.5835894094488188
21
0.9503352755905512
0
LINE
8
BLACK
6
CONTINUOUS
10
1.5835894094488188
20
0.9503352755905512
11
1.579919842519685
21
0.9591944094488188
0
LINE
8
BLACK
6
CONTINUOUS
10
1.579919842519685
20
0.9591944094488188
11
1.5799196062992125
21
0.959194842519685
0
LINE
8
BLACK
6
CONTINUOUS
10
1.5799196062992125
20
0.959194842519685
11
1.5751255118110237
21
0.9674985039370079
0
LINE
8
BLACK
6
CONTINUOUS
10
1.5751255118110237
20
0.9674985039370079
11
1.5751253149606299
21
0.967498779527559
0
LINE
8
BLACK
6
CONTINUOUS
10
1.5751253149606299
20
0.967498779527559
11
1.5724842519685038
21
0.9709406299212598
0
LINE
8
BLACK
6
CONTINUOUS
10
1.5724842519685038
20
0.9709406299212598
11
1.5580579133858268
21
0.9565143307086614
0
LINE
8
BLACK
6
CONTINUOUS
10
1.5580579133858268
20
0.9565143307086614
11
1.5594907086614174
21
0.9545422440944882
0
LINE
8
BLACK
6
CONTINUOUS
10
1.5594907086614174
20
0.9545422440944882
11
1.5632770472440944
21
0.9471111417322834
0
LINE
8
BLACK
6
CONTINUOUS
10
1.5632770472440944
20
0.9471111417322834
11
1.5658542913385827
21
0.9391791732283464
0
LINE
8
BLACK
6
CONTINUOUS
10
1.5658542913385827
20
0.9391791732283464
11
1.5671589763779528
21
0.9309417322834646
0
LINE
8
BLACK
6
CONTINUOUS
10
1.5671589763779528
20
0.9309417322834646
11
1.5671589763779528
21
0.9226015748031496
0
LINE
8
BLACK
6
CONTINUOUS
10
1.5671589763779528
20
0.9226015748031496
11
1.5658542913385827
21
0.9143641338582676
0
LINE
8
BLACK
6
CONTINUOUS
10
1.5658542913385827
20
0.9143641338582676
11
1.5632770472440944
21
0.9064321653543307
0
LINE
8
BLACK
6
CONTINUOUS
10
1.5632770472440944
20
0.9064321653543307
11
1.5594907086614174
21
0.899001062992126
0
LINE
8
BLACK
6
CONTINUOUS
10
1.5594907086614174
20
0.899001062992126
11
1.5545885039370078
21
0.8922537401574803
0
LINE
8
BLACK
6
CONTINUOUS
10
1.5545885039370078
20
0.8922537401574803
11
1.5486911417322835
21
0.8863563779527559
0
LINE
8
BLACK
6
CONTINUOUS
10
1.5486911417322835
20
0.8863563779527559
11
1.5419438188976378
21
0.8814541732283464
0
LINE
8
BLACK
6
CONTINUOUS
10
1.5419438188976378
20
0.8814541732283464
11
1.5345127165354331
21
0.8776678346456692
0
LINE
8
BLACK
6
CONTINUOUS
10
1.5345127165354331
20
0.8776678346456692
11
1.5265807480314961
21
0.8750905905511811
0
LINE
8
BLACK
6
CONTINUOUS
10
1.5265807480314961
20
0.8750905905511811
11
1.5183433070866141
21
0.873785905511811
0
LINE
8
BLACK
6
CONTINUOUS
10
1.5183433070866141
20
0.873785905511811
11
1.5100031496062991
21
0.873785905511811
0
LINE
8
BLACK
6
CONTINUOUS
10
1.5100031496062991
20
0.873785905511811
11
1.5017657086614173
21
0.8750905905511811
0
LINE
8
BLACK
6
CONTINUOUS
10
1.5017657086614173
20
0.8750905905511811
11
1.4938337401574804
21
0.8776678346456692
0
LINE
8
BLACK
6
CONTINUOUS
10
1.4938337401574804
20
0.8776678346456692
11
1.4864026377952755
21
0.8814541732283464
0
LINE
8
BLACK
6
CONTINUOUS
10
1.4864026377952755
20
0.8814541732283464
11
1.4844305511811022
21
0.882886968503937
0
LINE
8
BLACK
6
CONTINUOUS
10
1.4844305511811022
20
0.882886968503937
11
1.4700042519685039
21
0.8684606299212598
0
LINE
8
BLACK
6
CONTINUOUS
10
1.4700042519685039
20
0.8684606299212598
11
1.4700042519685039
21
0.8684605905511811
0
LINE
8
BLACK
6
CONTINUOUS
10
1.4700042519685039
20
0.8684605905511811
11
1.4734461023622047
21
0.8658195669291339
0
LINE
8
BLACK
6
CONTINUOUS
10
1.4734461023622047
20
0.8658195669291339
11
1.4734463779527558
21
0.8658193700787401
0
LINE
8
BLACK
6
CONTINUOUS
10
1.4734463779527558
20
0.8658193700787401
11
1.4817500393700787
21
0.8610252755905512
0
LINE
8
BLACK
6
CONTINUOUS
10
1.4817500393700787
20
0.8610252755905512
11
1.4817504724409449
21
0.8610250393700787
0
LINE
8
BLACK
6
CONTINUOUS
10
1.4817504724409449
20
0.8610250393700787
11
1.4906096062992125
21
0.8573554724409449
0
LINE
8
BLACK
6
CONTINUOUS
10
1.4906096062992125
20
0.8573554724409449
11
1.4998720472440945
21
0.854873622047244
0
LINE
8
BLACK
6
CONTINUOUS
10
1.4998720472440945
20
0.854873622047244
11
1.509378622047244
21
0.8536220866141732
0
LINE
8
BLACK
6
CONTINUOUS
10
1.509378622047244
20
0.8536220866141732
11
1.5093790157480316
21
0.8536220472440945
0
LINE
8
BLACK
6
CONTINUOUS
10
1.5093790157480316
20
0.8536220472440945
11
1.5189674409448819
21
0.8536220472440945
0
LINE
8
BLACK
6
CONTINUOUS
10
1.5189674409448819
20
0.8536220472440945
11
1.5189677559055117
21
0.8536220866141732
0
LINE
8
BLACK
6
CONTINUOUS
10
1.5189677559055117
20
0.8536220866141732
11
1.5226694881889764
21
0.8541094094488189
0
LINE
8
BLACK
6
CONTINUOUS
10
1.5226694881889764
20
0.8541094094488189
11
1.525431220472441
21
0.8536787401574802
0
LINE
8
BLACK
6
CONTINUOUS
10
1.525431220472441
20
0.8536787401574802
11
1.5275217322834644
21
0.8518233070866141
0
LINE
8
BLACK
6
CONTINUOUS
10
1.5275217322834644
20
0.8518233070866141
11
1.5282772440944881
21
0.8491322047244094
0
LINE
8
BLACK
6
CONTINUOUS
10
1.5282772440944881
20
0.8491322047244094
11
1.5281085826771654
21
0.8479073622047244
0
LINE
8
BLACK
6
CONTINUOUS
10
1.5281085826771654
20
0.8479073622047244
11
1.527086811023622
21
0.8440940551181102
0
LINE
8
BLACK
6
CONTINUOUS
10
1.527086811023622
20
0.8440940551181102
11
1.5255708661417322
21
0.832579094488189
0
LINE
8
BLACK
6
CONTINUOUS
10
1.5255708661417322
20
0.832579094488189
11
1.5255708661417322
21
0.8209642519685039
0
LINE
8
BLACK
6
CONTINUOUS
10
1.5255708661417322
20
0.8209642519685039
11
1.527086811023622
21
0.8094492913385827
0
LINE
8
BLACK
6
CONTINUOUS
10
1.527086811023622
20
0.8094492913385827
11
1.5281085826771654
21
0.8056359842519685
0
LINE
8
BLACK
6
CONTINUOUS
10
1.5281085826771654
20
0.8056359842519685
11
1.5280420472440945
21
0.8028416535433071
0
LINE
8
BLACK
6
CONTINUOUS
10
1.5280420472440945
20
0.8028416535433071
11
1.5264753149606298
21
0.8005268503937008
0
LINE
8
BLACK
6
CONTINUOUS
10
1.5264753149606298
20
0.8005268503937008
11
1.5239058661417322
21
0.7994265748031496
0
LINE
8
BLACK
6
CONTINUOUS
10
1.5239058661417322
20
0.7994265748031496
11
1.5226695275590552
21
0.799433937007874
0
LINE
8
BLACK
6
CONTINUOUS
10
1.5226695275590552
20
0.799433937007874
11
1.518967874015748
21
0.7999212598425197
0
LINE
8
BLACK
6
CONTINUOUS
10
1.518967874015748
20
0.7999212598425197
11
1.509378622047244
21
0.7999212598425197
0
LINE
8
BLACK
6
CONTINUOUS
10
1.509378622047244
20
0.7999212598425197
11
1.4998720472440945
21
0.7986697244094488
0
LINE
8
BLACK
6
CONTINUOUS
10
1.4998720472440945
20
0.7986697244094488
11
1.4906096062992125
21
0.796187874015748
0
LINE
8
BLACK
6
CONTINUOUS
10
1.4906096062992125
20
0.796187874015748
11
1.4817504724409449
21
0.7925183070866142
0
LINE
8
BLACK
6
CONTINUOUS
10
1.4817504724409449
20
0.7925183070866142
11
1.4817500393700787
21
0.7925180708661417
0
LINE
8
BLACK
6
CONTINUOUS
10
1.4817500393700787
20
0.7925180708661417
11
1.4734463779527558
21
0.7877239763779528
0
LINE
8
BLACK
6
CONTINUOUS
10
1.4734463779527558
20
0.7877239763779528
11
1.4700042519685039
21
0.7850827559055118
0
LINE
8
BLACK
6
CONTINUOUS
10
1.4700042519685039
20
0.7850827559055118
11
1.484430590551181
21
0.7706564173228346
0
LINE
8
BLACK
6
CONTINUOUS
10
1.484430590551181
20
0.7706564173228346
11
1.4864026377952755
21
0.7720891338582677
0
LINE
8
BLACK
6
CONTINUOUS
10
1.4864026377952755
20
0.7720891338582677
11
1.4938337401574804
21
0.7758754724409449
0
LINE
8
BLACK
6
CONTINUOUS
10
1.4938337401574804
20
0.7758754724409449
11
1.5017657086614173
21
0.778452716535433
0
LINE
8
BLACK
6
CONTINUOUS
10
1.5017657086614173
20
0.778452716535433
11
1.5100031496062991
21
0.7797574015748031
0
LINE
8
BLACK
6
CONTINUOUS
10
1.5100031496062991
20
0.7797574015748031
11
1.5183433070866141
21
0.7797574015748031
0
LINE
8
BLACK
6
CONTINUOUS
10
1.5183433070866141
20
0.7797574015748031
11
1.5265807480314961
21
0.778452716535433
0
LINE
8
BLACK
6
CONTINUOUS
10
1.5265807480314961
20
0.778452716535433
11
1.5345127165354331
21
0.7758754724409449
0
LINE
8
BLACK
6
CONTINUOUS
10
1.5345127165354331
20
0.7758754724409449
11
1.5419438188976378
21
0.7720891338582677
0
LINE
8
BLACK
6
CONTINUOUS
10
1.5419438188976378
20
0.7720891338582677
11
1.5486911417322835
21
0.7671869291338582
0
LINE
8
BLACK
6
CONTINUOUS
10
1.5486911417322835
20
0.7671869291338582
11
1.5545885039370078
21
0.7612895669291339
0
LINE
8
BLACK
6
CONTINUOUS
10
1.5545885039370078
20
0.7612895669291339
11
1.5594907086614174
21
0.7545422440944882
0
LINE
8
BLACK
6
CONTINUOUS
10
1.5594907086614174
20
0.7545422440944882
11
1.5632770472440944
21
0.7471111417322834
0
LINE
8
BLACK
6
CONTINUOUS
10
1.5632770472440944
20
0.7471111417322834
11
1.5658542913385827
21
0.7391791732283465
0
LINE
8
BLACK
6
CONTINUOUS
10
1.5658542913385827
20
0.7391791732283465
11
1.5671589763779528
21
0.7309417322834646
0
LINE
8
BLACK
6
CONTINUOUS
10
1.5671589763779528
20
0.7309417322834646
11
1.5671589763779528
21
0.7226015748031496
0
LINE
8
BLACK
6
CONTINUOUS
10
1.5671589763779528
20
0.7226015748031496
11
1.5658542913385827
21
0.7143641338582677
0
LINE
8
BLACK
6
CONTINUOUS
10
1.5658542913385827
20
0.7143641338582677
11
1.5632770472440944
21
0.7064321653543307
0
LINE
8
BLACK
6
CONTINUOUS
10
1.5632770472440944
20
0.7064321653543307
11
1.5594907086614174
21
0.6990010629921259
0
LINE
8
BLACK
6
CONTINUOUS
10
1.5594907086614174
20
0.6990010629921259
11
1.5580579527559055
21
0.6970290551181102
0
LINE
8
BLACK
6
CONTINUOUS
10
1.5580579527559055
20
0.6970290551181102
11
1.5724842519685038
21
0.6826027559055118
0
LINE
8
BLACK
6
CONTINUOUS
10
1.5724842519685038
20
0.6826027559055118
11
1.5751255118110237
21
0.6860448818897638
0
LINE
8
BLACK
6
CONTINUOUS
10
1.5751255118110237
20
0.6860448818897638
11
1.5799196062992125
21
0.6943485039370079
0
LINE
8
BLACK
6
CONTINUOUS
10
1.5799196062992125
20
0.6943485039370079
11
1.579919842519685
21
0.694348937007874
0
LINE
8
BLACK
6
CONTINUOUS
10
1.579919842519685
20
0.694348937007874
11
1.5835894094488188
21
0.7032080708661417
0
LINE
8
BLACK
6
CONTINUOUS
10
1.5835894094488188
20
0.7032080708661417
11
1.5860712598425197
21
0.7124705118110236
0
LINE
8
BLACK
6
CONTINUOUS
10
1.5860712598425197
20
0.7124705118110236
11
1.5873227952755906
21
0.7219770866141733
0
LINE
8
BLACK
6
CONTINUOUS
10
1.5873227952755906
20
0.7219770866141733
11
1.5873228346456691
21
0.7219774409448819
0
LINE
8
BLACK
6
CONTINUOUS
10
1.5873228346456691
20
0.7219774409448819
11
1.5873228346456691
21
0.7315658661417322
0
LINE
8
BLACK
6
CONTINUOUS
10
1.5873228346456691
20
0.7315658661417322
11
1.5873227952755906
21
0.7315662598425197
0
LINE
8
BLACK
6
CONTINUOUS
10
1.5873227952755906
20
0.7315662598425197
11
1.5868354724409448
21
0.7352679527559055
0
LINE
8
BLACK
6
CONTINUOUS
10
1.5868354724409448
20
0.7352679527559055
11
1.5872661417322835
21
0.7380297244094488
0
LINE
8
BLACK
6
CONTINUOUS
10
1.5872661417322835
20
0.7380297244094488
11
1.5891216141732283
21
0.7401201968503937
0
LINE
8
BLACK
6
CONTINUOUS
10
1.5891216141732283
20
0.7401201968503937
11
1.5918126771653542
21
0.7408757086614173
0
LINE
8
BLACK
6
CONTINUOUS
10
1.5918126771653542
20
0.7408757086614173
11
1.593037401574803
21
0.7407070866141732
0
LINE
8
BLACK
6
CONTINUOUS
10
1.593037401574803
20
0.7407070866141732
11
1.5968506692913385
21
0.7396853149606299
0
LINE
8
BLACK
6
CONTINUOUS
10
1.5968506692913385
20
0.7396853149606299
11
1.596850905511811
21
0.7396853149606299
0
LINE
8
BLACK
6
CONTINUOUS
10
1.596850905511811
20
0.7396853149606299
11
1.5968509448818897
21
0.7396852755905512
0
LINE
8
BLACK
6
CONTINUOUS
10
1.5968509448818897
20
0.7396852755905512
11
1.5981722047244094
21
0.7395113385826771
0
LINE
8
BLACK
6
CONTINUOUS
10
1.5981722047244094
20
0.7395113385826771
11
1.6083659055118109
21
0.7381692913385827
0
LINE
8
BLACK
6
CONTINUOUS
10
1.6083659055118109
20
0.7381692913385827
11
1.6083661811023622
21
0.7381692913385827
0
LINE
8
BLACK
6
CONTINUOUS
10
1.6083661811023622
20
0.7381692913385827
11
1.6199802755905512
21
0.7381692913385827
0
LINE
8
BLACK
6
CONTINUOUS
10
1.6199802755905512
20
0.7381692913385827
11
1.6199805511811023
21
0.7381692913385827
0
LINE
8
BLACK
6
CONTINUOUS
10
1.6199805511811023
20
0.7381692913385827
11
1.6314957874015747
21
0.7396853149606299
0
LINE
8
BLACK
6
CONTINUOUS
10
1.6314957874015747
20
0.7396853149606299
11
1.6353089370078739
21
0.7407070472440944
0
LINE
8
BLACK
6
CONTINUOUS
10
1.6353089370078739
20
0.7407070472440944
11
1.6381031496062992
21
0.7406405511811024
0
LINE
8
BLACK
6
CONTINUOUS
10
1.6381031496062992
20
0.7406405511811024
11
1.6404179527559055
21
0.7390738976377953
0
LINE
8
BLACK
6
CONTINUOUS
10
1.6404179527559055
20
0.7390738976377953
11
1.6415183070866142
21
0.7365044488188977
0
LINE
8
BLACK
6
CONTINUOUS
10
1.6415183070866142
20
0.7365044488188977
11
1.6415109448818896
21
0.735268031496063
0
LINE
8
BLACK
6
CONTINUOUS
10
1.6415109448818896
20
0.735268031496063
11
1.6410236220472441
21
0.7315663385826772
0
LINE
8
BLACK
6
CONTINUOUS
10
1.6410236220472441
20
0.7315663385826772
11
1.6410236220472441
21
0.7219770866141733
0
LINE
8
BLACK
6
CONTINUOUS
10
1.6410236220472441
20
0.7219770866141733
11
1.6422751574803149
21
0.7124705118110236
0
LINE
8
BLACK
6
CONTINUOUS
10
1.6422751574803149
20
0.7124705118110236
11
1.6447570078740157
21
0.7032080708661417
0
LINE
8
BLACK
6
CONTINUOUS
10
1.6447570078740157
20
0.7032080708661417
11
1.6484265748031495
21
0.694348937007874
0
LINE
8
BLACK
6
CONTINUOUS
10
1.6484265748031495
20
0.694348937007874
11
1.648426811023622
21
0.6943485039370079
0
LINE
8
BLACK
6
CONTINUOUS
10
1.648426811023622
20
0.6943485039370079
11
1.653220905511811
21
0.686044842519685
0
LINE
8
BLACK
6
CONTINUOUS
10
1.653220905511811
20
0.686044842519685
11
1.653221062992126
21
0.6860446062992126
0
LINE
8
BLACK
6
CONTINUOUS
10
1.653221062992126
20
0.6860446062992126
11
1.6558620866141731
21
0.6826027952755905
0
LINE
8
BLACK
6
CONTINUOUS
10
1.6558620866141731
20
0.6826027952755905
11
1.6558621259842519
21
0.6826027559055118
0
LINE
8
BLACK
6
CONTINUOUS
10
1.6558621259842519
20
0.6826027559055118
11
1.6702884251968504
21
0.6970290944881889
0
LINE
8
BLACK
6
CONTINUOUS
10
1.6702884251968504
20
0.6970290944881889
11
1.6688557480314961
21
0.6990010629921259
0
LINE
8
BLACK
6
CONTINUOUS
10
1.6688557480314961
20
0.6990010629921259
11
1.6650694094488188
21
0.7064321653543307
0
LINE
8
BLACK
6
CONTINUOUS
10
1.6650694094488188
20
0.7064321653543307
11
1.6624921653543308
21
0.7143641338582677
0
LINE
8
BLACK
6
CONTINUOUS
10
1.6624921653543308
20
0.7143641338582677
11
1.6611874803149607
21
0.7226015748031496
0
LINE
8
BLACK
6
CONTINUOUS
10
1.6611874803149607
20
0.7226015748031496
11
1.6611874803149607
21
0.7309417322834646
0
LINE
8
BLACK
6
CONTINUOUS
10
1.6611874803149607
20
0.7309417322834646
11
1.6624921653543308
21
0.7391791732283465
0
LINE
8
BLACK
6
CONTINUOUS
10
1.6624921653543308
20
0.7391791732283465
11
1.6650694094488188
21
0.7471111417322834
0
LINE
8
BLACK
6
CONTINUOUS
10
1.6650694094488188
20
0.7471111417322834
11
1.6688557480314961
21
0.7545422440944882
0
LINE
8
BLACK
6
CONTINUOUS
10
1.6688557480314961
20
0.7545422440944882
11
1.6737579527559054
21
0.7612895669291339
0
LINE
8
BLACK
6
CONTINUOUS
10
1.6737579527559054
20
0.7612895669291339
11
1.6796553149606299
21
0.7671869291338582
0
LINE
8
BLACK
6
CONTINUOUS
10
1.6796553149606299
20
0.7671869291338582
11
1.6864026377952757
21
0.7720891338582677
0
LINE
8
BLACK
6
CONTINUOUS
10
1.6864026377952757
20
0.7720891338582677
11
1.6938337401574803
21
0.7758754724409449
0
LINE
8
BLACK
6
CONTINUOUS
10
1.6938337401574803
20
0.7758754724409449
11
1.7017657086614173
21
0.778452716535433
0
LINE
8
BLACK
6
CONTINUOUS
10
1.7017657086614173
20
0.778452716535433
11
1.7100031496062991
21
0.7797574015748031
0
LINE
8
BLACK
6
CONTINUOUS
10
1.7100031496062991
20
0.7797574015748031
11
1.7183433070866141
21
0.7797574015748031
0
LINE
8
BLACK
6
CONTINUOUS
10
1.7183433070866141
20
0.7797574015748031
11
1.7265807480314961
21
0.778452716535433
0
LINE
8
BLACK
6
CONTINUOUS
10
1.7265807480314961
20
0.778452716535433
11
1.734512716535433
21
0.7758754724409449
0
LINE
8
BLACK
6
CONTINUOUS
10
1.734512716535433
20
0.7758754724409449
11
1.7419438188976377
21
0.7720891338582677
0
LINE
8
BLACK
6
CONTINUOUS
10
1.7419438188976377
20
0.7720891338582677
11
1.7439157874015747
21
0.7706564566929134
0
LINE
8
BLACK
6
CONTINUOUS
10
1.7439157874015747
20
0.7706564566929134
11
1.758342125984252
21
0.7850827559055118
0
LINE
8
BLACK
6
CONTINUOUS
10
1.758342125984252
20
0.7850827559055118
11
1.7583420866141732
21
0.7850827952755906
0
LINE
8
BLACK
6
CONTINUOUS
10
1.7583420866141732
20
0.7850827952755906
11
1.7549002755905512
21
0.7877238188976378
0
LINE
8
BLACK
6
CONTINUOUS
10
1.7549002755905512
20
0.7877238188976378
11
1.7549000393700787
21
0.7877239763779528
0
LINE
8
BLACK
6
CONTINUOUS
10
1.7549000393700787
20
0.7877239763779528
11
1.7465963779527558
21
0.7925180708661417
0
LINE
8
BLACK
6
CONTINUOUS
10
1.7465963779527558
20
0.7925180708661417
11
1.7465959448818897
21
0.7925183070866142
0
LINE
8
BLACK
6
CONTINUOUS
10
1.7465959448818897
20
0.7925183070866142
11
1.737736811023622
21
0.796187874015748
0
LINE
8
BLACK
6
CONTINUOUS
10
1.737736811023622
20
0.796187874015748
11
1.7284743700787402
21
0.7986697244094488
0
LINE
8
BLACK
6
CONTINUOUS
10
1.7284743700787402
20
0.7986697244094488
11
1.7189677952755904
21
0.7999212598425197
0
LINE
8
BLACK
6
CONTINUOUS
10
1.7189677952755904
20
0.7999212598425197
11
1.7093785433070865
21
0.7999212598425197
0
LINE
8
BLACK
6
CONTINUOUS
10
1.7093785433070865
20
0.7999212598425197
11
1.7056768503937008
21
0.799433937007874
0
LINE
8
BLACK
6
CONTINUOUS
10
1.7056768503937008
20
0.799433937007874
11
1.7029150787401575
21
0.7998646456692913
0
LINE
8
BLACK
6
CONTINUOUS
10
1.7029150787401575
20
0.7998646456692913
11
1.7008246062992125
21
0.8017201181102362
0
LINE
8
BLACK
6
CONTINUOUS
10
1.7008246062992125
20
0.8017201181102362
11
1.7000691338582676
21
0.804411220472441
0
LINE
8
BLACK
6
CONTINUOUS
10
1.7000691338582676
20
0.804411220472441
11
1.7002378346456692
21
0.8056359842519685
0
LINE
8
BLACK
6
CONTINUOUS
10
1.7002378346456692
20
0.8056359842519685
11
1.7012595669291337
21
0.8094490944881889
0
LINE
8
BLACK
6
CONTINUOUS
10
1.7012595669291337
20
0.8094490944881889
11
1.702775590551181
21
0.8209643307086614
0
LINE
8
BLACK
6
CONTINUOUS
10
1.702775590551181
20
0.8209643307086614
11
1.702775590551181
21
0.8325789763779528
0
LINE
8
BLACK
6
CONTINUOUS
10
1.702775590551181
20
0.8325789763779528
11
1.7013555511811023
21
0.8433652362204724
0
LINE
8
BLACK
6
CONTINUOUS
10
1.7013555511811023
20
0.8433652362204724
11
1.7012596062992125
21
0.8440939370078741
0
LINE
8
BLACK
6
CONTINUOUS
10
1.7012596062992125
20
0.8440939370078741
11
1.7012595669291337
21
0.8440939763779527
0
LINE
8
BLACK
6
CONTINUOUS
10
1.7012595669291337
20
0.8440939763779527
11
1.7012595669291337
21
0.8440942125984252
0
LINE
8
BLACK
6
CONTINUOUS
10
1.7012595669291337
20
0.8440942125984252
11
1.7002378346456692
21
0.8479074015748032
0
LINE
8
BLACK
6
CONTINUOUS
10
1.7002378346456692
20
0.8479074015748032
11
1.7003043700787401
21
0.8507016929133858
0
LINE
8
BLACK
6
CONTINUOUS
10
1.7003043700787401
20
0.8507016929133858
11
1.7018710629921259
21
0.8530164566929134
0
LINE
8
BLACK
6
CONTINUOUS
10
1.7018710629921259
20
0.8530164566929134
11
1.7044405511811023
21
0.8541167716535433
0
LINE
8
BLACK
6
CONTINUOUS
10
1.7044405511811023
20
0.8541167716535433
11
1.7056769291338583
21
0.8541094094488189
0
LINE
8
BLACK
6
CONTINUOUS
10
1.7056769291338583
20
0.8541094094488189
11
1.709378622047244
21
0.8536220866141732
0
LINE
8
BLACK
6
CONTINUOUS
10
1.709378622047244
20
0.8536220866141732
11
1.7093790157480315
21
0.8536220472440945
0
LINE
8
BLACK
6
CONTINUOUS
10
1.7093790157480315
20
0.8536220472440945
11
1.7189674409448819
21
0.8536220472440945
0
LINE
8
BLACK
6
CONTINUOUS
10
1.7189674409448819
20
0.8536220472440945
11
1.7189677952755904
21
0.8536220866141732
0
LINE
8
BLACK
6
CONTINUOUS
10
1.7189677952755904
20
0.8536220866141732
11
1.7284743700787402
21
0.854873622047244
0
LINE
8
BLACK
6
CONTINUOUS
10
1.7284743700787402
20
0.854873622047244
11
1.737736811023622
21
0.8573554724409449
0
LINE
8
BLACK
6
CONTINUOUS
10
1.737736811023622
20
0.8573554724409449
11
1.7465959448818897
21
0.8610250393700787
0
LINE
8
BLACK
6
CONTINUOUS
10
1.7465959448818897
20
0.8610250393700787
11
1.7465963779527558
21
0.8610252755905512
0
LINE
8
BLACK
6
CONTINUOUS
10
1.7465963779527558
20
0.8610252755905512
11
1.7548999999999999
21
0.8658193700787401
0
LINE
8
BLACK
6
CONTINUOUS
10
1.7548999999999999
20
0.8658193700787401
11
1.758342125984252
21
0.8684606299212598
0
LINE
8
BLACK
6
CONTINUOUS
10
1.758342125984252
20
0.8684606299212598
11
1.7439158267716535
21
0.8828869291338582
0
LINE
8
BLACK
6
CONTINUOUS
10
1.7439158267716535
20
0.8828869291338582
11
1.7419438188976377
21
0.8814541732283464
0
LINE
8
BLACK
6
CONTINUOUS
10
1.7419438188976377
20
0.8814541732283464
11
1.734512716535433
21
0.8776678346456692
0
LINE
8
BLACK
6
CONTINUOUS
10
1.734512716535433
20
0.8776678346456692
11
1.7265807480314961
21
0.8750905905511811
0
LINE
8
BLACK
6
CONTINUOUS
10
1.7265807480314961
20
0.8750905905511811
11
1.7183433070866141
21
0.873785905511811
0
LINE
8
BLACK
6
CONTINUOUS
10
1.7183433070866141
20
0.873785905511811
11
1.7100031496062991
21
0.873785905511811
0
LINE
8
BLACK
6
CONTINUOUS
10
1.7100031496062991
20
0.873785905511811
11
1.7017657086614173
21
0.8750905905511811
0
LINE
8
BLACK
6
CONTINUOUS
10
1.7017657086614173
20
0.8750905905511811
11
1.6938337401574803
21
0.8776678346456692
0
LINE
8
BLACK
6
CONTINUOUS
10
1.6938337401574803
20
0.8776678346456692
11
1.6864026377952757
21
0.8814541732283464
0
LINE
8
BLACK
6
CONTINUOUS
10
1.6864026377952757
20
0.8814541732283464
11
1.6796553149606299
21
0.8863563779527559
0
LINE
8
BLACK
6
CONTINUOUS
10
1.6796553149606299
20
0.8863563779527559
11
1.6737579527559054
21
0.8922537401574803
0
LINE
8
BLACK
6
CONTINUOUS
10
1.6737579527559054
20
0.8922537401574803
11
1.6688557480314961
21
0.899001062992126
0
LINE
8
BLACK
6
CONTINUOUS
10
1.6688557480314961
20
0.899001062992126
11
1.6650694094488188
21
0.9064321653543307
0
LINE
8
BLACK
6
CONTINUOUS
10
1.6650694094488188
20
0.9064321653543307
11
1.6624921653543308
21
0.9143641338582676
0
LINE
8
BLACK
6
CONTINUOUS
10
1.6624921653543308
20
0.9143641338582676
11
1.6611874803149607
21
0.9226015748031496
0
LINE
8
BLACK
6
CONTINUOUS
10
1.6611874803149607
20
0.9226015748031496
11
1.6611874803149607
21
0.9309417322834646
0
LINE
8
BLACK
6
CONTINUOUS
10
1.6611874803149607
20
0.9309417322834646
11
1.6624921653543308
21
0.9391791732283464
0
LINE
8
BLACK
6
CONTINUOUS
10
1.6624921653543308
20
0.9391791732283464
11
1.6650694094488188
21
0.9471111417322834
0
LINE
8
BLACK
6
CONTINUOUS
10
1.6650694094488188
20
0.9471111417322834
11
1.6688557480314961
21
0.9545422440944882
0
LINE
8
BLACK
6
CONTINUOUS
10
1.6688557480314961
20
0.9545422440944882
11
1.6702884645669291
21
0.9565142913385827
0
LINE
8
BLACK
6
CONTINUOUS
10
1.6702884645669291
20
0.9565142913385827
11
1.6558621259842519
21
0.9709406299212598
0
LINE
8
BLACK
6
CONTINUOUS
10
1.6558621259842519
20
0.9709406299212598
11
1.653220905511811
21
0.9674985039370079
0
LINE
8
BLACK
6
CONTINUOUS
10
0.8038452362204724
20
0.7685681889763779
11
0.8049928346456693
21
0.7627990157480314
0
LINE
8
BLACK
6
CONTINUOUS
10
0.8049928346456693
20
0.7627990157480314
11
0.804992874015748
21
0.7627988976377953
0
LINE
8
BLACK
6
CONTINUOUS
10
0.804992874015748
20
0.7627988976377953
11
0.804998622047244
21
0.7627849999999999
0
LINE
8
BLACK
6
CONTINUOUS
10
0.804998622047244
20
0.7627849999999999
11
0.8072438976377952
21
0.7573644488188976
0
LINE
8
BLACK
6
CONTINUOUS
10
0.8072438976377952
20
0.7573644488188976
11
0.8105119291338583
21
0.7524734645669291
0
LINE
8
BLACK
6
CONTINUOUS
10
0.8105119291338583
20
0.7524734645669291
11
0.8146713779527559
21
0.7483140157480315
0
LINE
8
BLACK
6
CONTINUOUS
10
0.8146713779527559
20
0.7483140157480315
11
0.8195623622047243
21
0.7450459842519684
0
LINE
8
BLACK
6
CONTINUOUS
10
0.8195623622047243
20
0.7450459842519684
11
0.8249969291338582
21
0.7427949212598425
0
LINE
8
BLACK
6
CONTINUOUS
10
0.8249969291338582
20
0.7427949212598425
11
0.830766220472441
21
0.7416473228346456
0
LINE
8
BLACK
6
CONTINUOUS
10
0.830766220472441
20
0.7416473228346456
11
0.8366485826771654
21
0.7416473228346456
0
LINE
8
BLACK
6
CONTINUOUS
10
0.8366485826771654
20
0.7416473228346456
11
0.842417874015748
21
0.7427949212598425
0
LINE
8
BLACK
6
CONTINUOUS
10
0.842417874015748
20
0.7427949212598425
11
0.8478524409448819
21
0.7450459842519684
0
LINE
8
BLACK
6
CONTINUOUS
10
0.8478524409448819
20
0.7450459842519684
11
0.8527434251968504
21
0.7483140157480315
0
LINE
8
BLACK
6
CONTINUOUS
10
0.8527434251968504
20
0.7483140157480315
11
0.8569028740157481
21
0.7524734645669291
0
LINE
8
BLACK
6
CONTINUOUS
10
0.8569028740157481
20
0.7524734645669291
11
0.860170905511811
21
0.7573644488188976
0
LINE
8
BLACK
6
CONTINUOUS
10
0.860170905511811
20
0.7573644488188976
11
0.862421968503937
21
0.7627990157480314
0
LINE
8
BLACK
6
CONTINUOUS
10
0.862421968503937
20
0.7627990157480314
11
0.8635695669291339
21
0.7685683070866142
0
LINE
8
BLACK
6
CONTINUOUS
10
0.8635695669291339
20
0.7685683070866142
11
0.8635695669291339
21
0.7744506692913385
0
LINE
8
BLACK
6
CONTINUOUS
10
0.8635695669291339
20
0.7744506692913385
11
0.8634856692913385
21
0.7748724803149606
0
LINE
8
BLACK
6
CONTINUOUS
10
0.8634856692913385
20
0.7748724803149606
11
0.8637347637795275
21
0.7776564566929134
0
LINE
8
BLACK
6
CONTINUOUS
10
0.8637347637795275
20
0.7776564566929134
11
0.8654494881889764
21
0.7798638582677165
0
LINE
8
BLACK
6
CONTINUOUS
10
0.8654494881889764
20
0.7798638582677165
11
0.8680853937007874
21
0.780793779527559
0
LINE
8
BLACK
6
CONTINUOUS
10
0.8680853937007874
20
0.780793779527559
11
0.8685572440944882
21
0.7807966141732283
0
LINE
8
BLACK
6
CONTINUOUS
10
0.8685572440944882
20
0.7807966141732283
11
0.8689416141732283
21
0.7807806299212598
0
LINE
8
BLACK
6
CONTINUOUS
10
0.8689416141732283
20
0.7807806299212598
11
0.8697405905511811
21
0.7806216929133858
0
LINE
8
BLACK
6
CONTINUOUS
10
0.8697405905511811
20
0.7806216929133858
11
0.8727606692913386
21
0.7806216929133858
0
LINE
8
BLACK
6
CONTINUOUS
10
0.8727606692913386
20
0.7806216929133858
11
0.872863779527559
21
0.7806174015748031
0
LINE
8
BLACK
6
CONTINUOUS
10
0.872863779527559
20
0.7806174015748031
11
0.8740933858267717
21
0.7802000787401575
0
LINE
8
BLACK
6
CONTINUOUS
10
0.8740933858267717
20
0.7802000787401575
11
0.8753394488188976
21
0.7798342125984252
0
LINE
8
BLACK
6
CONTINUOUS
10
0.8753394488188976
20
0.7798342125984252
11
0.8754094094488188
21
0.7797534645669291
0
LINE
8
BLACK
6
CONTINUOUS
10
0.8754094094488188
20
0.7797534645669291
11
0.8755106299212598
21
0.779719094488189
0
LINE
8
BLACK
6
CONTINUOUS
10
0.8755106299212598
20
0.779719094488189
11
0.8763194881889763
21
0.7787031889763779
0
LINE
8
BLACK
6
CONTINUOUS
10
0.8763194881889763
20
0.7787031889763779
11
0.8771698818897637
21
0.7777217716535433
0
LINE
8
BLACK
6
CONTINUOUS
10
0.8771698818897637
20
0.7777217716535433
11
0.8771957874015748
21
0.7776025590551181
0
LINE
8
BLACK
6
CONTINUOUS
10
0.8771957874015748
20
0.7776025590551181
11
0.877251653543307
21
0.7775324015748031
0
LINE
8
BLACK
6
CONTINUOUS
10
0.877251653543307
20
0.7775324015748031
11
0.8772871653543307
21
0.7771825590551181
0
LINE
8
BLACK
6
CONTINUOUS
10
0.8772871653543307
20
0.7771825590551181
11
0.8776181496062992
21
0.775661062992126
0
LINE
8
BLACK
6
CONTINUOUS
10
0.8776181496062992
20
0.775661062992126
11
0.8776181496062992
21
0.7727439763779528
0
LINE
8
BLACK
6
CONTINUOUS
10
0.8776181496062992
20
0.7727439763779528
11
0.8787657480314961
21
0.7669748031496063
0
LINE
8
BLACK
6
CONTINUOUS
10
0.8787657480314961
20
0.7669748031496063
11
0.8787657874015747
21
0.7669746850393701
0
LINE
8
BLACK
6
CONTINUOUS
10
0.8787657874015747
20
0.7669746850393701
11
0.8793687401574803
21
0.7655190551181102
0
LINE
8
BLACK
6
CONTINUOUS
10
0.8793687401574803
20
0.7655190551181102
11
0.8810168110236221
21
0.7615402362204724
0
LINE
8
BLACK
6
CONTINUOUS
10
0.8810168110236221
20
0.7615402362204724
11
0.884284842519685
21
0.756649251968504
0
LINE
8
BLACK
6
CONTINUOUS
10
0.884284842519685
20
0.756649251968504
11
0.8884442913385826
21
0.7524898031496062
0
LINE
8
BLACK
6
CONTINUOUS
10
0.8884442913385826
20
0.7524898031496062
11
0.8933352755905511
21
0.7492217716535433
0
LINE
8
BLACK
6
CONTINUOUS
10
0.8933352755905511
20
0.7492217716535433
11
0.8987698425196851
21
0.7469707086614173
0
LINE
8
BLACK
6
CONTINUOUS
10
0.8987698425196851
20
0.7469707086614173
11
0.9045391338582677
21
0.7458231102362205
0
LINE
8
BLACK
6
CONTINUOUS
10
0.9045391338582677
20
0.7458231102362205
11
0.9104214960629921
21
0.7458231102362205
0
LINE
8
BLACK
6
CONTINUOUS
10
0.9104214960629921
20
0.7458231102362205
11
0.9161907874015748
21
0.7469707086614173
0
LINE
8
BLACK
6
CONTINUOUS
10
0.9161907874015748
20
0.7469707086614173
11
0.9216253543307087
21
0.7492217716535433
0
LINE
8
BLACK
6
CONTINUOUS
10
0.9216253543307087
20
0.7492217716535433
11
0.9265163385826771
21
0.7524898031496062
0
LINE
8
BLACK
6
CONTINUOUS
10
0.9265163385826771
20
0.7524898031496062
11
0.9306757874015748
21
0.756649251968504
0
LINE
8
BLACK
6
CONTINUOUS
10
0.9306757874015748
20
0.756649251968504
11
0.9339438188976378
21
0.7615402362204724
0
LINE
8
BLACK
6
CONTINUOUS
10
0.9339438188976378
20
0.7615402362204724
11
0.9361948818897637
21
0.7669748031496063
0
LINE
8
BLACK
6
CONTINUOUS
10
0.9361948818897637
20
0.7669748031496063
11
0.9373424803149606
21
0.7727440944881889
0
LINE
8
BLACK
6
CONTINUOUS
10
0.9373424803149606
20
0.7727440944881889
11
0.9373424803149606
21
0.7786264566929134
0
LINE
8
BLACK
6
CONTINUOUS
10
0.9373424803149606
20
0.7786264566929134
11
0.9361948818897637
21
0.784395748031496
0
LINE
8
BLACK
6
CONTINUOUS
10
0.9361948818897637
20
0.784395748031496
11
0.9339438188976378
21
0.7898303149606299
0
LINE
8
BLACK
6
CONTINUOUS
10
0.9339438188976378
20
0.7898303149606299
11
0.9306757874015748
21
0.7947212992125984
0
LINE
8
BLACK
6
CONTINUOUS
10
0.9306757874015748
20
0.7947212992125984
11
0.9265163385826771
21
0.798880748031496
0
LINE
8
BLACK
6
CONTINUOUS
10
0.9265163385826771
20
0.798880748031496
11
0.9216253543307087
21
0.802148779527559
0
LINE
8
BLACK
6
CONTINUOUS
10
0.9216253543307087
20
0.802148779527559
11
0.9180083858267716
21
0.803646968503937
0
LINE
8
BLACK
6
CONTINUOUS
10
0.9180083858267716
20
0.803646968503937
11
0.916190905511811
21
0.8043998031496062
0
LINE
8
BLACK
6
CONTINUOUS
10
0.916190905511811
20
0.8043998031496062
11
0.9161907874015748
21
0.804399842519685
0
LINE
8
BLACK
6
CONTINUOUS
10
0.9161907874015748
20
0.804399842519685
11
0.9104216141732283
21
0.8055474409448818
0
LINE
8
BLACK
6
CONTINUOUS
10
0.9104216141732283
20
0.8055474409448818
11
0.9104214960629921
21
0.8055474409448818
0
LINE
8
BLACK
6
CONTINUOUS
10
0.9104214960629921
20
0.8055474409448818
11
0.9075045669291338
21
0.8055474409448818
0
LINE
8
BLACK
6
CONTINUOUS
10
0.9075045669291338
20
0.8055474409448818
11
0.907256968503937
21
0.8056201574803149
0
LINE
8
BLACK
6
CONTINUOUS
10
0.907256968503937
20
0.8056201574803149
11
0.9070033464566929
21
0.8055728346456693
0
LINE
8
BLACK
6
CONTINUOUS
10
0.9070033464566929
20
0.8055728346456693
11
0.9059322834645669
21
0.8060090944881889
0
LINE
8
BLACK
6
CONTINUOUS
10
0.9059322834645669
20
0.8060090944881889
11
0.9048226377952756
21
0.8063349212598425
0
LINE
8
BLACK
6
CONTINUOUS
10
0.9048226377952756
20
0.8063349212598425
11
0.9046536614173228
21
0.8065299212598425
0
LINE
8
BLACK
6
CONTINUOUS
10
0.9046536614173228
20
0.8065299212598425
11
0.9044147244094488
21
0.8066272440944882
0
LINE
8
BLACK
6
CONTINUOUS
10
0.9044147244094488
20
0.8066272440944882
11
0.9037495275590551
21
0.8075733464566929
0
LINE
8
BLACK
6
CONTINUOUS
10
0.9037495275590551
20
0.8075733464566929
11
0.9029922047244094
21
0.8084473622047244
0
LINE
8
BLACK
6
CONTINUOUS
10
0.9029922047244094
20
0.8084473622047244
11
0.9029184251968504
21
0.8087554330708662
0
LINE
8
BLACK
6
CONTINUOUS
10
0.9029184251968504
20
0.8087554330708662
11
0.9028070866141732
21
0.8089138188976378
0
LINE
8
BLACK
6
CONTINUOUS
10
0.9028070866141732
20
0.8089138188976378
11
0.9026440157480314
21
0.8099016535433071
0
LINE
8
BLACK
6
CONTINUOUS
10
0.9026440157480314
20
0.8099016535433071
11
0.9025482283464566
21
0.810301811023622
0
LINE
8
BLACK
6
CONTINUOUS
10
0.9025482283464566
20
0.810301811023622
11
0.9025439370078739
21
0.8104049606299213
0
LINE
8
BLACK
6
CONTINUOUS
10
0.9025439370078739
20
0.8104049606299213
11
0.9025439370078739
21
0.8134250393700787
0
LINE
8
BLACK
6
CONTINUOUS
10
0.9025439370078739
20
0.8134250393700787
11
0.902385
21
0.8142240157480315
0
LINE
8
BLACK
6
CONTINUOUS
10
0.902385
20
0.8142240157480315
11
0.9023690157480315
21
0.8146083858267716
0
LINE
8
BLACK
6
CONTINUOUS
10
0.9023690157480315
20
0.8146083858267716
11
0.9026174409448818
21
0.8156063779527559
0
LINE
8
BLACK
6
CONTINUOUS
10
0.9026174409448818
20
0.8156063779527559
11
0.9027091338582677
21
0.8166308267716536
0
LINE
8
BLACK
6
CONTINUOUS
10
0.9027091338582677
20
0.8166308267716536
11
0.9029495669291339
21
0.8169403937007874
0
LINE
8
BLACK
6
CONTINUOUS
10
0.9029495669291339
20
0.8169403937007874
11
0.9030442913385827
21
0.817320748031496
0
LINE
8
BLACK
6
CONTINUOUS
10
0.9030442913385827
20
0.817320748031496
11
0.903792874015748
21
0.8180260236220472
0
LINE
8
BLACK
6
CONTINUOUS
10
0.903792874015748
20
0.8180260236220472
11
0.9044238582677165
21
0.8188382283464567
0
LINE
8
BLACK
6
CONTINUOUS
10
0.9044238582677165
20
0.8188382283464567
11
0.9047935039370079
21
0.8189686614173228
0
LINE
8
BLACK
6
CONTINUOUS
10
0.9047935039370079
20
0.8189686614173228
11
0.9050788188976377
21
0.8192374015748032
0
LINE
8
BLACK
6
CONTINUOUS
10
0.9050788188976377
20
0.8192374015748032
11
0.9060898031496063
21
0.8194259842519684
0
LINE
8
BLACK
6
CONTINUOUS
10
0.9060898031496063
20
0.8194259842519684
11
0.9070597637795276
21
0.8197681496062992
0
LINE
8
BLACK
6
CONTINUOUS
10
0.9070597637795276
20
0.8197681496062992
11
0.9076848425196851
21
0.8197234645669291
0
LINE
8
BLACK
6
CONTINUOUS
10
0.9076848425196851
20
0.8197234645669291
11
0.9078265748031495
21
0.8197498818897637
0
LINE
8
BLACK
6
CONTINUOUS
10
0.9078265748031495
20
0.8197498818897637
11
0.9079354330708661
21
0.8197055511811023
0
LINE
8
BLACK
6
CONTINUOUS
10
0.9079354330708661
20
0.8197055511811023
11
0.9082931496062991
21
0.81968
0
LINE
8
BLACK
6
CONTINUOUS
10
0.9082931496062991
20
0.81968
11
0.9087149606299212
21
0.819596062992126
0
LINE
8
BLACK
6
CONTINUOUS
10
0.9087149606299212
20
0.819596062992126
11
0.9145973228346457
21
0.819596062992126
0
LINE
8
BLACK
6
CONTINUOUS
10
0.9145973228346457
20
0.819596062992126
11
0.9203666141732283
21
0.8207436614173228
0
LINE
8
BLACK
6
CONTINUOUS
10
0.9203666141732283
20
0.8207436614173228
11
0.9258011811023622
21
0.8229947244094488
0
LINE
8
BLACK
6
CONTINUOUS
10
0.9258011811023622
20
0.8229947244094488
11
0.9306921653543306
21
0.8262627559055118
0
LINE
8
BLACK
6
CONTINUOUS
10
0.9306921653543306
20
0.8262627559055118
11
0.9348516141732284
21
0.8304222047244094
0
LINE
8
BLACK
6
CONTINUOUS
10
0.9348516141732284
20
0.8304222047244094
11
0.9381196456692913
21
0.835313188976378
0
LINE
8
BLACK
6
CONTINUOUS
10
0.9381196456692913
20
0.835313188976378
11
0.9403707086614173
21
0.8407477559055118
0
LINE
8
BLACK
6
CONTINUOUS
10
0.9403707086614173
20
0.8407477559055118
11
0.9415183070866141
21
0.8465170472440945
0
LINE
8
BLACK
6
CONTINUOUS
10
0.9415183070866141
20
0.8465170472440945
11
0.9415183070866141
21
0.8523994094488189
0
LINE
8
BLACK
6
CONTINUOUS
10
0.9415183070866141
20
0.8523994094488189
11
0.9403707086614173
21
0.8581687007874016
0
LINE
8
BLACK
6
CONTINUOUS
10
0.9403707086614173
20
0.8581687007874016
11
0.9381196456692913
21
0.8636032677165354
0
LINE
8
BLACK
6
CONTINUOUS
10
0.9381196456692913
20
0.8636032677165354
11
0.9348516141732284
21
0.8684942519685039
0
LINE
8
BLACK
6
CONTINUOUS
10
0.9348516141732284
20
0.8684942519685039
11
0.9306921653543306
21
0.8726537007874016
0
LINE
8
BLACK
6
CONTINUOUS
10
0.9306921653543306
20
0.8726537007874016
11
0.9258011811023622
21
0.8759217322834646
0
LINE
8
BLACK
6
CONTINUOUS
10
0.9258011811023622
20
0.8759217322834646
11
0.9223741732283465
21
0.8773412598425196
0
LINE
8
BLACK
6
CONTINUOUS
10
0.9223741732283465
20
0.8773412598425196
11
0.9203667322834646
21
0.8781727559055118
0
LINE
8
BLACK
6
CONTINUOUS
10
0.9203667322834646
20
0.8781727559055118
11
0.9203666141732283
21
0.8781727952755906
0
LINE
8
BLACK
6
CONTINUOUS
10
0.9203666141732283
20
0.8781727952755906
11
0.9145974409448818
21
0.8793203937007874
0
LINE
8
BLACK
6
CONTINUOUS
10
0.9145974409448818
20
0.8793203937007874
11
0.9145973228346457
21
0.8793203937007874
0
LINE
8
BLACK
6
CONTINUOUS
10
0.9145973228346457
20
0.8793203937007874
11
0.9087149606299212
21
0.8793203937007874
0
LINE
8
BLACK
6
CONTINUOUS
10
0.9087149606299212
20
0.8793203937007874
11
0.9087148031496063
21
0.8793203937007874
0
LINE
8
BLACK
6
CONTINUOUS
10
0.9087148031496063
20
0.8793203937007874
11
0.9029456299212598
21
0.8781727952755906
0
LINE
8
BLACK
6
CONTINUOUS
10
0.9029456299212598
20
0.8781727952755906
11
0.9029455118110236
21
0.8781727559055118
0
LINE
8
BLACK
6
CONTINUOUS
10
0.9029455118110236
20
0.8781727559055118
11
0.8975111023622047
21
0.8759217322834646
0
LINE
8
BLACK
6
CONTINUOUS
10
0.8975111023622047
20
0.8759217322834646
11
0.892620157480315
21
0.8726537401574803
0
LINE
8
BLACK
6
CONTINUOUS
10
0.892620157480315
20
0.8726537401574803
11
0.8926199212598425
21
0.8726535433070866
0
LINE
8
BLACK
6
CONTINUOUS
10
0.8926199212598425
20
0.8726535433070866
11
0.8884608267716535
21
0.8684944488188976
0
LINE
8
BLACK
6
CONTINUOUS
10
0.8884608267716535
20
0.8684944488188976
11
0.8884606299212598
21
0.8684942125984252
0
LINE
8
BLACK
6
CONTINUOUS
10
0.8884606299212598
20
0.8684942125984252
11
0.8851926377952756
21
0.8636032677165354
0
LINE
8
BLACK
6
CONTINUOUS
10
0.8851926377952756
20
0.8636032677165354
11
0.8829416141732284
21
0.8581688582677165
0
LINE
8
BLACK
6
CONTINUOUS
10
0.8829416141732284
20
0.8581688582677165
11
0.8829415748031496
21
0.8581687401574803
0
LINE
8
BLACK
6
CONTINUOUS
10
0.8829415748031496
20
0.8581687401574803
11
0.8817939763779528
21
0.8523995669291339
0
LINE
8
BLACK
6
CONTINUOUS
10
0.8817939763779528
20
0.8523995669291339
11
0.8817939763779528
21
0.8465169291338582
0
LINE
8
BLACK
6
CONTINUOUS
10
0.8817939763779528
20
0.8465169291338582
11
0.881877874015748
21
0.8460951181102362
0
LINE
8
BLACK
6
CONTINUOUS
10
0.881877874015748
20
0.8460951181102362
11
0.8816286220472441
21
0.8433111023622047
0
LINE
8
BLACK
6
CONTINUOUS
10
0.8816286220472441
20
0.8433111023622047
11
0.8799138188976378
21
0.841103779527559
0
LINE
8
BLACK
6
CONTINUOUS
10
0.8799138188976378
20
0.841103779527559
11
0.877277874015748
21
0.840173937007874
0
LINE
8
BLACK
6
CONTINUOUS
10
0.877277874015748
20
0.840173937007874
11
0.8768062992125985
21
0.8401711417322835
0
LINE
8
BLACK
6
CONTINUOUS
10
0.8768062992125985
20
0.8401711417322835
11
0.876421653543307
21
0.8401871653543307
0
LINE
8
BLACK
6
CONTINUOUS
10
0.876421653543307
20
0.8401871653543307
11
0.8756229527559055
21
0.8403460236220472
0
LINE
8
BLACK
6
CONTINUOUS
10
0.8756229527559055
20
0.8403460236220472
11
0.8726029133858267
21
0.8403460236220472
0
LINE
8
BLACK
6
CONTINUOUS
10
0.8726029133858267
20
0.8403460236220472
11
0.8724997637795275
21
0.84035031496063
0
LINE
8
BLACK
6
CONTINUOUS
10
0.8724997637795275
20
0.84035031496063
11
0.8712699606299212
21
0.8407676771653543
0
LINE
8
BLACK
6
CONTINUOUS
10
0.8712699606299212
20
0.8407676771653543
11
0.8700240551181102
21
0.8411335039370078
0
LINE
8
BLACK
6
CONTINUOUS
10
0.8700240551181102
20
0.8411335039370078
11
0.8699540551181102
21
0.841214251968504
0
LINE
8
BLACK
6
CONTINUOUS
10
0.8699540551181102
20
0.841214251968504
11
0.8698529133858267
21
0.8412485826771653
0
LINE
8
BLACK
6
CONTINUOUS
10
0.8698529133858267
20
0.8412485826771653
11
0.869044094488189
21
0.8422644488188976
0
LINE
8
BLACK
6
CONTINUOUS
10
0.869044094488189
20
0.8422644488188976
11
0.868193622047244
21
0.8432459448818898
0
LINE
8
BLACK
6
CONTINUOUS
10
0.868193622047244
20
0.8432459448818898
11
0.8681676771653543
21
0.8433652362204724
0
LINE
8
BLACK
6
CONTINUOUS
10
0.8681676771653543
20
0.8433652362204724
11
0.8681118897637795
21
0.8434352755905512
0
LINE
8
BLACK
6
CONTINUOUS
10
0.8681118897637795
20
0.8434352755905512
11
0.8680763385826772
21
0.8437849606299213
0
LINE
8
BLACK
6
CONTINUOUS
10
0.8680763385826772
20
0.8437849606299213
11
0.8677453543307087
21
0.845306653543307
0
LINE
8
BLACK
6
CONTINUOUS
10
0.8677453543307087
20
0.845306653543307
11
0.8677453543307087
21
0.8482236220472441
0
LINE
8
BLACK
6
CONTINUOUS
10
0.8677453543307087
20
0.8482236220472441
11
0.8677453149606299
21
0.8482237401574803
0
LINE
8
BLACK
6
CONTINUOUS
10
0.8677453149606299
20
0.8482237401574803
11
0.8665977559055118
21
0.853992874015748
0
LINE
8
BLACK
6
CONTINUOUS
10
0.8665977559055118
20
0.853992874015748
11
0.8643466929133858
21
0.8594274409448819
0
LINE
8
BLACK
6
CONTINUOUS
10
0.8643466929133858
20
0.8594274409448819
11
0.8610786614173228
21
0.8643184251968504
0
LINE
8
BLACK
6
CONTINUOUS
10
0.8610786614173228
20
0.8643184251968504
11
0.8569192125984252
21
0.8684778740157481
0
LINE
8
BLACK
6
CONTINUOUS
10
0.8569192125984252
20
0.8684778740157481
11
0.8520282283464566
21
0.871745905511811
0
LINE
8
BLACK
6
CONTINUOUS
10
0.8520282283464566
20
0.871745905511811
11
0.8486012204724409
21
0.8731654330708661
0
LINE
8
BLACK
6
CONTINUOUS
10
0.8486012204724409
20
0.8731654330708661
11
0.846593779527559
21
0.8739969291338583
0
LINE
8
BLACK
6
CONTINUOUS
10
0.846593779527559
20
0.8739969291338583
11
0.8465936614173228
21
0.8739969685039369
0
LINE
8
BLACK
6
CONTINUOUS
10
0.8465936614173228
20
0.8739969685039369
11
0.8408244881889764
21
0.8751445669291339
0
LINE
8
BLACK
6
CONTINUOUS
10
0.8408244881889764
20
0.8751445669291339
11
0.8408243700787401
21
0.8751445669291339
0
LINE
8
BLACK
6
CONTINUOUS
10
0.8408243700787401
20
0.8751445669291339
11
0.8349420078740157
21
0.8751445669291339
0
LINE
8
BLACK
6
CONTINUOUS
10
0.8349420078740157
20
0.8751445669291339
11
0.8349418503937007
21
0.8751445669291339
0
LINE
8
BLACK
6
CONTINUOUS
10
0.8349418503937007
20
0.8751445669291339
11
0.8291726771653544
21
0.8739969685039369
0
LINE
8
BLACK
6
CONTINUOUS
10
0.8291726771653544
20
0.8739969685039369
11
0.8291725590551181
21
0.8739969291338583
0
LINE
8
BLACK
6
CONTINUOUS
10
0.8291725590551181
20
0.8739969291338583
11
0.8237381496062992
21
0.871745905511811
0
LINE
8
BLACK
6
CONTINUOUS
10
0.8237381496062992
20
0.871745905511811
11
0.8188472047244094
21
0.8684779133858268
0
LINE
8
BLACK
6
CONTINUOUS
10
0.8188472047244094
20
0.8684779133858268
11
0.818846968503937
21
0.868477716535433
0
LINE
8
BLACK
6
CONTINUOUS
10
0.818846968503937
20
0.868477716535433
11
0.814687874015748
21
0.8643186220472441
0
LINE
8
BLACK
6
CONTINUOUS
10
0.814687874015748
20
0.8643186220472441
11
0.8146876771653543
21
0.8643183858267717
0
LINE
8
BLACK
6
CONTINUOUS
10
0.8146876771653543
20
0.8643183858267717
11
0.81141968503937
21
0.8594274409448819
0
LINE
8
BLACK
6
CONTINUOUS
10
0.81141968503937
20
0.8594274409448819
11
0.8091686614173228
21
0.853993031496063
0
LINE
8
BLACK
6
CONTINUOUS
10
0.8091686614173228
20
0.853993031496063
11
0.809168622047244
21
0.8539929133858267
0
LINE
8
BLACK
6
CONTINUOUS
10
0.809168622047244
20
0.8539929133858267
11
0.8080210236220472
21
0.8482237401574803
0
LINE
8
BLACK
6
CONTINUOUS
10
0.8080210236220472
20
0.8482237401574803
11
0.8080210236220472
21
0.8423411023622047
0
LINE
8
BLACK
6
CONTINUOUS
10
0.8080210236220472
20
0.8423411023622047
11
0.8086852362204724
21
0.8390019685039369
0
LINE
8
BLACK
6
CONTINUOUS
10
0.8086852362204724
20
0.8390019685039369
11
0.809168622047244
21
0.8365719291338582
0
LINE
8
BLACK
6
CONTINUOUS
10
0.809168622047244
20
0.8365719291338582
11
0.81141968503937
21
0.8311373622047243
0
LINE
8
BLACK
6
CONTINUOUS
10
0.81141968503937
20
0.8311373622047243
11
0.814687716535433
21
0.8262463779527559
0
LINE
8
BLACK
6
CONTINUOUS
10
0.814687716535433
20
0.8262463779527559
11
0.8188471653543307
21
0.8220869291338583
0
LINE
8
BLACK
6
CONTINUOUS
10
0.8188471653543307
20
0.8220869291338583
11
0.8237381496062992
21
0.8188188976377953
0
LINE
8
BLACK
6
CONTINUOUS
10
0.8237381496062992
20
0.8188188976377953
11
0.829172716535433
21
0.8165678346456693
0
LINE
8
BLACK
6
CONTINUOUS
10
0.829172716535433
20
0.8165678346456693
11
0.8349420078740157
21
0.8154202362204724
0
LINE
8
BLACK
6
CONTINUOUS
10
0.8349420078740157
20
0.8154202362204724
11
0.8378589763779527
21
0.8154202362204724
0
LINE
8
BLACK
6
CONTINUOUS
10
0.8378589763779527
20
0.8154202362204724
11
0.8381065354330709
21
0.8153475590551181
0
LINE
8
BLACK
6
CONTINUOUS
10
0.8381065354330709
20
0.8153475590551181
11
0.8383602362204724
21
0.815394842519685
0
LINE
8
BLACK
6
CONTINUOUS
10
0.8383602362204724
20
0.815394842519685
11
0.8394312204724409
21
0.8149586220472441
0
LINE
8
BLACK
6
CONTINUOUS
10
0.8394312204724409
20
0.8149586220472441
11
0.840540905511811
21
0.8146327559055118
0
LINE
8
BLACK
6
CONTINUOUS
10
0.840540905511811
20
0.8146327559055118
11
0.8407098818897638
21
0.8144377559055118
0
LINE
8
BLACK
6
CONTINUOUS
10
0.8407098818897638
20
0.8144377559055118
11
0.8409488582677165
21
0.8143403937007874
0
LINE
8
BLACK
6
CONTINUOUS
10
0.8409488582677165
20
0.8143403937007874
11
0.841613937007874
21
0.8133943700787402
0
LINE
8
BLACK
6
CONTINUOUS
10
0.841613937007874
20
0.8133943700787402
11
0.8423713385826771
21
0.8125203149606299
0
LINE
8
BLACK
6
CONTINUOUS
10
0.8423713385826771
20
0.8125203149606299
11
0.8424450787401575
21
0.8122122047244095
0
LINE
8
BLACK
6
CONTINUOUS
10
0.8424450787401575
20
0.8122122047244095
11
0.8425564566929133
21
0.8120538188976377
0
LINE
8
BLACK
6
CONTINUOUS
10
0.8425564566929133
20
0.8120538188976377
11
0.8427194881889764
21
0.8110660236220473
0
LINE
8
BLACK
6
CONTINUOUS
10
0.8427194881889764
20
0.8110660236220473
11
0.8428153149606299
21
0.8106658267716536
0
LINE
8
BLACK
6
CONTINUOUS
10
0.8428153149606299
20
0.8106658267716536
11
0.8428196062992126
21
0.8105627165354331
0
LINE
8
BLACK
6
CONTINUOUS
10
0.8428196062992126
20
0.8105627165354331
11
0.8428196062992126
21
0.8075426771653543
0
LINE
8
BLACK
6
CONTINUOUS
10
0.8428196062992126
20
0.8075426771653543
11
0.8429784645669292
21
0.8067439763779527
0
LINE
8
BLACK
6
CONTINUOUS
10
0.8429784645669292
20
0.8067439763779527
11
0.8429944881889764
21
0.8063593307086614
0
LINE
8
BLACK
6
CONTINUOUS
10
0.8429944881889764
20
0.8063593307086614
11
0.8427459448818897
21
0.8053611811023622
0
LINE
8
BLACK
6
CONTINUOUS
10
0.8427459448818897
20
0.8053611811023622
11
0.842654251968504
21
0.8043367322834646
0
LINE
8
BLACK
6
CONTINUOUS
10
0.842654251968504
20
0.8043367322834646
11
0.8424138582677165
21
0.8040273228346456
0
LINE
8
BLACK
6
CONTINUOUS
10
0.8424138582677165
20
0.8040273228346456
11
0.8423191732283465
21
0.803646968503937
0
LINE
8
BLACK
6
CONTINUOUS
10
0.8423191732283465
20
0.803646968503937
11
0.8415703543307086
21
0.8029415748031495
0
LINE
8
BLACK
6
CONTINUOUS
10
0.8415703543307086
20
0.8029415748031495
11
0.8409394488188976
21
0.8021294094488188
0
LINE
8
BLACK
6
CONTINUOUS
10
0.8409394488188976
20
0.8021294094488188
11
0.8405698818897638
21
0.8019990551181102
0
LINE
8
BLACK
6
CONTINUOUS
10
0.8405698818897638
20
0.8019990551181102
11
0.8402846456692913
21
0.8017303149606299
0
LINE
8
BLACK
6
CONTINUOUS
10
0.8402846456692913
20
0.8017303149606299
11
0.8392735039370078
21
0.8015417716535432
0
LINE
8
BLACK
6
CONTINUOUS
10
0.8392735039370078
20
0.8015417716535432
11
0.8383035039370078
21
0.8011995669291339
0
LINE
8
BLACK
6
CONTINUOUS
10
0.8383035039370078
20
0.8011995669291339
11
0.8376784251968504
21
0.8012442913385827
0
LINE
8
BLACK
6
CONTINUOUS
10
0.8376784251968504
20
0.8012442913385827
11
0.8375368897637795
21
0.8012178740157481
0
LINE
8
BLACK
6
CONTINUOUS
10
0.8375368897637795
20
0.8012178740157481
11
0.8374281102362204
21
0.8012622047244095
0
LINE
8
BLACK
6
CONTINUOUS
10
0.8374281102362204
20
0.8012622047244095
11
0.8370705118110237
21
0.8012877559055118
0
LINE
8
BLACK
6
CONTINUOUS
10
0.8370705118110237
20
0.8012877559055118
11
0.8366487007874015
21
0.8013716535433071
0
LINE
8
BLACK
6
CONTINUOUS
10
0.8366487007874015
20
0.8013716535433071
11
0.8366485826771654
21
0.8013716535433071
0
LINE
8
BLACK
6
CONTINUOUS
10
0.8366485826771654
20
0.8013716535433071
11
0.830766220472441
21
0.8013716535433071
0
LINE
8
BLACK
6
CONTINUOUS
10
0.830766220472441
20
0.8013716535433071
11
0.830766062992126
21
0.8013716535433071
0
LINE
8
BLACK
6
CONTINUOUS
10
0.830766062992126
20
0.8013716535433071
11
0.8249968897637795
21
0.8002240551181102
0
LINE
8
BLACK
6
CONTINUOUS
10
0.8249968897637795
20
0.8002240551181102
11
0.8249967716535432
21
0.8002240157480315
0
LINE
8
BLACK
6
CONTINUOUS
10
0.8249967716535432
20
0.8002240157480315
11
0.8195623622047243
21
0.7979729921259843
0
LINE
8
BLACK
6
CONTINUOUS
10
0.8195623622047243
20
0.7979729921259843
11
0.8146714173228347
21
0.794705
0
LINE
8
BLACK
6
CONTINUOUS
10
0.8146714173228347
20
0.794705
11
0.8146711811023621
21
0.7947048031496062
0
LINE
8
BLACK
6
CONTINUOUS
10
0.8146711811023621
20
0.7947048031496062
11
0.8105120866141732
21
0.7905457086614173
0
LINE
8
BLACK
6
CONTINUOUS
10
0.8105120866141732
20
0.7905457086614173
11
0.8105118897637795
21
0.7905454724409449
0
LINE
8
BLACK
6
CONTINUOUS
10
0.8105118897637795
20
0.7905454724409449
11
0.8072438976377952
21
0.7856545275590551
0
LINE
8
BLACK
6
CONTINUOUS
10
0.8072438976377952
20
0.7856545275590551
11
0.804992874015748
21
0.7802201181102362
0
LINE
8
BLACK
6
CONTINUOUS
10
0.804992874015748
20
0.7802201181102362
11
0.8049928346456693
21
0.78022
0
LINE
8
BLACK
6
CONTINUOUS
10
0.8049928346456693
20
0.78022
11
0.8038452362204724
21
0.7744508267716536
0
LINE
8
BLACK
6
CONTINUOUS
10
0.8038452362204724
20
0.7744508267716536
11
0.8038452362204724
21
0.7685681889763779
0
LINE
8
BLACK
6
CONTINUOUS
10
0.2543110236220472
20
0.7751712992125984
11
0.2545672834645669
21
0.7727875590551181
0
LINE
8
BLACK
6
CONTINUOUS
10
0.2545672834645669
20
0.7727875590551181
11
0.2545673622047244
21
0.7727872440944882
0
LINE
8
BLACK
6
CONTINUOUS
10
0.2545673622047244
20
0.7727872440944882
11
0.2565791338582677
21
0.767393622047244
0
LINE
8
BLACK
6
CONTINUOUS
10
0.2565791338582677
20
0.767393622047244
11
0.2565792125984252
21
0.7673934251968504
0
LINE
8
BLACK
6
CONTINUOUS
10
0.2565792125984252
20
0.7673934251968504
11
0.2600290157480315
21
0.7627850787401574
0
LINE
8
BLACK
6
CONTINUOUS
10
0.2600290157480315
20
0.7627850787401574
11
0.2600290551181103
21
0.7627850787401574
0
LINE
8
BLACK
6
CONTINUOUS
10
0.2600290551181103
20
0.7627850787401574
11
0.2600290944881889
21
0.7627849999999999
0
LINE
8
BLACK
6
CONTINUOUS
10
0.2600290944881889
20
0.7627849999999999
11
0.2614522047244094
21
0.76171968503937
0
LINE
8
BLACK
6
CONTINUOUS
10
0.2614522047244094
20
0.76171968503937
11
0.2623527559055118
21
0.7610455118110236
0
LINE
8
BLACK
6
CONTINUOUS
10
0.2623527559055118
20
0.7610455118110236
11
0.2640277952755906
21
0.758807874015748
0
LINE
8
BLACK
6
CONTINUOUS
10
0.2640277952755906
20
0.758807874015748
11
0.2642271653543307
21
0.756019842519685
0
LINE
8
BLACK
6
CONTINUOUS
10
0.2642271653543307
20
0.756019842519685
11
0.2628875984251968
21
0.7535666141732283
0
LINE
8
BLACK
6
CONTINUOUS
10
0.2628875984251968
20
0.7535666141732283
11
0.2623527559055118
21
0.753103188976378
0
LINE
8
BLACK
6
CONTINUOUS
10
0.2623527559055118
20
0.753103188976378
11
0.2600431496062992
21
0.7513742125984252
0
LINE
8
BLACK
6
CONTINUOUS
10
0.2600431496062992
20
0.7513742125984252
11
0.2565966535433071
21
0.74677031496063
0
LINE
8
BLACK
6
CONTINUOUS
10
0.2565966535433071
20
0.74677031496063
11
0.2565966535433071
21
0.7467702755905512
0
LINE
8
BLACK
6
CONTINUOUS
10
0.2565966535433071
20
0.7467702755905512
11
0.254586811023622
21
0.7413816535433071
0
LINE
8
BLACK
6
CONTINUOUS
10
0.254586811023622
20
0.7413816535433071
11
0.2543307086614173
21
0.7389999212598425
0
LINE
8
BLACK
6
CONTINUOUS
10
0.2543307086614173
20
0.7389999212598425
11
0.2543307086614173
21
0.7170866141732283
0
LINE
8
BLACK
6
CONTINUOUS
10
0.2543307086614173
20
0.7170866141732283
11
0.2743307086614173
21
0.7170866141732283
0
LINE
8
BLACK
6
CONTINUOUS
10
0.2743307086614173
20
0.7170866141732283
11
0.2743307086614173
21
0.7370866141732283
0
LINE
8
BLACK
6
CONTINUOUS
10
0.2743307086614173
20
0.7370866141732283
11
0.3343307086614173
21
0.7370866141732283
0
LINE
8
BLACK
6
CONTINUOUS
10
0.3343307086614173
20
0.7370866141732283
11
0.3343307086614173
21
0.7170866141732283
0
LINE
8
BLACK
6
CONTINUOUS
10
0.3343307086614173
20
0.7170866141732283
11
0.3743307086614173
21
0.7170866141732283
0
LINE
8
BLACK
6
CONTINUOUS
10
0.3743307086614173
20
0.7170866141732283
11
0.3743307086614173
21
0.7370866141732283
0
LINE
8
BLACK
6
CONTINUOUS
10
0.3743307086614173
20
0.7370866141732283
11
0.4343307086614173
21
0.7370866141732283
0
LINE
8
BLACK
6
CONTINUOUS
10
0.4343307086614173
20
0.7370866141732283
11
0.4343307086614173
21
0.7170866141732283
0
LINE
8
BLACK
6
CONTINUOUS
10
0.4343307086614173
20
0.7170866141732283
11
0.4543307086614173
21
0.7170866141732283
0
LINE
8
BLACK
6
CONTINUOUS
10
0.4543307086614173
20
0.7170866141732283
11
0.4543307086614173
21
0.7389994488188977
0
LINE
8
BLACK
6
CONTINUOUS
10
0.4543307086614173
20
0.7389994488188977
11
0.4543306692913386
21
0.7389999212598425
0
LINE
8
BLACK
6
CONTINUOUS
10
0.4543306692913386
20
0.7389999212598425
11
0.4540745669291338
21
0.7413816535433071
0
LINE
8
BLACK
6
CONTINUOUS
10
0.4540745669291338
20
0.7413816535433071
11
0.4520647244094488
21
0.7467702755905512
0
LINE
8
BLACK
6
CONTINUOUS
10
0.4520647244094488
20
0.7467702755905512
11
0.4520647244094488
21
0.74677031496063
0
LINE
8
BLACK
6
CONTINUOUS
10
0.4520647244094488
20
0.74677031496063
11
0.4486182677165354
21
0.7513742125984252
0
LINE
8
BLACK
6
CONTINUOUS
10
0.4486182677165354
20
0.7513742125984252
11
0.4463086614173228
21
0.7531031496062992
0
LINE
8
BLACK
6
CONTINUOUS
10
0.4463086614173228
20
0.7531031496062992
11
0.4446335826771654
21
0.7553407874015747
0
LINE
8
BLACK
6
CONTINUOUS
10
0.4446335826771654
20
0.7553407874015747
11
0.4444342125984252
21
0.7581288188976377
0
LINE
8
BLACK
6
CONTINUOUS
10
0.4444342125984252
20
0.7581288188976377
11
0.445773779527559
21
0.7605820472440945
0
LINE
8
BLACK
6
CONTINUOUS
10
0.445773779527559
20
0.7605820472440945
11
0.4463086614173228
21
0.7610455118110236
0
LINE
8
BLACK
6
CONTINUOUS
10
0.4463086614173228
20
0.7610455118110236
11
0.4486323228346457
21
0.7627849999999999
0
LINE
8
BLACK
6
CONTINUOUS
10
0.4486323228346457
20
0.7627849999999999
11
0.4520821653543307
21
0.7673934251968504
0
LINE
8
BLACK
6
CONTINUOUS
10
0.4520821653543307
20
0.7673934251968504
11
0.4520821653543307
21
0.7673934645669291
0
LINE
8
BLACK
6
CONTINUOUS
10
0.4520821653543307
20
0.7673934645669291
11
0.4520822440944882
21
0.7673935433070866
0
LINE
8
BLACK
6
CONTINUOUS
10
0.4520822440944882
20
0.7673935433070866
11
0.4540940551181102
21
0.7727873622047244
0
LINE
8
BLACK
6
CONTINUOUS
10
0.4540940551181102
20
0.7727873622047244
11
0.4541185039370079
21
0.7730145275590551
0
LINE
8
BLACK
6
CONTINUOUS
10
0.4541185039370079
20
0.7730145275590551
11
0.4542729133858268
21
0.7744508267716536
0
LINE
8
BLACK
6
CONTINUOUS
10
0.4542729133858268
20
0.7744508267716536
11
0.4543503149606299
21
0.775171062992126
0
LINE
8
BLACK
6
CONTINUOUS
10
0.4543503149606299
20
0.775171062992126
11
0.4543503543307086
21
0.7751712992125984
0
LINE
8
BLACK
6
CONTINUOUS
10
0.4543503543307086
20
0.7751712992125984
11
0.4543503937007874
21
0.7751717322834646
0
LINE
8
BLACK
6
CONTINUOUS
10
0.4543503937007874
20
0.7751717322834646
11
0.4543503937007874
21
0.8390014960629921
0
LINE
8
BLACK
6
CONTINUOUS
10
0.4543503937007874
20
0.8390014960629921
11
0.4543307086614173
21
0.8391846062992125
0
LINE
8
BLACK
6
CONTINUOUS
10
0.4543307086614173
20
0.8391846062992125
11
0.454094094488189
21
0.8413857086614173
0
LINE
8
BLACK
6
CONTINUOUS
10
0.454094094488189
20
0.8413857086614173
11
0.4540940157480315
21
0.8413860236220472
0
LINE
8
BLACK
6
CONTINUOUS
10
0.4540940157480315
20
0.8413860236220472
11
0.4520822440944882
21
0.8467796456692913
0
LINE
8
BLACK
6
CONTINUOUS
10
0.4520822440944882
20
0.8467796456692913
11
0.4520821653543307
21
0.846779842519685
0
LINE
8
BLACK
6
CONTINUOUS
10
0.4520821653543307
20
0.846779842519685
11
0.4486322834645669
21
0.8513882677165354
0
LINE
8
BLACK
6
CONTINUOUS
10
0.4486322834645669
20
0.8513882677165354
11
0.4463086220472441
21
0.8531277952755906
0
LINE
8
BLACK
6
CONTINUOUS
10
0.4463086220472441
20
0.8531277952755906
11
0.4446335826771654
21
0.8553654330708661
0
LINE
8
BLACK
6
CONTINUOUS
10
0.4446335826771654
20
0.8553654330708661
11
0.4444342125984252
21
0.8581534645669291
0
LINE
8
BLACK
6
CONTINUOUS
10
0.4444342125984252
20
0.8581534645669291
11
0.445773779527559
21
0.8606066535433071
0
LINE
8
BLACK
6
CONTINUOUS
10
0.445773779527559
20
0.8606066535433071
11
0.4463087007874016
21
0.8610701574803149
0
LINE
8
BLACK
6
CONTINUOUS
10
0.4463087007874016
20
0.8610701574803149
11
0.4486182677165354
21
0.8627990944881889
0
LINE
8
BLACK
6
CONTINUOUS
10
0.4486182677165354
20
0.8627990944881889
11
0.4520647244094488
21
0.8674029527559055
0
LINE
8
BLACK
6
CONTINUOUS
10
0.4520647244094488
20
0.8674029527559055
11
0.4520647244094488
21
0.8674029921259843
0
LINE
8
BLACK
6
CONTINUOUS
10
0.4520647244094488
20
0.8674029921259843
11
0.4540745669291338
21
0.8727916141732284
0
LINE
8
BLACK
6
CONTINUOUS
10
0.4540745669291338
20
0.8727916141732284
11
0.4543306692913386
21
0.8751733464566929
0
LINE
8
BLACK
6
CONTINUOUS
10
0.4543306692913386
20
0.8751733464566929
11
0.4543307086614173
21
0.8751738188976378
0
LINE
8
BLACK
6
CONTINUOUS
10
0.4543307086614173
20
0.8751738188976378
11
0.4543307086614173
21
0.8970866141732283
0
LINE
8
BLACK
6
CONTINUOUS
10
0.4543307086614173
20
0.8970866141732283
11
0.4343307086614173
21
0.8970866141732283
0
LINE
8
BLACK
6
CONTINUOUS
10
0.4343307086614173
20
0.8970866141732283
11
0.4343307086614173
21
0.8770866141732283
0
LINE
8
BLACK
6
CONTINUOUS
10
0.4343307086614173
20
0.8770866141732283
11
0.3743307086614173
21
0.8770866141732283
0
LINE
8
BLACK
6
CONTINUOUS
10
0.3743307086614173
20
0.8770866141732283
11
0.3743307086614173
21
0.8970866141732283
0
LINE
8
BLACK
6
CONTINUOUS
10
0.3743307086614173
20
0.8970866141732283
11
0.3343307086614173
21
0.8970866141732283
0
LINE
8
BLACK
6
CONTINUOUS
10
0.3343307086614173
20
0.8970866141732283
11
0.3343307086614173
21
0.8770866141732283
0
LINE
8
BLACK
6
CONTINUOUS
10
0.3343307086614173
20
0.8770866141732283
11
0.2743307086614173
21
0.8770866141732283
0
LINE
8
BLACK
6
CONTINUOUS
10
0.2743307086614173
20
0.8770866141732283
11
0.2743307086614173
21
0.8970866141732283
0
LINE
8
BLACK
6
CONTINUOUS
10
0.2743307086614173
20
0.8970866141732283
11
0.2543307086614173
21
0.8970866141732283
0
LINE
8
BLACK
6
CONTINUOUS
10
0.2543307086614173
20
0.8970866141732283
11
0.2543307086614173
21
0.8751733464566929
0
LINE
8
BLACK
6
CONTINUOUS
10
0.2543307086614173
20
0.8751733464566929
11
0.254586811023622
21
0.8727916141732284
0
LINE
8
BLACK
6
CONTINUOUS
10
0.254586811023622
20
0.8727916141732284
11
0.2565966535433071
21
0.8674029921259843
0
LINE
8
BLACK
6
CONTINUOUS
10
0.2565966535433071
20
0.8674029921259843
11
0.2565966535433071
21
0.8674029527559055
0
LINE
8
BLACK
6
CONTINUOUS
10
0.2565966535433071
20
0.8674029527559055
11
0.2600431102362205
21
0.8627990551181102
0
LINE
8
BLACK
6
CONTINUOUS
10
0.2600431102362205
20
0.8627990551181102
11
0.2623527165354331
21
0.8610701181102361
0
LINE
8
BLACK
6
CONTINUOUS
10
0.2623527165354331
20
0.8610701181102361
11
0.2640277952755906
21
0.8588324803149606
0
LINE
8
BLACK
6
CONTINUOUS
10
0.2640277952755906
20
0.8588324803149606
11
0.2642271653543307
21
0.8560444881889764
0
LINE
8
BLACK
6
CONTINUOUS
10
0.2642271653543307
20
0.8560444881889764
11
0.2628875984251968
21
0.853591220472441
0
LINE
8
BLACK
6
CONTINUOUS
10
0.2628875984251968
20
0.853591220472441
11
0.2623527952755905
21
0.8531277952755906
0
LINE
8
BLACK
6
CONTINUOUS
10
0.2623527952755905
20
0.8531277952755906
11
0.2600290551181103
21
0.8513882283464567
0
LINE
8
BLACK
6
CONTINUOUS
10
0.2600290551181103
20
0.8513882283464567
11
0.2565792125984252
21
0.846779842519685
0
LINE
8
BLACK
6
CONTINUOUS
10
0.2565792125984252
20
0.846779842519685
11
0.2565791338582677
21
0.8467796456692913
0
LINE
8
BLACK
6
CONTINUOUS
10
0.2565791338582677
20
0.8467796456692913
11
0.2545673622047244
21
0.8413860236220472
0
LINE
8
BLACK
6
CONTINUOUS
10
0.2545673622047244
20
0.8413860236220472
11
0.2545672834645669
21
0.8413857086614173
0
LINE
8
BLACK
6
CONTINUOUS
10
0.2545672834645669
20
0.8413857086614173
11
0.2543110236220472
21
0.8390019685039369
0
LINE
8
BLACK
6
CONTINUOUS
10
0.2543110236220472
20
0.8390019685039369
11
0.2543110236220472
21
0.7751712992125984
0
LINE
8
BLACK
6
CONTINUOUS
10
1.453220905511811
20
0.9674985039370079
11
1.448426811023622
21
0.959194842519685
0
LINE
8
BLACK
6
CONTINUOUS
10
1.448426811023622
20
0.959194842519685
11
1.4484265748031495
21
0.9591944094488188
0
LINE
8
BLACK
6
CONTINUOUS
10
1.4484265748031495
20
0.9591944094488188
11
1.4447570078740157
21
0.9503352755905512
0
LINE
8
BLACK
6
CONTINUOUS
10
1.4447570078740157
20
0.9503352755905512
11
1.442275157480315
21
0.9410728346456693
0
LINE
8
BLACK
6
CONTINUOUS
10
1.442275157480315
20
0.9410728346456693
11
1.4410236220472441
21
0.9315662598425196
0
LINE
8
BLACK
6
CONTINUOUS
10
1.4410236220472441
20
0.9315662598425196
11
1.4410236220472441
21
0.9219770866141732
0
LINE
8
BLACK
6
CONTINUOUS
10
1.4410236220472441
20
0.9219770866141732
11
1.442275157480315
21
0.9124705118110236
0
LINE
8
BLACK
6
CONTINUOUS
10
1.442275157480315
20
0.9124705118110236
11
1.4447570078740157
21
0.9032080708661417
0
LINE
8
BLACK
6
CONTINUOUS
10
1.4447570078740157
20
0.9032080708661417
11
1.4484265748031495
21
0.894348937007874
0
LINE
8
BLACK
6
CONTINUOUS
10
1.4484265748031495
20
0.894348937007874
11
1.448426811023622
21
0.8943485039370078
0
LINE
8
BLACK
6
CONTINUOUS
10
1.448426811023622
20
0.8943485039370078
11
1.453220905511811
21
0.8860448425196851
0
LINE
8
BLACK
6
CONTINUOUS
10
1.453220905511811
20
0.8860448425196851
11
1.4532210629921261
21
0.8860446062992126
0
LINE
8
BLACK
6
CONTINUOUS
10
1.4532210629921261
20
0.8860446062992126
11
1.4558620866141732
21
0.8826027952755905
0
LINE
8
BLACK
6
CONTINUOUS
10
1.4558620866141732
20
0.8826027952755905
11
1.4558621653543307
21
0.8826027559055117
0
LINE
8
BLACK
6
CONTINUOUS
10
1.4558621653543307
20
0.8826027559055117
11
1.4702884645669292
21
0.8970290944881889
0
LINE
8
BLACK
6
CONTINUOUS
10
1.4702884645669292
20
0.8970290944881889
11
1.4688557480314961
21
0.899001062992126
0
LINE
8
BLACK
6
CONTINUOUS
10
1.4688557480314961
20
0.899001062992126
11
1.4650694094488188
21
0.9064321653543307
0
LINE
8
BLACK
6
CONTINUOUS
10
1.4650694094488188
20
0.9064321653543307
11
1.4624921653543306
21
0.9143641338582676
0
LINE
8
BLACK
6
CONTINUOUS
10
1.4624921653543306
20
0.9143641338582676
11
1.4611874803149607
21
0.9226015748031496
0
LINE
8
BLACK
6
CONTINUOUS
10
1.4611874803149607
20
0.9226015748031496
11
1.4611874803149607
21
0.9309417322834646
0
LINE
8
BLACK
6
CONTINUOUS
10
1.4611874803149607
20
0.9309417322834646
11
1.4624921653543306
21
0.9391791732283464
0
LINE
8
BLACK
6
CONTINUOUS
10
1.4624921653543306
20
0.9391791732283464
11
1.4650694094488188
21
0.9471111417322834
0
LINE
8
BLACK
6
CONTINUOUS
10
1.4650694094488188
20
0.9471111417322834
11
1.4688557480314961
21
0.9545422440944882
0
LINE
8
BLACK
6
CONTINUOUS
10
1.4688557480314961
20
0.9545422440944882
11
1.4702884645669292
21
0.9565142913385827
0
LINE
8
BLACK
6
CONTINUOUS
10
1.4702884645669292
20
0.9565142913385827
11
1.4558621259842519
21
0.9709406299212598
0
LINE
8
BLACK
6
CONTINUOUS
10
1.4558621259842519
20
0.9709406299212598
11
1.453220905511811
21
0.9674985039370079
0
LINE
8
BLACK
6
CONTINUOUS
10
0.4143307086614173
20
0.9370866141732284
11
0.4343307086614173
21
0.9370866141732284
0
LINE
8
BLACK
6
CONTINUOUS
10
0.4343307086614173
20
0.9370866141732284
11
0.4343307086614173
21
0.9170866141732283
0
LINE
8
BLACK
6
CONTINUOUS
10
0.4343307086614173
20
0.9170866141732283
11
0.4543307086614173
21
0.9170866141732283
0
LINE
8
BLACK
6
CONTINUOUS
10
0.4543307086614173
20
0.9170866141732283
11
0.4543307086614173
21
0.9389994488188976
0
LINE
8
BLACK
6
CONTINUOUS
10
0.4543307086614173
20
0.9389994488188976
11
0.4543306692913386
21
0.9389999212598426
0
LINE
8
BLACK
6
CONTINUOUS
10
0.4543306692913386
20
0.9389999212598426
11
0.4540745669291338
21
0.9413816535433071
0
LINE
8
BLACK
6
CONTINUOUS
10
0.4540745669291338
20
0.9413816535433071
11
0.4520647244094488
21
0.9467702755905512
0
LINE
8
BLACK
6
CONTINUOUS
10
0.4520647244094488
20
0.9467702755905512
11
0.4520647244094488
21
0.9467703149606299
0
LINE
8
BLACK
6
CONTINUOUS
10
0.4520647244094488
20
0.9467703149606299
11
0.4486182677165354
21
0.9513742125984251
0
LINE
8
BLACK
6
CONTINUOUS
10
0.4486182677165354
20
0.9513742125984251
11
0.4440143700787402
21
0.9548206692913386
0
LINE
8
BLACK
6
CONTINUOUS
10
0.4440143700787402
20
0.9548206692913386
11
0.4386257086614173
21
0.9568305118110236
0
LINE
8
BLACK
6
CONTINUOUS
10
0.4386257086614173
20
0.9568305118110236
11
0.4362439763779528
21
0.9570866141732284
0
LINE
8
BLACK
6
CONTINUOUS
10
0.4362439763779528
20
0.9570866141732284
11
0.4143307086614173
21
0.9570866141732284
0
LINE
8
BLACK
6
CONTINUOUS
10
0.4143307086614173
20
0.9570866141732284
11
0.4143307086614173
21
0.9370866141732284
0
LINE
8
BLACK
6
CONTINUOUS
10
0.3143307086614173
20
0.9370866141732284
11
0.3343307086614173
21
0.9370866141732284
0
LINE
8
BLACK
6
CONTINUOUS
10
0.3343307086614173
20
0.9370866141732284
11
0.3343307086614173
21
0.9170866141732283
0
LINE
8
BLACK
6
CONTINUOUS
10
0.3343307086614173
20
0.9170866141732283
11
0.3743307086614173
21
0.9170866141732283
0
LINE
8
BLACK
6
CONTINUOUS
10
0.3743307086614173
20
0.9170866141732283
11
0.3743307086614173
21
0.9370866141732284
0
LINE
8
BLACK
6
CONTINUOUS
10
0.3743307086614173
20
0.9370866141732284
11
0.3943307086614173
21
0.9370866141732284
0
LINE
8
BLACK
6
CONTINUOUS
10
0.3943307086614173
20
0.9370866141732284
11
0.3943307086614173
21
0.9570866141732284
0
LINE
8
BLACK
6
CONTINUOUS
10
0.3943307086614173
20
0.9570866141732284
11
0.3724174015748031
21
0.9570866141732284
0
LINE
8
BLACK
6
CONTINUOUS
10
0.3724174015748031
20
0.9570866141732284
11
0.3700356692913386
21
0.9568305118110236
0
LINE
8
BLACK
6
CONTINUOUS
10
0.3700356692913386
20
0.9568305118110236
11
0.3646470472440945
21
0.9548206692913386
0
LINE
8
BLACK
6
CONTINUOUS
10
0.3646470472440945
20
0.9548206692913386
11
0.3646470078740157
21
0.9548206692913386
0
LINE
8
BLACK
6
CONTINUOUS
10
0.3646470078740157
20
0.9548206692913386
11
0.3600431889763779
21
0.9513742519685039
0
LINE
8
BLACK
6
CONTINUOUS
10
0.3600431889763779
20
0.9513742519685039
11
0.3583018897637795
21
0.9490481496062992
0
LINE
8
BLACK
6
CONTINUOUS
10
0.3583018897637795
20
0.9490481496062992
11
0.3560642125984252
21
0.9473731102362205
0
LINE
8
BLACK
6
CONTINUOUS
10
0.3560642125984252
20
0.9473731102362205
11
0.3532762204724409
21
0.9471737401574803
0
LINE
8
BLACK
6
CONTINUOUS
10
0.3532762204724409
20
0.9471737401574803
11
0.3508229921259842
21
0.9485133070866142
0
LINE
8
BLACK
6
CONTINUOUS
10
0.3508229921259842
20
0.9485133070866142
11
0.3503595275590551
21
0.9490481496062992
0
LINE
8
BLACK
6
CONTINUOUS
10
0.3503595275590551
20
0.9490481496062992
11
0.3486181889763779
21
0.9513742519685039
0
LINE
8
BLACK
6
CONTINUOUS
10
0.3486181889763779
20
0.9513742519685039
11
0.3440143700787401
21
0.9548206692913386
0
LINE
8
BLACK
6
CONTINUOUS
10
0.3440143700787401
20
0.9548206692913386
11
0.3386257086614173
21
0.9568305118110236
0
LINE
8
BLACK
6
CONTINUOUS
10
0.3386257086614173
20
0.9568305118110236
11
0.3362439763779527
21
0.9570866141732284
0
LINE
8
BLACK
6
CONTINUOUS
10
0.3362439763779527
20
0.9570866141732284
11
0.3143307086614173
21
0.9570866141732284
0
LINE
8
BLACK
6
CONTINUOUS
10
0.3143307086614173
20
0.9570866141732284
11
0.3143307086614173
21
0.9370866141732284
0
LINE
8
BLACK
6
CONTINUOUS
10
0.2700356692913386
20
0.9568305118110236
11
0.2646470472440945
21
0.9548206692913386
0
LINE
8
BLACK
6
CONTINUOUS
10
0.2646470472440945
20
0.9548206692913386
11
0.2646470078740157
21
0.9548206692913386
0
LINE
8
BLACK
6
CONTINUOUS
10
0.2646470078740157
20
0.9548206692913386
11
0.2600431102362205
21
0.9513742125984251
0
LINE
8
BLACK
6
CONTINUOUS
10
0.2600431102362205
20
0.9513742125984251
11
0.2565966535433071
21
0.9467703149606299
0
LINE
8
BLACK
6
CONTINUOUS
10
0.2565966535433071
20
0.9467703149606299
11
0.2565966535433071
21
0.9467702755905512
0
LINE
8
BLACK
6
CONTINUOUS
10
0.2565966535433071
20
0.9467702755905512
11
0.254586811023622
21
0.9413816535433071
0
LINE
8
BLACK
6
CONTINUOUS
10
0.254586811023622
20
0.9413816535433071
11
0.2543307086614173
21
0.9389999212598426
0
LINE
8
BLACK
6
CONTINUOUS
10
0.2543307086614173
20
0.9389999212598426
11
0.2543307086614173
21
0.9170866141732283
0
LINE
8
BLACK
6
CONTINUOUS
10
0.2543307086614173
20
0.9170866141732283
11
0.2743307086614173
21
0.9170866141732283
0
LINE
8
BLACK
6
CONTINUOUS
10
0.2743307086614173
20
0.9170866141732283
11
0.2743307086614173
21
0.9370866141732284
0
LINE
8
BLACK
6
CONTINUOUS
10
0.2743307086614173
20
0.9370866141732284
11
0.2943307086614173
21
0.9370866141732284
0
LINE
8
BLACK
6
CONTINUOUS
10
0.2943307086614173
20
0.9370866141732284
11
0.2943307086614173
21
0.9570866141732284
0
LINE
8
BLACK
6
CONTINUOUS
10
0.2943307086614173
20
0.9570866141732284
11
0.2724174015748032
21
0.9570866141732284
0
LINE
8
BLACK
6
CONTINUOUS
10
0.2724174015748032
20
0.9570866141732284
11
0.2700356692913386
21
0.9568305118110236
0
LINE
8
BLACK
6
CONTINUOUS
10
1.4998720472440945
20
0.9986697244094488
11
1.4906096062992125
21
0.996187874015748
0
LINE
8
BLACK
6
CONTINUOUS
10
1.4906096062992125
20
0.996187874015748
11
1.4817504724409449
21
0.9925183070866141
0
LINE
8
BLACK
6
CONTINUOUS
10
1.4817504724409449
20
0.9925183070866141
11
1.4817500393700787
21
0.9925180708661417
0
LINE
8
BLACK
6
CONTINUOUS
10
1.4817500393700787
20
0.9925180708661417
11
1.4734463779527558
21
0.9877239763779527
0
LINE
8
BLACK
6
CONTINUOUS
10
1.4734463779527558
20
0.9877239763779527
11
1.4700042519685039
21
0.9850827559055118
0
LINE
8
BLACK
6
CONTINUOUS
10
1.4700042519685039
20
0.9850827559055118
11
1.484430590551181
21
0.9706564173228346
0
LINE
8
BLACK
6
CONTINUOUS
10
1.484430590551181
20
0.9706564173228346
11
1.4864026377952755
21
0.9720891338582677
0
LINE
8
BLACK
6
CONTINUOUS
10
1.4864026377952755
20
0.9720891338582677
11
1.4938337401574804
21
0.9758754724409449
0
LINE
8
BLACK
6
CONTINUOUS
10
1.4938337401574804
20
0.9758754724409449
11
1.5017657086614173
21
0.9784527165354331
0
LINE
8
BLACK
6
CONTINUOUS
10
1.5017657086614173
20
0.9784527165354331
11
1.5100031496062991
21
0.9797574015748032
0
LINE
8
BLACK
6
CONTINUOUS
10
1.5100031496062991
20
0.9797574015748032
11
1.5183433070866141
21
0.9797574015748032
0
LINE
8
BLACK
6
CONTINUOUS
10
1.5183433070866141
20
0.9797574015748032
11
1.5265807480314961
21
0.9784527165354331
0
LINE
8
BLACK
6
CONTINUOUS
10
1.5265807480314961
20
0.9784527165354331
11
1.5345127165354331
21
0.9758754724409449
0
LINE
8
BLACK
6
CONTINUOUS
10
1.5345127165354331
20
0.9758754724409449
11
1.5419438188976378
21
0.9720891338582677
0
LINE
8
BLACK
6
CONTINUOUS
10
1.5419438188976378
20
0.9720891338582677
11
1.5439157874015748
21
0.9706564173228346
0
LINE
8
BLACK
6
CONTINUOUS
10
1.5439157874015748
20
0.9706564173228346
11
1.558342125984252
21
0.985082716535433
0
LINE
8
BLACK
6
CONTINUOUS
10
1.558342125984252
20
0.985082716535433
11
1.5583420866141733
21
0.9850827952755905
0
LINE
8
BLACK
6
CONTINUOUS
10
1.5583420866141733
20
0.9850827952755905
11
1.5549002755905512
21
0.9877238188976377
0
LINE
8
BLACK
6
CONTINUOUS
10
1.5549002755905512
20
0.9877238188976377
11
1.5549000393700787
21
0.9877239763779527
0
LINE
8
BLACK
6
CONTINUOUS
10
1.5549000393700787
20
0.9877239763779527
11
1.5465963779527558
21
0.9925180708661417
0
LINE
8
BLACK
6
CONTINUOUS
10
1.5465963779527558
20
0.9925180708661417
11
1.5465959448818898
21
0.9925183070866141
0
LINE
8
BLACK
6
CONTINUOUS
10
1.5465959448818898
20
0.9925183070866141
11
1.537736811023622
21
0.996187874015748
0
LINE
8
BLACK
6
CONTINUOUS
10
1.537736811023622
20
0.996187874015748
11
1.5284743700787402
21
0.9986697244094488
0
LINE
8
BLACK
6
CONTINUOUS
10
1.5284743700787402
20
0.9986697244094488
11
1.5189677952755904
21
0.9999212598425197
0
LINE
8
BLACK
6
CONTINUOUS
10
1.5189677952755904
20
0.9999212598425197
11
1.509378622047244
21
0.9999212598425197
0
LINE
8
BLACK
6
CONTINUOUS
10
1.509378622047244
20
0.9999212598425197
11
1.4998720472440945
21
0.9986697244094488
0
LINE
8
BLACK
6
CONTINUOUS
10
1.6998720472440945
20
0.9986697244094488
11
1.6906096062992126
21
0.996187874015748
0
LINE
8
BLACK
6
CONTINUOUS
10
1.6906096062992126
20
0.996187874015748
11
1.6817504724409449
21
0.9925183070866141
0
LINE
8
BLACK
6
CONTINUOUS
10
1.6817504724409449
20
0.9925183070866141
11
1.6817500393700786
21
0.9925180708661417
0
LINE
8
BLACK
6
CONTINUOUS
10
1.6817500393700786
20
0.9925180708661417
11
1.673446377952756
21
0.9877239763779527
0
LINE
8
BLACK
6
CONTINUOUS
10
1.673446377952756
20
0.9877239763779527
11
1.6700042519685039
21
0.9850827559055118
0
LINE
8
BLACK
6
CONTINUOUS
10
1.6700042519685039
20
0.9850827559055118
11
1.6844305905511812
21
0.9706564173228346
0
LINE
8
BLACK
6
CONTINUOUS
10
1.6844305905511812
20
0.9706564173228346
11
1.6864026377952757
21
0.9720891338582677
0
LINE
8
BLACK
6
CONTINUOUS
10
1.6864026377952757
20
0.9720891338582677
11
1.6938337401574803
21
0.9758754724409449
0
LINE
8
BLACK
6
CONTINUOUS
10
1.6938337401574803
20
0.9758754724409449
11
1.7017657086614173
21
0.9784527165354331
0
LINE
8
BLACK
6
CONTINUOUS
10
1.7017657086614173
20
0.9784527165354331
11
1.7100031496062991
21
0.9797574015748032
0
LINE
8
BLACK
6
CONTINUOUS
10
1.7100031496062991
20
0.9797574015748032
11
1.7183433070866141
21
0.9797574015748032
0
LINE
8
BLACK
6
CONTINUOUS
10
1.7183433070866141
20
0.9797574015748032
11
1.7265807480314961
21
0.9784527165354331
0
LINE
8
BLACK
6
CONTINUOUS
10
1.7265807480314961
20
0.9784527165354331
11
1.734512716535433
21
0.9758754724409449
0
LINE
8
BLACK
6
CONTINUOUS
10
1.734512716535433
20
0.9758754724409449
11
1.7419438188976377
21
0.9720891338582677
0
LINE
8
BLACK
6
CONTINUOUS
10
1.7419438188976377
20
0.9720891338582677
11
1.7439157874015747
21
0.9706564173228346
0
LINE
8
BLACK
6
CONTINUOUS
10
1.7439157874015747
20
0.9706564173228346
11
1.758342125984252
21
0.985082716535433
0
LINE
8
BLACK
6
CONTINUOUS
10
1.758342125984252
20
0.985082716535433
11
1.7583420866141732
21
0.9850827952755905
0
LINE
8
BLACK
6
CONTINUOUS
10
1.7583420866141732
20
0.9850827952755905
11
1.7549002755905512
21
0.9877238188976377
0
LINE
8
BLACK
6
CONTINUOUS
10
1.7549002755905512
20
0.9877238188976377
11
1.7549000393700787
21
0.9877239763779527
0
LINE
8
BLACK
6
CONTINUOUS
10
1.7549000393700787
20
0.9877239763779527
11
1.7465963779527558
21
0.9925180708661417
0
LINE
8
BLACK
6
CONTINUOUS
10
1.7465963779527558
20
0.9925180708661417
11
1.7465959448818897
21
0.9925183070866141
0
LINE
8
BLACK
6
CONTINUOUS
10
1.7465959448818897
20
0.9925183070866141
11
1.737736811023622
21
0.996187874015748
0
LINE
8
BLACK
6
CONTINUOUS
10
1.737736811023622
20
0.996187874015748
11
1.7284743700787402
21
0.9986697244094488
0
LINE
8
BLACK
6
CONTINUOUS
10
1.7284743700787402
20
0.9986697244094488
11
1.7189677952755904
21
0.9999212598425197
0
LINE
8
BLACK
6
CONTINUOUS
10
1.7189677952755904
20
0.9999212598425197
11
1.709378622047244
21
0.9999212598425197
0
LINE
8
BLACK
6
CONTINUOUS
10
1.709378622047244
20
0.9999212598425197
11
1.6998720472440945
21
0.9986697244094488
0
LINE
8
BLACK
6
CONTINUOUS
10
0.8314816141732283
20
1.3276064960629921
11
0.8307012204724409
21
1.3281279527559056
0
LINE
8
BLACK
6
CONTINUOUS
10
0.8307012204724409
20
1.3281279527559056
11
0.8254099212598425
21
1.3303196850393701
0
LINE
8
BLACK
6
CONTINUOUS
10
0.8254099212598425
20
1.3303196850393701
11
0.8197928346456693
21
1.3314370078740156
0
LINE
8
BLACK
6
CONTINUOUS
10
0.8197928346456693
20
1.3314370078740156
11
0.8197927559055118
21
1.3314370078740156
0
LINE
8
BLACK
6
CONTINUOUS
10
0.8197927559055118
20
1.3314370078740156
11
0.8140655118110236
21
1.3314370078740156
0
LINE
8
BLACK
6
CONTINUOUS
10
0.8140655118110236
20
1.3314370078740156
11
0.8140653937007873
21
1.3314370078740156
0
LINE
8
BLACK
6
CONTINUOUS
10
0.8140653937007873
20
1.3314370078740156
11
0.8084483070866142
21
1.3303196850393701
0
LINE
8
BLACK
6
CONTINUOUS
10
0.8084483070866142
20
1.3303196850393701
11
0.8084481102362204
21
1.3303196062992126
0
LINE
8
BLACK
6
CONTINUOUS
10
0.8084481102362204
20
1.3303196062992126
11
0.8031570472440944
21
1.3281279527559056
0
LINE
8
BLACK
6
CONTINUOUS
10
0.8031570472440944
20
1.3281279527559056
11
0.7983950393700787
21
1.3249461023622047
0
LINE
8
BLACK
6
CONTINUOUS
10
0.7983950393700787
20
1.3249461023622047
11
0.7983948031496063
21
1.3249459055118109
0
LINE
8
BLACK
6
CONTINUOUS
10
0.7983948031496063
20
1.3249459055118109
11
0.7943454330708661
21
1.3208965354330708
0
LINE
8
BLACK
6
CONTINUOUS
10
0.7943454330708661
20
1.3208965354330708
11
0.7943452362204724
21
1.3208962992125983
0
LINE
8
BLACK
6
CONTINUOUS
10
0.7943452362204724
20
1.3208962992125983
11
0.7911633858267716
21
1.3161342913385827
0
LINE
8
BLACK
6
CONTINUOUS
10
0.7911633858267716
20
1.3161342913385827
11
0.7889717322834645
21
1.3108432283464566
0
LINE
8
BLACK
6
CONTINUOUS
10
0.7889717322834645
20
1.3108432283464566
11
0.7889716535433071
21
1.3108430314960631
0
LINE
8
BLACK
6
CONTINUOUS
10
0.7889716535433071
20
1.3108430314960631
11
0.7878543307086614
21
1.3052259448818897
0
LINE
8
BLACK
6
CONTINUOUS
10
0.7878543307086614
20
1.3052259448818897
11
0.7878543307086614
21
1.3052258267716534
0
LINE
8
BLACK
6
CONTINUOUS
10
0.7878543307086614
20
1.3052258267716534
11
0.7878543307086614
21
1.2994985826771652
0
LINE
8
BLACK
6
CONTINUOUS
10
0.7878543307086614
20
1.2994985826771652
11
0.7889716535433071
21
1.2938814173228346
0
LINE
8
BLACK
6
CONTINUOUS
10
0.7889716535433071
20
1.2938814173228346
11
0.7911633858267716
21
1.2885901181102362
0
LINE
8
BLACK
6
CONTINUOUS
10
0.7911633858267716
20
1.2885901181102362
11
0.7932894094488189
21
1.2854082677165355
0
LINE
8
BLACK
6
CONTINUOUS
10
0.7932894094488189
20
1.2854082677165355
11
0.7943452362204724
21
1.2838281496062991
0
LINE
8
BLACK
6
CONTINUOUS
10
0.7943452362204724
20
1.2838281496062991
11
0.7943454330708661
21
1.2838279133858268
0
LINE
8
BLACK
6
CONTINUOUS
10
0.7943454330708661
20
1.2838279133858268
11
0.7983948031496063
21
1.2797785433070865
0
LINE
8
BLACK
6
CONTINUOUS
10
0.7983948031496063
20
1.2797785433070865
11
0.7983950393700787
21
1.279778346456693
0
LINE
8
BLACK
6
CONTINUOUS
10
0.7983950393700787
20
1.279778346456693
11
0.8031570472440944
21
1.2765964566929133
0
LINE
8
BLACK
6
CONTINUOUS
10
0.8031570472440944
20
1.2765964566929133
11
0.8084483464566929
21
1.2744047244094487
0
LINE
8
BLACK
6
CONTINUOUS
10
0.8084483464566929
20
1.2744047244094487
11
0.8140655118110236
21
1.273287401574803
0
LINE
8
BLACK
6
CONTINUOUS
10
0.8140655118110236
20
1.273287401574803
11
0.8140655511811024
21
1.273287401574803
0
LINE
8
BLACK
6
CONTINUOUS
10
0.8140655511811024
20
1.273287401574803
11
0.8197927165354331
21
1.273287401574803
0
LINE
8
BLACK
6
CONTINUOUS
10
0.8197927165354331
20
1.273287401574803
11
0.8197927559055118
21
1.273287401574803
0
LINE
8
BLACK
6
CONTINUOUS
10
0.8197927559055118
20
1.273287401574803
11
0.8254099212598425
21
1.2744047244094487
0
LINE
8
BLACK
6
CONTINUOUS
10
0.8254099212598425
20
1.2744047244094487
11
0.8307012204724409
21
1.2765964566929133
0
LINE
8
BLACK
6
CONTINUOUS
10
0.8307012204724409
20
1.2765964566929133
11
0.8354632283464567
21
1.279778346456693
0
LINE
8
BLACK
6
CONTINUOUS
10
0.8354632283464567
20
1.279778346456693
11
0.8395129921259842
21
1.2838281102362203
0
LINE
8
BLACK
6
CONTINUOUS
10
0.8395129921259842
20
1.2838281102362203
11
0.8426948818897637
21
1.2885901181102362
0
LINE
8
BLACK
6
CONTINUOUS
10
0.8426948818897637
20
1.2885901181102362
11
0.8448866141732283
21
1.2938814173228346
0
LINE
8
BLACK
6
CONTINUOUS
10
0.8448866141732283
20
1.2938814173228346
11
0.846003937007874
21
1.2994985826771652
0
LINE
8
BLACK
6
CONTINUOUS
10
0.846003937007874
20
1.2994985826771652
11
0.846003937007874
21
1.3052258267716534
0
LINE
8
BLACK
6
CONTINUOUS
10
0.846003937007874
20
1.3052258267716534
11
0.8448866141732283
21
1.3108429921259843
0
LINE
8
BLACK
6
CONTINUOUS
10
0.8448866141732283
20
1.3108429921259843
11
0.8426948818897637
21
1.3161342913385827
0
LINE
8
BLACK
6
CONTINUOUS
10
0.8426948818897637
20
1.3161342913385827
11
0.8395129921259842
21
1.3208962992125983
0
LINE
8
BLACK
6
CONTINUOUS
10
0.8395129921259842
20
1.3208962992125983
11
0.8395127952755905
21
1.3208965354330708
0
LINE
8
BLACK
6
CONTINUOUS
10
0.8395127952755905
20
1.3208965354330708
11
0.8354634251968504
21
1.3249459055118109
0
LINE
8
BLACK
6
CONTINUOUS
10
0.8354634251968504
20
1.3249459055118109
11
0.8354631889763779
21
1.3249461023622047
0
LINE
8
BLACK
6
CONTINUOUS
10
0.8354631889763779
20
1.3249461023622047
11
0.8350496062992125
21
1.3252224409448818
0
LINE
8
BLACK
6
CONTINUOUS
10
0.8350496062992125
20
1.3252224409448818
11
0.8314816141732283
21
1.3276064960629921
0
LINE
8
BLACK
6
CONTINUOUS
10
0.9999803149606299
20
1.2613917716535432
11
1.0002365748031496
21
1.259008031496063
0
LINE
8
BLACK
6
CONTINUOUS
10
1.0002365748031496
20
1.259008031496063
11
1.0002366535433072
21
1.259007716535433
0
LINE
8
BLACK
6
CONTINUOUS
10
1.0002366535433072
20
1.259007716535433
11
1.0022484251968504
21
1.2536140944881891
0
LINE
8
BLACK
6
CONTINUOUS
10
1.0022484251968504
20
1.2536140944881891
11
1.0022485039370079
21
1.2536138976377953
0
LINE
8
BLACK
6
CONTINUOUS
10
1.0022485039370079
20
1.2536138976377953
11
1.0056983464566929
21
1.249005472440945
0
LINE
8
BLACK
6
CONTINUOUS
10
1.0056983464566929
20
1.249005472440945
11
1.0080056299212599
21
1.2472782677165355
0
LINE
8
BLACK
6
CONTINUOUS
10
1.0080056299212599
20
1.2472782677165355
11
1.0096807086614172
21
1.2450406299212597
0
LINE
8
BLACK
6
CONTINUOUS
10
1.0096807086614172
20
1.2450406299212597
11
1.0098800787401574
21
1.2422525984251969
0
LINE
8
BLACK
6
CONTINUOUS
10
1.0098800787401574
20
1.2422525984251969
11
1.0085405118110236
21
1.2397993700787402
0
LINE
8
BLACK
6
CONTINUOUS
10
1.0085405118110236
20
1.2397993700787402
11
1.0080056299212599
21
1.2393359055118109
0
LINE
8
BLACK
6
CONTINUOUS
10
1.0080056299212599
20
1.2393359055118109
11
1.0056983464566929
21
1.2376087401574802
0
LINE
8
BLACK
6
CONTINUOUS
10
1.0056983464566929
20
1.2376087401574802
11
1.0022485039370079
21
1.2330003149606299
0
LINE
8
BLACK
6
CONTINUOUS
10
1.0022485039370079
20
1.2330003149606299
11
1.0022484251968504
21
1.2330001181102361
0
LINE
8
BLACK
6
CONTINUOUS
10
1.0022484251968504
20
1.2330001181102361
11
1.0002366535433072
21
1.227606496062992
0
LINE
8
BLACK
6
CONTINUOUS
10
1.0002366535433072
20
1.227606496062992
11
1.0002365748031496
21
1.2276061811023622
0
LINE
8
BLACK
6
CONTINUOUS
10
1.0002365748031496
20
1.2276061811023622
11
0.9999803149606299
21
1.2252224409448818
0
LINE
8
BLACK
6
CONTINUOUS
10
0.9999803149606299
20
1.2252224409448818
11
0.9999803149606299
21
1.1613917716535433
0
LINE
8
BLACK
6
CONTINUOUS
10
0.9999803149606299
20
1.1613917716535433
11
1.0002365748031496
21
1.1590080314960629
0
LINE
8
BLACK
6
CONTINUOUS
10
1.0002365748031496
20
1.1590080314960629
11
1.0002366535433072
21
1.1590077165354331
0
LINE
8
BLACK
6
CONTINUOUS
10
1.0002366535433072
20
1.1590077165354331
11
1.0022484251968504
21
1.153614094488189
0
LINE
8
BLACK
6
CONTINUOUS
10
1.0022484251968504
20
1.153614094488189
11
1.0022485039370079
21
1.1536138976377952
0
LINE
8
BLACK
6
CONTINUOUS
10
1.0022485039370079
20
1.1536138976377952
11
1.0056983464566929
21
1.1490054724409449
0
LINE
8
BLACK
6
CONTINUOUS
10
1.0056983464566929
20
1.1490054724409449
11
1.0103067716535432
21
1.1455556299212599
0
LINE
8
BLACK
6
CONTINUOUS
10
1.0103067716535432
20
1.1455556299212599
11
1.0103068503937007
21
1.1455555905511812
0
LINE
8
BLACK
6
CONTINUOUS
10
1.0103068503937007
20
1.1455555905511812
11
1.0103069291338582
21
1.1455555511811024
0
LINE
8
BLACK
6
CONTINUOUS
10
1.0103069291338582
20
1.1455555511811024
11
1.012632874015748
21
1.144688031496063
0
LINE
8
BLACK
6
CONTINUOUS
10
1.012632874015748
20
1.144688031496063
11
1.0157005905511811
21
1.1435437795275589
0
LINE
8
BLACK
6
CONTINUOUS
10
1.0157005905511811
20
1.1435437795275589
11
1.0157009055118109
21
1.1435437007874016
0
LINE
8
BLACK
6
CONTINUOUS
10
1.0157009055118109
20
1.1435437007874016
11
1.0180846456692914
21
1.1432874409448819
0
LINE
8
BLACK
6
CONTINUOUS
10
1.0180846456692914
20
1.1432874409448819
11
1.0180848425196851
21
1.1432874409448819
0
LINE
8
BLACK
6
CONTINUOUS
10
1.0180848425196851
20
1.1432874409448819
11
1.0180851181102362
21
1.1432874015748031
0
LINE
8
BLACK
6
CONTINUOUS
10
1.0180851181102362
20
1.1432874015748031
11
1.0180853543307087
21
1.1432874015748031
0
LINE
8
BLACK
6
CONTINUOUS
10
1.0180853543307087
20
1.1432874015748031
11
1.0819146456692914
21
1.1432874015748031
0
LINE
8
BLACK
6
CONTINUOUS
10
1.0819146456692914
20
1.1432874015748031
11
1.0819148818897637
21
1.1432874015748031
0
LINE
8
BLACK
6
CONTINUOUS
10
1.0819148818897637
20
1.1432874015748031
11
1.081915157480315
21
1.1432874409448819
0
LINE
8
BLACK
6
CONTINUOUS
10
1.081915157480315
20
1.1432874409448819
11
1.08191531496063
21
1.1432874409448819
0
LINE
8
BLACK
6
CONTINUOUS
10
1.08191531496063
20
1.1432874409448819
11
1.0842990551181102
21
1.1435437007874016
0
LINE
8
BLACK
6
CONTINUOUS
10
1.0842990551181102
20
1.1435437007874016
11
1.0842991732283465
21
1.1435437401574804
0
LINE
8
BLACK
6
CONTINUOUS
10
1.0842991732283465
20
1.1435437401574804
11
1.084299251968504
21
1.1435437401574804
0
LINE
8
BLACK
6
CONTINUOUS
10
1.084299251968504
20
1.1435437401574804
11
1.0896930708661416
21
1.1455555511811024
0
LINE
8
BLACK
6
CONTINUOUS
10
1.0896930708661416
20
1.1455555511811024
11
1.0943016141732282
21
1.1490054724409449
0
LINE
8
BLACK
6
CONTINUOUS
10
1.0943016141732282
20
1.1490054724409449
11
1.0960288188976377
21
1.1513127165354331
0
LINE
8
BLACK
6
CONTINUOUS
10
1.0960288188976377
20
1.1513127165354331
11
1.0982664566929135
21
1.1529877952755905
0
LINE
8
BLACK
6
CONTINUOUS
10
1.0982664566929135
20
1.1529877952755905
11
1.1010544881889763
21
1.1531871653543306
0
LINE
8
BLACK
6
CONTINUOUS
10
1.1010544881889763
20
1.1531871653543306
11
1.103507716535433
21
1.1518475984251968
0
LINE
8
BLACK
6
CONTINUOUS
10
1.103507716535433
20
1.1518475984251968
11
1.1039711811023623
21
1.1513127165354331
0
LINE
8
BLACK
6
CONTINUOUS
10
1.1039711811023623
20
1.1513127165354331
11
1.105698346456693
21
1.1490054724409449
0
LINE
8
BLACK
6
CONTINUOUS
10
1.105698346456693
20
1.1490054724409449
11
1.1103067716535433
21
1.1455556299212599
0
LINE
8
BLACK
6
CONTINUOUS
10
1.1103067716535433
20
1.1455556299212599
11
1.1103068503937008
21
1.1455555905511812
0
LINE
8
BLACK
6
CONTINUOUS
10
1.1103068503937008
20
1.1455555905511812
11
1.1103069291338583
21
1.1455555511811024
0
LINE
8
BLACK
6
CONTINUOUS
10
1.1103069291338583
20
1.1455555511811024
11
1.1126328740157481
21
1.144688031496063
0
LINE
8
BLACK
6
CONTINUOUS
10
1.1126328740157481
20
1.144688031496063
11
1.115700590551181
21
1.1435437795275589
0
LINE
8
BLACK
6
CONTINUOUS
10
1.115700590551181
20
1.1435437795275589
11
1.115700905511811
21
1.1435437007874016
0
LINE
8
BLACK
6
CONTINUOUS
10
1.115700905511811
20
1.1435437007874016
11
1.1180846456692912
21
1.1432874409448819
0
LINE
8
BLACK
6
CONTINUOUS
10
1.1180846456692912
20
1.1432874409448819
11
1.118084842519685
21
1.1432874409448819
0
LINE
8
BLACK
6
CONTINUOUS
10
1.118084842519685
20
1.1432874409448819
11
1.1180851181102363
21
1.1432874015748031
0
LINE
8
BLACK
6
CONTINUOUS
10
1.1180851181102363
20
1.1432874015748031
11
1.1180853543307085
21
1.1432874015748031
0
LINE
8
BLACK
6
CONTINUOUS
10
1.1180853543307085
20
1.1432874015748031
11
1.1819146456692913
21
1.1432874015748031
0
LINE
8
BLACK
6
CONTINUOUS
10
1.1819146456692913
20
1.1432874015748031
11
1.1819148818897638
21
1.1432874015748031
0
LINE
8
BLACK
6
CONTINUOUS
10
1.1819148818897638
20
1.1432874015748031
11
1.1819151574803148
21
1.1432874409448819
0
LINE
8
BLACK
6
CONTINUOUS
10
1.1819151574803148
20
1.1432874409448819
11
1.1819153149606298
21
1.1432874409448819
0
LINE
8
BLACK
6
CONTINUOUS
10
1.1819153149606298
20
1.1432874409448819
11
1.1842990551181103
21
1.1435437007874016
0
LINE
8
BLACK
6
CONTINUOUS
10
1.1842990551181103
20
1.1435437007874016
11
1.1842991732283463
21
1.1435437401574804
0
LINE
8
BLACK
6
CONTINUOUS
10
1.1842991732283463
20
1.1435437401574804
11
1.1842992519685038
21
1.1435437401574804
0
LINE
8
BLACK
6
CONTINUOUS
10
1.1842992519685038
20
1.1435437401574804
11
1.1896930708661417
21
1.1455555511811024
0
LINE
8
BLACK
6
CONTINUOUS
10
1.1896930708661417
20
1.1455555511811024
11
1.1943016141732283
21
1.1490054724409449
0
LINE
8
BLACK
6
CONTINUOUS
10
1.1943016141732283
20
1.1490054724409449
11
1.1960288188976378
21
1.1513127165354331
0
LINE
8
BLACK
6
CONTINUOUS
10
1.1960288188976378
20
1.1513127165354331
11
1.1982664566929133
21
1.1529877952755905
0
LINE
8
BLACK
6
CONTINUOUS
10
1.1982664566929133
20
1.1529877952755905
11
1.2010544881889764
21
1.1531871653543306
0
LINE
8
BLACK
6
CONTINUOUS
10
1.2010544881889764
20
1.1531871653543306
11
1.2035077165354331
21
1.1518475984251968
0
LINE
8
BLACK
6
CONTINUOUS
10
1.2035077165354331
20
1.1518475984251968
11
1.2039711811023621
21
1.1513127165354331
0
LINE
8
BLACK
6
CONTINUOUS
10
1.2039711811023621
20
1.1513127165354331
11
1.2056983464566928
21
1.1490054724409449
0
LINE
8
BLACK
6
CONTINUOUS
10
1.2056983464566928
20
1.1490054724409449
11
1.2103067716535434
21
1.1455556299212599
0
LINE
8
BLACK
6
CONTINUOUS
10
1.2103067716535434
20
1.1455556299212599
11
1.2103068503937007
21
1.1455555905511812
0
LINE
8
BLACK
6
CONTINUOUS
10
1.2103068503937007
20
1.1455555905511812
11
1.2103069291338582
21
1.1455555511811024
0
LINE
8
BLACK
6
CONTINUOUS
10
1.2103069291338582
20
1.1455555511811024
11
1.2126328740157479
21
1.144688031496063
0
LINE
8
BLACK
6
CONTINUOUS
10
1.2126328740157479
20
1.144688031496063
11
1.2157005905511811
21
1.1435437795275589
0
LINE
8
BLACK
6
CONTINUOUS
10
1.2157005905511811
20
1.1435437795275589
11
1.2157009055118111
21
1.1435437007874016
0
LINE
8
BLACK
6
CONTINUOUS
10
1.2157009055118111
20
1.1435437007874016
11
1.2180846456692913
21
1.1432874409448819
0
LINE
8
BLACK
6
CONTINUOUS
10
1.2180846456692913
20
1.1432874409448819
11
1.2180848425196851
21
1.1432874409448819
0
LINE
8
BLACK
6
CONTINUOUS
10
1.2180848425196851
20
1.1432874409448819
11
1.2180851181102361
21
1.1432874015748031
0
LINE
8
BLACK
6
CONTINUOUS
10
1.2180851181102361
20
1.1432874015748031
11
1.2180853543307086
21
1.1432874015748031
0
LINE
8
BLACK
6
CONTINUOUS
10
1.2180853543307086
20
1.1432874015748031
11
1.2819146456692914
21
1.1432874015748031
0
LINE
8
BLACK
6
CONTINUOUS
10
1.2819146456692914
20
1.1432874015748031
11
1.2819148818897637
21
1.1432874015748031
0
LINE
8
BLACK
6
CONTINUOUS
10
1.2819148818897637
20
1.1432874015748031
11
1.2819151574803149
21
1.1432874409448819
0
LINE
8
BLACK
6
CONTINUOUS
10
1.2819151574803149
20
1.1432874409448819
11
1.2819153149606299
21
1.1432874409448819
0
LINE
8
BLACK
6
CONTINUOUS
10
1.2819153149606299
20
1.1432874409448819
11
1.2842990551181102
21
1.1435437007874016
0
LINE
8
BLACK
6
CONTINUOUS
10
1.2842990551181102
20
1.1435437007874016
11
1.2842991732283464
21
1.1435437401574804
0
LINE
8
BLACK
6
CONTINUOUS
10
1.2842991732283464
20
1.1435437401574804
11
1.2842992519685039
21
1.1435437401574804
0
LINE
8
BLACK
6
CONTINUOUS
10
1.2842992519685039
20
1.1435437401574804
11
1.2896930708661416
21
1.1455555511811024
0
LINE
8
BLACK
6
CONTINUOUS
10
1.2896930708661416
20
1.1455555511811024
11
1.2943016141732284
21
1.1490054724409449
0
LINE
8
BLACK
6
CONTINUOUS
10
1.2943016141732284
20
1.1490054724409449
11
1.2960288188976377
21
1.1513127165354331
0
LINE
8
BLACK
6
CONTINUOUS
10
1.2960288188976377
20
1.1513127165354331
11
1.2982664566929134
21
1.1529877952755905
0
LINE
8
BLACK
6
CONTINUOUS
10
1.2982664566929134
20
1.1529877952755905
11
1.3010544881889763
21
1.1531871653543306
0
LINE
8
BLACK
6
CONTINUOUS
10
1.3010544881889763
20
1.1531871653543306
11
1.303507716535433
21
1.1518475984251968
0
LINE
8
BLACK
6
CONTINUOUS
10
1.303507716535433
20
1.1518475984251968
11
1.3039711811023622
21
1.1513127165354331
0
LINE
8
BLACK
6
CONTINUOUS
10
1.3039711811023622
20
1.1513127165354331
11
1.3056983464566929
21
1.1490054724409449
0
LINE
8
BLACK
6
CONTINUOUS
10
1.3056983464566929
20
1.1490054724409449
11
1.3103067716535433
21
1.1455556299212599
0
LINE
8
BLACK
6
CONTINUOUS
10
1.3103067716535433
20
1.1455556299212599
11
1.3103068503937008
21
1.1455555905511812
0
LINE
8
BLACK
6
CONTINUOUS
10
1.3103068503937008
20
1.1455555905511812
11
1.3103069291338583
21
1.1455555511811024
0
LINE
8
BLACK
6
CONTINUOUS
10
1.3103069291338583
20
1.1455555511811024
11
1.312632874015748
21
1.144688031496063
0
LINE
8
BLACK
6
CONTINUOUS
10
1.312632874015748
20
1.144688031496063
11
1.3157005905511812
21
1.1435437795275589
0
LINE
8
BLACK
6
CONTINUOUS
10
1.3157005905511812
20
1.1435437795275589
11
1.315700905511811
21
1.1435437007874016
0
LINE
8
BLACK
6
CONTINUOUS
10
1.315700905511811
20
1.1435437007874016
11
1.3180846456692914
21
1.1432874409448819
0
LINE
8
BLACK
6
CONTINUOUS
10
1.3180846456692914
20
1.1432874409448819
11
1.3180848425196849
21
1.1432874409448819
0
LINE
8
BLACK
6
CONTINUOUS
10
1.3180848425196849
20
1.1432874409448819
11
1.3180851181102362
21
1.1432874015748031
0
LINE
8
BLACK
6
CONTINUOUS
10
1.3180851181102362
20
1.1432874015748031
11
1.3180853543307087
21
1.1432874015748031
0
LINE
8
BLACK
6
CONTINUOUS
10
1.3180853543307087
20
1.1432874015748031
11
1.3819146456692912
21
1.1432874015748031
0
LINE
8
BLACK
6
CONTINUOUS
10
1.3819146456692912
20
1.1432874015748031
11
1.3819148818897637
21
1.1432874015748031
0
LINE
8
BLACK
6
CONTINUOUS
10
1.3819148818897637
20
1.1432874015748031
11
1.381915157480315
21
1.1432874409448819
0
LINE
8
BLACK
6
CONTINUOUS
10
1.381915157480315
20
1.1432874409448819
11
1.3819153149606298
21
1.1432874409448819
0
LINE
8
BLACK
6
CONTINUOUS
10
1.3819153149606298
20
1.1432874409448819
11
1.3842990551181102
21
1.1435437007874016
0
LINE
8
BLACK
6
CONTINUOUS
10
1.3842990551181102
20
1.1435437007874016
11
1.3842991732283465
21
1.1435437401574804
0
LINE
8
BLACK
6
CONTINUOUS
10
1.3842991732283465
20
1.1435437401574804
11
1.384299251968504
21
1.1435437401574804
0
LINE
8
BLACK
6
CONTINUOUS
10
1.384299251968504
20
1.1435437401574804
11
1.3896930708661417
21
1.1455555511811024
0
LINE
8
BLACK
6
CONTINUOUS
10
1.3896930708661417
20
1.1455555511811024
11
1.3943016141732283
21
1.1490054724409449
0
LINE
8
BLACK
6
CONTINUOUS
10
1.3943016141732283
20
1.1490054724409449
11
1.3977515354330707
21
1.1536140157480315
0
LINE
8
BLACK
6
CONTINUOUS
10
1.3977515354330707
20
1.1536140157480315
11
1.399763346456693
21
1.1590078346456694
0
LINE
8
BLACK
6
CONTINUOUS
10
1.399763346456693
20
1.1590078346456694
11
1.40001968503937
21
1.1613922047244094
0
LINE
8
BLACK
6
CONTINUOUS
10
1.40001968503937
20
1.1613922047244094
11
1.40001968503937
21
1.2252219685039369
0
LINE
8
BLACK
6
CONTINUOUS
10
1.40001968503937
20
1.2252219685039369
11
1.3999999999999999
21
1.2254050787401574
0
LINE
8
BLACK
6
CONTINUOUS
10
1.3999999999999999
20
1.2254050787401574
11
1.3997633858267715
21
1.2276061811023622
0
LINE
8
BLACK
6
CONTINUOUS
10
1.3997633858267715
20
1.2276061811023622
11
1.3997633070866142
21
1.227606496062992
0
LINE
8
BLACK
6
CONTINUOUS
10
1.3997633070866142
20
1.227606496062992
11
1.3977515354330707
21
1.2330001181102361
0
LINE
8
BLACK
6
CONTINUOUS
10
1.3977515354330707
20
1.2330001181102361
11
1.3977514566929135
21
1.2330003149606299
0
LINE
8
BLACK
6
CONTINUOUS
10
1.3977514566929135
20
1.2330003149606299
11
1.3943016141732283
21
1.2376087401574802
0
LINE
8
BLACK
6
CONTINUOUS
10
1.3943016141732283
20
1.2376087401574802
11
1.3919943700787401
21
1.2393359055118109
0
LINE
8
BLACK
6
CONTINUOUS
10
1.3919943700787401
20
1.2393359055118109
11
1.3903192913385827
21
1.2415735433070867
0
LINE
8
BLACK
6
CONTINUOUS
10
1.3903192913385827
20
1.2415735433070867
11
1.3901199212598425
21
1.2443615748031496
0
LINE
8
BLACK
6
CONTINUOUS
10
1.3901199212598425
20
1.2443615748031496
11
1.3914594881889764
21
1.2468148031496062
0
LINE
8
BLACK
6
CONTINUOUS
10
1.3914594881889764
20
1.2468148031496062
11
1.3919943700787401
21
1.2472782677165355
0
LINE
8
BLACK
6
CONTINUOUS
10
1.3919943700787401
20
1.2472782677165355
11
1.3943016141732283
21
1.249005472440945
0
LINE
8
BLACK
6
CONTINUOUS
10
1.3943016141732283
20
1.249005472440945
11
1.3977514566929135
21
1.2536138976377953
0
LINE
8
BLACK
6
CONTINUOUS
10
1.3977514566929135
20
1.2536138976377953
11
1.3977514566929135
21
1.253613937007874
0
LINE
8
BLACK
6
CONTINUOUS
10
1.3977514566929135
20
1.253613937007874
11
1.3977515354330707
21
1.2536140157480316
0
LINE
8
BLACK
6
CONTINUOUS
10
1.3977515354330707
20
1.2536140157480316
11
1.399763346456693
21
1.2590078346456692
0
LINE
8
BLACK
6
CONTINUOUS
10
1.399763346456693
20
1.2590078346456692
11
1.40001968503937
21
1.2613922047244095
0
LINE
8
BLACK
6
CONTINUOUS
10
1.40001968503937
20
1.2613922047244095
11
1.40001968503937
21
1.325221968503937
0
LINE
8
BLACK
6
CONTINUOUS
10
1.40001968503937
20
1.325221968503937
11
1.3999999999999999
21
1.3254050787401574
0
LINE
8
BLACK
6
CONTINUOUS
10
1.3999999999999999
20
1.3254050787401574
11
1.3997633858267715
21
1.3276061811023623
0
LINE
8
BLACK
6
CONTINUOUS
10
1.3997633858267715
20
1.3276061811023623
11
1.3997633070866142
21
1.3276064960629921
0
LINE
8
BLACK
6
CONTINUOUS
10
1.3997633070866142
20
1.3276064960629921
11
1.3977515354330707
21
1.3330001181102362
0
LINE
8
BLACK
6
CONTINUOUS
10
1.3977515354330707
20
1.3330001181102362
11
1.3977514566929135
21
1.33300031496063
0
LINE
8
BLACK
6
CONTINUOUS
10
1.3977514566929135
20
1.33300031496063
11
1.3943016141732283
21
1.3376087401574803
0
LINE
8
BLACK
6
CONTINUOUS
10
1.3943016141732283
20
1.3376087401574803
11
1.3896931889763779
21
1.3410585826771653
0
LINE
8
BLACK
6
CONTINUOUS
10
1.3896931889763779
20
1.3410585826771653
11
1.3896929921259842
21
1.3410586614173228
0
LINE
8
BLACK
6
CONTINUOUS
10
1.3896929921259842
20
1.3410586614173228
11
1.38429937007874
21
1.343070433070866
0
LINE
8
BLACK
6
CONTINUOUS
10
1.38429937007874
20
1.343070433070866
11
1.3842990551181102
21
1.3430705118110235
0
LINE
8
BLACK
6
CONTINUOUS
10
1.3842990551181102
20
1.3430705118110235
11
1.3819153149606298
21
1.3433267716535433
0
LINE
8
BLACK
6
CONTINUOUS
10
1.3819153149606298
20
1.3433267716535433
11
1.3819148818897637
21
1.3433267716535433
0
LINE
8
BLACK
6
CONTINUOUS
10
1.3819148818897637
20
1.3433267716535433
11
1.3180851181102362
21
1.3433267716535433
0
LINE
8
BLACK
6
CONTINUOUS
10
1.3180851181102362
20
1.3433267716535433
11
1.3180846456692914
21
1.3433267716535433
0
LINE
8
BLACK
6
CONTINUOUS
10
1.3180846456692914
20
1.3433267716535433
11
1.315700905511811
21
1.3430705118110235
0
LINE
8
BLACK
6
CONTINUOUS
10
1.315700905511811
20
1.3430705118110235
11
1.3157005905511812
21
1.343070433070866
0
LINE
8
BLACK
6
CONTINUOUS
10
1.3157005905511812
20
1.343070433070866
11
1.310306968503937
21
1.3410586614173228
0
LINE
8
BLACK
6
CONTINUOUS
10
1.310306968503937
20
1.3410586614173228
11
1.3103067716535433
21
1.3410585826771653
0
LINE
8
BLACK
6
CONTINUOUS
10
1.3103067716535433
20
1.3410585826771653
11
1.3056983464566929
21
1.3376087007874016
0
LINE
8
BLACK
6
CONTINUOUS
10
1.3056983464566929
20
1.3376087007874016
11
1.3039711417322835
21
1.3353014566929133
0
LINE
8
BLACK
6
CONTINUOUS
10
1.3039711417322835
20
1.3353014566929133
11
1.3017335039370079
21
1.3336264173228347
0
LINE
8
BLACK
6
CONTINUOUS
10
1.3017335039370079
20
1.3336264173228347
11
1.2989455118110236
21
1.3334270472440946
0
LINE
8
BLACK
6
CONTINUOUS
10
1.2989455118110236
20
1.3334270472440946
11
1.2964922834645669
21
1.3347666141732284
0
LINE
8
BLACK
6
CONTINUOUS
10
1.2964922834645669
20
1.3347666141732284
11
1.2960288582677164
21
1.3353014566929133
0
LINE
8
BLACK
6
CONTINUOUS
10
1.2960288582677164
20
1.3353014566929133
11
1.2943016141732284
21
1.3376087007874016
0
LINE
8
BLACK
6
CONTINUOUS
10
1.2943016141732284
20
1.3376087007874016
11
1.2896931889763779
21
1.3410585826771653
0
LINE
8
BLACK
6
CONTINUOUS
10
1.2896931889763779
20
1.3410585826771653
11
1.2896929921259843
21
1.3410586614173228
0
LINE
8
BLACK
6
CONTINUOUS
10
1.2896929921259843
20
1.3410586614173228
11
1.2842993700787402
21
1.343070433070866
0
LINE
8
BLACK
6
CONTINUOUS
10
1.2842993700787402
20
1.343070433070866
11
1.2842990551181102
21
1.3430705118110235
0
LINE
8
BLACK
6
CONTINUOUS
10
1.2842990551181102
20
1.3430705118110235
11
1.2819153149606299
21
1.3433267716535433
0
LINE
8
BLACK
6
CONTINUOUS
10
1.2819153149606299
20
1.3433267716535433
11
1.2819148818897637
21
1.3433267716535433
0
LINE
8
BLACK
6
CONTINUOUS
10
1.2819148818897637
20
1.3433267716535433
11
1.2180851181102361
21
1.3433267716535433
0
LINE
8
BLACK
6
CONTINUOUS
10
1.2180851181102361
20
1.3433267716535433
11
1.2180846456692913
21
1.3433267716535433
0
LINE
8
BLACK
6
CONTINUOUS
10
1.2180846456692913
20
1.3433267716535433
11
1.2157009055118111
21
1.3430705118110235
0
LINE
8
BLACK
6
CONTINUOUS
10
1.2157009055118111
20
1.3430705118110235
11
1.2157005905511811
21
1.343070433070866
0
LINE
8
BLACK
6
CONTINUOUS
10
1.2157005905511811
20
1.343070433070866
11
1.2103069685039369
21
1.3410586614173228
0
LINE
8
BLACK
6
CONTINUOUS
10
1.2103069685039369
20
1.3410586614173228
11
1.2103067716535434
21
1.3410585826771653
0
LINE
8
BLACK
6
CONTINUOUS
10
1.2103067716535434
20
1.3410585826771653
11
1.2056983464566928
21
1.3376087007874016
0
LINE
8
BLACK
6
CONTINUOUS
10
1.2056983464566928
20
1.3376087007874016
11
1.2039711417322834
21
1.3353014566929133
0
LINE
8
BLACK
6
CONTINUOUS
10
1.2039711417322834
20
1.3353014566929133
11
1.2017335039370078
21
1.3336264173228347
0
LINE
8
BLACK
6
CONTINUOUS
10
1.2017335039370078
20
1.3336264173228347
11
1.1989455118110235
21
1.3334270472440946
0
LINE
8
BLACK
6
CONTINUOUS
10
1.1989455118110235
20
1.3334270472440946
11
1.1964922834645668
21
1.3347666141732284
0
LINE
8
BLACK
6
CONTINUOUS
10
1.1964922834645668
20
1.3347666141732284
11
1.1960288582677165
21
1.3353014566929133
0
LINE
8
BLACK
6
CONTINUOUS
10
1.1960288582677165
20
1.3353014566929133
11
1.1943016141732283
21
1.3376087007874016
0
LINE
8
BLACK
6
CONTINUOUS
10
1.1943016141732283
20
1.3376087007874016
11
1.189693188976378
21
1.3410585826771653
0
LINE
8
BLACK
6
CONTINUOUS
10
1.189693188976378
20
1.3410585826771653
11
1.1896929921259842
21
1.3410586614173228
0
LINE
8
BLACK
6
CONTINUOUS
10
1.1896929921259842
20
1.3410586614173228
11
1.1842993700787401
21
1.343070433070866
0
LINE
8
BLACK
6
CONTINUOUS
10
1.1842993700787401
20
1.343070433070866
11
1.1842990551181103
21
1.3430705118110235
0
LINE
8
BLACK
6
CONTINUOUS
10
1.1842990551181103
20
1.3430705118110235
11
1.1819153149606298
21
1.3433267716535433
0
LINE
8
BLACK
6
CONTINUOUS
10
1.1819153149606298
20
1.3433267716535433
11
1.1819148818897638
21
1.3433267716535433
0
LINE
8
BLACK
6
CONTINUOUS
10
1.1819148818897638
20
1.3433267716535433
11
1.1180851181102363
21
1.3433267716535433
0
LINE
8
BLACK
6
CONTINUOUS
10
1.1180851181102363
20
1.3433267716535433
11
1.1180846456692912
21
1.3433267716535433
0
LINE
8
BLACK
6
CONTINUOUS
10
1.1180846456692912
20
1.3433267716535433
11
1.115700905511811
21
1.3430705118110235
0
LINE
8
BLACK
6
CONTINUOUS
10
1.115700905511811
20
1.3430705118110235
11
1.115700590551181
21
1.343070433070866
0
LINE
8
BLACK
6
CONTINUOUS
10
1.115700590551181
20
1.343070433070866
11
1.1103069685039371
21
1.3410586614173228
0
LINE
8
BLACK
6
CONTINUOUS
10
1.1103069685039371
20
1.3410586614173228
11
1.1103067716535433
21
1.3410585826771653
0
LINE
8
BLACK
6
CONTINUOUS
10
1.1103067716535433
20
1.3410585826771653
11
1.105698346456693
21
1.3376087007874016
0
LINE
8
BLACK
6
CONTINUOUS
10
1.105698346456693
20
1.3376087007874016
11
1.1039711417322835
21
1.3353014566929133
0
LINE
8
BLACK
6
CONTINUOUS
10
1.1039711417322835
20
1.3353014566929133
11
1.1017335039370078
21
1.3336264173228347
0
LINE
8
BLACK
6
CONTINUOUS
10
1.1017335039370078
20
1.3336264173228347
11
1.0989455118110236
21
1.3334270472440946
0
LINE
8
BLACK
6
CONTINUOUS
10
1.0989455118110236
20
1.3334270472440946
11
1.096492283464567
21
1.3347666141732284
0
LINE
8
BLACK
6
CONTINUOUS
10
1.096492283464567
20
1.3347666141732284
11
1.0960288582677165
21
1.3353014566929133
0
LINE
8
BLACK
6
CONTINUOUS
10
1.0960288582677165
20
1.3353014566929133
11
1.0943016141732282
21
1.3376087007874016
0
LINE
8
BLACK
6
CONTINUOUS
10
1.0943016141732282
20
1.3376087007874016
11
1.0896931889763779
21
1.3410585826771653
0
LINE
8
BLACK
6
CONTINUOUS
10
1.0896931889763779
20
1.3410585826771653
11
1.0896929921259841
21
1.3410586614173228
0
LINE
8
BLACK
6
CONTINUOUS
10
1.0896929921259841
20
1.3410586614173228
11
1.0842993700787402
21
1.343070433070866
0
LINE
8
BLACK
6
CONTINUOUS
10
1.0842993700787402
20
1.343070433070866
11
1.0842990551181102
21
1.3430705118110235
0
LINE
8
BLACK
6
CONTINUOUS
10
1.0842990551181102
20
1.3430705118110235
11
1.08191531496063
21
1.3433267716535433
0
LINE
8
BLACK
6
CONTINUOUS
10
1.08191531496063
20
1.3433267716535433
11
1.0819148818897637
21
1.3433267716535433
0
LINE
8
BLACK
6
CONTINUOUS
10
1.0819148818897637
20
1.3433267716535433
11
1.0180851181102362
21
1.3433267716535433
0
LINE
8
BLACK
6
CONTINUOUS
10
1.0180851181102362
20
1.3433267716535433
11
1.0180846456692914
21
1.3433267716535433
0
LINE
8
BLACK
6
CONTINUOUS
10
1.0180846456692914
20
1.3433267716535433
11
1.0157009055118109
21
1.3430705118110235
0
LINE
8
BLACK
6
CONTINUOUS
10
1.0157009055118109
20
1.3430705118110235
11
1.0157005905511811
21
1.343070433070866
0
LINE
8
BLACK
6
CONTINUOUS
10
1.0157005905511811
20
1.343070433070866
11
1.010306968503937
21
1.3410586614173228
0
LINE
8
BLACK
6
CONTINUOUS
10
1.010306968503937
20
1.3410586614173228
11
1.0103067716535432
21
1.3410585826771653
0
LINE
8
BLACK
6
CONTINUOUS
10
1.0103067716535432
20
1.3410585826771653
11
1.0056983464566929
21
1.3376087401574803
0
LINE
8
BLACK
6
CONTINUOUS
10
1.0056983464566929
20
1.3376087401574803
11
1.0022485039370079
21
1.33300031496063
0
LINE
8
BLACK
6
CONTINUOUS
10
1.0022485039370079
20
1.33300031496063
11
1.0022484251968504
21
1.3330001181102362
0
LINE
8
BLACK
6
CONTINUOUS
10
1.0022484251968504
20
1.3330001181102362
11
1.0002366535433072
21
1.3276064960629921
0
LINE
8
BLACK
6
CONTINUOUS
10
1.0002366535433072
20
1.3276064960629921
11
1.0002365748031496
21
1.3276061811023623
0
LINE
8
BLACK
6
CONTINUOUS
10
1.0002365748031496
20
1.3276061811023623
11
0.9999803149606299
21
1.3252224409448818
0
LINE
8
BLACK
6
CONTINUOUS
10
0.9999803149606299
20
1.3252224409448818
11
0.9999803149606299
21
1.2613917716535432
0
LINE
8
BLACK
6
CONTINUOUS
10
0.950551062992126
20
1.5162464173228347
11
0.9530493700787401
21
1.5137481102362205
0
LINE
8
BLACK
6
CONTINUOUS
10
0.9530493700787401
20
1.5137481102362205
11
0.9544014566929133
21
1.510483937007874
0
LINE
8
BLACK
6
CONTINUOUS
10
0.9544014566929133
20
1.510483937007874
11
0.9544014566929133
21
1.5069507874015748
0
LINE
8
BLACK
6
CONTINUOUS
10
0.9544014566929133
20
1.5069507874015748
11
0.9530493700787401
21
1.5036866141732284
0
LINE
8
BLACK
6
CONTINUOUS
10
0.9530493700787401
20
1.5036866141732284
11
0.950551062992126
21
1.5011883070866141
0
LINE
8
BLACK
6
CONTINUOUS
10
0.950551062992126
20
1.5011883070866141
11
0.9472868897637795
21
1.4998362204724409
0
LINE
8
BLACK
6
CONTINUOUS
10
0.9472868897637795
20
1.4998362204724409
11
0.9437537401574803
21
1.4998362204724409
0
LINE
8
BLACK
6
CONTINUOUS
10
0.9437537401574803
20
1.4998362204724409
11
0.9404895669291339
21
1.5011883070866141
0
LINE
8
BLACK
6
CONTINUOUS
10
0.9404895669291339
20
1.5011883070866141
11
0.9379912598425196
21
1.5036866141732284
0
LINE
8
BLACK
6
CONTINUOUS
10
0.9379912598425196
20
1.5036866141732284
11
0.9366391732283464
21
1.5069507874015748
0
LINE
8
BLACK
6
CONTINUOUS
10
0.9366391732283464
20
1.5069507874015748
11
0.9366391732283464
21
1.510483937007874
0
LINE
8
BLACK
6
CONTINUOUS
10
0.9366391732283464
20
1.510483937007874
11
0.9379912598425196
21
1.5137481102362205
0
LINE
8
BLACK
6
CONTINUOUS
10
0.9379912598425196
20
1.5137481102362205
11
0.9404895669291339
21
1.5162464173228347
0
LINE
8
BLACK
6
CONTINUOUS
10
0.9404895669291339
20
1.5162464173228347
11
0.9437537401574803
21
1.5175985039370079
0
LINE
8
BLACK
6
CONTINUOUS
10
0.9437537401574803
20
1.5175985039370079
11
0.9472868897637795
21
1.5175985039370079
0
LINE
8
BLACK
6
CONTINUOUS
10
0.9472868897637795
20
1.5175985039370079
11
0.950551062992126
21
1.5162464173228347
0
LINE
8
BLACK
6
CONTINUOUS
10
1.157546811023622
20
1.5482666535433069
11
1.161107125984252
21
1.5462111023622047
0
LINE
8
BLACK
6
CONTINUOUS
10
1.161107125984252
20
1.5462111023622047
11
1.1640140551181102
21
1.5433041732283463
0
LINE
8
BLACK
6
CONTINUOUS
10
1.1640140551181102
20
1.5433041732283463
11
1.1660696062992126
21
1.5397438582677165
0
LINE
8
BLACK
6
CONTINUOUS
10
1.1660696062992126
20
1.5397438582677165
11
1.1671336220472441
21
1.5357728740157479
0
LINE
8
BLACK
6
CONTINUOUS
10
1.1671336220472441
20
1.5357728740157479
11
1.1671336220472441
21
1.5316618503937007
0
LINE
8
BLACK
6
CONTINUOUS
10
1.1671336220472441
20
1.5316618503937007
11
1.1660696062992126
21
1.5276908661417323
0
LINE
8
BLACK
6
CONTINUOUS
10
1.1660696062992126
20
1.5276908661417323
11
1.1640140551181102
21
1.5241305511811023
0
LINE
8
BLACK
6
CONTINUOUS
10
1.1640140551181102
20
1.5241305511811023
11
1.161107125984252
21
1.5212236220472442
0
LINE
8
BLACK
6
CONTINUOUS
10
1.161107125984252
20
1.5212236220472442
11
1.157546811023622
21
1.5191680708661417
0
LINE
8
BLACK
6
CONTINUOUS
10
1.157546811023622
20
1.5191680708661417
11
1.1535758267716536
21
1.5181040551181102
0
LINE
8
BLACK
6
CONTINUOUS
10
1.1535758267716536
20
1.5181040551181102
11
1.1494648031496062
21
1.5181040551181102
0
LINE
8
BLACK
6
CONTINUOUS
10
1.1494648031496062
20
1.5181040551181102
11
1.1454938188976378
21
1.5191680708661417
0
LINE
8
BLACK
6
CONTINUOUS
10
1.1454938188976378
20
1.5191680708661417
11
1.1419335039370078
21
1.5212236220472442
0
LINE
8
BLACK
6
CONTINUOUS
10
1.1419335039370078
20
1.5212236220472442
11
1.1390265748031496
21
1.5241305511811023
0
LINE
8
BLACK
6
CONTINUOUS
10
1.1390265748031496
20
1.5241305511811023
11
1.1369710236220472
21
1.5276908661417323
0
LINE
8
BLACK
6
CONTINUOUS
10
1.1369710236220472
20
1.5276908661417323
11
1.1359070078740157
21
1.5316618503937007
0
LINE
8
BLACK
6
CONTINUOUS
10
1.1359070078740157
20
1.5316618503937007
11
1.1359070078740157
21
1.5357728740157479
0
LINE
8
BLACK
6
CONTINUOUS
10
1.1359070078740157
20
1.5357728740157479
11
1.1369710236220472
21
1.5397438582677165
0
LINE
8
BLACK
6
CONTINUOUS
10
1.1369710236220472
20
1.5397438582677165
11
1.1390265748031496
21
1.5433041732283463
0
LINE
8
BLACK
6
CONTINUOUS
10
1.1390265748031496
20
1.5433041732283463
11
1.1419335039370078
21
1.5462111023622047
0
LINE
8
BLACK
6
CONTINUOUS
10
1.1419335039370078
20
1.5462111023622047
11
1.1454938188976378
21
1.5482666535433069
0
LINE
8
BLACK
6
CONTINUOUS
10
1.1454938188976378
20
1.5482666535433069
11
1.1494648031496062
21
1.5493306692913384
0
LINE
8
BLACK
6
CONTINUOUS
10
1.1494648031496062
20
1.5493306692913384
11
1.1535758267716536
21
1.5493306692913384
0
LINE
8
BLACK
6
CONTINUOUS
10
1.1535758267716536
20
1.5493306692913384
11
1.157546811023622
21
1.5482666535433069
0
LINE
8
BLACK
6
CONTINUOUS
10
1.1485468110236221
20
1.590266653543307
11
1.1521071259842519
21
1.5882111023622048
0
LINE
8
BLACK
6
CONTINUOUS
10
1.1521071259842519
20
1.5882111023622048
11
1.1550140551181103
21
1.5853041732283464
0
LINE
8
BLACK
6
CONTINUOUS
10
1.1550140551181103
20
1.5853041732283464
11
1.1570696062992125
21
1.5817438582677166
0
LINE
8
BLACK
6
CONTINUOUS
10
1.1570696062992125
20
1.5817438582677166
11
1.158133622047244
21
1.577772874015748
0
LINE
8
BLACK
6
CONTINUOUS
10
1.158133622047244
20
1.577772874015748
11
1.158133622047244
21
1.5736618503937008
0
LINE
8
BLACK
6
CONTINUOUS
10
1.158133622047244
20
1.5736618503937008
11
1.1570696062992125
21
1.5696908661417321
0
LINE
8
BLACK
6
CONTINUOUS
10
1.1570696062992125
20
1.5696908661417321
11
1.1550140551181103
21
1.5661305511811023
0
LINE
8
BLACK
6
CONTINUOUS
10
1.1550140551181103
20
1.5661305511811023
11
1.1521071259842519
21
1.563223622047244
0
LINE
8
BLACK
6
CONTINUOUS
10
1.1521071259842519
20
1.563223622047244
11
1.1485468110236221
21
1.5611680708661417
0
LINE
8
BLACK
6
CONTINUOUS
10
1.1485468110236221
20
1.5611680708661417
11
1.1445758267716535
21
1.5601040551181102
0
LINE
8
BLACK
6
CONTINUOUS
10
1.1445758267716535
20
1.5601040551181102
11
1.1404648031496063
21
1.5601040551181102
0
LINE
8
BLACK
6
CONTINUOUS
10
1.1404648031496063
20
1.5601040551181102
11
1.1364938188976377
21
1.5611680708661417
0
LINE
8
BLACK
6
CONTINUOUS
10
1.1364938188976377
20
1.5611680708661417
11
1.1329335039370079
21
1.563223622047244
0
LINE
8
BLACK
6
CONTINUOUS
10
1.1329335039370079
20
1.563223622047244
11
1.1300265748031495
21
1.5661305511811023
0
LINE
8
BLACK
6
CONTINUOUS
10
1.1300265748031495
20
1.5661305511811023
11
1.1279710236220473
21
1.5696908661417321
0
LINE
8
BLACK
6
CONTINUOUS
10
1.1279710236220473
20
1.5696908661417321
11
1.1269070078740158
21
1.5736618503937008
0
LINE
8
BLACK
6
CONTINUOUS
10
1.1269070078740158
20
1.5736618503937008
11
1.1269070078740158
21
1.577772874015748
0
LINE
8
BLACK
6
CONTINUOUS
10
1.1269070078740158
20
1.577772874015748
11
1.1279710236220473
21
1.5817438582677166
0
LINE
8
BLACK
6
CONTINUOUS
10
1.1279710236220473
20
1.5817438582677166
11
1.1300265748031495
21
1.5853041732283464
0
LINE
8
BLACK
6
CONTINUOUS
10
1.1300265748031495
20
1.5853041732283464
11
1.1329335039370079
21
1.5882111023622048
0
LINE
8
BLACK
6
CONTINUOUS
10
1.1329335039370079
20
1.5882111023622048
11
1.1364938188976377
21
1.590266653543307
0
LINE
8
BLACK
6
CONTINUOUS
10
1.1364938188976377
20
1.590266653543307
11
1.1404648031496063
21
1.5913306692913385
0
LINE
8
BLACK
6
CONTINUOUS
10
1.1404648031496063
20
1.5913306692913385
11
1.1445758267716535
21
1.5913306692913385
0
LINE
8
BLACK
6
CONTINUOUS
10
1.1445758267716535
20
1.5913306692913385
11
1.1485468110236221
21
1.590266653543307
0
LINE
8
BLACK
6
CONTINUOUS
10
0.5027784645669291
20
1.6609429921259842
11
0.506338779527559
21
1.6588874409448819
0
LINE
8
BLACK
6
CONTINUOUS
10
0.506338779527559
20
1.6588874409448819
11
0.5092457086614173
21
1.6559805118110236
0
LINE
8
BLACK
6
CONTINUOUS
10
0.5092457086614173
20
1.6559805118110236
11
0.5113012598425197
21
1.6524201968503938
0
LINE
8
BLACK
6
CONTINUOUS
10
0.5113012598425197
20
1.6524201968503938
11
0.5123652755905511
21
1.6484492125984251
0
LINE
8
BLACK
6
CONTINUOUS
10
0.5123652755905511
20
1.6484492125984251
11
0.5123652755905511
21
1.644338188976378
0
LINE
8
BLACK
6
CONTINUOUS
10
0.5123652755905511
20
1.644338188976378
11
0.5113012598425197
21
1.6403672047244093
0
LINE
8
BLACK
6
CONTINUOUS
10
0.5113012598425197
20
1.6403672047244093
11
0.5092457086614173
21
1.6368068897637795
0
LINE
8
BLACK
6
CONTINUOUS
10
0.5092457086614173
20
1.6368068897637795
11
0.506338779527559
21
1.6338999606299212
0
LINE
8
BLACK
6
CONTINUOUS
10
0.506338779527559
20
1.6338999606299212
11
0.5027784645669291
21
1.6318444094488189
0
LINE
8
BLACK
6
CONTINUOUS
10
0.5027784645669291
20
1.6318444094488189
11
0.4988074803149606
21
1.6307803937007874
0
LINE
8
BLACK
6
CONTINUOUS
10
0.4988074803149606
20
1.6307803937007874
11
0.4946964566929134
21
1.6307803937007874
0
LINE
8
BLACK
6
CONTINUOUS
10
0.4946964566929134
20
1.6307803937007874
11
0.4907254724409449
21
1.6318444094488189
0
LINE
8
BLACK
6
CONTINUOUS
10
0.4907254724409449
20
1.6318444094488189
11
0.487165157480315
21
1.6338999606299212
0
LINE
8
BLACK
6
CONTINUOUS
10
0.487165157480315
20
1.6338999606299212
11
0.4842582283464567
21
1.6368068897637795
0
LINE
8
BLACK
6
CONTINUOUS
10
0.4842582283464567
20
1.6368068897637795
11
0.4822026771653543
21
1.6403672047244093
0
LINE
8
BLACK
6
CONTINUOUS
10
0.4822026771653543
20
1.6403672047244093
11
0.4811386614173228
21
1.644338188976378
0
LINE
8
BLACK
6
CONTINUOUS
10
0.4811386614173228
20
1.644338188976378
11
0.4811386614173228
21
1.6484492125984251
0
LINE
8
BLACK
6
CONTINUOUS
10
0.4811386614173228
20
1.6484492125984251
11
0.4822026771653543
21
1.6524201968503938
0
LINE
8
BLACK
6
CONTINUOUS
10
0.4822026771653543
20
1.6524201968503938
11
0.4842582283464567
21
1.6559805118110236
0
LINE
8
BLACK
6
CONTINUOUS
10
0.4842582283464567
20
1.6559805118110236
11
0.487165157480315
21
1.6588874409448819
0
LINE
8
BLACK
6
CONTINUOUS
10
0.487165157480315
20
1.6588874409448819
11
0.4907254724409449
21
1.6609429921259842
0
LINE
8
BLACK
6
CONTINUOUS
10
0.4907254724409449
20
1.6609429921259842
11
0.4946964566929134
21
1.6620070078740157
0
LINE
8
BLACK
6
CONTINUOUS
10
0.4946964566929134
20
1.6620070078740157
11
0.4988074803149606
21
1.6620070078740157
0
LINE
8
BLACK
6
CONTINUOUS
10
0.4988074803149606
20
1.6620070078740157
11
0.5027784645669291
21
1.6609429921259842
0
CIRCLE
8
BLACK
10
1.05
20
1.1933070866141733
40
0.0068897637795276
0
CIRCLE
8
BLACK
10
1.05
20
1.2933070866141732
40
0.0068897637795276
0
CIRCLE
8
BLACK
10
1.1499999999999999
20
1.1933070866141733
40
0.0068897637795276
0
CIRCLE
8
BLACK
10
1.1499999999999999
20
1.2933070866141732
40
0.0068897637795276
0
CIRCLE
8
BLACK
10
1.25
20
1.1933070866141733
40
0.0068897637795276
0
CIRCLE
8
BLACK
10
1.25
20
1.2933070866141732
40
0.0068897637795276
0
CIRCLE
8
BLACK
10
1.3499999999999999
20
1.1933070866141733
40
0.0068897637795276
0
CIRCLE
8
BLACK
10
1.3499999999999999
20
1.2933070866141732
40
0.0068897637795276
0
CIRCLE
8
BLACK
10
1.6141732283464567
20
0.8267716535433071
40
0.0068897637795276
0
CIRCLE
8
BLACK
10
1.7141732283464566
20
0.926771653543307
40
0.0068897637795276
0
CIRCLE
8
BLACK
10
1.5141732283464566
20
0.926771653543307
40
0.0068897637795276
0
CIRCLE
8
BLACK
10
1.7141732283464566
20
0.7267716535433071
40
0.0068897637795276
0
CIRCLE
8
BLACK
10
1.5141732283464566
20
0.7267716535433071
40
0.0068897637795276
0
CIRCLE
8
BLACK
10
0.4
20
0.4
40
0.0068897637795276
0
CIRCLE
8
BLACK
10
1.5999999999999999
20
1.2
40
0.0068897637795276
0
CIRCLE
8
BLACK
10
1.5999999999999999
20
0.4
40
0.0068897637795276
0
CIRCLE
8
BLACK
10
0.4
20
1.2
40
0.0068897637795276
0
CIRCLE
8
BLACK
10
0.3043307086614173
20
0.9070866141732283
40
0.0068897637795276
0
CIRCLE
8
BLACK
10
0.4043307086614173
20
0.9070866141732283
40
0.0068897637795276
0
CIRCLE
8
BLACK
10
0.3043307086614173
20
0.8070866141732284
40
0.0068897637795276
0
CIRCLE
8
BLACK
10
0.4043307086614173
20
0.8070866141732284
40
0.0068897637795276
0
CIRCLE
8
BLACK
10
0.3043307086614173
20
0.7070866141732284
40
0.0068897637795276
0
CIRCLE
8
BLACK
10
0.4043307086614173
20
0.7070866141732284
40
0.0068897637795276
0
CIRCLE
8
BLACK
10
0.987007874015748
20
0.2989173228346457
40
0.0068897637795276
0
CIRCLE
8
BLACK
10
0.987007874015748
20
0.3989173228346456
40
0.0068897637795276
0
CIRCLE
8
BLACK
10
1.0870078740157481
20
0.2989173228346457
40
0.0068897637795276
0
CIRCLE
8
BLACK
10
1.0870078740157481
20
0.3989173228346456
40
0.0068897637795276
0
CIRCLE
8
BLACK
10
1.1870078740157479
20
0.2989173228346457
40
0.0068897637795276
0
CIRCLE
8
BLACK
10
1.1870078740157479
20
0.3989173228346456
40
0.0068897637795276
0
CIRCLE
8
BLACK
10
1.287007874015748
20
0.2989173228346457
40
0.0068897637795276
0
CIRCLE
8
BLACK
10
1.287007874015748
20
0.3989173228346456
40
0.0068897637795276
0
CIRCLE
8
BLACK
10
0.9116561417322835
20
0.8494582283464567
40
0.004
0
CIRCLE
8
BLACK
10
0.9074803149606299
20
0.7756852755905511
40
0.004
0
CIRCLE
8
BLACK
10
0.8726817716535433
20
0.8104838582677165
40
0.004
0
CIRCLE
8
BLACK
10
0.8378831889763779
20
0.8452824015748032
40
0.004
0
CIRCLE
8
BLACK
10
0.8337074015748032
20
0.7715094881889764
40
0.004
0
CIRCLE
8
BLACK
10
0.5429527559055118
20
0.7233779921259842
40
0.0039370078740157
0
CIRCLE
8
BLACK
10
1.1515203149606299
20
1.5337173622047244
40
0.0039370078740157
0
CIRCLE
8
BLACK
10
1.14252031496063
20
1.5757173622047245
40
0.0039370078740157
0
CIRCLE
8
BLACK
10
0.496751968503937
20
1.6463937007874014
40
0.0039370078740157
0
CIRCLE
8
BLACK
10
0.9455203149606299
20
1.5087173622047243
40
0.0039370078740157
0
CIRCLE
8
BLACK
10
0.8169291338582677
20
1.3023622047244094
40
0.0039370078740157
0
CIRCLE
8
WHITE
10
0.5429527559055118
20
0.7233779921259842
40
0.0039370078740157
0
CIRCLE
8
WHITE
10
1.1515203149606299
20
1.5337173622047244
40
0.0039370078740157
0
CIRCLE
8
WHITE
10
1.14252031496063
20
1.5757173622047245
40
0.0039370078740157
0
CIRCLE
8
WHITE
10
0.496751968503937
20
1.6463937007874014
40
0.0039370078740157
0
CIRCLE
8
WHITE
10
0.9455203149606299
20
1.5087173622047243
40
0.0039370078740157
0
CIRCLE
8
WHITE
10
0.8169291338582677
20
1.3023622047244094
40
0.0039370078740157
0
CIRCLE
8
WHITE
10
1.05
20
1.1933070866141733
40
0.0068897637795276
0
CIRCLE
8
WHITE
10
1.05
20
1.2933070866141732
40
0.0068897637795276
0
CIRCLE
8
WHITE
10
1.1499999999999999
20
1.1933070866141733
40
0.0068897637795276
0
CIRCLE
8
WHITE
10
1.1499999999999999
20
1.2933070866141732
40
0.0068897637795276
0
CIRCLE
8
WHITE
10
1.25
20
1.1933070866141733
40
0.0068897637795276
0
CIRCLE
8
WHITE
10
1.25
20
1.2933070866141732
40
0.0068897637795276
0
CIRCLE
8
WHITE
10
1.3499999999999999
20
1.1933070866141733
40
0.0068897637795276
0
CIRCLE
8
WHITE
10
1.3499999999999999
20
1.2933070866141732
40
0.0068897637795276
0
CIRCLE
8
WHITE
10
1.6141732283464567
20
0.8267716535433071
40
0.0068897637795276
0
CIRCLE
8
WHITE
10
1.7141732283464566
20
0.926771653543307
40
0.0068897637795276
0
CIRCLE
8
WHITE
10
1.5141732283464566
20
0.926771653543307
40
0.0068897637795276
0
CIRCLE
8
WHITE
10
1.7141732283464566
20
0.7267716535433071
40
0.0068897637795276
0
CIRCLE
8
WHITE
10
1.5141732283464566
20
0.7267716535433071
40
0.0068897637795276
0
CIRCLE
8
WHITE
10
0.4
20
0.4
40
0.0068897637795276
0
CIRCLE
8
WHITE
10
1.5999999999999999
20
1.2
40
0.0068897637795276
0
CIRCLE
8
WHITE
10
1.5999999999999999
20
0.4
40
0.0068897637795276
0
CIRCLE
8
WHITE
10
0.4
20
1.2
40
0.0068897637795276
0
CIRCLE
8
WHITE
10
0.3043307086614173
20
0.9070866141732283
40
0.0068897637795276
0
CIRCLE
8
WHITE
10
0.4043307086614173
20
0.9070866141732283
40
0.0068897637795276
0
CIRCLE
8
WHITE
10
0.3043307086614173
20
0.8070866141732284
40
0.0068897637795276
0
CIRCLE
8
WHITE
10
0.4043307086614173
20
0.8070866141732284
40
0.0068897637795276
0
CIRCLE
8
WHITE
10
0.3043307086614173
20
0.7070866141732284
40
0.0068897637795276
0
CIRCLE
8
WHITE
10
0.4043307086614173
20
0.7070866141732284
40
0.0068897637795276
0
CIRCLE
8
WHITE
10
0.987007874015748
20
0.2989173228346457
40
0.0068897637795276
0
CIRCLE
8
WHITE
10
0.987007874015748
20
0.3989173228346456
40
0.0068897637795276
0
CIRCLE
8
WHITE
10
1.0870078740157481
20
0.2989173228346457
40
0.0068897637795276
0
CIRCLE
8
WHITE
10
1.0870078740157481
20
0.3989173228346456
40
0.0068897637795276
0
CIRCLE
8
WHITE
10
1.1870078740157479
20
0.2989173228346457
40
0.0068897637795276
0
CIRCLE
8
WHITE
10
1.1870078740157479
20
0.3989173228346456
40
0.0068897637795276
0
CIRCLE
8
WHITE
10
1.287007874015748
20
0.2989173228346457
40
0.0068897637795276
0
CIRCLE
8
WHITE
10
1.287007874015748
20
0.3989173228346456
40
0.0068897637795276
0
CIRCLE
8
WHITE
10
0.9116561417322835
20
0.8494582283464567
40
0.004
0
CIRCLE
8
WHITE
10
0.9074803149606299
20
0.7756852755905511
40
0.004
0
CIRCLE
8
WHITE
10
0.8726817716535433
20
0.8104838582677165
40
0.004
0
CIRCLE
8
WHITE
10
0.8378831889763779
20
0.8452824015748032
40
0.004
0
CIRCLE
8
WHITE
10
0.8337074015748032
20
0.7715094881889764
40
0.004
  0
ENDSEC
  0
EOF
