ISO-10303-21;
HEADER;
FILE_DESCRIPTION(('KiCad electronic assembly'),'2;1');
FILE_NAME('BLE02.step','2026-01-22T14:02:37',('Pcbnew'),('Kicad'),
  'Open CASCADE STEP processor 7.8','KiCad to STEP converter','Unknown'
  );
FILE_SCHEMA(('AUTOMOTIVE_DESIGN { 1 0 10303 214 1 1 1 1 }'));
ENDSEC;
DATA;
#1 = APPLICATION_PROTOCOL_DEFINITION('international standard',
  'automotive_design',2000,#2);
#2 = APPLICATION_CONTEXT(
  'core data for automotive mechanical design processes');
#3 = SHAPE_DEFINITION_REPRESENTATION(#4,#10);
#4 = PRODUCT_DEFINITION_SHAPE('','',#5);
#5 = PRODUCT_DEFINITION('design','',#6,#9);
#6 = PRODUCT_DEFINITION_FORMATION('','',#7);
#7 = PRODUCT('BLE02 1','BLE02 1','',(#8));
#8 = PRODUCT_CONTEXT('',#2,'mechanical');
#9 = PRODUCT_DEFINITION_CONTEXT('part definition',#2,'design');
#10 = SHAPE_REPRESENTATION('',(#11,#15,#19,#23,#27,#31,#35,#39,#43,#47,
    #51,#55,#59,#63,#67,#71,#75),#79);
#11 = AXIS2_PLACEMENT_3D('',#12,#13,#14);
#12 = CARTESIAN_POINT('',(0.,0.,0.));
#13 = DIRECTION('',(0.,0.,1.));
#14 = DIRECTION('',(1.,0.,-0.));
#15 = AXIS2_PLACEMENT_3D('',#16,#17,#18);
#16 = CARTESIAN_POINT('',(16.9164,34.5186,0.185));
#17 = DIRECTION('',(0.,-0.,1.));
#18 = DIRECTION('',(1.110223024625E-16,1.,0.));
#19 = AXIS2_PLACEMENT_3D('',#20,#21,#22);
#20 = CARTESIAN_POINT('',(30.047,22.082201,-8.5E-02));
#21 = DIRECTION('',(8.659560562355E-17,8.659560562355E-17,-1.));
#22 = DIRECTION('',(-0.707106781187,0.707106781187,0.));
#23 = AXIS2_PLACEMENT_3D('',#24,#25,#26);
#24 = CARTESIAN_POINT('',(19.8681,24.908601,-8.5E-02));
#25 = DIRECTION('',(1.499759782662E-32,1.224646799147E-16,-1.));
#26 = DIRECTION('',(-1.,1.224646799147E-16,0.));
#27 = AXIS2_PLACEMENT_3D('',#28,#29,#30);
#28 = CARTESIAN_POINT('',(15.4166,19.466001,-8.5E-02));
#29 = DIRECTION('',(1.499759782662E-32,1.224646799147E-16,-1.));
#30 = DIRECTION('',(-1.,1.224646799147E-16,0.));
#31 = AXIS2_PLACEMENT_3D('',#32,#33,#34);
#32 = CARTESIAN_POINT('',(26.999,15.300401,-8.5E-02));
#33 = DIRECTION('',(1.499759782662E-32,1.224646799147E-16,-1.));
#34 = DIRECTION('',(-1.,1.224646799147E-16,0.));
#35 = AXIS2_PLACEMENT_3D('',#36,#37,#38);
#36 = CARTESIAN_POINT('',(32.7394,15.249601,-8.5E-02));
#37 = DIRECTION('',(0.,-1.224646799147E-16,-1.));
#38 = DIRECTION('',(1.,0.,0.));
#39 = AXIS2_PLACEMENT_3D('',#40,#41,#42);
#40 = CARTESIAN_POINT('',(21.0198,14.139001,-8.5E-02));
#41 = DIRECTION('',(0.,-1.224646799147E-16,-1.));
#42 = DIRECTION('',(1.,0.,0.));
#43 = AXIS2_PLACEMENT_3D('',#44,#45,#46);
#44 = CARTESIAN_POINT('',(15.4166,18.373801,-8.5E-02));
#45 = DIRECTION('',(1.499759782662E-32,1.224646799147E-16,-1.));
#46 = DIRECTION('',(-1.,1.224646799147E-16,0.));
#47 = AXIS2_PLACEMENT_3D('',#48,#49,#50);
#48 = CARTESIAN_POINT('',(17.5132,30.4952,-8.5E-02));
#49 = DIRECTION('',(1.224646799147E-16,-1.359631073447E-32,-1.));
#50 = DIRECTION('',(1.110223024625E-16,1.,0.));
#51 = AXIS2_PLACEMENT_3D('',#52,#53,#54);
#52 = CARTESIAN_POINT('',(20.5232,30.495201,-8.5E-02));
#53 = DIRECTION('',(1.224646799147E-16,-1.359631073447E-32,-1.));
#54 = DIRECTION('',(1.110223024625E-16,1.,0.));
#55 = AXIS2_PLACEMENT_3D('',#56,#57,#58);
#56 = CARTESIAN_POINT('',(23.509,24.934001,-8.5E-02));
#57 = DIRECTION('',(0.,-1.224646799147E-16,-1.));
#58 = DIRECTION('',(1.,0.,0.));
#59 = AXIS2_PLACEMENT_3D('',#60,#61,#62);
#60 = CARTESIAN_POINT('',(33.3744,16.799001,-8.5E-02));
#61 = DIRECTION('',(1.224646799147E-16,-1.359631073447E-32,-1.));
#62 = DIRECTION('',(1.110223024625E-16,1.,0.));
#63 = AXIS2_PLACEMENT_3D('',#64,#65,#66);
#64 = CARTESIAN_POINT('',(30.280717,18.780201,-8.5E-02));
#65 = DIRECTION('',(-8.659560562355E-17,8.659560562355E-17,-1.));
#66 = DIRECTION('',(-0.707106781187,-0.707106781187,0.));
#67 = AXIS2_PLACEMENT_3D('',#68,#69,#70);
#68 = CARTESIAN_POINT('',(32.4682,27.9402,-8.5E-02));
#69 = DIRECTION('',(1.224646799147E-16,-1.359631073447E-32,-1.));
#70 = DIRECTION('',(1.110223024625E-16,1.,0.));
#71 = AXIS2_PLACEMENT_3D('',#72,#73,#74);
#72 = CARTESIAN_POINT('',(32.1044,16.799001,-8.5E-02));
#73 = DIRECTION('',(1.224646799147E-16,-1.359631073447E-32,-1.));
#74 = DIRECTION('',(1.110223024625E-16,1.,0.));
#75 = AXIS2_PLACEMENT_3D('',#76,#77,#78);
#76 = CARTESIAN_POINT('',(0.,0.,0.));
#77 = DIRECTION('',(0.,0.,1.));
#78 = DIRECTION('',(1.,0.,-0.));
#79 = ( GEOMETRIC_REPRESENTATION_CONTEXT(3) 
GLOBAL_UNCERTAINTY_ASSIGNED_CONTEXT((#83)) GLOBAL_UNIT_ASSIGNED_CONTEXT(
(#80,#81,#82)) REPRESENTATION_CONTEXT('Context #1',
  '3D Context with UNIT and UNCERTAINTY') );
#80 = ( LENGTH_UNIT() NAMED_UNIT(*) SI_UNIT(.MILLI.,.METRE.) );
#81 = ( NAMED_UNIT(*) PLANE_ANGLE_UNIT() SI_UNIT($,.RADIAN.) );
#82 = ( NAMED_UNIT(*) SI_UNIT($,.STERADIAN.) SOLID_ANGLE_UNIT() );
#83 = UNCERTAINTY_MEASURE_WITH_UNIT(LENGTH_MEASURE(1.E-07),#80,
  'distance_accuracy_value','confusion accuracy');
#84 = PRODUCT_RELATED_PRODUCT_CATEGORY('part',$,(#7));
#85 = SHAPE_DEFINITION_REPRESENTATION(#86,#92);
#86 = PRODUCT_DEFINITION_SHAPE('','',#87);
#87 = PRODUCT_DEFINITION('design','',#88,#91);
#88 = PRODUCT_DEFINITION_FORMATION('','',#89);
#89 = PRODUCT('PinHeader_2x03_P2.54mm_Vertical',
  'PinHeader_2x03_P2.54mm_Vertical','',(#90));
#90 = PRODUCT_CONTEXT('',#2,'mechanical');
#91 = PRODUCT_DEFINITION_CONTEXT('part definition',#2,'design');
#92 = ADVANCED_BREP_SHAPE_REPRESENTATION('',(#11,#93),#3627);
#93 = MANIFOLD_SOLID_BREP('',#94);
#94 = CLOSED_SHELL('',(#95,#135,#166,#197,#546,#895,#912,#929,#946,#963,
    #980,#997,#1014,#1031,#1048,#1065,#1082,#1099,#1116,#1133,#1150,
    #1167,#1179,#1210,#1234,#1258,#1275,#1306,#1330,#1354,#1371,#1402,
    #1426,#1450,#1467,#1498,#1522,#1546,#1563,#1594,#1618,#1642,#1659,
    #1690,#1714,#1738,#1755,#1786,#1810,#1834,#1851,#1882,#1906,#1930,
    #1947,#1978,#2002,#2026,#2043,#2074,#2098,#2122,#2139,#2170,#2194,
    #2218,#2235,#2266,#2290,#2314,#2331,#2362,#2386,#2410,#2427,#2458,
    #2482,#2506,#2523,#2554,#2578,#2602,#2619,#2650,#2674,#2698,#2715,
    #2746,#2770,#2794,#2811,#2842,#2866,#2890,#2907,#2938,#2962,#2986,
    #3003,#3034,#3058,#3082,#3099,#3130,#3154,#3178,#3195,#3226,#3250,
    #3274,#3291,#3322,#3346,#3370,#3387,#3418,#3442,#3466,#3483,#3495,
    #3507,#3519,#3531,#3543,#3555,#3567,#3579,#3591,#3603,#3615));
#95 = ADVANCED_FACE('',(#96),#130,.F.);
#96 = FACE_BOUND('',#97,.F.);
#97 = EDGE_LOOP('',(#98,#108,#116,#124));
#98 = ORIENTED_EDGE('',*,*,#99,.T.);
#99 = EDGE_CURVE('',#100,#102,#104,.T.);
#100 = VERTEX_POINT('',#101);
#101 = CARTESIAN_POINT('',(-1.016,1.27,0.));
#102 = VERTEX_POINT('',#103);
#103 = CARTESIAN_POINT('',(-1.016,1.27,2.54));
#104 = LINE('',#105,#106);
#105 = CARTESIAN_POINT('',(-1.016,1.27,0.));
#106 = VECTOR('',#107,1.);
#107 = DIRECTION('',(0.,0.,1.));
#108 = ORIENTED_EDGE('',*,*,#109,.T.);
#109 = EDGE_CURVE('',#102,#110,#112,.T.);
#110 = VERTEX_POINT('',#111);
#111 = CARTESIAN_POINT('',(-1.27,1.016,2.54));
#112 = LINE('',#113,#114);
#113 = CARTESIAN_POINT('',(-1.016,1.27,2.54));
#114 = VECTOR('',#115,1.);
#115 = DIRECTION('',(-0.707106781187,-0.707106781187,0.));
#116 = ORIENTED_EDGE('',*,*,#117,.F.);
#117 = EDGE_CURVE('',#118,#110,#120,.T.);
#118 = VERTEX_POINT('',#119);
#119 = CARTESIAN_POINT('',(-1.27,1.016,0.));
#120 = LINE('',#121,#122);
#121 = CARTESIAN_POINT('',(-1.27,1.016,0.));
#122 = VECTOR('',#123,1.);
#123 = DIRECTION('',(0.,0.,1.));
#124 = ORIENTED_EDGE('',*,*,#125,.F.);
#125 = EDGE_CURVE('',#100,#118,#126,.T.);
#126 = LINE('',#127,#128);
#127 = CARTESIAN_POINT('',(-1.016,1.27,0.));
#128 = VECTOR('',#129,1.);
#129 = DIRECTION('',(-0.707106781187,-0.707106781187,0.));
#130 = PLANE('',#131);
#131 = AXIS2_PLACEMENT_3D('',#132,#133,#134);
#132 = CARTESIAN_POINT('',(-1.016,1.27,0.));
#133 = DIRECTION('',(0.707106781187,-0.707106781187,0.));
#134 = DIRECTION('',(-0.707106781187,-0.707106781187,0.));
#135 = ADVANCED_FACE('',(#136),#161,.F.);
#136 = FACE_BOUND('',#137,.F.);
#137 = EDGE_LOOP('',(#138,#148,#154,#155));
#138 = ORIENTED_EDGE('',*,*,#139,.T.);
#139 = EDGE_CURVE('',#140,#142,#144,.T.);
#140 = VERTEX_POINT('',#141);
#141 = CARTESIAN_POINT('',(3.556,1.27,0.));
#142 = VERTEX_POINT('',#143);
#143 = CARTESIAN_POINT('',(3.556,1.27,2.54));
#144 = LINE('',#145,#146);
#145 = CARTESIAN_POINT('',(3.556,1.27,0.));
#146 = VECTOR('',#147,1.);
#147 = DIRECTION('',(0.,0.,1.));
#148 = ORIENTED_EDGE('',*,*,#149,.T.);
#149 = EDGE_CURVE('',#142,#102,#150,.T.);
#150 = LINE('',#151,#152);
#151 = CARTESIAN_POINT('',(3.556,1.27,2.54));
#152 = VECTOR('',#153,1.);
#153 = DIRECTION('',(-1.,0.,0.));
#154 = ORIENTED_EDGE('',*,*,#99,.F.);
#155 = ORIENTED_EDGE('',*,*,#156,.F.);
#156 = EDGE_CURVE('',#140,#100,#157,.T.);
#157 = LINE('',#158,#159);
#158 = CARTESIAN_POINT('',(3.556,1.27,0.));
#159 = VECTOR('',#160,1.);
#160 = DIRECTION('',(-1.,0.,0.));
#161 = PLANE('',#162);
#162 = AXIS2_PLACEMENT_3D('',#163,#164,#165);
#163 = CARTESIAN_POINT('',(3.556,1.27,0.));
#164 = DIRECTION('',(0.,-1.,0.));
#165 = DIRECTION('',(-1.,0.,0.));
#166 = ADVANCED_FACE('',(#167),#192,.F.);
#167 = FACE_BOUND('',#168,.F.);
#168 = EDGE_LOOP('',(#169,#170,#178,#186));
#169 = ORIENTED_EDGE('',*,*,#117,.T.);
#170 = ORIENTED_EDGE('',*,*,#171,.T.);
#171 = EDGE_CURVE('',#110,#172,#174,.T.);
#172 = VERTEX_POINT('',#173);
#173 = CARTESIAN_POINT('',(-1.27,-1.016,2.54));
#174 = LINE('',#175,#176);
#175 = CARTESIAN_POINT('',(-1.27,1.016,2.54));
#176 = VECTOR('',#177,1.);
#177 = DIRECTION('',(0.,-1.,0.));
#178 = ORIENTED_EDGE('',*,*,#179,.F.);
#179 = EDGE_CURVE('',#180,#172,#182,.T.);
#180 = VERTEX_POINT('',#181);
#181 = CARTESIAN_POINT('',(-1.27,-1.016,0.));
#182 = LINE('',#183,#184);
#183 = CARTESIAN_POINT('',(-1.27,-1.016,0.));
#184 = VECTOR('',#185,1.);
#185 = DIRECTION('',(0.,0.,1.));
#186 = ORIENTED_EDGE('',*,*,#187,.F.);
#187 = EDGE_CURVE('',#118,#180,#188,.T.);
#188 = LINE('',#189,#190);
#189 = CARTESIAN_POINT('',(-1.27,1.016,0.));
#190 = VECTOR('',#191,1.);
#191 = DIRECTION('',(0.,-1.,0.));
#192 = PLANE('',#193);
#193 = AXIS2_PLACEMENT_3D('',#194,#195,#196);
#194 = CARTESIAN_POINT('',(-1.27,1.016,0.));
#195 = DIRECTION('',(1.,0.,0.));
#196 = DIRECTION('',(0.,-1.,0.));
#197 = ADVANCED_FACE('',(#198,#337,#371,#405,#439,#473,#507),#541,.F.);
#198 = FACE_BOUND('',#199,.F.);
#199 = EDGE_LOOP('',(#200,#201,#202,#210,#218,#226,#234,#242,#250,#258,
    #266,#274,#282,#290,#298,#306,#314,#322,#330,#336));
#200 = ORIENTED_EDGE('',*,*,#125,.T.);
#201 = ORIENTED_EDGE('',*,*,#187,.T.);
#202 = ORIENTED_EDGE('',*,*,#203,.T.);
#203 = EDGE_CURVE('',#180,#204,#206,.T.);
#204 = VERTEX_POINT('',#205);
#205 = CARTESIAN_POINT('',(-1.016,-1.27,0.));
#206 = LINE('',#207,#208);
#207 = CARTESIAN_POINT('',(-1.27,-1.016,0.));
#208 = VECTOR('',#209,1.);
#209 = DIRECTION('',(0.707106781187,-0.707106781187,0.));
#210 = ORIENTED_EDGE('',*,*,#211,.T.);
#211 = EDGE_CURVE('',#204,#212,#214,.T.);
#212 = VERTEX_POINT('',#213);
#213 = CARTESIAN_POINT('',(-1.27,-1.524,0.));
#214 = LINE('',#215,#216);
#215 = CARTESIAN_POINT('',(-1.016,-1.27,0.));
#216 = VECTOR('',#217,1.);
#217 = DIRECTION('',(-0.707106781187,-0.707106781187,0.));
#218 = ORIENTED_EDGE('',*,*,#219,.T.);
#219 = EDGE_CURVE('',#212,#220,#222,.T.);
#220 = VERTEX_POINT('',#221);
#221 = CARTESIAN_POINT('',(-1.27,-3.556,0.));
#222 = LINE('',#223,#224);
#223 = CARTESIAN_POINT('',(-1.27,-1.524,0.));
#224 = VECTOR('',#225,1.);
#225 = DIRECTION('',(0.,-1.,0.));
#226 = ORIENTED_EDGE('',*,*,#227,.T.);
#227 = EDGE_CURVE('',#220,#228,#230,.T.);
#228 = VERTEX_POINT('',#229);
#229 = CARTESIAN_POINT('',(-1.016,-3.81,0.));
#230 = LINE('',#231,#232);
#231 = CARTESIAN_POINT('',(-1.27,-3.556,0.));
#232 = VECTOR('',#233,1.);
#233 = DIRECTION('',(0.707106781187,-0.707106781187,0.));
#234 = ORIENTED_EDGE('',*,*,#235,.T.);
#235 = EDGE_CURVE('',#228,#236,#238,.T.);
#236 = VERTEX_POINT('',#237);
#237 = CARTESIAN_POINT('',(-1.27,-4.064,0.));
#238 = LINE('',#239,#240);
#239 = CARTESIAN_POINT('',(-1.016,-3.81,0.));
#240 = VECTOR('',#241,1.);
#241 = DIRECTION('',(-0.707106781187,-0.707106781187,0.));
#242 = ORIENTED_EDGE('',*,*,#243,.T.);
#243 = EDGE_CURVE('',#236,#244,#246,.T.);
#244 = VERTEX_POINT('',#245);
#245 = CARTESIAN_POINT('',(-1.27,-6.096,0.));
#246 = LINE('',#247,#248);
#247 = CARTESIAN_POINT('',(-1.27,-4.064,0.));
#248 = VECTOR('',#249,1.);
#249 = DIRECTION('',(0.,-1.,0.));
#250 = ORIENTED_EDGE('',*,*,#251,.T.);
#251 = EDGE_CURVE('',#244,#252,#254,.T.);
#252 = VERTEX_POINT('',#253);
#253 = CARTESIAN_POINT('',(-1.016,-6.35,0.));
#254 = LINE('',#255,#256);
#255 = CARTESIAN_POINT('',(-1.27,-6.096,0.));
#256 = VECTOR('',#257,1.);
#257 = DIRECTION('',(0.707106781187,-0.707106781187,0.));
#258 = ORIENTED_EDGE('',*,*,#259,.T.);
#259 = EDGE_CURVE('',#252,#260,#262,.T.);
#260 = VERTEX_POINT('',#261);
#261 = CARTESIAN_POINT('',(3.556,-6.35,0.));
#262 = LINE('',#263,#264);
#263 = CARTESIAN_POINT('',(-1.016,-6.35,0.));
#264 = VECTOR('',#265,1.);
#265 = DIRECTION('',(1.,0.,0.));
#266 = ORIENTED_EDGE('',*,*,#267,.T.);
#267 = EDGE_CURVE('',#260,#268,#270,.T.);
#268 = VERTEX_POINT('',#269);
#269 = CARTESIAN_POINT('',(3.81,-6.096,0.));
#270 = LINE('',#271,#272);
#271 = CARTESIAN_POINT('',(3.556,-6.35,0.));
#272 = VECTOR('',#273,1.);
#273 = DIRECTION('',(0.707106781187,0.707106781187,0.));
#274 = ORIENTED_EDGE('',*,*,#275,.T.);
#275 = EDGE_CURVE('',#268,#276,#278,.T.);
#276 = VERTEX_POINT('',#277);
#277 = CARTESIAN_POINT('',(3.81,-4.064,0.));
#278 = LINE('',#279,#280);
#279 = CARTESIAN_POINT('',(3.81,-6.096,0.));
#280 = VECTOR('',#281,1.);
#281 = DIRECTION('',(0.,1.,0.));
#282 = ORIENTED_EDGE('',*,*,#283,.T.);
#283 = EDGE_CURVE('',#276,#284,#286,.T.);
#284 = VERTEX_POINT('',#285);
#285 = CARTESIAN_POINT('',(3.556,-3.81,0.));
#286 = LINE('',#287,#288);
#287 = CARTESIAN_POINT('',(3.81,-4.064,0.));
#288 = VECTOR('',#289,1.);
#289 = DIRECTION('',(-0.707106781187,0.707106781187,0.));
#290 = ORIENTED_EDGE('',*,*,#291,.T.);
#291 = EDGE_CURVE('',#284,#292,#294,.T.);
#292 = VERTEX_POINT('',#293);
#293 = CARTESIAN_POINT('',(3.81,-3.556,0.));
#294 = LINE('',#295,#296);
#295 = CARTESIAN_POINT('',(3.556,-3.81,0.));
#296 = VECTOR('',#297,1.);
#297 = DIRECTION('',(0.707106781187,0.707106781187,0.));
#298 = ORIENTED_EDGE('',*,*,#299,.T.);
#299 = EDGE_CURVE('',#292,#300,#302,.T.);
#300 = VERTEX_POINT('',#301);
#301 = CARTESIAN_POINT('',(3.81,-1.524,0.));
#302 = LINE('',#303,#304);
#303 = CARTESIAN_POINT('',(3.81,-3.556,0.));
#304 = VECTOR('',#305,1.);
#305 = DIRECTION('',(0.,1.,0.));
#306 = ORIENTED_EDGE('',*,*,#307,.T.);
#307 = EDGE_CURVE('',#300,#308,#310,.T.);
#308 = VERTEX_POINT('',#309);
#309 = CARTESIAN_POINT('',(3.556,-1.27,0.));
#310 = LINE('',#311,#312);
#311 = CARTESIAN_POINT('',(3.81,-1.524,0.));
#312 = VECTOR('',#313,1.);
#313 = DIRECTION('',(-0.707106781187,0.707106781187,0.));
#314 = ORIENTED_EDGE('',*,*,#315,.T.);
#315 = EDGE_CURVE('',#308,#316,#318,.T.);
#316 = VERTEX_POINT('',#317);
#317 = CARTESIAN_POINT('',(3.81,-1.016,0.));
#318 = LINE('',#319,#320);
#319 = CARTESIAN_POINT('',(3.556,-1.27,0.));
#320 = VECTOR('',#321,1.);
#321 = DIRECTION('',(0.707106781187,0.707106781187,0.));
#322 = ORIENTED_EDGE('',*,*,#323,.T.);
#323 = EDGE_CURVE('',#316,#324,#326,.T.);
#324 = VERTEX_POINT('',#325);
#325 = CARTESIAN_POINT('',(3.81,1.016,0.));
#326 = LINE('',#327,#328);
#327 = CARTESIAN_POINT('',(3.81,-1.016,0.));
#328 = VECTOR('',#329,1.);
#329 = DIRECTION('',(0.,1.,0.));
#330 = ORIENTED_EDGE('',*,*,#331,.T.);
#331 = EDGE_CURVE('',#324,#140,#332,.T.);
#332 = LINE('',#333,#334);
#333 = CARTESIAN_POINT('',(3.81,1.016,0.));
#334 = VECTOR('',#335,1.);
#335 = DIRECTION('',(-0.707106781187,0.707106781187,0.));
#336 = ORIENTED_EDGE('',*,*,#156,.T.);
#337 = FACE_BOUND('',#338,.F.);
#338 = EDGE_LOOP('',(#339,#349,#357,#365));
#339 = ORIENTED_EDGE('',*,*,#340,.F.);
#340 = EDGE_CURVE('',#341,#343,#345,.T.);
#341 = VERTEX_POINT('',#342);
#342 = CARTESIAN_POINT('',(2.86,-2.86,0.));
#343 = VERTEX_POINT('',#344);
#344 = CARTESIAN_POINT('',(2.86,-2.22,0.));
#345 = LINE('',#346,#347);
#346 = CARTESIAN_POINT('',(2.86,-2.7,0.));
#347 = VECTOR('',#348,1.);
#348 = DIRECTION('',(0.,1.,0.));
#349 = ORIENTED_EDGE('',*,*,#350,.T.);
#350 = EDGE_CURVE('',#341,#351,#353,.T.);
#351 = VERTEX_POINT('',#352);
#352 = CARTESIAN_POINT('',(2.22,-2.86,0.));
#353 = LINE('',#354,#355);
#354 = CARTESIAN_POINT('',(1.745,-2.86,0.));
#355 = VECTOR('',#356,1.);
#356 = DIRECTION('',(-1.,0.,0.));
#357 = ORIENTED_EDGE('',*,*,#358,.T.);
#358 = EDGE_CURVE('',#351,#359,#361,.T.);
#359 = VERTEX_POINT('',#360);
#360 = CARTESIAN_POINT('',(2.22,-2.22,0.));
#361 = LINE('',#362,#363);
#362 = CARTESIAN_POINT('',(2.22,-2.7,0.));
#363 = VECTOR('',#364,1.);
#364 = DIRECTION('',(0.,1.,0.));
#365 = ORIENTED_EDGE('',*,*,#366,.F.);
#366 = EDGE_CURVE('',#343,#359,#367,.T.);
#367 = LINE('',#368,#369);
#368 = CARTESIAN_POINT('',(1.745,-2.22,0.));
#369 = VECTOR('',#370,1.);
#370 = DIRECTION('',(-1.,0.,0.));
#371 = FACE_BOUND('',#372,.F.);
#372 = EDGE_LOOP('',(#373,#383,#391,#399));
#373 = ORIENTED_EDGE('',*,*,#374,.F.);
#374 = EDGE_CURVE('',#375,#377,#379,.T.);
#375 = VERTEX_POINT('',#376);
#376 = CARTESIAN_POINT('',(0.32,-2.22,0.));
#377 = VERTEX_POINT('',#378);
#378 = CARTESIAN_POINT('',(-0.32,-2.22,0.));
#379 = LINE('',#380,#381);
#380 = CARTESIAN_POINT('',(0.475,-2.22,0.));
#381 = VECTOR('',#382,1.);
#382 = DIRECTION('',(-1.,0.,0.));
#383 = ORIENTED_EDGE('',*,*,#384,.F.);
#384 = EDGE_CURVE('',#385,#375,#387,.T.);
#385 = VERTEX_POINT('',#386);
#386 = CARTESIAN_POINT('',(0.32,-2.86,0.));
#387 = LINE('',#388,#389);
#388 = CARTESIAN_POINT('',(0.32,-2.7,0.));
#389 = VECTOR('',#390,1.);
#390 = DIRECTION('',(0.,1.,0.));
#391 = ORIENTED_EDGE('',*,*,#392,.T.);
#392 = EDGE_CURVE('',#385,#393,#395,.T.);
#393 = VERTEX_POINT('',#394);
#394 = CARTESIAN_POINT('',(-0.32,-2.86,0.));
#395 = LINE('',#396,#397);
#396 = CARTESIAN_POINT('',(0.475,-2.86,0.));
#397 = VECTOR('',#398,1.);
#398 = DIRECTION('',(-1.,0.,0.));
#399 = ORIENTED_EDGE('',*,*,#400,.T.);
#400 = EDGE_CURVE('',#393,#377,#401,.T.);
#401 = LINE('',#402,#403);
#402 = CARTESIAN_POINT('',(-0.32,-2.7,0.));
#403 = VECTOR('',#404,1.);
#404 = DIRECTION('',(0.,1.,0.));
#405 = FACE_BOUND('',#406,.F.);
#406 = EDGE_LOOP('',(#407,#417,#425,#433));
#407 = ORIENTED_EDGE('',*,*,#408,.F.);
#408 = EDGE_CURVE('',#409,#411,#413,.T.);
#409 = VERTEX_POINT('',#410);
#410 = CARTESIAN_POINT('',(0.32,-0.32,0.));
#411 = VERTEX_POINT('',#412);
#412 = CARTESIAN_POINT('',(0.32,0.32,0.));
#413 = LINE('',#414,#415);
#414 = CARTESIAN_POINT('',(0.32,-1.43,0.));
#415 = VECTOR('',#416,1.);
#416 = DIRECTION('',(0.,1.,0.));
#417 = ORIENTED_EDGE('',*,*,#418,.T.);
#418 = EDGE_CURVE('',#409,#419,#421,.T.);
#419 = VERTEX_POINT('',#420);
#420 = CARTESIAN_POINT('',(-0.32,-0.32,0.));
#421 = LINE('',#422,#423);
#422 = CARTESIAN_POINT('',(0.475,-0.32,0.));
#423 = VECTOR('',#424,1.);
#424 = DIRECTION('',(-1.,0.,0.));
#425 = ORIENTED_EDGE('',*,*,#426,.T.);
#426 = EDGE_CURVE('',#419,#427,#429,.T.);
#427 = VERTEX_POINT('',#428);
#428 = CARTESIAN_POINT('',(-0.32,0.32,0.));
#429 = LINE('',#430,#431);
#430 = CARTESIAN_POINT('',(-0.32,-1.43,0.));
#431 = VECTOR('',#432,1.);
#432 = DIRECTION('',(0.,1.,0.));
#433 = ORIENTED_EDGE('',*,*,#434,.F.);
#434 = EDGE_CURVE('',#411,#427,#435,.T.);
#435 = LINE('',#436,#437);
#436 = CARTESIAN_POINT('',(0.475,0.32,0.));
#437 = VECTOR('',#438,1.);
#438 = DIRECTION('',(-1.,0.,0.));
#439 = FACE_BOUND('',#440,.F.);
#440 = EDGE_LOOP('',(#441,#451,#459,#467));
#441 = ORIENTED_EDGE('',*,*,#442,.F.);
#442 = EDGE_CURVE('',#443,#445,#447,.T.);
#443 = VERTEX_POINT('',#444);
#444 = CARTESIAN_POINT('',(2.86,-0.32,0.));
#445 = VERTEX_POINT('',#446);
#446 = CARTESIAN_POINT('',(2.86,0.32,0.));
#447 = LINE('',#448,#449);
#448 = CARTESIAN_POINT('',(2.86,-1.43,0.));
#449 = VECTOR('',#450,1.);
#450 = DIRECTION('',(0.,1.,0.));
#451 = ORIENTED_EDGE('',*,*,#452,.T.);
#452 = EDGE_CURVE('',#443,#453,#455,.T.);
#453 = VERTEX_POINT('',#454);
#454 = CARTESIAN_POINT('',(2.22,-0.32,0.));
#455 = LINE('',#456,#457);
#456 = CARTESIAN_POINT('',(1.745,-0.32,0.));
#457 = VECTOR('',#458,1.);
#458 = DIRECTION('',(-1.,0.,0.));
#459 = ORIENTED_EDGE('',*,*,#460,.T.);
#460 = EDGE_CURVE('',#453,#461,#463,.T.);
#461 = VERTEX_POINT('',#462);
#462 = CARTESIAN_POINT('',(2.22,0.32,0.));
#463 = LINE('',#464,#465);
#464 = CARTESIAN_POINT('',(2.22,-1.43,0.));
#465 = VECTOR('',#466,1.);
#466 = DIRECTION('',(0.,1.,0.));
#467 = ORIENTED_EDGE('',*,*,#468,.F.);
#468 = EDGE_CURVE('',#445,#461,#469,.T.);
#469 = LINE('',#470,#471);
#470 = CARTESIAN_POINT('',(1.745,0.32,0.));
#471 = VECTOR('',#472,1.);
#472 = DIRECTION('',(-1.,0.,0.));
#473 = FACE_BOUND('',#474,.F.);
#474 = EDGE_LOOP('',(#475,#485,#493,#501));
#475 = ORIENTED_EDGE('',*,*,#476,.F.);
#476 = EDGE_CURVE('',#477,#479,#481,.T.);
#477 = VERTEX_POINT('',#478);
#478 = CARTESIAN_POINT('',(2.86,-5.4,0.));
#479 = VERTEX_POINT('',#480);
#480 = CARTESIAN_POINT('',(2.86,-4.76,0.));
#481 = LINE('',#482,#483);
#482 = CARTESIAN_POINT('',(2.86,-3.97,0.));
#483 = VECTOR('',#484,1.);
#484 = DIRECTION('',(0.,1.,0.));
#485 = ORIENTED_EDGE('',*,*,#486,.T.);
#486 = EDGE_CURVE('',#477,#487,#489,.T.);
#487 = VERTEX_POINT('',#488);
#488 = CARTESIAN_POINT('',(2.22,-5.4,0.));
#489 = LINE('',#490,#491);
#490 = CARTESIAN_POINT('',(1.745,-5.4,0.));
#491 = VECTOR('',#492,1.);
#492 = DIRECTION('',(-1.,0.,0.));
#493 = ORIENTED_EDGE('',*,*,#494,.T.);
#494 = EDGE_CURVE('',#487,#495,#497,.T.);
#495 = VERTEX_POINT('',#496);
#496 = CARTESIAN_POINT('',(2.22,-4.76,0.));
#497 = LINE('',#498,#499);
#498 = CARTESIAN_POINT('',(2.22,-3.97,0.));
#499 = VECTOR('',#500,1.);
#500 = DIRECTION('',(0.,1.,0.));
#501 = ORIENTED_EDGE('',*,*,#502,.F.);
#502 = EDGE_CURVE('',#479,#495,#503,.T.);
#503 = LINE('',#504,#505);
#504 = CARTESIAN_POINT('',(1.745,-4.76,0.));
#505 = VECTOR('',#506,1.);
#506 = DIRECTION('',(-1.,0.,0.));
#507 = FACE_BOUND('',#508,.F.);
#508 = EDGE_LOOP('',(#509,#519,#527,#535));
#509 = ORIENTED_EDGE('',*,*,#510,.F.);
#510 = EDGE_CURVE('',#511,#513,#515,.T.);
#511 = VERTEX_POINT('',#512);
#512 = CARTESIAN_POINT('',(0.32,-5.4,0.));
#513 = VERTEX_POINT('',#514);
#514 = CARTESIAN_POINT('',(0.32,-4.76,0.));
#515 = LINE('',#516,#517);
#516 = CARTESIAN_POINT('',(0.32,-3.97,0.));
#517 = VECTOR('',#518,1.);
#518 = DIRECTION('',(0.,1.,0.));
#519 = ORIENTED_EDGE('',*,*,#520,.T.);
#520 = EDGE_CURVE('',#511,#521,#523,.T.);
#521 = VERTEX_POINT('',#522);
#522 = CARTESIAN_POINT('',(-0.32,-5.4,0.));
#523 = LINE('',#524,#525);
#524 = CARTESIAN_POINT('',(0.475,-5.4,0.));
#525 = VECTOR('',#526,1.);
#526 = DIRECTION('',(-1.,0.,0.));
#527 = ORIENTED_EDGE('',*,*,#528,.T.);
#528 = EDGE_CURVE('',#521,#529,#531,.T.);
#529 = VERTEX_POINT('',#530);
#530 = CARTESIAN_POINT('',(-0.32,-4.76,0.));
#531 = LINE('',#532,#533);
#532 = CARTESIAN_POINT('',(-0.32,-3.97,0.));
#533 = VECTOR('',#534,1.);
#534 = DIRECTION('',(0.,1.,0.));
#535 = ORIENTED_EDGE('',*,*,#536,.F.);
#536 = EDGE_CURVE('',#513,#529,#537,.T.);
#537 = LINE('',#538,#539);
#538 = CARTESIAN_POINT('',(0.475,-4.76,0.));
#539 = VECTOR('',#540,1.);
#540 = DIRECTION('',(-1.,0.,0.));
#541 = PLANE('',#542);
#542 = AXIS2_PLACEMENT_3D('',#543,#544,#545);
#543 = CARTESIAN_POINT('',(1.27,-2.54,0.));
#544 = DIRECTION('',(0.,0.,1.));
#545 = DIRECTION('',(1.,0.,-0.));
#546 = ADVANCED_FACE('',(#547,#686,#720,#754,#788,#822,#856),#890,.T.);
#547 = FACE_BOUND('',#548,.T.);
#548 = EDGE_LOOP('',(#549,#550,#551,#559,#567,#575,#583,#591,#599,#607,
    #615,#623,#631,#639,#647,#655,#663,#671,#679,#685));
#549 = ORIENTED_EDGE('',*,*,#109,.T.);
#550 = ORIENTED_EDGE('',*,*,#171,.T.);
#551 = ORIENTED_EDGE('',*,*,#552,.T.);
#552 = EDGE_CURVE('',#172,#553,#555,.T.);
#553 = VERTEX_POINT('',#554);
#554 = CARTESIAN_POINT('',(-1.016,-1.27,2.54));
#555 = LINE('',#556,#557);
#556 = CARTESIAN_POINT('',(-1.27,-1.016,2.54));
#557 = VECTOR('',#558,1.);
#558 = DIRECTION('',(0.707106781187,-0.707106781187,0.));
#559 = ORIENTED_EDGE('',*,*,#560,.T.);
#560 = EDGE_CURVE('',#553,#561,#563,.T.);
#561 = VERTEX_POINT('',#562);
#562 = CARTESIAN_POINT('',(-1.27,-1.524,2.54));
#563 = LINE('',#564,#565);
#564 = CARTESIAN_POINT('',(-1.016,-1.27,2.54));
#565 = VECTOR('',#566,1.);
#566 = DIRECTION('',(-0.707106781187,-0.707106781187,0.));
#567 = ORIENTED_EDGE('',*,*,#568,.T.);
#568 = EDGE_CURVE('',#561,#569,#571,.T.);
#569 = VERTEX_POINT('',#570);
#570 = CARTESIAN_POINT('',(-1.27,-3.556,2.54));
#571 = LINE('',#572,#573);
#572 = CARTESIAN_POINT('',(-1.27,-1.524,2.54));
#573 = VECTOR('',#574,1.);
#574 = DIRECTION('',(0.,-1.,0.));
#575 = ORIENTED_EDGE('',*,*,#576,.T.);
#576 = EDGE_CURVE('',#569,#577,#579,.T.);
#577 = VERTEX_POINT('',#578);
#578 = CARTESIAN_POINT('',(-1.016,-3.81,2.54));
#579 = LINE('',#580,#581);
#580 = CARTESIAN_POINT('',(-1.27,-3.556,2.54));
#581 = VECTOR('',#582,1.);
#582 = DIRECTION('',(0.707106781187,-0.707106781187,0.));
#583 = ORIENTED_EDGE('',*,*,#584,.T.);
#584 = EDGE_CURVE('',#577,#585,#587,.T.);
#585 = VERTEX_POINT('',#586);
#586 = CARTESIAN_POINT('',(-1.27,-4.064,2.54));
#587 = LINE('',#588,#589);
#588 = CARTESIAN_POINT('',(-1.016,-3.81,2.54));
#589 = VECTOR('',#590,1.);
#590 = DIRECTION('',(-0.707106781187,-0.707106781187,0.));
#591 = ORIENTED_EDGE('',*,*,#592,.T.);
#592 = EDGE_CURVE('',#585,#593,#595,.T.);
#593 = VERTEX_POINT('',#594);
#594 = CARTESIAN_POINT('',(-1.27,-6.096,2.54));
#595 = LINE('',#596,#597);
#596 = CARTESIAN_POINT('',(-1.27,-4.064,2.54));
#597 = VECTOR('',#598,1.);
#598 = DIRECTION('',(0.,-1.,0.));
#599 = ORIENTED_EDGE('',*,*,#600,.T.);
#600 = EDGE_CURVE('',#593,#601,#603,.T.);
#601 = VERTEX_POINT('',#602);
#602 = CARTESIAN_POINT('',(-1.016,-6.35,2.54));
#603 = LINE('',#604,#605);
#604 = CARTESIAN_POINT('',(-1.27,-6.096,2.54));
#605 = VECTOR('',#606,1.);
#606 = DIRECTION('',(0.707106781187,-0.707106781187,0.));
#607 = ORIENTED_EDGE('',*,*,#608,.T.);
#608 = EDGE_CURVE('',#601,#609,#611,.T.);
#609 = VERTEX_POINT('',#610);
#610 = CARTESIAN_POINT('',(3.556,-6.35,2.54));
#611 = LINE('',#612,#613);
#612 = CARTESIAN_POINT('',(-1.016,-6.35,2.54));
#613 = VECTOR('',#614,1.);
#614 = DIRECTION('',(1.,0.,0.));
#615 = ORIENTED_EDGE('',*,*,#616,.T.);
#616 = EDGE_CURVE('',#609,#617,#619,.T.);
#617 = VERTEX_POINT('',#618);
#618 = CARTESIAN_POINT('',(3.81,-6.096,2.54));
#619 = LINE('',#620,#621);
#620 = CARTESIAN_POINT('',(3.556,-6.35,2.54));
#621 = VECTOR('',#622,1.);
#622 = DIRECTION('',(0.707106781187,0.707106781187,0.));
#623 = ORIENTED_EDGE('',*,*,#624,.T.);
#624 = EDGE_CURVE('',#617,#625,#627,.T.);
#625 = VERTEX_POINT('',#626);
#626 = CARTESIAN_POINT('',(3.81,-4.064,2.54));
#627 = LINE('',#628,#629);
#628 = CARTESIAN_POINT('',(3.81,-6.096,2.54));
#629 = VECTOR('',#630,1.);
#630 = DIRECTION('',(0.,1.,0.));
#631 = ORIENTED_EDGE('',*,*,#632,.T.);
#632 = EDGE_CURVE('',#625,#633,#635,.T.);
#633 = VERTEX_POINT('',#634);
#634 = CARTESIAN_POINT('',(3.556,-3.81,2.54));
#635 = LINE('',#636,#637);
#636 = CARTESIAN_POINT('',(3.81,-4.064,2.54));
#637 = VECTOR('',#638,1.);
#638 = DIRECTION('',(-0.707106781187,0.707106781187,0.));
#639 = ORIENTED_EDGE('',*,*,#640,.T.);
#640 = EDGE_CURVE('',#633,#641,#643,.T.);
#641 = VERTEX_POINT('',#642);
#642 = CARTESIAN_POINT('',(3.81,-3.556,2.54));
#643 = LINE('',#644,#645);
#644 = CARTESIAN_POINT('',(3.556,-3.81,2.54));
#645 = VECTOR('',#646,1.);
#646 = DIRECTION('',(0.707106781187,0.707106781187,0.));
#647 = ORIENTED_EDGE('',*,*,#648,.T.);
#648 = EDGE_CURVE('',#641,#649,#651,.T.);
#649 = VERTEX_POINT('',#650);
#650 = CARTESIAN_POINT('',(3.81,-1.524,2.54));
#651 = LINE('',#652,#653);
#652 = CARTESIAN_POINT('',(3.81,-3.556,2.54));
#653 = VECTOR('',#654,1.);
#654 = DIRECTION('',(0.,1.,0.));
#655 = ORIENTED_EDGE('',*,*,#656,.T.);
#656 = EDGE_CURVE('',#649,#657,#659,.T.);
#657 = VERTEX_POINT('',#658);
#658 = CARTESIAN_POINT('',(3.556,-1.27,2.54));
#659 = LINE('',#660,#661);
#660 = CARTESIAN_POINT('',(3.81,-1.524,2.54));
#661 = VECTOR('',#662,1.);
#662 = DIRECTION('',(-0.707106781187,0.707106781187,0.));
#663 = ORIENTED_EDGE('',*,*,#664,.T.);
#664 = EDGE_CURVE('',#657,#665,#667,.T.);
#665 = VERTEX_POINT('',#666);
#666 = CARTESIAN_POINT('',(3.81,-1.016,2.54));
#667 = LINE('',#668,#669);
#668 = CARTESIAN_POINT('',(3.556,-1.27,2.54));
#669 = VECTOR('',#670,1.);
#670 = DIRECTION('',(0.707106781187,0.707106781187,0.));
#671 = ORIENTED_EDGE('',*,*,#672,.T.);
#672 = EDGE_CURVE('',#665,#673,#675,.T.);
#673 = VERTEX_POINT('',#674);
#674 = CARTESIAN_POINT('',(3.81,1.016,2.54));
#675 = LINE('',#676,#677);
#676 = CARTESIAN_POINT('',(3.81,-1.016,2.54));
#677 = VECTOR('',#678,1.);
#678 = DIRECTION('',(0.,1.,0.));
#679 = ORIENTED_EDGE('',*,*,#680,.T.);
#680 = EDGE_CURVE('',#673,#142,#681,.T.);
#681 = LINE('',#682,#683);
#682 = CARTESIAN_POINT('',(3.81,1.016,2.54));
#683 = VECTOR('',#684,1.);
#684 = DIRECTION('',(-0.707106781187,0.707106781187,0.));
#685 = ORIENTED_EDGE('',*,*,#149,.T.);
#686 = FACE_BOUND('',#687,.T.);
#687 = EDGE_LOOP('',(#688,#698,#706,#714));
#688 = ORIENTED_EDGE('',*,*,#689,.F.);
#689 = EDGE_CURVE('',#690,#692,#694,.T.);
#690 = VERTEX_POINT('',#691);
#691 = CARTESIAN_POINT('',(2.86,-2.86,2.54));
#692 = VERTEX_POINT('',#693);
#693 = CARTESIAN_POINT('',(2.86,-2.22,2.54));
#694 = LINE('',#695,#696);
#695 = CARTESIAN_POINT('',(2.86,-2.7,2.54));
#696 = VECTOR('',#697,1.);
#697 = DIRECTION('',(0.,1.,0.));
#698 = ORIENTED_EDGE('',*,*,#699,.T.);
#699 = EDGE_CURVE('',#690,#700,#702,.T.);
#700 = VERTEX_POINT('',#701);
#701 = CARTESIAN_POINT('',(2.22,-2.86,2.54));
#702 = LINE('',#703,#704);
#703 = CARTESIAN_POINT('',(1.745,-2.86,2.54));
#704 = VECTOR('',#705,1.);
#705 = DIRECTION('',(-1.,0.,0.));
#706 = ORIENTED_EDGE('',*,*,#707,.T.);
#707 = EDGE_CURVE('',#700,#708,#710,.T.);
#708 = VERTEX_POINT('',#709);
#709 = CARTESIAN_POINT('',(2.22,-2.22,2.54));
#710 = LINE('',#711,#712);
#711 = CARTESIAN_POINT('',(2.22,-2.7,2.54));
#712 = VECTOR('',#713,1.);
#713 = DIRECTION('',(0.,1.,0.));
#714 = ORIENTED_EDGE('',*,*,#715,.F.);
#715 = EDGE_CURVE('',#692,#708,#716,.T.);
#716 = LINE('',#717,#718);
#717 = CARTESIAN_POINT('',(1.745,-2.22,2.54));
#718 = VECTOR('',#719,1.);
#719 = DIRECTION('',(-1.,0.,0.));
#720 = FACE_BOUND('',#721,.T.);
#721 = EDGE_LOOP('',(#722,#732,#740,#748));
#722 = ORIENTED_EDGE('',*,*,#723,.F.);
#723 = EDGE_CURVE('',#724,#726,#728,.T.);
#724 = VERTEX_POINT('',#725);
#725 = CARTESIAN_POINT('',(0.32,-2.22,2.54));
#726 = VERTEX_POINT('',#727);
#727 = CARTESIAN_POINT('',(-0.32,-2.22,2.54));
#728 = LINE('',#729,#730);
#729 = CARTESIAN_POINT('',(0.475,-2.22,2.54));
#730 = VECTOR('',#731,1.);
#731 = DIRECTION('',(-1.,0.,0.));
#732 = ORIENTED_EDGE('',*,*,#733,.F.);
#733 = EDGE_CURVE('',#734,#724,#736,.T.);
#734 = VERTEX_POINT('',#735);
#735 = CARTESIAN_POINT('',(0.32,-2.86,2.54));
#736 = LINE('',#737,#738);
#737 = CARTESIAN_POINT('',(0.32,-2.7,2.54));
#738 = VECTOR('',#739,1.);
#739 = DIRECTION('',(0.,1.,0.));
#740 = ORIENTED_EDGE('',*,*,#741,.T.);
#741 = EDGE_CURVE('',#734,#742,#744,.T.);
#742 = VERTEX_POINT('',#743);
#743 = CARTESIAN_POINT('',(-0.32,-2.86,2.54));
#744 = LINE('',#745,#746);
#745 = CARTESIAN_POINT('',(0.475,-2.86,2.54));
#746 = VECTOR('',#747,1.);
#747 = DIRECTION('',(-1.,0.,0.));
#748 = ORIENTED_EDGE('',*,*,#749,.T.);
#749 = EDGE_CURVE('',#742,#726,#750,.T.);
#750 = LINE('',#751,#752);
#751 = CARTESIAN_POINT('',(-0.32,-2.7,2.54));
#752 = VECTOR('',#753,1.);
#753 = DIRECTION('',(0.,1.,0.));
#754 = FACE_BOUND('',#755,.T.);
#755 = EDGE_LOOP('',(#756,#766,#774,#782));
#756 = ORIENTED_EDGE('',*,*,#757,.F.);
#757 = EDGE_CURVE('',#758,#760,#762,.T.);
#758 = VERTEX_POINT('',#759);
#759 = CARTESIAN_POINT('',(0.32,-0.32,2.54));
#760 = VERTEX_POINT('',#761);
#761 = CARTESIAN_POINT('',(0.32,0.32,2.54));
#762 = LINE('',#763,#764);
#763 = CARTESIAN_POINT('',(0.32,-1.43,2.54));
#764 = VECTOR('',#765,1.);
#765 = DIRECTION('',(0.,1.,0.));
#766 = ORIENTED_EDGE('',*,*,#767,.T.);
#767 = EDGE_CURVE('',#758,#768,#770,.T.);
#768 = VERTEX_POINT('',#769);
#769 = CARTESIAN_POINT('',(-0.32,-0.32,2.54));
#770 = LINE('',#771,#772);
#771 = CARTESIAN_POINT('',(0.475,-0.32,2.54));
#772 = VECTOR('',#773,1.);
#773 = DIRECTION('',(-1.,0.,0.));
#774 = ORIENTED_EDGE('',*,*,#775,.T.);
#775 = EDGE_CURVE('',#768,#776,#778,.T.);
#776 = VERTEX_POINT('',#777);
#777 = CARTESIAN_POINT('',(-0.32,0.32,2.54));
#778 = LINE('',#779,#780);
#779 = CARTESIAN_POINT('',(-0.32,-1.43,2.54));
#780 = VECTOR('',#781,1.);
#781 = DIRECTION('',(0.,1.,0.));
#782 = ORIENTED_EDGE('',*,*,#783,.F.);
#783 = EDGE_CURVE('',#760,#776,#784,.T.);
#784 = LINE('',#785,#786);
#785 = CARTESIAN_POINT('',(0.475,0.32,2.54));
#786 = VECTOR('',#787,1.);
#787 = DIRECTION('',(-1.,0.,0.));
#788 = FACE_BOUND('',#789,.T.);
#789 = EDGE_LOOP('',(#790,#800,#808,#816));
#790 = ORIENTED_EDGE('',*,*,#791,.F.);
#791 = EDGE_CURVE('',#792,#794,#796,.T.);
#792 = VERTEX_POINT('',#793);
#793 = CARTESIAN_POINT('',(2.86,-0.32,2.54));
#794 = VERTEX_POINT('',#795);
#795 = CARTESIAN_POINT('',(2.86,0.32,2.54));
#796 = LINE('',#797,#798);
#797 = CARTESIAN_POINT('',(2.86,-1.43,2.54));
#798 = VECTOR('',#799,1.);
#799 = DIRECTION('',(0.,1.,0.));
#800 = ORIENTED_EDGE('',*,*,#801,.T.);
#801 = EDGE_CURVE('',#792,#802,#804,.T.);
#802 = VERTEX_POINT('',#803);
#803 = CARTESIAN_POINT('',(2.22,-0.32,2.54));
#804 = LINE('',#805,#806);
#805 = CARTESIAN_POINT('',(1.745,-0.32,2.54));
#806 = VECTOR('',#807,1.);
#807 = DIRECTION('',(-1.,0.,0.));
#808 = ORIENTED_EDGE('',*,*,#809,.T.);
#809 = EDGE_CURVE('',#802,#810,#812,.T.);
#810 = VERTEX_POINT('',#811);
#811 = CARTESIAN_POINT('',(2.22,0.32,2.54));
#812 = LINE('',#813,#814);
#813 = CARTESIAN_POINT('',(2.22,-1.43,2.54));
#814 = VECTOR('',#815,1.);
#815 = DIRECTION('',(0.,1.,0.));
#816 = ORIENTED_EDGE('',*,*,#817,.F.);
#817 = EDGE_CURVE('',#794,#810,#818,.T.);
#818 = LINE('',#819,#820);
#819 = CARTESIAN_POINT('',(1.745,0.32,2.54));
#820 = VECTOR('',#821,1.);
#821 = DIRECTION('',(-1.,0.,0.));
#822 = FACE_BOUND('',#823,.T.);
#823 = EDGE_LOOP('',(#824,#834,#842,#850));
#824 = ORIENTED_EDGE('',*,*,#825,.F.);
#825 = EDGE_CURVE('',#826,#828,#830,.T.);
#826 = VERTEX_POINT('',#827);
#827 = CARTESIAN_POINT('',(2.86,-5.4,2.54));
#828 = VERTEX_POINT('',#829);
#829 = CARTESIAN_POINT('',(2.86,-4.76,2.54));
#830 = LINE('',#831,#832);
#831 = CARTESIAN_POINT('',(2.86,-3.97,2.54));
#832 = VECTOR('',#833,1.);
#833 = DIRECTION('',(0.,1.,0.));
#834 = ORIENTED_EDGE('',*,*,#835,.T.);
#835 = EDGE_CURVE('',#826,#836,#838,.T.);
#836 = VERTEX_POINT('',#837);
#837 = CARTESIAN_POINT('',(2.22,-5.4,2.54));
#838 = LINE('',#839,#840);
#839 = CARTESIAN_POINT('',(1.745,-5.4,2.54));
#840 = VECTOR('',#841,1.);
#841 = DIRECTION('',(-1.,0.,0.));
#842 = ORIENTED_EDGE('',*,*,#843,.T.);
#843 = EDGE_CURVE('',#836,#844,#846,.T.);
#844 = VERTEX_POINT('',#845);
#845 = CARTESIAN_POINT('',(2.22,-4.76,2.54));
#846 = LINE('',#847,#848);
#847 = CARTESIAN_POINT('',(2.22,-3.97,2.54));
#848 = VECTOR('',#849,1.);
#849 = DIRECTION('',(0.,1.,0.));
#850 = ORIENTED_EDGE('',*,*,#851,.F.);
#851 = EDGE_CURVE('',#828,#844,#852,.T.);
#852 = LINE('',#853,#854);
#853 = CARTESIAN_POINT('',(1.745,-4.76,2.54));
#854 = VECTOR('',#855,1.);
#855 = DIRECTION('',(-1.,0.,0.));
#856 = FACE_BOUND('',#857,.T.);
#857 = EDGE_LOOP('',(#858,#868,#876,#884));
#858 = ORIENTED_EDGE('',*,*,#859,.F.);
#859 = EDGE_CURVE('',#860,#862,#864,.T.);
#860 = VERTEX_POINT('',#861);
#861 = CARTESIAN_POINT('',(0.32,-5.4,2.54));
#862 = VERTEX_POINT('',#863);
#863 = CARTESIAN_POINT('',(0.32,-4.76,2.54));
#864 = LINE('',#865,#866);
#865 = CARTESIAN_POINT('',(0.32,-3.97,2.54));
#866 = VECTOR('',#867,1.);
#867 = DIRECTION('',(0.,1.,0.));
#868 = ORIENTED_EDGE('',*,*,#869,.T.);
#869 = EDGE_CURVE('',#860,#870,#872,.T.);
#870 = VERTEX_POINT('',#871);
#871 = CARTESIAN_POINT('',(-0.32,-5.4,2.54));
#872 = LINE('',#873,#874);
#873 = CARTESIAN_POINT('',(0.475,-5.4,2.54));
#874 = VECTOR('',#875,1.);
#875 = DIRECTION('',(-1.,0.,0.));
#876 = ORIENTED_EDGE('',*,*,#877,.T.);
#877 = EDGE_CURVE('',#870,#878,#880,.T.);
#878 = VERTEX_POINT('',#879);
#879 = CARTESIAN_POINT('',(-0.32,-4.76,2.54));
#880 = LINE('',#881,#882);
#881 = CARTESIAN_POINT('',(-0.32,-3.97,2.54));
#882 = VECTOR('',#883,1.);
#883 = DIRECTION('',(0.,1.,0.));
#884 = ORIENTED_EDGE('',*,*,#885,.F.);
#885 = EDGE_CURVE('',#862,#878,#886,.T.);
#886 = LINE('',#887,#888);
#887 = CARTESIAN_POINT('',(0.475,-4.76,2.54));
#888 = VECTOR('',#889,1.);
#889 = DIRECTION('',(-1.,0.,0.));
#890 = PLANE('',#891);
#891 = AXIS2_PLACEMENT_3D('',#892,#893,#894);
#892 = CARTESIAN_POINT('',(1.27,-2.54,2.54));
#893 = DIRECTION('',(0.,0.,1.));
#894 = DIRECTION('',(1.,0.,-0.));
#895 = ADVANCED_FACE('',(#896),#907,.F.);
#896 = FACE_BOUND('',#897,.F.);
#897 = EDGE_LOOP('',(#898,#904,#905,#906));
#898 = ORIENTED_EDGE('',*,*,#899,.T.);
#899 = EDGE_CURVE('',#324,#673,#900,.T.);
#900 = LINE('',#901,#902);
#901 = CARTESIAN_POINT('',(3.81,1.016,0.));
#902 = VECTOR('',#903,1.);
#903 = DIRECTION('',(0.,0.,1.));
#904 = ORIENTED_EDGE('',*,*,#680,.T.);
#905 = ORIENTED_EDGE('',*,*,#139,.F.);
#906 = ORIENTED_EDGE('',*,*,#331,.F.);
#907 = PLANE('',#908);
#908 = AXIS2_PLACEMENT_3D('',#909,#910,#911);
#909 = CARTESIAN_POINT('',(3.81,1.016,0.));
#910 = DIRECTION('',(-0.707106781187,-0.707106781187,0.));
#911 = DIRECTION('',(-0.707106781187,0.707106781187,0.));
#912 = ADVANCED_FACE('',(#913),#924,.F.);
#913 = FACE_BOUND('',#914,.F.);
#914 = EDGE_LOOP('',(#915,#916,#917,#923));
#915 = ORIENTED_EDGE('',*,*,#179,.T.);
#916 = ORIENTED_EDGE('',*,*,#552,.T.);
#917 = ORIENTED_EDGE('',*,*,#918,.F.);
#918 = EDGE_CURVE('',#204,#553,#919,.T.);
#919 = LINE('',#920,#921);
#920 = CARTESIAN_POINT('',(-1.016,-1.27,0.));
#921 = VECTOR('',#922,1.);
#922 = DIRECTION('',(0.,0.,1.));
#923 = ORIENTED_EDGE('',*,*,#203,.F.);
#924 = PLANE('',#925);
#925 = AXIS2_PLACEMENT_3D('',#926,#927,#928);
#926 = CARTESIAN_POINT('',(-1.27,-1.016,0.));
#927 = DIRECTION('',(0.707106781187,0.707106781187,0.));
#928 = DIRECTION('',(0.707106781187,-0.707106781187,0.));
#929 = ADVANCED_FACE('',(#930),#941,.F.);
#930 = FACE_BOUND('',#931,.F.);
#931 = EDGE_LOOP('',(#932,#938,#939,#940));
#932 = ORIENTED_EDGE('',*,*,#933,.T.);
#933 = EDGE_CURVE('',#316,#665,#934,.T.);
#934 = LINE('',#935,#936);
#935 = CARTESIAN_POINT('',(3.81,-1.016,0.));
#936 = VECTOR('',#937,1.);
#937 = DIRECTION('',(0.,0.,1.));
#938 = ORIENTED_EDGE('',*,*,#672,.T.);
#939 = ORIENTED_EDGE('',*,*,#899,.F.);
#940 = ORIENTED_EDGE('',*,*,#323,.F.);
#941 = PLANE('',#942);
#942 = AXIS2_PLACEMENT_3D('',#943,#944,#945);
#943 = CARTESIAN_POINT('',(3.81,-1.016,0.));
#944 = DIRECTION('',(-1.,0.,0.));
#945 = DIRECTION('',(0.,1.,0.));
#946 = ADVANCED_FACE('',(#947),#958,.F.);
#947 = FACE_BOUND('',#948,.F.);
#948 = EDGE_LOOP('',(#949,#950,#951,#957));
#949 = ORIENTED_EDGE('',*,*,#918,.T.);
#950 = ORIENTED_EDGE('',*,*,#560,.T.);
#951 = ORIENTED_EDGE('',*,*,#952,.F.);
#952 = EDGE_CURVE('',#212,#561,#953,.T.);
#953 = LINE('',#954,#955);
#954 = CARTESIAN_POINT('',(-1.27,-1.524,0.));
#955 = VECTOR('',#956,1.);
#956 = DIRECTION('',(0.,0.,1.));
#957 = ORIENTED_EDGE('',*,*,#211,.F.);
#958 = PLANE('',#959);
#959 = AXIS2_PLACEMENT_3D('',#960,#961,#962);
#960 = CARTESIAN_POINT('',(-1.016,-1.27,0.));
#961 = DIRECTION('',(0.707106781187,-0.707106781187,0.));
#962 = DIRECTION('',(-0.707106781187,-0.707106781187,0.));
#963 = ADVANCED_FACE('',(#964),#975,.F.);
#964 = FACE_BOUND('',#965,.F.);
#965 = EDGE_LOOP('',(#966,#972,#973,#974));
#966 = ORIENTED_EDGE('',*,*,#967,.T.);
#967 = EDGE_CURVE('',#308,#657,#968,.T.);
#968 = LINE('',#969,#970);
#969 = CARTESIAN_POINT('',(3.556,-1.27,0.));
#970 = VECTOR('',#971,1.);
#971 = DIRECTION('',(0.,0.,1.));
#972 = ORIENTED_EDGE('',*,*,#664,.T.);
#973 = ORIENTED_EDGE('',*,*,#933,.F.);
#974 = ORIENTED_EDGE('',*,*,#315,.F.);
#975 = PLANE('',#976);
#976 = AXIS2_PLACEMENT_3D('',#977,#978,#979);
#977 = CARTESIAN_POINT('',(3.556,-1.27,0.));
#978 = DIRECTION('',(-0.707106781187,0.707106781187,0.));
#979 = DIRECTION('',(0.707106781187,0.707106781187,0.));
#980 = ADVANCED_FACE('',(#981),#992,.F.);
#981 = FACE_BOUND('',#982,.F.);
#982 = EDGE_LOOP('',(#983,#984,#985,#991));
#983 = ORIENTED_EDGE('',*,*,#952,.T.);
#984 = ORIENTED_EDGE('',*,*,#568,.T.);
#985 = ORIENTED_EDGE('',*,*,#986,.F.);
#986 = EDGE_CURVE('',#220,#569,#987,.T.);
#987 = LINE('',#988,#989);
#988 = CARTESIAN_POINT('',(-1.27,-3.556,0.));
#989 = VECTOR('',#990,1.);
#990 = DIRECTION('',(0.,0.,1.));
#991 = ORIENTED_EDGE('',*,*,#219,.F.);
#992 = PLANE('',#993);
#993 = AXIS2_PLACEMENT_3D('',#994,#995,#996);
#994 = CARTESIAN_POINT('',(-1.27,-1.524,0.));
#995 = DIRECTION('',(1.,0.,0.));
#996 = DIRECTION('',(0.,-1.,0.));
#997 = ADVANCED_FACE('',(#998),#1009,.F.);
#998 = FACE_BOUND('',#999,.F.);
#999 = EDGE_LOOP('',(#1000,#1006,#1007,#1008));
#1000 = ORIENTED_EDGE('',*,*,#1001,.T.);
#1001 = EDGE_CURVE('',#300,#649,#1002,.T.);
#1002 = LINE('',#1003,#1004);
#1003 = CARTESIAN_POINT('',(3.81,-1.524,0.));
#1004 = VECTOR('',#1005,1.);
#1005 = DIRECTION('',(0.,0.,1.));
#1006 = ORIENTED_EDGE('',*,*,#656,.T.);
#1007 = ORIENTED_EDGE('',*,*,#967,.F.);
#1008 = ORIENTED_EDGE('',*,*,#307,.F.);
#1009 = PLANE('',#1010);
#1010 = AXIS2_PLACEMENT_3D('',#1011,#1012,#1013);
#1011 = CARTESIAN_POINT('',(3.81,-1.524,0.));
#1012 = DIRECTION('',(-0.707106781187,-0.707106781187,0.));
#1013 = DIRECTION('',(-0.707106781187,0.707106781187,0.));
#1014 = ADVANCED_FACE('',(#1015),#1026,.F.);
#1015 = FACE_BOUND('',#1016,.F.);
#1016 = EDGE_LOOP('',(#1017,#1018,#1019,#1025));
#1017 = ORIENTED_EDGE('',*,*,#986,.T.);
#1018 = ORIENTED_EDGE('',*,*,#576,.T.);
#1019 = ORIENTED_EDGE('',*,*,#1020,.F.);
#1020 = EDGE_CURVE('',#228,#577,#1021,.T.);
#1021 = LINE('',#1022,#1023);
#1022 = CARTESIAN_POINT('',(-1.016,-3.81,0.));
#1023 = VECTOR('',#1024,1.);
#1024 = DIRECTION('',(0.,0.,1.));
#1025 = ORIENTED_EDGE('',*,*,#227,.F.);
#1026 = PLANE('',#1027);
#1027 = AXIS2_PLACEMENT_3D('',#1028,#1029,#1030);
#1028 = CARTESIAN_POINT('',(-1.27,-3.556,0.));
#1029 = DIRECTION('',(0.707106781187,0.707106781187,0.));
#1030 = DIRECTION('',(0.707106781187,-0.707106781187,0.));
#1031 = ADVANCED_FACE('',(#1032),#1043,.F.);
#1032 = FACE_BOUND('',#1033,.F.);
#1033 = EDGE_LOOP('',(#1034,#1040,#1041,#1042));
#1034 = ORIENTED_EDGE('',*,*,#1035,.T.);
#1035 = EDGE_CURVE('',#292,#641,#1036,.T.);
#1036 = LINE('',#1037,#1038);
#1037 = CARTESIAN_POINT('',(3.81,-3.556,0.));
#1038 = VECTOR('',#1039,1.);
#1039 = DIRECTION('',(0.,0.,1.));
#1040 = ORIENTED_EDGE('',*,*,#648,.T.);
#1041 = ORIENTED_EDGE('',*,*,#1001,.F.);
#1042 = ORIENTED_EDGE('',*,*,#299,.F.);
#1043 = PLANE('',#1044);
#1044 = AXIS2_PLACEMENT_3D('',#1045,#1046,#1047);
#1045 = CARTESIAN_POINT('',(3.81,-3.556,0.));
#1046 = DIRECTION('',(-1.,0.,0.));
#1047 = DIRECTION('',(0.,1.,0.));
#1048 = ADVANCED_FACE('',(#1049),#1060,.F.);
#1049 = FACE_BOUND('',#1050,.F.);
#1050 = EDGE_LOOP('',(#1051,#1052,#1053,#1059));
#1051 = ORIENTED_EDGE('',*,*,#1020,.T.);
#1052 = ORIENTED_EDGE('',*,*,#584,.T.);
#1053 = ORIENTED_EDGE('',*,*,#1054,.F.);
#1054 = EDGE_CURVE('',#236,#585,#1055,.T.);
#1055 = LINE('',#1056,#1057);
#1056 = CARTESIAN_POINT('',(-1.27,-4.064,0.));
#1057 = VECTOR('',#1058,1.);
#1058 = DIRECTION('',(0.,0.,1.));
#1059 = ORIENTED_EDGE('',*,*,#235,.F.);
#1060 = PLANE('',#1061);
#1061 = AXIS2_PLACEMENT_3D('',#1062,#1063,#1064);
#1062 = CARTESIAN_POINT('',(-1.016,-3.81,0.));
#1063 = DIRECTION('',(0.707106781187,-0.707106781187,0.));
#1064 = DIRECTION('',(-0.707106781187,-0.707106781187,0.));
#1065 = ADVANCED_FACE('',(#1066),#1077,.F.);
#1066 = FACE_BOUND('',#1067,.F.);
#1067 = EDGE_LOOP('',(#1068,#1074,#1075,#1076));
#1068 = ORIENTED_EDGE('',*,*,#1069,.T.);
#1069 = EDGE_CURVE('',#284,#633,#1070,.T.);
#1070 = LINE('',#1071,#1072);
#1071 = CARTESIAN_POINT('',(3.556,-3.81,0.));
#1072 = VECTOR('',#1073,1.);
#1073 = DIRECTION('',(0.,0.,1.));
#1074 = ORIENTED_EDGE('',*,*,#640,.T.);
#1075 = ORIENTED_EDGE('',*,*,#1035,.F.);
#1076 = ORIENTED_EDGE('',*,*,#291,.F.);
#1077 = PLANE('',#1078);
#1078 = AXIS2_PLACEMENT_3D('',#1079,#1080,#1081);
#1079 = CARTESIAN_POINT('',(3.556,-3.81,0.));
#1080 = DIRECTION('',(-0.707106781187,0.707106781187,0.));
#1081 = DIRECTION('',(0.707106781187,0.707106781187,0.));
#1082 = ADVANCED_FACE('',(#1083),#1094,.F.);
#1083 = FACE_BOUND('',#1084,.F.);
#1084 = EDGE_LOOP('',(#1085,#1086,#1087,#1093));
#1085 = ORIENTED_EDGE('',*,*,#1054,.T.);
#1086 = ORIENTED_EDGE('',*,*,#592,.T.);
#1087 = ORIENTED_EDGE('',*,*,#1088,.F.);
#1088 = EDGE_CURVE('',#244,#593,#1089,.T.);
#1089 = LINE('',#1090,#1091);
#1090 = CARTESIAN_POINT('',(-1.27,-6.096,0.));
#1091 = VECTOR('',#1092,1.);
#1092 = DIRECTION('',(0.,0.,1.));
#1093 = ORIENTED_EDGE('',*,*,#243,.F.);
#1094 = PLANE('',#1095);
#1095 = AXIS2_PLACEMENT_3D('',#1096,#1097,#1098);
#1096 = CARTESIAN_POINT('',(-1.27,-4.064,0.));
#1097 = DIRECTION('',(1.,0.,0.));
#1098 = DIRECTION('',(0.,-1.,0.));
#1099 = ADVANCED_FACE('',(#1100),#1111,.F.);
#1100 = FACE_BOUND('',#1101,.F.);
#1101 = EDGE_LOOP('',(#1102,#1108,#1109,#1110));
#1102 = ORIENTED_EDGE('',*,*,#1103,.T.);
#1103 = EDGE_CURVE('',#276,#625,#1104,.T.);
#1104 = LINE('',#1105,#1106);
#1105 = CARTESIAN_POINT('',(3.81,-4.064,0.));
#1106 = VECTOR('',#1107,1.);
#1107 = DIRECTION('',(0.,0.,1.));
#1108 = ORIENTED_EDGE('',*,*,#632,.T.);
#1109 = ORIENTED_EDGE('',*,*,#1069,.F.);
#1110 = ORIENTED_EDGE('',*,*,#283,.F.);
#1111 = PLANE('',#1112);
#1112 = AXIS2_PLACEMENT_3D('',#1113,#1114,#1115);
#1113 = CARTESIAN_POINT('',(3.81,-4.064,0.));
#1114 = DIRECTION('',(-0.707106781187,-0.707106781187,0.));
#1115 = DIRECTION('',(-0.707106781187,0.707106781187,0.));
#1116 = ADVANCED_FACE('',(#1117),#1128,.F.);
#1117 = FACE_BOUND('',#1118,.F.);
#1118 = EDGE_LOOP('',(#1119,#1120,#1121,#1127));
#1119 = ORIENTED_EDGE('',*,*,#1088,.T.);
#1120 = ORIENTED_EDGE('',*,*,#600,.T.);
#1121 = ORIENTED_EDGE('',*,*,#1122,.F.);
#1122 = EDGE_CURVE('',#252,#601,#1123,.T.);
#1123 = LINE('',#1124,#1125);
#1124 = CARTESIAN_POINT('',(-1.016,-6.35,0.));
#1125 = VECTOR('',#1126,1.);
#1126 = DIRECTION('',(0.,0.,1.));
#1127 = ORIENTED_EDGE('',*,*,#251,.F.);
#1128 = PLANE('',#1129);
#1129 = AXIS2_PLACEMENT_3D('',#1130,#1131,#1132);
#1130 = CARTESIAN_POINT('',(-1.27,-6.096,0.));
#1131 = DIRECTION('',(0.707106781187,0.707106781187,0.));
#1132 = DIRECTION('',(0.707106781187,-0.707106781187,0.));
#1133 = ADVANCED_FACE('',(#1134),#1145,.F.);
#1134 = FACE_BOUND('',#1135,.F.);
#1135 = EDGE_LOOP('',(#1136,#1142,#1143,#1144));
#1136 = ORIENTED_EDGE('',*,*,#1137,.T.);
#1137 = EDGE_CURVE('',#268,#617,#1138,.T.);
#1138 = LINE('',#1139,#1140);
#1139 = CARTESIAN_POINT('',(3.81,-6.096,0.));
#1140 = VECTOR('',#1141,1.);
#1141 = DIRECTION('',(0.,0.,1.));
#1142 = ORIENTED_EDGE('',*,*,#624,.T.);
#1143 = ORIENTED_EDGE('',*,*,#1103,.F.);
#1144 = ORIENTED_EDGE('',*,*,#275,.F.);
#1145 = PLANE('',#1146);
#1146 = AXIS2_PLACEMENT_3D('',#1147,#1148,#1149);
#1147 = CARTESIAN_POINT('',(3.81,-6.096,0.));
#1148 = DIRECTION('',(-1.,0.,0.));
#1149 = DIRECTION('',(0.,1.,0.));
#1150 = ADVANCED_FACE('',(#1151),#1162,.F.);
#1151 = FACE_BOUND('',#1152,.F.);
#1152 = EDGE_LOOP('',(#1153,#1154,#1155,#1161));
#1153 = ORIENTED_EDGE('',*,*,#1122,.T.);
#1154 = ORIENTED_EDGE('',*,*,#608,.T.);
#1155 = ORIENTED_EDGE('',*,*,#1156,.F.);
#1156 = EDGE_CURVE('',#260,#609,#1157,.T.);
#1157 = LINE('',#1158,#1159);
#1158 = CARTESIAN_POINT('',(3.556,-6.35,0.));
#1159 = VECTOR('',#1160,1.);
#1160 = DIRECTION('',(0.,0.,1.));
#1161 = ORIENTED_EDGE('',*,*,#259,.F.);
#1162 = PLANE('',#1163);
#1163 = AXIS2_PLACEMENT_3D('',#1164,#1165,#1166);
#1164 = CARTESIAN_POINT('',(-1.016,-6.35,0.));
#1165 = DIRECTION('',(0.,1.,0.));
#1166 = DIRECTION('',(1.,0.,0.));
#1167 = ADVANCED_FACE('',(#1168),#1174,.F.);
#1168 = FACE_BOUND('',#1169,.F.);
#1169 = EDGE_LOOP('',(#1170,#1171,#1172,#1173));
#1170 = ORIENTED_EDGE('',*,*,#1156,.T.);
#1171 = ORIENTED_EDGE('',*,*,#616,.T.);
#1172 = ORIENTED_EDGE('',*,*,#1137,.F.);
#1173 = ORIENTED_EDGE('',*,*,#267,.F.);
#1174 = PLANE('',#1175);
#1175 = AXIS2_PLACEMENT_3D('',#1176,#1177,#1178);
#1176 = CARTESIAN_POINT('',(3.556,-6.35,0.));
#1177 = DIRECTION('',(-0.707106781187,0.707106781187,0.));
#1178 = DIRECTION('',(0.707106781187,0.707106781187,0.));
#1179 = ADVANCED_FACE('',(#1180),#1205,.T.);
#1180 = FACE_BOUND('',#1181,.T.);
#1181 = EDGE_LOOP('',(#1182,#1190,#1198,#1204));
#1182 = ORIENTED_EDGE('',*,*,#1183,.F.);
#1183 = EDGE_CURVE('',#1184,#341,#1186,.T.);
#1184 = VERTEX_POINT('',#1185);
#1185 = CARTESIAN_POINT('',(2.86,-2.86,-2.84));
#1186 = LINE('',#1187,#1188);
#1187 = CARTESIAN_POINT('',(2.86,-2.86,-3.));
#1188 = VECTOR('',#1189,1.);
#1189 = DIRECTION('',(0.,0.,1.));
#1190 = ORIENTED_EDGE('',*,*,#1191,.T.);
#1191 = EDGE_CURVE('',#1184,#1192,#1194,.T.);
#1192 = VERTEX_POINT('',#1193);
#1193 = CARTESIAN_POINT('',(2.86,-2.22,-2.84));
#1194 = LINE('',#1195,#1196);
#1195 = CARTESIAN_POINT('',(2.86,-2.86,-2.84));
#1196 = VECTOR('',#1197,1.);
#1197 = DIRECTION('',(0.,1.,0.));
#1198 = ORIENTED_EDGE('',*,*,#1199,.T.);
#1199 = EDGE_CURVE('',#1192,#343,#1200,.T.);
#1200 = LINE('',#1201,#1202);
#1201 = CARTESIAN_POINT('',(2.86,-2.22,-3.));
#1202 = VECTOR('',#1203,1.);
#1203 = DIRECTION('',(0.,0.,1.));
#1204 = ORIENTED_EDGE('',*,*,#340,.F.);
#1205 = PLANE('',#1206);
#1206 = AXIS2_PLACEMENT_3D('',#1207,#1208,#1209);
#1207 = CARTESIAN_POINT('',(2.86,-2.86,-3.));
#1208 = DIRECTION('',(1.,0.,0.));
#1209 = DIRECTION('',(0.,0.,1.));
#1210 = ADVANCED_FACE('',(#1211),#1229,.T.);
#1211 = FACE_BOUND('',#1212,.T.);
#1212 = EDGE_LOOP('',(#1213,#1214,#1222,#1228));
#1213 = ORIENTED_EDGE('',*,*,#1199,.F.);
#1214 = ORIENTED_EDGE('',*,*,#1215,.F.);
#1215 = EDGE_CURVE('',#1216,#1192,#1218,.T.);
#1216 = VERTEX_POINT('',#1217);
#1217 = CARTESIAN_POINT('',(2.22,-2.22,-2.84));
#1218 = LINE('',#1219,#1220);
#1219 = CARTESIAN_POINT('',(2.22,-2.22,-2.84));
#1220 = VECTOR('',#1221,1.);
#1221 = DIRECTION('',(1.,0.,0.));
#1222 = ORIENTED_EDGE('',*,*,#1223,.T.);
#1223 = EDGE_CURVE('',#1216,#359,#1224,.T.);
#1224 = LINE('',#1225,#1226);
#1225 = CARTESIAN_POINT('',(2.22,-2.22,-3.));
#1226 = VECTOR('',#1227,1.);
#1227 = DIRECTION('',(0.,0.,1.));
#1228 = ORIENTED_EDGE('',*,*,#366,.F.);
#1229 = PLANE('',#1230);
#1230 = AXIS2_PLACEMENT_3D('',#1231,#1232,#1233);
#1231 = CARTESIAN_POINT('',(2.22,-2.22,-3.));
#1232 = DIRECTION('',(0.,1.,0.));
#1233 = DIRECTION('',(0.,-0.,1.));
#1234 = ADVANCED_FACE('',(#1235),#1253,.F.);
#1235 = FACE_BOUND('',#1236,.F.);
#1236 = EDGE_LOOP('',(#1237,#1245,#1251,#1252));
#1237 = ORIENTED_EDGE('',*,*,#1238,.F.);
#1238 = EDGE_CURVE('',#1239,#351,#1241,.T.);
#1239 = VERTEX_POINT('',#1240);
#1240 = CARTESIAN_POINT('',(2.22,-2.86,-2.84));
#1241 = LINE('',#1242,#1243);
#1242 = CARTESIAN_POINT('',(2.22,-2.86,-3.));
#1243 = VECTOR('',#1244,1.);
#1244 = DIRECTION('',(0.,0.,1.));
#1245 = ORIENTED_EDGE('',*,*,#1246,.T.);
#1246 = EDGE_CURVE('',#1239,#1216,#1247,.T.);
#1247 = LINE('',#1248,#1249);
#1248 = CARTESIAN_POINT('',(2.22,-2.86,-2.84));
#1249 = VECTOR('',#1250,1.);
#1250 = DIRECTION('',(0.,1.,0.));
#1251 = ORIENTED_EDGE('',*,*,#1223,.T.);
#1252 = ORIENTED_EDGE('',*,*,#358,.F.);
#1253 = PLANE('',#1254);
#1254 = AXIS2_PLACEMENT_3D('',#1255,#1256,#1257);
#1255 = CARTESIAN_POINT('',(2.22,-2.86,-3.));
#1256 = DIRECTION('',(1.,0.,0.));
#1257 = DIRECTION('',(0.,0.,1.));
#1258 = ADVANCED_FACE('',(#1259),#1270,.F.);
#1259 = FACE_BOUND('',#1260,.F.);
#1260 = EDGE_LOOP('',(#1261,#1262,#1268,#1269));
#1261 = ORIENTED_EDGE('',*,*,#1183,.F.);
#1262 = ORIENTED_EDGE('',*,*,#1263,.F.);
#1263 = EDGE_CURVE('',#1239,#1184,#1264,.T.);
#1264 = LINE('',#1265,#1266);
#1265 = CARTESIAN_POINT('',(2.22,-2.86,-2.84));
#1266 = VECTOR('',#1267,1.);
#1267 = DIRECTION('',(1.,0.,0.));
#1268 = ORIENTED_EDGE('',*,*,#1238,.T.);
#1269 = ORIENTED_EDGE('',*,*,#350,.F.);
#1270 = PLANE('',#1271);
#1271 = AXIS2_PLACEMENT_3D('',#1272,#1273,#1274);
#1272 = CARTESIAN_POINT('',(2.22,-2.86,-3.));
#1273 = DIRECTION('',(0.,1.,0.));
#1274 = DIRECTION('',(0.,-0.,1.));
#1275 = ADVANCED_FACE('',(#1276),#1301,.T.);
#1276 = FACE_BOUND('',#1277,.T.);
#1277 = EDGE_LOOP('',(#1278,#1286,#1294,#1300));
#1278 = ORIENTED_EDGE('',*,*,#1279,.F.);
#1279 = EDGE_CURVE('',#1280,#375,#1282,.T.);
#1280 = VERTEX_POINT('',#1281);
#1281 = CARTESIAN_POINT('',(0.32,-2.22,-2.84));
#1282 = LINE('',#1283,#1284);
#1283 = CARTESIAN_POINT('',(0.32,-2.22,-3.));
#1284 = VECTOR('',#1285,1.);
#1285 = DIRECTION('',(0.,0.,1.));
#1286 = ORIENTED_EDGE('',*,*,#1287,.F.);
#1287 = EDGE_CURVE('',#1288,#1280,#1290,.T.);
#1288 = VERTEX_POINT('',#1289);
#1289 = CARTESIAN_POINT('',(-0.32,-2.22,-2.84));
#1290 = LINE('',#1291,#1292);
#1291 = CARTESIAN_POINT('',(-0.32,-2.22,-2.84));
#1292 = VECTOR('',#1293,1.);
#1293 = DIRECTION('',(1.,0.,0.));
#1294 = ORIENTED_EDGE('',*,*,#1295,.T.);
#1295 = EDGE_CURVE('',#1288,#377,#1296,.T.);
#1296 = LINE('',#1297,#1298);
#1297 = CARTESIAN_POINT('',(-0.32,-2.22,-3.));
#1298 = VECTOR('',#1299,1.);
#1299 = DIRECTION('',(0.,0.,1.));
#1300 = ORIENTED_EDGE('',*,*,#374,.F.);
#1301 = PLANE('',#1302);
#1302 = AXIS2_PLACEMENT_3D('',#1303,#1304,#1305);
#1303 = CARTESIAN_POINT('',(-0.32,-2.22,-3.));
#1304 = DIRECTION('',(0.,1.,0.));
#1305 = DIRECTION('',(0.,-0.,1.));
#1306 = ADVANCED_FACE('',(#1307),#1325,.F.);
#1307 = FACE_BOUND('',#1308,.F.);
#1308 = EDGE_LOOP('',(#1309,#1317,#1323,#1324));
#1309 = ORIENTED_EDGE('',*,*,#1310,.F.);
#1310 = EDGE_CURVE('',#1311,#393,#1313,.T.);
#1311 = VERTEX_POINT('',#1312);
#1312 = CARTESIAN_POINT('',(-0.32,-2.86,-2.84));
#1313 = LINE('',#1314,#1315);
#1314 = CARTESIAN_POINT('',(-0.32,-2.86,-3.));
#1315 = VECTOR('',#1316,1.);
#1316 = DIRECTION('',(0.,0.,1.));
#1317 = ORIENTED_EDGE('',*,*,#1318,.T.);
#1318 = EDGE_CURVE('',#1311,#1288,#1319,.T.);
#1319 = LINE('',#1320,#1321);
#1320 = CARTESIAN_POINT('',(-0.32,-2.86,-2.84));
#1321 = VECTOR('',#1322,1.);
#1322 = DIRECTION('',(0.,1.,0.));
#1323 = ORIENTED_EDGE('',*,*,#1295,.T.);
#1324 = ORIENTED_EDGE('',*,*,#400,.F.);
#1325 = PLANE('',#1326);
#1326 = AXIS2_PLACEMENT_3D('',#1327,#1328,#1329);
#1327 = CARTESIAN_POINT('',(-0.32,-2.86,-3.));
#1328 = DIRECTION('',(1.,0.,0.));
#1329 = DIRECTION('',(0.,0.,1.));
#1330 = ADVANCED_FACE('',(#1331),#1349,.F.);
#1331 = FACE_BOUND('',#1332,.F.);
#1332 = EDGE_LOOP('',(#1333,#1341,#1347,#1348));
#1333 = ORIENTED_EDGE('',*,*,#1334,.F.);
#1334 = EDGE_CURVE('',#1335,#385,#1337,.T.);
#1335 = VERTEX_POINT('',#1336);
#1336 = CARTESIAN_POINT('',(0.32,-2.86,-2.84));
#1337 = LINE('',#1338,#1339);
#1338 = CARTESIAN_POINT('',(0.32,-2.86,-3.));
#1339 = VECTOR('',#1340,1.);
#1340 = DIRECTION('',(0.,0.,1.));
#1341 = ORIENTED_EDGE('',*,*,#1342,.F.);
#1342 = EDGE_CURVE('',#1311,#1335,#1343,.T.);
#1343 = LINE('',#1344,#1345);
#1344 = CARTESIAN_POINT('',(-0.32,-2.86,-2.84));
#1345 = VECTOR('',#1346,1.);
#1346 = DIRECTION('',(1.,0.,0.));
#1347 = ORIENTED_EDGE('',*,*,#1310,.T.);
#1348 = ORIENTED_EDGE('',*,*,#392,.F.);
#1349 = PLANE('',#1350);
#1350 = AXIS2_PLACEMENT_3D('',#1351,#1352,#1353);
#1351 = CARTESIAN_POINT('',(-0.32,-2.86,-3.));
#1352 = DIRECTION('',(0.,1.,0.));
#1353 = DIRECTION('',(0.,-0.,1.));
#1354 = ADVANCED_FACE('',(#1355),#1366,.T.);
#1355 = FACE_BOUND('',#1356,.T.);
#1356 = EDGE_LOOP('',(#1357,#1358,#1364,#1365));
#1357 = ORIENTED_EDGE('',*,*,#1334,.F.);
#1358 = ORIENTED_EDGE('',*,*,#1359,.T.);
#1359 = EDGE_CURVE('',#1335,#1280,#1360,.T.);
#1360 = LINE('',#1361,#1362);
#1361 = CARTESIAN_POINT('',(0.32,-2.86,-2.84));
#1362 = VECTOR('',#1363,1.);
#1363 = DIRECTION('',(0.,1.,0.));
#1364 = ORIENTED_EDGE('',*,*,#1279,.T.);
#1365 = ORIENTED_EDGE('',*,*,#384,.F.);
#1366 = PLANE('',#1367);
#1367 = AXIS2_PLACEMENT_3D('',#1368,#1369,#1370);
#1368 = CARTESIAN_POINT('',(0.32,-2.86,-3.));
#1369 = DIRECTION('',(1.,0.,0.));
#1370 = DIRECTION('',(0.,0.,1.));
#1371 = ADVANCED_FACE('',(#1372),#1397,.T.);
#1372 = FACE_BOUND('',#1373,.T.);
#1373 = EDGE_LOOP('',(#1374,#1382,#1390,#1396));
#1374 = ORIENTED_EDGE('',*,*,#1375,.F.);
#1375 = EDGE_CURVE('',#1376,#409,#1378,.T.);
#1376 = VERTEX_POINT('',#1377);
#1377 = CARTESIAN_POINT('',(0.32,-0.32,-2.84));
#1378 = LINE('',#1379,#1380);
#1379 = CARTESIAN_POINT('',(0.32,-0.32,-3.));
#1380 = VECTOR('',#1381,1.);
#1381 = DIRECTION('',(0.,0.,1.));
#1382 = ORIENTED_EDGE('',*,*,#1383,.T.);
#1383 = EDGE_CURVE('',#1376,#1384,#1386,.T.);
#1384 = VERTEX_POINT('',#1385);
#1385 = CARTESIAN_POINT('',(0.32,0.32,-2.84));
#1386 = LINE('',#1387,#1388);
#1387 = CARTESIAN_POINT('',(0.32,-0.32,-2.84));
#1388 = VECTOR('',#1389,1.);
#1389 = DIRECTION('',(0.,1.,0.));
#1390 = ORIENTED_EDGE('',*,*,#1391,.T.);
#1391 = EDGE_CURVE('',#1384,#411,#1392,.T.);
#1392 = LINE('',#1393,#1394);
#1393 = CARTESIAN_POINT('',(0.32,0.32,-3.));
#1394 = VECTOR('',#1395,1.);
#1395 = DIRECTION('',(0.,0.,1.));
#1396 = ORIENTED_EDGE('',*,*,#408,.F.);
#1397 = PLANE('',#1398);
#1398 = AXIS2_PLACEMENT_3D('',#1399,#1400,#1401);
#1399 = CARTESIAN_POINT('',(0.32,-0.32,-3.));
#1400 = DIRECTION('',(1.,0.,0.));
#1401 = DIRECTION('',(0.,0.,1.));
#1402 = ADVANCED_FACE('',(#1403),#1421,.T.);
#1403 = FACE_BOUND('',#1404,.T.);
#1404 = EDGE_LOOP('',(#1405,#1406,#1414,#1420));
#1405 = ORIENTED_EDGE('',*,*,#1391,.F.);
#1406 = ORIENTED_EDGE('',*,*,#1407,.F.);
#1407 = EDGE_CURVE('',#1408,#1384,#1410,.T.);
#1408 = VERTEX_POINT('',#1409);
#1409 = CARTESIAN_POINT('',(-0.32,0.32,-2.84));
#1410 = LINE('',#1411,#1412);
#1411 = CARTESIAN_POINT('',(-0.32,0.32,-2.84));
#1412 = VECTOR('',#1413,1.);
#1413 = DIRECTION('',(1.,0.,0.));
#1414 = ORIENTED_EDGE('',*,*,#1415,.T.);
#1415 = EDGE_CURVE('',#1408,#427,#1416,.T.);
#1416 = LINE('',#1417,#1418);
#1417 = CARTESIAN_POINT('',(-0.32,0.32,-3.));
#1418 = VECTOR('',#1419,1.);
#1419 = DIRECTION('',(0.,0.,1.));
#1420 = ORIENTED_EDGE('',*,*,#434,.F.);
#1421 = PLANE('',#1422);
#1422 = AXIS2_PLACEMENT_3D('',#1423,#1424,#1425);
#1423 = CARTESIAN_POINT('',(-0.32,0.32,-3.));
#1424 = DIRECTION('',(0.,1.,0.));
#1425 = DIRECTION('',(0.,-0.,1.));
#1426 = ADVANCED_FACE('',(#1427),#1445,.F.);
#1427 = FACE_BOUND('',#1428,.F.);
#1428 = EDGE_LOOP('',(#1429,#1437,#1443,#1444));
#1429 = ORIENTED_EDGE('',*,*,#1430,.F.);
#1430 = EDGE_CURVE('',#1431,#419,#1433,.T.);
#1431 = VERTEX_POINT('',#1432);
#1432 = CARTESIAN_POINT('',(-0.32,-0.32,-2.84));
#1433 = LINE('',#1434,#1435);
#1434 = CARTESIAN_POINT('',(-0.32,-0.32,-3.));
#1435 = VECTOR('',#1436,1.);
#1436 = DIRECTION('',(0.,0.,1.));
#1437 = ORIENTED_EDGE('',*,*,#1438,.T.);
#1438 = EDGE_CURVE('',#1431,#1408,#1439,.T.);
#1439 = LINE('',#1440,#1441);
#1440 = CARTESIAN_POINT('',(-0.32,-0.32,-2.84));
#1441 = VECTOR('',#1442,1.);
#1442 = DIRECTION('',(0.,1.,0.));
#1443 = ORIENTED_EDGE('',*,*,#1415,.T.);
#1444 = ORIENTED_EDGE('',*,*,#426,.F.);
#1445 = PLANE('',#1446);
#1446 = AXIS2_PLACEMENT_3D('',#1447,#1448,#1449);
#1447 = CARTESIAN_POINT('',(-0.32,-0.32,-3.));
#1448 = DIRECTION('',(1.,0.,0.));
#1449 = DIRECTION('',(0.,0.,1.));
#1450 = ADVANCED_FACE('',(#1451),#1462,.F.);
#1451 = FACE_BOUND('',#1452,.F.);
#1452 = EDGE_LOOP('',(#1453,#1454,#1460,#1461));
#1453 = ORIENTED_EDGE('',*,*,#1375,.F.);
#1454 = ORIENTED_EDGE('',*,*,#1455,.F.);
#1455 = EDGE_CURVE('',#1431,#1376,#1456,.T.);
#1456 = LINE('',#1457,#1458);
#1457 = CARTESIAN_POINT('',(-0.32,-0.32,-2.84));
#1458 = VECTOR('',#1459,1.);
#1459 = DIRECTION('',(1.,0.,0.));
#1460 = ORIENTED_EDGE('',*,*,#1430,.T.);
#1461 = ORIENTED_EDGE('',*,*,#418,.F.);
#1462 = PLANE('',#1463);
#1463 = AXIS2_PLACEMENT_3D('',#1464,#1465,#1466);
#1464 = CARTESIAN_POINT('',(-0.32,-0.32,-3.));
#1465 = DIRECTION('',(0.,1.,0.));
#1466 = DIRECTION('',(0.,-0.,1.));
#1467 = ADVANCED_FACE('',(#1468),#1493,.T.);
#1468 = FACE_BOUND('',#1469,.T.);
#1469 = EDGE_LOOP('',(#1470,#1478,#1486,#1492));
#1470 = ORIENTED_EDGE('',*,*,#1471,.F.);
#1471 = EDGE_CURVE('',#1472,#443,#1474,.T.);
#1472 = VERTEX_POINT('',#1473);
#1473 = CARTESIAN_POINT('',(2.86,-0.32,-2.84));
#1474 = LINE('',#1475,#1476);
#1475 = CARTESIAN_POINT('',(2.86,-0.32,-3.));
#1476 = VECTOR('',#1477,1.);
#1477 = DIRECTION('',(0.,0.,1.));
#1478 = ORIENTED_EDGE('',*,*,#1479,.T.);
#1479 = EDGE_CURVE('',#1472,#1480,#1482,.T.);
#1480 = VERTEX_POINT('',#1481);
#1481 = CARTESIAN_POINT('',(2.86,0.32,-2.84));
#1482 = LINE('',#1483,#1484);
#1483 = CARTESIAN_POINT('',(2.86,-0.32,-2.84));
#1484 = VECTOR('',#1485,1.);
#1485 = DIRECTION('',(0.,1.,0.));
#1486 = ORIENTED_EDGE('',*,*,#1487,.T.);
#1487 = EDGE_CURVE('',#1480,#445,#1488,.T.);
#1488 = LINE('',#1489,#1490);
#1489 = CARTESIAN_POINT('',(2.86,0.32,-3.));
#1490 = VECTOR('',#1491,1.);
#1491 = DIRECTION('',(0.,0.,1.));
#1492 = ORIENTED_EDGE('',*,*,#442,.F.);
#1493 = PLANE('',#1494);
#1494 = AXIS2_PLACEMENT_3D('',#1495,#1496,#1497);
#1495 = CARTESIAN_POINT('',(2.86,-0.32,-3.));
#1496 = DIRECTION('',(1.,0.,0.));
#1497 = DIRECTION('',(0.,0.,1.));
#1498 = ADVANCED_FACE('',(#1499),#1517,.T.);
#1499 = FACE_BOUND('',#1500,.T.);
#1500 = EDGE_LOOP('',(#1501,#1502,#1510,#1516));
#1501 = ORIENTED_EDGE('',*,*,#1487,.F.);
#1502 = ORIENTED_EDGE('',*,*,#1503,.F.);
#1503 = EDGE_CURVE('',#1504,#1480,#1506,.T.);
#1504 = VERTEX_POINT('',#1505);
#1505 = CARTESIAN_POINT('',(2.22,0.32,-2.84));
#1506 = LINE('',#1507,#1508);
#1507 = CARTESIAN_POINT('',(2.22,0.32,-2.84));
#1508 = VECTOR('',#1509,1.);
#1509 = DIRECTION('',(1.,0.,0.));
#1510 = ORIENTED_EDGE('',*,*,#1511,.T.);
#1511 = EDGE_CURVE('',#1504,#461,#1512,.T.);
#1512 = LINE('',#1513,#1514);
#1513 = CARTESIAN_POINT('',(2.22,0.32,-3.));
#1514 = VECTOR('',#1515,1.);
#1515 = DIRECTION('',(0.,0.,1.));
#1516 = ORIENTED_EDGE('',*,*,#468,.F.);
#1517 = PLANE('',#1518);
#1518 = AXIS2_PLACEMENT_3D('',#1519,#1520,#1521);
#1519 = CARTESIAN_POINT('',(2.22,0.32,-3.));
#1520 = DIRECTION('',(0.,1.,0.));
#1521 = DIRECTION('',(0.,-0.,1.));
#1522 = ADVANCED_FACE('',(#1523),#1541,.F.);
#1523 = FACE_BOUND('',#1524,.F.);
#1524 = EDGE_LOOP('',(#1525,#1533,#1539,#1540));
#1525 = ORIENTED_EDGE('',*,*,#1526,.F.);
#1526 = EDGE_CURVE('',#1527,#453,#1529,.T.);
#1527 = VERTEX_POINT('',#1528);
#1528 = CARTESIAN_POINT('',(2.22,-0.32,-2.84));
#1529 = LINE('',#1530,#1531);
#1530 = CARTESIAN_POINT('',(2.22,-0.32,-3.));
#1531 = VECTOR('',#1532,1.);
#1532 = DIRECTION('',(0.,0.,1.));
#1533 = ORIENTED_EDGE('',*,*,#1534,.T.);
#1534 = EDGE_CURVE('',#1527,#1504,#1535,.T.);
#1535 = LINE('',#1536,#1537);
#1536 = CARTESIAN_POINT('',(2.22,-0.32,-2.84));
#1537 = VECTOR('',#1538,1.);
#1538 = DIRECTION('',(0.,1.,0.));
#1539 = ORIENTED_EDGE('',*,*,#1511,.T.);
#1540 = ORIENTED_EDGE('',*,*,#460,.F.);
#1541 = PLANE('',#1542);
#1542 = AXIS2_PLACEMENT_3D('',#1543,#1544,#1545);
#1543 = CARTESIAN_POINT('',(2.22,-0.32,-3.));
#1544 = DIRECTION('',(1.,0.,0.));
#1545 = DIRECTION('',(0.,0.,1.));
#1546 = ADVANCED_FACE('',(#1547),#1558,.F.);
#1547 = FACE_BOUND('',#1548,.F.);
#1548 = EDGE_LOOP('',(#1549,#1550,#1556,#1557));
#1549 = ORIENTED_EDGE('',*,*,#1471,.F.);
#1550 = ORIENTED_EDGE('',*,*,#1551,.F.);
#1551 = EDGE_CURVE('',#1527,#1472,#1552,.T.);
#1552 = LINE('',#1553,#1554);
#1553 = CARTESIAN_POINT('',(2.22,-0.32,-2.84));
#1554 = VECTOR('',#1555,1.);
#1555 = DIRECTION('',(1.,0.,0.));
#1556 = ORIENTED_EDGE('',*,*,#1526,.T.);
#1557 = ORIENTED_EDGE('',*,*,#452,.F.);
#1558 = PLANE('',#1559);
#1559 = AXIS2_PLACEMENT_3D('',#1560,#1561,#1562);
#1560 = CARTESIAN_POINT('',(2.22,-0.32,-3.));
#1561 = DIRECTION('',(0.,1.,0.));
#1562 = DIRECTION('',(0.,-0.,1.));
#1563 = ADVANCED_FACE('',(#1564),#1589,.T.);
#1564 = FACE_BOUND('',#1565,.T.);
#1565 = EDGE_LOOP('',(#1566,#1574,#1582,#1588));
#1566 = ORIENTED_EDGE('',*,*,#1567,.F.);
#1567 = EDGE_CURVE('',#1568,#477,#1570,.T.);
#1568 = VERTEX_POINT('',#1569);
#1569 = CARTESIAN_POINT('',(2.86,-5.4,-2.84));
#1570 = LINE('',#1571,#1572);
#1571 = CARTESIAN_POINT('',(2.86,-5.4,-3.));
#1572 = VECTOR('',#1573,1.);
#1573 = DIRECTION('',(0.,0.,1.));
#1574 = ORIENTED_EDGE('',*,*,#1575,.T.);
#1575 = EDGE_CURVE('',#1568,#1576,#1578,.T.);
#1576 = VERTEX_POINT('',#1577);
#1577 = CARTESIAN_POINT('',(2.86,-4.76,-2.84));
#1578 = LINE('',#1579,#1580);
#1579 = CARTESIAN_POINT('',(2.86,-5.4,-2.84));
#1580 = VECTOR('',#1581,1.);
#1581 = DIRECTION('',(0.,1.,0.));
#1582 = ORIENTED_EDGE('',*,*,#1583,.T.);
#1583 = EDGE_CURVE('',#1576,#479,#1584,.T.);
#1584 = LINE('',#1585,#1586);
#1585 = CARTESIAN_POINT('',(2.86,-4.76,-3.));
#1586 = VECTOR('',#1587,1.);
#1587 = DIRECTION('',(0.,0.,1.));
#1588 = ORIENTED_EDGE('',*,*,#476,.F.);
#1589 = PLANE('',#1590);
#1590 = AXIS2_PLACEMENT_3D('',#1591,#1592,#1593);
#1591 = CARTESIAN_POINT('',(2.86,-5.4,-3.));
#1592 = DIRECTION('',(1.,0.,0.));
#1593 = DIRECTION('',(0.,0.,1.));
#1594 = ADVANCED_FACE('',(#1595),#1613,.T.);
#1595 = FACE_BOUND('',#1596,.T.);
#1596 = EDGE_LOOP('',(#1597,#1598,#1606,#1612));
#1597 = ORIENTED_EDGE('',*,*,#1583,.F.);
#1598 = ORIENTED_EDGE('',*,*,#1599,.F.);
#1599 = EDGE_CURVE('',#1600,#1576,#1602,.T.);
#1600 = VERTEX_POINT('',#1601);
#1601 = CARTESIAN_POINT('',(2.22,-4.76,-2.84));
#1602 = LINE('',#1603,#1604);
#1603 = CARTESIAN_POINT('',(2.22,-4.76,-2.84));
#1604 = VECTOR('',#1605,1.);
#1605 = DIRECTION('',(1.,0.,0.));
#1606 = ORIENTED_EDGE('',*,*,#1607,.T.);
#1607 = EDGE_CURVE('',#1600,#495,#1608,.T.);
#1608 = LINE('',#1609,#1610);
#1609 = CARTESIAN_POINT('',(2.22,-4.76,-3.));
#1610 = VECTOR('',#1611,1.);
#1611 = DIRECTION('',(0.,0.,1.));
#1612 = ORIENTED_EDGE('',*,*,#502,.F.);
#1613 = PLANE('',#1614);
#1614 = AXIS2_PLACEMENT_3D('',#1615,#1616,#1617);
#1615 = CARTESIAN_POINT('',(2.22,-4.76,-3.));
#1616 = DIRECTION('',(0.,1.,0.));
#1617 = DIRECTION('',(0.,-0.,1.));
#1618 = ADVANCED_FACE('',(#1619),#1637,.F.);
#1619 = FACE_BOUND('',#1620,.F.);
#1620 = EDGE_LOOP('',(#1621,#1629,#1635,#1636));
#1621 = ORIENTED_EDGE('',*,*,#1622,.F.);
#1622 = EDGE_CURVE('',#1623,#487,#1625,.T.);
#1623 = VERTEX_POINT('',#1624);
#1624 = CARTESIAN_POINT('',(2.22,-5.4,-2.84));
#1625 = LINE('',#1626,#1627);
#1626 = CARTESIAN_POINT('',(2.22,-5.4,-3.));
#1627 = VECTOR('',#1628,1.);
#1628 = DIRECTION('',(0.,0.,1.));
#1629 = ORIENTED_EDGE('',*,*,#1630,.T.);
#1630 = EDGE_CURVE('',#1623,#1600,#1631,.T.);
#1631 = LINE('',#1632,#1633);
#1632 = CARTESIAN_POINT('',(2.22,-5.4,-2.84));
#1633 = VECTOR('',#1634,1.);
#1634 = DIRECTION('',(0.,1.,0.));
#1635 = ORIENTED_EDGE('',*,*,#1607,.T.);
#1636 = ORIENTED_EDGE('',*,*,#494,.F.);
#1637 = PLANE('',#1638);
#1638 = AXIS2_PLACEMENT_3D('',#1639,#1640,#1641);
#1639 = CARTESIAN_POINT('',(2.22,-5.4,-3.));
#1640 = DIRECTION('',(1.,0.,0.));
#1641 = DIRECTION('',(0.,0.,1.));
#1642 = ADVANCED_FACE('',(#1643),#1654,.F.);
#1643 = FACE_BOUND('',#1644,.F.);
#1644 = EDGE_LOOP('',(#1645,#1646,#1652,#1653));
#1645 = ORIENTED_EDGE('',*,*,#1567,.F.);
#1646 = ORIENTED_EDGE('',*,*,#1647,.F.);
#1647 = EDGE_CURVE('',#1623,#1568,#1648,.T.);
#1648 = LINE('',#1649,#1650);
#1649 = CARTESIAN_POINT('',(2.22,-5.4,-2.84));
#1650 = VECTOR('',#1651,1.);
#1651 = DIRECTION('',(1.,0.,0.));
#1652 = ORIENTED_EDGE('',*,*,#1622,.T.);
#1653 = ORIENTED_EDGE('',*,*,#486,.F.);
#1654 = PLANE('',#1655);
#1655 = AXIS2_PLACEMENT_3D('',#1656,#1657,#1658);
#1656 = CARTESIAN_POINT('',(2.22,-5.4,-3.));
#1657 = DIRECTION('',(0.,1.,0.));
#1658 = DIRECTION('',(0.,-0.,1.));
#1659 = ADVANCED_FACE('',(#1660),#1685,.T.);
#1660 = FACE_BOUND('',#1661,.T.);
#1661 = EDGE_LOOP('',(#1662,#1670,#1678,#1684));
#1662 = ORIENTED_EDGE('',*,*,#1663,.F.);
#1663 = EDGE_CURVE('',#1664,#511,#1666,.T.);
#1664 = VERTEX_POINT('',#1665);
#1665 = CARTESIAN_POINT('',(0.32,-5.4,-2.84));
#1666 = LINE('',#1667,#1668);
#1667 = CARTESIAN_POINT('',(0.32,-5.4,-3.));
#1668 = VECTOR('',#1669,1.);
#1669 = DIRECTION('',(0.,0.,1.));
#1670 = ORIENTED_EDGE('',*,*,#1671,.T.);
#1671 = EDGE_CURVE('',#1664,#1672,#1674,.T.);
#1672 = VERTEX_POINT('',#1673);
#1673 = CARTESIAN_POINT('',(0.32,-4.76,-2.84));
#1674 = LINE('',#1675,#1676);
#1675 = CARTESIAN_POINT('',(0.32,-5.4,-2.84));
#1676 = VECTOR('',#1677,1.);
#1677 = DIRECTION('',(0.,1.,0.));
#1678 = ORIENTED_EDGE('',*,*,#1679,.T.);
#1679 = EDGE_CURVE('',#1672,#513,#1680,.T.);
#1680 = LINE('',#1681,#1682);
#1681 = CARTESIAN_POINT('',(0.32,-4.76,-3.));
#1682 = VECTOR('',#1683,1.);
#1683 = DIRECTION('',(0.,0.,1.));
#1684 = ORIENTED_EDGE('',*,*,#510,.F.);
#1685 = PLANE('',#1686);
#1686 = AXIS2_PLACEMENT_3D('',#1687,#1688,#1689);
#1687 = CARTESIAN_POINT('',(0.32,-5.4,-3.));
#1688 = DIRECTION('',(1.,0.,0.));
#1689 = DIRECTION('',(0.,0.,1.));
#1690 = ADVANCED_FACE('',(#1691),#1709,.T.);
#1691 = FACE_BOUND('',#1692,.T.);
#1692 = EDGE_LOOP('',(#1693,#1694,#1702,#1708));
#1693 = ORIENTED_EDGE('',*,*,#1679,.F.);
#1694 = ORIENTED_EDGE('',*,*,#1695,.F.);
#1695 = EDGE_CURVE('',#1696,#1672,#1698,.T.);
#1696 = VERTEX_POINT('',#1697);
#1697 = CARTESIAN_POINT('',(-0.32,-4.76,-2.84));
#1698 = LINE('',#1699,#1700);
#1699 = CARTESIAN_POINT('',(-0.32,-4.76,-2.84));
#1700 = VECTOR('',#1701,1.);
#1701 = DIRECTION('',(1.,0.,0.));
#1702 = ORIENTED_EDGE('',*,*,#1703,.T.);
#1703 = EDGE_CURVE('',#1696,#529,#1704,.T.);
#1704 = LINE('',#1705,#1706);
#1705 = CARTESIAN_POINT('',(-0.32,-4.76,-3.));
#1706 = VECTOR('',#1707,1.);
#1707 = DIRECTION('',(0.,0.,1.));
#1708 = ORIENTED_EDGE('',*,*,#536,.F.);
#1709 = PLANE('',#1710);
#1710 = AXIS2_PLACEMENT_3D('',#1711,#1712,#1713);
#1711 = CARTESIAN_POINT('',(-0.32,-4.76,-3.));
#1712 = DIRECTION('',(0.,1.,0.));
#1713 = DIRECTION('',(0.,-0.,1.));
#1714 = ADVANCED_FACE('',(#1715),#1733,.F.);
#1715 = FACE_BOUND('',#1716,.F.);
#1716 = EDGE_LOOP('',(#1717,#1725,#1731,#1732));
#1717 = ORIENTED_EDGE('',*,*,#1718,.F.);
#1718 = EDGE_CURVE('',#1719,#521,#1721,.T.);
#1719 = VERTEX_POINT('',#1720);
#1720 = CARTESIAN_POINT('',(-0.32,-5.4,-2.84));
#1721 = LINE('',#1722,#1723);
#1722 = CARTESIAN_POINT('',(-0.32,-5.4,-3.));
#1723 = VECTOR('',#1724,1.);
#1724 = DIRECTION('',(0.,0.,1.));
#1725 = ORIENTED_EDGE('',*,*,#1726,.T.);
#1726 = EDGE_CURVE('',#1719,#1696,#1727,.T.);
#1727 = LINE('',#1728,#1729);
#1728 = CARTESIAN_POINT('',(-0.32,-5.4,-2.84));
#1729 = VECTOR('',#1730,1.);
#1730 = DIRECTION('',(0.,1.,0.));
#1731 = ORIENTED_EDGE('',*,*,#1703,.T.);
#1732 = ORIENTED_EDGE('',*,*,#528,.F.);
#1733 = PLANE('',#1734);
#1734 = AXIS2_PLACEMENT_3D('',#1735,#1736,#1737);
#1735 = CARTESIAN_POINT('',(-0.32,-5.4,-3.));
#1736 = DIRECTION('',(1.,0.,0.));
#1737 = DIRECTION('',(0.,0.,1.));
#1738 = ADVANCED_FACE('',(#1739),#1750,.F.);
#1739 = FACE_BOUND('',#1740,.F.);
#1740 = EDGE_LOOP('',(#1741,#1742,#1748,#1749));
#1741 = ORIENTED_EDGE('',*,*,#1663,.F.);
#1742 = ORIENTED_EDGE('',*,*,#1743,.F.);
#1743 = EDGE_CURVE('',#1719,#1664,#1744,.T.);
#1744 = LINE('',#1745,#1746);
#1745 = CARTESIAN_POINT('',(-0.32,-5.4,-2.84));
#1746 = VECTOR('',#1747,1.);
#1747 = DIRECTION('',(1.,0.,0.));
#1748 = ORIENTED_EDGE('',*,*,#1718,.T.);
#1749 = ORIENTED_EDGE('',*,*,#520,.F.);
#1750 = PLANE('',#1751);
#1751 = AXIS2_PLACEMENT_3D('',#1752,#1753,#1754);
#1752 = CARTESIAN_POINT('',(-0.32,-5.4,-3.));
#1753 = DIRECTION('',(0.,1.,0.));
#1754 = DIRECTION('',(0.,-0.,1.));
#1755 = ADVANCED_FACE('',(#1756),#1781,.T.);
#1756 = FACE_BOUND('',#1757,.T.);
#1757 = EDGE_LOOP('',(#1758,#1766,#1767,#1775));
#1758 = ORIENTED_EDGE('',*,*,#1759,.F.);
#1759 = EDGE_CURVE('',#690,#1760,#1762,.T.);
#1760 = VERTEX_POINT('',#1761);
#1761 = CARTESIAN_POINT('',(2.86,-2.86,8.38));
#1762 = LINE('',#1763,#1764);
#1763 = CARTESIAN_POINT('',(2.86,-2.86,-3.));
#1764 = VECTOR('',#1765,1.);
#1765 = DIRECTION('',(0.,0.,1.));
#1766 = ORIENTED_EDGE('',*,*,#689,.T.);
#1767 = ORIENTED_EDGE('',*,*,#1768,.T.);
#1768 = EDGE_CURVE('',#692,#1769,#1771,.T.);
#1769 = VERTEX_POINT('',#1770);
#1770 = CARTESIAN_POINT('',(2.86,-2.22,8.38));
#1771 = LINE('',#1772,#1773);
#1772 = CARTESIAN_POINT('',(2.86,-2.22,-3.));
#1773 = VECTOR('',#1774,1.);
#1774 = DIRECTION('',(0.,0.,1.));
#1775 = ORIENTED_EDGE('',*,*,#1776,.F.);
#1776 = EDGE_CURVE('',#1760,#1769,#1777,.T.);
#1777 = LINE('',#1778,#1779);
#1778 = CARTESIAN_POINT('',(2.86,-2.86,8.38));
#1779 = VECTOR('',#1780,1.);
#1780 = DIRECTION('',(0.,1.,0.));
#1781 = PLANE('',#1782);
#1782 = AXIS2_PLACEMENT_3D('',#1783,#1784,#1785);
#1783 = CARTESIAN_POINT('',(2.86,-2.86,-3.));
#1784 = DIRECTION('',(1.,0.,0.));
#1785 = DIRECTION('',(0.,0.,1.));
#1786 = ADVANCED_FACE('',(#1787),#1805,.T.);
#1787 = FACE_BOUND('',#1788,.T.);
#1788 = EDGE_LOOP('',(#1789,#1790,#1791,#1799));
#1789 = ORIENTED_EDGE('',*,*,#1768,.F.);
#1790 = ORIENTED_EDGE('',*,*,#715,.T.);
#1791 = ORIENTED_EDGE('',*,*,#1792,.T.);
#1792 = EDGE_CURVE('',#708,#1793,#1795,.T.);
#1793 = VERTEX_POINT('',#1794);
#1794 = CARTESIAN_POINT('',(2.22,-2.22,8.38));
#1795 = LINE('',#1796,#1797);
#1796 = CARTESIAN_POINT('',(2.22,-2.22,-3.));
#1797 = VECTOR('',#1798,1.);
#1798 = DIRECTION('',(0.,0.,1.));
#1799 = ORIENTED_EDGE('',*,*,#1800,.T.);
#1800 = EDGE_CURVE('',#1793,#1769,#1801,.T.);
#1801 = LINE('',#1802,#1803);
#1802 = CARTESIAN_POINT('',(2.22,-2.22,8.38));
#1803 = VECTOR('',#1804,1.);
#1804 = DIRECTION('',(1.,0.,0.));
#1805 = PLANE('',#1806);
#1806 = AXIS2_PLACEMENT_3D('',#1807,#1808,#1809);
#1807 = CARTESIAN_POINT('',(2.22,-2.22,-3.));
#1808 = DIRECTION('',(0.,1.,0.));
#1809 = DIRECTION('',(0.,-0.,1.));
#1810 = ADVANCED_FACE('',(#1811),#1829,.F.);
#1811 = FACE_BOUND('',#1812,.F.);
#1812 = EDGE_LOOP('',(#1813,#1821,#1822,#1823));
#1813 = ORIENTED_EDGE('',*,*,#1814,.F.);
#1814 = EDGE_CURVE('',#700,#1815,#1817,.T.);
#1815 = VERTEX_POINT('',#1816);
#1816 = CARTESIAN_POINT('',(2.22,-2.86,8.38));
#1817 = LINE('',#1818,#1819);
#1818 = CARTESIAN_POINT('',(2.22,-2.86,-3.));
#1819 = VECTOR('',#1820,1.);
#1820 = DIRECTION('',(0.,0.,1.));
#1821 = ORIENTED_EDGE('',*,*,#707,.T.);
#1822 = ORIENTED_EDGE('',*,*,#1792,.T.);
#1823 = ORIENTED_EDGE('',*,*,#1824,.F.);
#1824 = EDGE_CURVE('',#1815,#1793,#1825,.T.);
#1825 = LINE('',#1826,#1827);
#1826 = CARTESIAN_POINT('',(2.22,-2.86,8.38));
#1827 = VECTOR('',#1828,1.);
#1828 = DIRECTION('',(0.,1.,0.));
#1829 = PLANE('',#1830);
#1830 = AXIS2_PLACEMENT_3D('',#1831,#1832,#1833);
#1831 = CARTESIAN_POINT('',(2.22,-2.86,-3.));
#1832 = DIRECTION('',(1.,0.,0.));
#1833 = DIRECTION('',(0.,0.,1.));
#1834 = ADVANCED_FACE('',(#1835),#1846,.F.);
#1835 = FACE_BOUND('',#1836,.F.);
#1836 = EDGE_LOOP('',(#1837,#1838,#1839,#1840));
#1837 = ORIENTED_EDGE('',*,*,#1759,.F.);
#1838 = ORIENTED_EDGE('',*,*,#699,.T.);
#1839 = ORIENTED_EDGE('',*,*,#1814,.T.);
#1840 = ORIENTED_EDGE('',*,*,#1841,.T.);
#1841 = EDGE_CURVE('',#1815,#1760,#1842,.T.);
#1842 = LINE('',#1843,#1844);
#1843 = CARTESIAN_POINT('',(2.22,-2.86,8.38));
#1844 = VECTOR('',#1845,1.);
#1845 = DIRECTION('',(1.,0.,0.));
#1846 = PLANE('',#1847);
#1847 = AXIS2_PLACEMENT_3D('',#1848,#1849,#1850);
#1848 = CARTESIAN_POINT('',(2.22,-2.86,-3.));
#1849 = DIRECTION('',(0.,1.,0.));
#1850 = DIRECTION('',(0.,-0.,1.));
#1851 = ADVANCED_FACE('',(#1852),#1877,.T.);
#1852 = FACE_BOUND('',#1853,.T.);
#1853 = EDGE_LOOP('',(#1854,#1862,#1863,#1871));
#1854 = ORIENTED_EDGE('',*,*,#1855,.F.);
#1855 = EDGE_CURVE('',#724,#1856,#1858,.T.);
#1856 = VERTEX_POINT('',#1857);
#1857 = CARTESIAN_POINT('',(0.32,-2.22,8.38));
#1858 = LINE('',#1859,#1860);
#1859 = CARTESIAN_POINT('',(0.32,-2.22,-3.));
#1860 = VECTOR('',#1861,1.);
#1861 = DIRECTION('',(0.,0.,1.));
#1862 = ORIENTED_EDGE('',*,*,#723,.T.);
#1863 = ORIENTED_EDGE('',*,*,#1864,.T.);
#1864 = EDGE_CURVE('',#726,#1865,#1867,.T.);
#1865 = VERTEX_POINT('',#1866);
#1866 = CARTESIAN_POINT('',(-0.32,-2.22,8.38));
#1867 = LINE('',#1868,#1869);
#1868 = CARTESIAN_POINT('',(-0.32,-2.22,-3.));
#1869 = VECTOR('',#1870,1.);
#1870 = DIRECTION('',(0.,0.,1.));
#1871 = ORIENTED_EDGE('',*,*,#1872,.T.);
#1872 = EDGE_CURVE('',#1865,#1856,#1873,.T.);
#1873 = LINE('',#1874,#1875);
#1874 = CARTESIAN_POINT('',(-0.32,-2.22,8.38));
#1875 = VECTOR('',#1876,1.);
#1876 = DIRECTION('',(1.,0.,0.));
#1877 = PLANE('',#1878);
#1878 = AXIS2_PLACEMENT_3D('',#1879,#1880,#1881);
#1879 = CARTESIAN_POINT('',(-0.32,-2.22,-3.));
#1880 = DIRECTION('',(0.,1.,0.));
#1881 = DIRECTION('',(0.,-0.,1.));
#1882 = ADVANCED_FACE('',(#1883),#1901,.F.);
#1883 = FACE_BOUND('',#1884,.F.);
#1884 = EDGE_LOOP('',(#1885,#1893,#1894,#1895));
#1885 = ORIENTED_EDGE('',*,*,#1886,.F.);
#1886 = EDGE_CURVE('',#742,#1887,#1889,.T.);
#1887 = VERTEX_POINT('',#1888);
#1888 = CARTESIAN_POINT('',(-0.32,-2.86,8.38));
#1889 = LINE('',#1890,#1891);
#1890 = CARTESIAN_POINT('',(-0.32,-2.86,-3.));
#1891 = VECTOR('',#1892,1.);
#1892 = DIRECTION('',(0.,0.,1.));
#1893 = ORIENTED_EDGE('',*,*,#749,.T.);
#1894 = ORIENTED_EDGE('',*,*,#1864,.T.);
#1895 = ORIENTED_EDGE('',*,*,#1896,.F.);
#1896 = EDGE_CURVE('',#1887,#1865,#1897,.T.);
#1897 = LINE('',#1898,#1899);
#1898 = CARTESIAN_POINT('',(-0.32,-2.86,8.38));
#1899 = VECTOR('',#1900,1.);
#1900 = DIRECTION('',(0.,1.,0.));
#1901 = PLANE('',#1902);
#1902 = AXIS2_PLACEMENT_3D('',#1903,#1904,#1905);
#1903 = CARTESIAN_POINT('',(-0.32,-2.86,-3.));
#1904 = DIRECTION('',(1.,0.,0.));
#1905 = DIRECTION('',(0.,0.,1.));
#1906 = ADVANCED_FACE('',(#1907),#1925,.F.);
#1907 = FACE_BOUND('',#1908,.F.);
#1908 = EDGE_LOOP('',(#1909,#1917,#1918,#1919));
#1909 = ORIENTED_EDGE('',*,*,#1910,.F.);
#1910 = EDGE_CURVE('',#734,#1911,#1913,.T.);
#1911 = VERTEX_POINT('',#1912);
#1912 = CARTESIAN_POINT('',(0.32,-2.86,8.38));
#1913 = LINE('',#1914,#1915);
#1914 = CARTESIAN_POINT('',(0.32,-2.86,-3.));
#1915 = VECTOR('',#1916,1.);
#1916 = DIRECTION('',(0.,0.,1.));
#1917 = ORIENTED_EDGE('',*,*,#741,.T.);
#1918 = ORIENTED_EDGE('',*,*,#1886,.T.);
#1919 = ORIENTED_EDGE('',*,*,#1920,.T.);
#1920 = EDGE_CURVE('',#1887,#1911,#1921,.T.);
#1921 = LINE('',#1922,#1923);
#1922 = CARTESIAN_POINT('',(-0.32,-2.86,8.38));
#1923 = VECTOR('',#1924,1.);
#1924 = DIRECTION('',(1.,0.,0.));
#1925 = PLANE('',#1926);
#1926 = AXIS2_PLACEMENT_3D('',#1927,#1928,#1929);
#1927 = CARTESIAN_POINT('',(-0.32,-2.86,-3.));
#1928 = DIRECTION('',(0.,1.,0.));
#1929 = DIRECTION('',(0.,-0.,1.));
#1930 = ADVANCED_FACE('',(#1931),#1942,.T.);
#1931 = FACE_BOUND('',#1932,.T.);
#1932 = EDGE_LOOP('',(#1933,#1934,#1935,#1936));
#1933 = ORIENTED_EDGE('',*,*,#1910,.F.);
#1934 = ORIENTED_EDGE('',*,*,#733,.T.);
#1935 = ORIENTED_EDGE('',*,*,#1855,.T.);
#1936 = ORIENTED_EDGE('',*,*,#1937,.F.);
#1937 = EDGE_CURVE('',#1911,#1856,#1938,.T.);
#1938 = LINE('',#1939,#1940);
#1939 = CARTESIAN_POINT('',(0.32,-2.86,8.38));
#1940 = VECTOR('',#1941,1.);
#1941 = DIRECTION('',(0.,1.,0.));
#1942 = PLANE('',#1943);
#1943 = AXIS2_PLACEMENT_3D('',#1944,#1945,#1946);
#1944 = CARTESIAN_POINT('',(0.32,-2.86,-3.));
#1945 = DIRECTION('',(1.,0.,0.));
#1946 = DIRECTION('',(0.,0.,1.));
#1947 = ADVANCED_FACE('',(#1948),#1973,.T.);
#1948 = FACE_BOUND('',#1949,.T.);
#1949 = EDGE_LOOP('',(#1950,#1958,#1959,#1967));
#1950 = ORIENTED_EDGE('',*,*,#1951,.F.);
#1951 = EDGE_CURVE('',#758,#1952,#1954,.T.);
#1952 = VERTEX_POINT('',#1953);
#1953 = CARTESIAN_POINT('',(0.32,-0.32,8.38));
#1954 = LINE('',#1955,#1956);
#1955 = CARTESIAN_POINT('',(0.32,-0.32,-3.));
#1956 = VECTOR('',#1957,1.);
#1957 = DIRECTION('',(0.,0.,1.));
#1958 = ORIENTED_EDGE('',*,*,#757,.T.);
#1959 = ORIENTED_EDGE('',*,*,#1960,.T.);
#1960 = EDGE_CURVE('',#760,#1961,#1963,.T.);
#1961 = VERTEX_POINT('',#1962);
#1962 = CARTESIAN_POINT('',(0.32,0.32,8.38));
#1963 = LINE('',#1964,#1965);
#1964 = CARTESIAN_POINT('',(0.32,0.32,-3.));
#1965 = VECTOR('',#1966,1.);
#1966 = DIRECTION('',(0.,0.,1.));
#1967 = ORIENTED_EDGE('',*,*,#1968,.F.);
#1968 = EDGE_CURVE('',#1952,#1961,#1969,.T.);
#1969 = LINE('',#1970,#1971);
#1970 = CARTESIAN_POINT('',(0.32,-0.32,8.38));
#1971 = VECTOR('',#1972,1.);
#1972 = DIRECTION('',(0.,1.,0.));
#1973 = PLANE('',#1974);
#1974 = AXIS2_PLACEMENT_3D('',#1975,#1976,#1977);
#1975 = CARTESIAN_POINT('',(0.32,-0.32,-3.));
#1976 = DIRECTION('',(1.,0.,0.));
#1977 = DIRECTION('',(0.,0.,1.));
#1978 = ADVANCED_FACE('',(#1979),#1997,.T.);
#1979 = FACE_BOUND('',#1980,.T.);
#1980 = EDGE_LOOP('',(#1981,#1982,#1983,#1991));
#1981 = ORIENTED_EDGE('',*,*,#1960,.F.);
#1982 = ORIENTED_EDGE('',*,*,#783,.T.);
#1983 = ORIENTED_EDGE('',*,*,#1984,.T.);
#1984 = EDGE_CURVE('',#776,#1985,#1987,.T.);
#1985 = VERTEX_POINT('',#1986);
#1986 = CARTESIAN_POINT('',(-0.32,0.32,8.38));
#1987 = LINE('',#1988,#1989);
#1988 = CARTESIAN_POINT('',(-0.32,0.32,-3.));
#1989 = VECTOR('',#1990,1.);
#1990 = DIRECTION('',(0.,0.,1.));
#1991 = ORIENTED_EDGE('',*,*,#1992,.T.);
#1992 = EDGE_CURVE('',#1985,#1961,#1993,.T.);
#1993 = LINE('',#1994,#1995);
#1994 = CARTESIAN_POINT('',(-0.32,0.32,8.38));
#1995 = VECTOR('',#1996,1.);
#1996 = DIRECTION('',(1.,0.,0.));
#1997 = PLANE('',#1998);
#1998 = AXIS2_PLACEMENT_3D('',#1999,#2000,#2001);
#1999 = CARTESIAN_POINT('',(-0.32,0.32,-3.));
#2000 = DIRECTION('',(0.,1.,0.));
#2001 = DIRECTION('',(0.,-0.,1.));
#2002 = ADVANCED_FACE('',(#2003),#2021,.F.);
#2003 = FACE_BOUND('',#2004,.F.);
#2004 = EDGE_LOOP('',(#2005,#2013,#2014,#2015));
#2005 = ORIENTED_EDGE('',*,*,#2006,.F.);
#2006 = EDGE_CURVE('',#768,#2007,#2009,.T.);
#2007 = VERTEX_POINT('',#2008);
#2008 = CARTESIAN_POINT('',(-0.32,-0.32,8.38));
#2009 = LINE('',#2010,#2011);
#2010 = CARTESIAN_POINT('',(-0.32,-0.32,-3.));
#2011 = VECTOR('',#2012,1.);
#2012 = DIRECTION('',(0.,0.,1.));
#2013 = ORIENTED_EDGE('',*,*,#775,.T.);
#2014 = ORIENTED_EDGE('',*,*,#1984,.T.);
#2015 = ORIENTED_EDGE('',*,*,#2016,.F.);
#2016 = EDGE_CURVE('',#2007,#1985,#2017,.T.);
#2017 = LINE('',#2018,#2019);
#2018 = CARTESIAN_POINT('',(-0.32,-0.32,8.38));
#2019 = VECTOR('',#2020,1.);
#2020 = DIRECTION('',(0.,1.,0.));
#2021 = PLANE('',#2022);
#2022 = AXIS2_PLACEMENT_3D('',#2023,#2024,#2025);
#2023 = CARTESIAN_POINT('',(-0.32,-0.32,-3.));
#2024 = DIRECTION('',(1.,0.,0.));
#2025 = DIRECTION('',(0.,0.,1.));
#2026 = ADVANCED_FACE('',(#2027),#2038,.F.);
#2027 = FACE_BOUND('',#2028,.F.);
#2028 = EDGE_LOOP('',(#2029,#2030,#2031,#2032));
#2029 = ORIENTED_EDGE('',*,*,#1951,.F.);
#2030 = ORIENTED_EDGE('',*,*,#767,.T.);
#2031 = ORIENTED_EDGE('',*,*,#2006,.T.);
#2032 = ORIENTED_EDGE('',*,*,#2033,.T.);
#2033 = EDGE_CURVE('',#2007,#1952,#2034,.T.);
#2034 = LINE('',#2035,#2036);
#2035 = CARTESIAN_POINT('',(-0.32,-0.32,8.38));
#2036 = VECTOR('',#2037,1.);
#2037 = DIRECTION('',(1.,0.,0.));
#2038 = PLANE('',#2039);
#2039 = AXIS2_PLACEMENT_3D('',#2040,#2041,#2042);
#2040 = CARTESIAN_POINT('',(-0.32,-0.32,-3.));
#2041 = DIRECTION('',(0.,1.,0.));
#2042 = DIRECTION('',(0.,-0.,1.));
#2043 = ADVANCED_FACE('',(#2044),#2069,.T.);
#2044 = FACE_BOUND('',#2045,.T.);
#2045 = EDGE_LOOP('',(#2046,#2054,#2055,#2063));
#2046 = ORIENTED_EDGE('',*,*,#2047,.F.);
#2047 = EDGE_CURVE('',#792,#2048,#2050,.T.);
#2048 = VERTEX_POINT('',#2049);
#2049 = CARTESIAN_POINT('',(2.86,-0.32,8.38));
#2050 = LINE('',#2051,#2052);
#2051 = CARTESIAN_POINT('',(2.86,-0.32,-3.));
#2052 = VECTOR('',#2053,1.);
#2053 = DIRECTION('',(0.,0.,1.));
#2054 = ORIENTED_EDGE('',*,*,#791,.T.);
#2055 = ORIENTED_EDGE('',*,*,#2056,.T.);
#2056 = EDGE_CURVE('',#794,#2057,#2059,.T.);
#2057 = VERTEX_POINT('',#2058);
#2058 = CARTESIAN_POINT('',(2.86,0.32,8.38));
#2059 = LINE('',#2060,#2061);
#2060 = CARTESIAN_POINT('',(2.86,0.32,-3.));
#2061 = VECTOR('',#2062,1.);
#2062 = DIRECTION('',(0.,0.,1.));
#2063 = ORIENTED_EDGE('',*,*,#2064,.F.);
#2064 = EDGE_CURVE('',#2048,#2057,#2065,.T.);
#2065 = LINE('',#2066,#2067);
#2066 = CARTESIAN_POINT('',(2.86,-0.32,8.38));
#2067 = VECTOR('',#2068,1.);
#2068 = DIRECTION('',(0.,1.,0.));
#2069 = PLANE('',#2070);
#2070 = AXIS2_PLACEMENT_3D('',#2071,#2072,#2073);
#2071 = CARTESIAN_POINT('',(2.86,-0.32,-3.));
#2072 = DIRECTION('',(1.,0.,0.));
#2073 = DIRECTION('',(0.,0.,1.));
#2074 = ADVANCED_FACE('',(#2075),#2093,.T.);
#2075 = FACE_BOUND('',#2076,.T.);
#2076 = EDGE_LOOP('',(#2077,#2078,#2079,#2087));
#2077 = ORIENTED_EDGE('',*,*,#2056,.F.);
#2078 = ORIENTED_EDGE('',*,*,#817,.T.);
#2079 = ORIENTED_EDGE('',*,*,#2080,.T.);
#2080 = EDGE_CURVE('',#810,#2081,#2083,.T.);
#2081 = VERTEX_POINT('',#2082);
#2082 = CARTESIAN_POINT('',(2.22,0.32,8.38));
#2083 = LINE('',#2084,#2085);
#2084 = CARTESIAN_POINT('',(2.22,0.32,-3.));
#2085 = VECTOR('',#2086,1.);
#2086 = DIRECTION('',(0.,0.,1.));
#2087 = ORIENTED_EDGE('',*,*,#2088,.T.);
#2088 = EDGE_CURVE('',#2081,#2057,#2089,.T.);
#2089 = LINE('',#2090,#2091);
#2090 = CARTESIAN_POINT('',(2.22,0.32,8.38));
#2091 = VECTOR('',#2092,1.);
#2092 = DIRECTION('',(1.,0.,0.));
#2093 = PLANE('',#2094);
#2094 = AXIS2_PLACEMENT_3D('',#2095,#2096,#2097);
#2095 = CARTESIAN_POINT('',(2.22,0.32,-3.));
#2096 = DIRECTION('',(0.,1.,0.));
#2097 = DIRECTION('',(0.,-0.,1.));
#2098 = ADVANCED_FACE('',(#2099),#2117,.F.);
#2099 = FACE_BOUND('',#2100,.F.);
#2100 = EDGE_LOOP('',(#2101,#2109,#2110,#2111));
#2101 = ORIENTED_EDGE('',*,*,#2102,.F.);
#2102 = EDGE_CURVE('',#802,#2103,#2105,.T.);
#2103 = VERTEX_POINT('',#2104);
#2104 = CARTESIAN_POINT('',(2.22,-0.32,8.38));
#2105 = LINE('',#2106,#2107);
#2106 = CARTESIAN_POINT('',(2.22,-0.32,-3.));
#2107 = VECTOR('',#2108,1.);
#2108 = DIRECTION('',(0.,0.,1.));
#2109 = ORIENTED_EDGE('',*,*,#809,.T.);
#2110 = ORIENTED_EDGE('',*,*,#2080,.T.);
#2111 = ORIENTED_EDGE('',*,*,#2112,.F.);
#2112 = EDGE_CURVE('',#2103,#2081,#2113,.T.);
#2113 = LINE('',#2114,#2115);
#2114 = CARTESIAN_POINT('',(2.22,-0.32,8.38));
#2115 = VECTOR('',#2116,1.);
#2116 = DIRECTION('',(0.,1.,0.));
#2117 = PLANE('',#2118);
#2118 = AXIS2_PLACEMENT_3D('',#2119,#2120,#2121);
#2119 = CARTESIAN_POINT('',(2.22,-0.32,-3.));
#2120 = DIRECTION('',(1.,0.,0.));
#2121 = DIRECTION('',(0.,0.,1.));
#2122 = ADVANCED_FACE('',(#2123),#2134,.F.);
#2123 = FACE_BOUND('',#2124,.F.);
#2124 = EDGE_LOOP('',(#2125,#2126,#2127,#2128));
#2125 = ORIENTED_EDGE('',*,*,#2047,.F.);
#2126 = ORIENTED_EDGE('',*,*,#801,.T.);
#2127 = ORIENTED_EDGE('',*,*,#2102,.T.);
#2128 = ORIENTED_EDGE('',*,*,#2129,.T.);
#2129 = EDGE_CURVE('',#2103,#2048,#2130,.T.);
#2130 = LINE('',#2131,#2132);
#2131 = CARTESIAN_POINT('',(2.22,-0.32,8.38));
#2132 = VECTOR('',#2133,1.);
#2133 = DIRECTION('',(1.,0.,0.));
#2134 = PLANE('',#2135);
#2135 = AXIS2_PLACEMENT_3D('',#2136,#2137,#2138);
#2136 = CARTESIAN_POINT('',(2.22,-0.32,-3.));
#2137 = DIRECTION('',(0.,1.,0.));
#2138 = DIRECTION('',(0.,-0.,1.));
#2139 = ADVANCED_FACE('',(#2140),#2165,.T.);
#2140 = FACE_BOUND('',#2141,.T.);
#2141 = EDGE_LOOP('',(#2142,#2150,#2151,#2159));
#2142 = ORIENTED_EDGE('',*,*,#2143,.F.);
#2143 = EDGE_CURVE('',#826,#2144,#2146,.T.);
#2144 = VERTEX_POINT('',#2145);
#2145 = CARTESIAN_POINT('',(2.86,-5.4,8.38));
#2146 = LINE('',#2147,#2148);
#2147 = CARTESIAN_POINT('',(2.86,-5.4,-3.));
#2148 = VECTOR('',#2149,1.);
#2149 = DIRECTION('',(0.,0.,1.));
#2150 = ORIENTED_EDGE('',*,*,#825,.T.);
#2151 = ORIENTED_EDGE('',*,*,#2152,.T.);
#2152 = EDGE_CURVE('',#828,#2153,#2155,.T.);
#2153 = VERTEX_POINT('',#2154);
#2154 = CARTESIAN_POINT('',(2.86,-4.76,8.38));
#2155 = LINE('',#2156,#2157);
#2156 = CARTESIAN_POINT('',(2.86,-4.76,-3.));
#2157 = VECTOR('',#2158,1.);
#2158 = DIRECTION('',(0.,0.,1.));
#2159 = ORIENTED_EDGE('',*,*,#2160,.F.);
#2160 = EDGE_CURVE('',#2144,#2153,#2161,.T.);
#2161 = LINE('',#2162,#2163);
#2162 = CARTESIAN_POINT('',(2.86,-5.4,8.38));
#2163 = VECTOR('',#2164,1.);
#2164 = DIRECTION('',(0.,1.,0.));
#2165 = PLANE('',#2166);
#2166 = AXIS2_PLACEMENT_3D('',#2167,#2168,#2169);
#2167 = CARTESIAN_POINT('',(2.86,-5.4,-3.));
#2168 = DIRECTION('',(1.,0.,0.));
#2169 = DIRECTION('',(0.,0.,1.));
#2170 = ADVANCED_FACE('',(#2171),#2189,.T.);
#2171 = FACE_BOUND('',#2172,.T.);
#2172 = EDGE_LOOP('',(#2173,#2174,#2175,#2183));
#2173 = ORIENTED_EDGE('',*,*,#2152,.F.);
#2174 = ORIENTED_EDGE('',*,*,#851,.T.);
#2175 = ORIENTED_EDGE('',*,*,#2176,.T.);
#2176 = EDGE_CURVE('',#844,#2177,#2179,.T.);
#2177 = VERTEX_POINT('',#2178);
#2178 = CARTESIAN_POINT('',(2.22,-4.76,8.38));
#2179 = LINE('',#2180,#2181);
#2180 = CARTESIAN_POINT('',(2.22,-4.76,-3.));
#2181 = VECTOR('',#2182,1.);
#2182 = DIRECTION('',(0.,0.,1.));
#2183 = ORIENTED_EDGE('',*,*,#2184,.T.);
#2184 = EDGE_CURVE('',#2177,#2153,#2185,.T.);
#2185 = LINE('',#2186,#2187);
#2186 = CARTESIAN_POINT('',(2.22,-4.76,8.38));
#2187 = VECTOR('',#2188,1.);
#2188 = DIRECTION('',(1.,0.,0.));
#2189 = PLANE('',#2190);
#2190 = AXIS2_PLACEMENT_3D('',#2191,#2192,#2193);
#2191 = CARTESIAN_POINT('',(2.22,-4.76,-3.));
#2192 = DIRECTION('',(0.,1.,0.));
#2193 = DIRECTION('',(0.,-0.,1.));
#2194 = ADVANCED_FACE('',(#2195),#2213,.F.);
#2195 = FACE_BOUND('',#2196,.F.);
#2196 = EDGE_LOOP('',(#2197,#2205,#2206,#2207));
#2197 = ORIENTED_EDGE('',*,*,#2198,.F.);
#2198 = EDGE_CURVE('',#836,#2199,#2201,.T.);
#2199 = VERTEX_POINT('',#2200);
#2200 = CARTESIAN_POINT('',(2.22,-5.4,8.38));
#2201 = LINE('',#2202,#2203);
#2202 = CARTESIAN_POINT('',(2.22,-5.4,-3.));
#2203 = VECTOR('',#2204,1.);
#2204 = DIRECTION('',(0.,0.,1.));
#2205 = ORIENTED_EDGE('',*,*,#843,.T.);
#2206 = ORIENTED_EDGE('',*,*,#2176,.T.);
#2207 = ORIENTED_EDGE('',*,*,#2208,.F.);
#2208 = EDGE_CURVE('',#2199,#2177,#2209,.T.);
#2209 = LINE('',#2210,#2211);
#2210 = CARTESIAN_POINT('',(2.22,-5.4,8.38));
#2211 = VECTOR('',#2212,1.);
#2212 = DIRECTION('',(0.,1.,0.));
#2213 = PLANE('',#2214);
#2214 = AXIS2_PLACEMENT_3D('',#2215,#2216,#2217);
#2215 = CARTESIAN_POINT('',(2.22,-5.4,-3.));
#2216 = DIRECTION('',(1.,0.,0.));
#2217 = DIRECTION('',(0.,0.,1.));
#2218 = ADVANCED_FACE('',(#2219),#2230,.F.);
#2219 = FACE_BOUND('',#2220,.F.);
#2220 = EDGE_LOOP('',(#2221,#2222,#2223,#2224));
#2221 = ORIENTED_EDGE('',*,*,#2143,.F.);
#2222 = ORIENTED_EDGE('',*,*,#835,.T.);
#2223 = ORIENTED_EDGE('',*,*,#2198,.T.);
#2224 = ORIENTED_EDGE('',*,*,#2225,.T.);
#2225 = EDGE_CURVE('',#2199,#2144,#2226,.T.);
#2226 = LINE('',#2227,#2228);
#2227 = CARTESIAN_POINT('',(2.22,-5.4,8.38));
#2228 = VECTOR('',#2229,1.);
#2229 = DIRECTION('',(1.,0.,0.));
#2230 = PLANE('',#2231);
#2231 = AXIS2_PLACEMENT_3D('',#2232,#2233,#2234);
#2232 = CARTESIAN_POINT('',(2.22,-5.4,-3.));
#2233 = DIRECTION('',(0.,1.,0.));
#2234 = DIRECTION('',(0.,-0.,1.));
#2235 = ADVANCED_FACE('',(#2236),#2261,.T.);
#2236 = FACE_BOUND('',#2237,.T.);
#2237 = EDGE_LOOP('',(#2238,#2246,#2247,#2255));
#2238 = ORIENTED_EDGE('',*,*,#2239,.F.);
#2239 = EDGE_CURVE('',#860,#2240,#2242,.T.);
#2240 = VERTEX_POINT('',#2241);
#2241 = CARTESIAN_POINT('',(0.32,-5.4,8.38));
#2242 = LINE('',#2243,#2244);
#2243 = CARTESIAN_POINT('',(0.32,-5.4,-3.));
#2244 = VECTOR('',#2245,1.);
#2245 = DIRECTION('',(0.,0.,1.));
#2246 = ORIENTED_EDGE('',*,*,#859,.T.);
#2247 = ORIENTED_EDGE('',*,*,#2248,.T.);
#2248 = EDGE_CURVE('',#862,#2249,#2251,.T.);
#2249 = VERTEX_POINT('',#2250);
#2250 = CARTESIAN_POINT('',(0.32,-4.76,8.38));
#2251 = LINE('',#2252,#2253);
#2252 = CARTESIAN_POINT('',(0.32,-4.76,-3.));
#2253 = VECTOR('',#2254,1.);
#2254 = DIRECTION('',(0.,0.,1.));
#2255 = ORIENTED_EDGE('',*,*,#2256,.F.);
#2256 = EDGE_CURVE('',#2240,#2249,#2257,.T.);
#2257 = LINE('',#2258,#2259);
#2258 = CARTESIAN_POINT('',(0.32,-5.4,8.38));
#2259 = VECTOR('',#2260,1.);
#2260 = DIRECTION('',(0.,1.,0.));
#2261 = PLANE('',#2262);
#2262 = AXIS2_PLACEMENT_3D('',#2263,#2264,#2265);
#2263 = CARTESIAN_POINT('',(0.32,-5.4,-3.));
#2264 = DIRECTION('',(1.,0.,0.));
#2265 = DIRECTION('',(0.,0.,1.));
#2266 = ADVANCED_FACE('',(#2267),#2285,.T.);
#2267 = FACE_BOUND('',#2268,.T.);
#2268 = EDGE_LOOP('',(#2269,#2270,#2271,#2279));
#2269 = ORIENTED_EDGE('',*,*,#2248,.F.);
#2270 = ORIENTED_EDGE('',*,*,#885,.T.);
#2271 = ORIENTED_EDGE('',*,*,#2272,.T.);
#2272 = EDGE_CURVE('',#878,#2273,#2275,.T.);
#2273 = VERTEX_POINT('',#2274);
#2274 = CARTESIAN_POINT('',(-0.32,-4.76,8.38));
#2275 = LINE('',#2276,#2277);
#2276 = CARTESIAN_POINT('',(-0.32,-4.76,-3.));
#2277 = VECTOR('',#2278,1.);
#2278 = DIRECTION('',(0.,0.,1.));
#2279 = ORIENTED_EDGE('',*,*,#2280,.T.);
#2280 = EDGE_CURVE('',#2273,#2249,#2281,.T.);
#2281 = LINE('',#2282,#2283);
#2282 = CARTESIAN_POINT('',(-0.32,-4.76,8.38));
#2283 = VECTOR('',#2284,1.);
#2284 = DIRECTION('',(1.,0.,0.));
#2285 = PLANE('',#2286);
#2286 = AXIS2_PLACEMENT_3D('',#2287,#2288,#2289);
#2287 = CARTESIAN_POINT('',(-0.32,-4.76,-3.));
#2288 = DIRECTION('',(0.,1.,0.));
#2289 = DIRECTION('',(0.,-0.,1.));
#2290 = ADVANCED_FACE('',(#2291),#2309,.F.);
#2291 = FACE_BOUND('',#2292,.F.);
#2292 = EDGE_LOOP('',(#2293,#2301,#2302,#2303));
#2293 = ORIENTED_EDGE('',*,*,#2294,.F.);
#2294 = EDGE_CURVE('',#870,#2295,#2297,.T.);
#2295 = VERTEX_POINT('',#2296);
#2296 = CARTESIAN_POINT('',(-0.32,-5.4,8.38));
#2297 = LINE('',#2298,#2299);
#2298 = CARTESIAN_POINT('',(-0.32,-5.4,-3.));
#2299 = VECTOR('',#2300,1.);
#2300 = DIRECTION('',(0.,0.,1.));
#2301 = ORIENTED_EDGE('',*,*,#877,.T.);
#2302 = ORIENTED_EDGE('',*,*,#2272,.T.);
#2303 = ORIENTED_EDGE('',*,*,#2304,.F.);
#2304 = EDGE_CURVE('',#2295,#2273,#2305,.T.);
#2305 = LINE('',#2306,#2307);
#2306 = CARTESIAN_POINT('',(-0.32,-5.4,8.38));
#2307 = VECTOR('',#2308,1.);
#2308 = DIRECTION('',(0.,1.,0.));
#2309 = PLANE('',#2310);
#2310 = AXIS2_PLACEMENT_3D('',#2311,#2312,#2313);
#2311 = CARTESIAN_POINT('',(-0.32,-5.4,-3.));
#2312 = DIRECTION('',(1.,0.,0.));
#2313 = DIRECTION('',(0.,0.,1.));
#2314 = ADVANCED_FACE('',(#2315),#2326,.F.);
#2315 = FACE_BOUND('',#2316,.F.);
#2316 = EDGE_LOOP('',(#2317,#2318,#2319,#2320));
#2317 = ORIENTED_EDGE('',*,*,#2239,.F.);
#2318 = ORIENTED_EDGE('',*,*,#869,.T.);
#2319 = ORIENTED_EDGE('',*,*,#2294,.T.);
#2320 = ORIENTED_EDGE('',*,*,#2321,.T.);
#2321 = EDGE_CURVE('',#2295,#2240,#2322,.T.);
#2322 = LINE('',#2323,#2324);
#2323 = CARTESIAN_POINT('',(-0.32,-5.4,8.38));
#2324 = VECTOR('',#2325,1.);
#2325 = DIRECTION('',(1.,0.,0.));
#2326 = PLANE('',#2327);
#2327 = AXIS2_PLACEMENT_3D('',#2328,#2329,#2330);
#2328 = CARTESIAN_POINT('',(-0.32,-5.4,-3.));
#2329 = DIRECTION('',(0.,1.,0.));
#2330 = DIRECTION('',(0.,-0.,1.));
#2331 = ADVANCED_FACE('',(#2332),#2357,.F.);
#2332 = FACE_BOUND('',#2333,.F.);
#2333 = EDGE_LOOP('',(#2334,#2342,#2343,#2351));
#2334 = ORIENTED_EDGE('',*,*,#2335,.F.);
#2335 = EDGE_CURVE('',#1184,#2336,#2338,.T.);
#2336 = VERTEX_POINT('',#2337);
#2337 = CARTESIAN_POINT('',(2.7,-2.7,-3.));
#2338 = LINE('',#2339,#2340);
#2339 = CARTESIAN_POINT('',(2.7,-2.7,-3.));
#2340 = VECTOR('',#2341,1.);
#2341 = DIRECTION('',(-0.57735026919,0.57735026919,-0.57735026919));
#2342 = ORIENTED_EDGE('',*,*,#1191,.T.);
#2343 = ORIENTED_EDGE('',*,*,#2344,.T.);
#2344 = EDGE_CURVE('',#1192,#2345,#2347,.T.);
#2345 = VERTEX_POINT('',#2346);
#2346 = CARTESIAN_POINT('',(2.7,-2.38,-3.));
#2347 = LINE('',#2348,#2349);
#2348 = CARTESIAN_POINT('',(2.593333333333,-2.486666666667,
    -3.106666666667));
#2349 = VECTOR('',#2350,1.);
#2350 = DIRECTION('',(-0.57735026919,-0.57735026919,-0.57735026919));
#2351 = ORIENTED_EDGE('',*,*,#2352,.F.);
#2352 = EDGE_CURVE('',#2336,#2345,#2353,.T.);
#2353 = LINE('',#2354,#2355);
#2354 = CARTESIAN_POINT('',(2.7,-2.86,-3.));
#2355 = VECTOR('',#2356,1.);
#2356 = DIRECTION('',(0.,1.,0.));
#2357 = PLANE('',#2358);
#2358 = AXIS2_PLACEMENT_3D('',#2359,#2360,#2361);
#2359 = CARTESIAN_POINT('',(2.78,-2.86,-2.92));
#2360 = DIRECTION('',(-0.707106781187,1.735167508357E-18,0.707106781187)
  );
#2361 = DIRECTION('',(1.226948711654E-18,1.,-1.226948711654E-18));
#2362 = ADVANCED_FACE('',(#2363),#2381,.F.);
#2363 = FACE_BOUND('',#2364,.T.);
#2364 = EDGE_LOOP('',(#2365,#2373,#2374,#2375));
#2365 = ORIENTED_EDGE('',*,*,#2366,.F.);
#2366 = EDGE_CURVE('',#1216,#2367,#2369,.T.);
#2367 = VERTEX_POINT('',#2368);
#2368 = CARTESIAN_POINT('',(2.38,-2.38,-3.));
#2369 = LINE('',#2370,#2371);
#2370 = CARTESIAN_POINT('',(2.38,-2.38,-3.));
#2371 = VECTOR('',#2372,1.);
#2372 = DIRECTION('',(0.57735026919,-0.57735026919,-0.57735026919));
#2373 = ORIENTED_EDGE('',*,*,#1215,.T.);
#2374 = ORIENTED_EDGE('',*,*,#2344,.T.);
#2375 = ORIENTED_EDGE('',*,*,#2376,.F.);
#2376 = EDGE_CURVE('',#2367,#2345,#2377,.T.);
#2377 = LINE('',#2378,#2379);
#2378 = CARTESIAN_POINT('',(2.22,-2.38,-3.));
#2379 = VECTOR('',#2380,1.);
#2380 = DIRECTION('',(1.,0.,0.));
#2381 = PLANE('',#2382);
#2382 = AXIS2_PLACEMENT_3D('',#2383,#2384,#2385);
#2383 = CARTESIAN_POINT('',(2.22,-2.3,-2.92));
#2384 = DIRECTION('',(-1.735167508357E-18,-0.707106781187,0.707106781187
    ));
#2385 = DIRECTION('',(-1.,1.226948711654E-18,-1.226948711654E-18));
#2386 = ADVANCED_FACE('',(#2387),#2405,.T.);
#2387 = FACE_BOUND('',#2388,.T.);
#2388 = EDGE_LOOP('',(#2389,#2397,#2398,#2399));
#2389 = ORIENTED_EDGE('',*,*,#2390,.F.);
#2390 = EDGE_CURVE('',#1239,#2391,#2393,.T.);
#2391 = VERTEX_POINT('',#2392);
#2392 = CARTESIAN_POINT('',(2.38,-2.7,-3.));
#2393 = LINE('',#2394,#2395);
#2394 = CARTESIAN_POINT('',(2.273333333333,-2.806666666667,
    -2.893333333333));
#2395 = VECTOR('',#2396,1.);
#2396 = DIRECTION('',(0.57735026919,0.57735026919,-0.57735026919));
#2397 = ORIENTED_EDGE('',*,*,#1246,.T.);
#2398 = ORIENTED_EDGE('',*,*,#2366,.T.);
#2399 = ORIENTED_EDGE('',*,*,#2400,.F.);
#2400 = EDGE_CURVE('',#2391,#2367,#2401,.T.);
#2401 = LINE('',#2402,#2403);
#2402 = CARTESIAN_POINT('',(2.38,-2.86,-3.));
#2403 = VECTOR('',#2404,1.);
#2404 = DIRECTION('',(0.,1.,0.));
#2405 = PLANE('',#2406);
#2406 = AXIS2_PLACEMENT_3D('',#2407,#2408,#2409);
#2407 = CARTESIAN_POINT('',(2.3,-2.86,-2.92));
#2408 = DIRECTION('',(-0.707106781187,-1.735167508357E-18,
    -0.707106781187));
#2409 = DIRECTION('',(-1.226948711654E-18,1.,-1.226948711654E-18));
#2410 = ADVANCED_FACE('',(#2411),#2422,.T.);
#2411 = FACE_BOUND('',#2412,.F.);
#2412 = EDGE_LOOP('',(#2413,#2414,#2415,#2416));
#2413 = ORIENTED_EDGE('',*,*,#2390,.F.);
#2414 = ORIENTED_EDGE('',*,*,#1263,.T.);
#2415 = ORIENTED_EDGE('',*,*,#2335,.T.);
#2416 = ORIENTED_EDGE('',*,*,#2417,.F.);
#2417 = EDGE_CURVE('',#2391,#2336,#2418,.T.);
#2418 = LINE('',#2419,#2420);
#2419 = CARTESIAN_POINT('',(2.22,-2.7,-3.));
#2420 = VECTOR('',#2421,1.);
#2421 = DIRECTION('',(1.,0.,0.));
#2422 = PLANE('',#2423);
#2423 = AXIS2_PLACEMENT_3D('',#2424,#2425,#2426);
#2424 = CARTESIAN_POINT('',(2.22,-2.78,-2.92));
#2425 = DIRECTION('',(1.735167508357E-18,-0.707106781187,-0.707106781187
    ));
#2426 = DIRECTION('',(-1.,-1.226948711654E-18,-1.226948711654E-18));
#2427 = ADVANCED_FACE('',(#2428),#2453,.F.);
#2428 = FACE_BOUND('',#2429,.T.);
#2429 = EDGE_LOOP('',(#2430,#2438,#2439,#2447));
#2430 = ORIENTED_EDGE('',*,*,#2431,.F.);
#2431 = EDGE_CURVE('',#1288,#2432,#2434,.T.);
#2432 = VERTEX_POINT('',#2433);
#2433 = CARTESIAN_POINT('',(-0.16,-2.38,-3.));
#2434 = LINE('',#2435,#2436);
#2435 = CARTESIAN_POINT('',(-0.16,-2.38,-3.));
#2436 = VECTOR('',#2437,1.);
#2437 = DIRECTION('',(0.57735026919,-0.57735026919,-0.57735026919));
#2438 = ORIENTED_EDGE('',*,*,#1287,.T.);
#2439 = ORIENTED_EDGE('',*,*,#2440,.T.);
#2440 = EDGE_CURVE('',#1280,#2441,#2443,.T.);
#2441 = VERTEX_POINT('',#2442);
#2442 = CARTESIAN_POINT('',(0.16,-2.38,-3.));
#2443 = LINE('',#2444,#2445);
#2444 = CARTESIAN_POINT('',(5.333333333333E-02,-2.486666666667,
    -3.106666666667));
#2445 = VECTOR('',#2446,1.);
#2446 = DIRECTION('',(-0.57735026919,-0.57735026919,-0.57735026919));
#2447 = ORIENTED_EDGE('',*,*,#2448,.F.);
#2448 = EDGE_CURVE('',#2432,#2441,#2449,.T.);
#2449 = LINE('',#2450,#2451);
#2450 = CARTESIAN_POINT('',(-0.32,-2.38,-3.));
#2451 = VECTOR('',#2452,1.);
#2452 = DIRECTION('',(1.,0.,0.));
#2453 = PLANE('',#2454);
#2454 = AXIS2_PLACEMENT_3D('',#2455,#2456,#2457);
#2455 = CARTESIAN_POINT('',(-0.32,-2.3,-2.92));
#2456 = DIRECTION('',(-1.735167508357E-18,-0.707106781187,0.707106781187
    ));
#2457 = DIRECTION('',(-1.,1.226948711654E-18,-1.226948711654E-18));
#2458 = ADVANCED_FACE('',(#2459),#2477,.T.);
#2459 = FACE_BOUND('',#2460,.T.);
#2460 = EDGE_LOOP('',(#2461,#2469,#2470,#2471));
#2461 = ORIENTED_EDGE('',*,*,#2462,.F.);
#2462 = EDGE_CURVE('',#1311,#2463,#2465,.T.);
#2463 = VERTEX_POINT('',#2464);
#2464 = CARTESIAN_POINT('',(-0.16,-2.7,-3.));
#2465 = LINE('',#2466,#2467);
#2466 = CARTESIAN_POINT('',(-0.266666666667,-2.806666666667,
    -2.893333333333));
#2467 = VECTOR('',#2468,1.);
#2468 = DIRECTION('',(0.57735026919,0.57735026919,-0.57735026919));
#2469 = ORIENTED_EDGE('',*,*,#1318,.T.);
#2470 = ORIENTED_EDGE('',*,*,#2431,.T.);
#2471 = ORIENTED_EDGE('',*,*,#2472,.F.);
#2472 = EDGE_CURVE('',#2463,#2432,#2473,.T.);
#2473 = LINE('',#2474,#2475);
#2474 = CARTESIAN_POINT('',(-0.16,-2.86,-3.));
#2475 = VECTOR('',#2476,1.);
#2476 = DIRECTION('',(0.,1.,0.));
#2477 = PLANE('',#2478);
#2478 = AXIS2_PLACEMENT_3D('',#2479,#2480,#2481);
#2479 = CARTESIAN_POINT('',(-0.24,-2.86,-2.92));
#2480 = DIRECTION('',(-0.707106781187,-1.735167508357E-18,
    -0.707106781187));
#2481 = DIRECTION('',(-1.226948711654E-18,1.,-1.226948711654E-18));
#2482 = ADVANCED_FACE('',(#2483),#2501,.T.);
#2483 = FACE_BOUND('',#2484,.F.);
#2484 = EDGE_LOOP('',(#2485,#2486,#2487,#2495));
#2485 = ORIENTED_EDGE('',*,*,#2462,.F.);
#2486 = ORIENTED_EDGE('',*,*,#1342,.T.);
#2487 = ORIENTED_EDGE('',*,*,#2488,.T.);
#2488 = EDGE_CURVE('',#1335,#2489,#2491,.T.);
#2489 = VERTEX_POINT('',#2490);
#2490 = CARTESIAN_POINT('',(0.16,-2.7,-3.));
#2491 = LINE('',#2492,#2493);
#2492 = CARTESIAN_POINT('',(0.16,-2.7,-3.));
#2493 = VECTOR('',#2494,1.);
#2494 = DIRECTION('',(-0.57735026919,0.57735026919,-0.57735026919));
#2495 = ORIENTED_EDGE('',*,*,#2496,.F.);
#2496 = EDGE_CURVE('',#2463,#2489,#2497,.T.);
#2497 = LINE('',#2498,#2499);
#2498 = CARTESIAN_POINT('',(-0.32,-2.7,-3.));
#2499 = VECTOR('',#2500,1.);
#2500 = DIRECTION('',(1.,0.,0.));
#2501 = PLANE('',#2502);
#2502 = AXIS2_PLACEMENT_3D('',#2503,#2504,#2505);
#2503 = CARTESIAN_POINT('',(-0.32,-2.78,-2.92));
#2504 = DIRECTION('',(1.735167508357E-18,-0.707106781187,-0.707106781187
    ));
#2505 = DIRECTION('',(-1.,-1.226948711654E-18,-1.226948711654E-18));
#2506 = ADVANCED_FACE('',(#2507),#2518,.F.);
#2507 = FACE_BOUND('',#2508,.F.);
#2508 = EDGE_LOOP('',(#2509,#2510,#2511,#2512));
#2509 = ORIENTED_EDGE('',*,*,#2488,.F.);
#2510 = ORIENTED_EDGE('',*,*,#1359,.T.);
#2511 = ORIENTED_EDGE('',*,*,#2440,.T.);
#2512 = ORIENTED_EDGE('',*,*,#2513,.F.);
#2513 = EDGE_CURVE('',#2489,#2441,#2514,.T.);
#2514 = LINE('',#2515,#2516);
#2515 = CARTESIAN_POINT('',(0.16,-2.86,-3.));
#2516 = VECTOR('',#2517,1.);
#2517 = DIRECTION('',(0.,1.,0.));
#2518 = PLANE('',#2519);
#2519 = AXIS2_PLACEMENT_3D('',#2520,#2521,#2522);
#2520 = CARTESIAN_POINT('',(0.24,-2.86,-2.92));
#2521 = DIRECTION('',(-0.707106781187,1.735167508357E-18,0.707106781187)
  );
#2522 = DIRECTION('',(1.226948711654E-18,1.,-1.226948711654E-18));
#2523 = ADVANCED_FACE('',(#2524),#2549,.F.);
#2524 = FACE_BOUND('',#2525,.F.);
#2525 = EDGE_LOOP('',(#2526,#2534,#2535,#2543));
#2526 = ORIENTED_EDGE('',*,*,#2527,.F.);
#2527 = EDGE_CURVE('',#1376,#2528,#2530,.T.);
#2528 = VERTEX_POINT('',#2529);
#2529 = CARTESIAN_POINT('',(0.16,-0.16,-3.));
#2530 = LINE('',#2531,#2532);
#2531 = CARTESIAN_POINT('',(0.16,-0.16,-3.));
#2532 = VECTOR('',#2533,1.);
#2533 = DIRECTION('',(-0.57735026919,0.57735026919,-0.57735026919));
#2534 = ORIENTED_EDGE('',*,*,#1383,.T.);
#2535 = ORIENTED_EDGE('',*,*,#2536,.T.);
#2536 = EDGE_CURVE('',#1384,#2537,#2539,.T.);
#2537 = VERTEX_POINT('',#2538);
#2538 = CARTESIAN_POINT('',(0.16,0.16,-3.));
#2539 = LINE('',#2540,#2541);
#2540 = CARTESIAN_POINT('',(5.333333333333E-02,5.333333333333E-02,
    -3.106666666667));
#2541 = VECTOR('',#2542,1.);
#2542 = DIRECTION('',(-0.57735026919,-0.57735026919,-0.57735026919));
#2543 = ORIENTED_EDGE('',*,*,#2544,.F.);
#2544 = EDGE_CURVE('',#2528,#2537,#2545,.T.);
#2545 = LINE('',#2546,#2547);
#2546 = CARTESIAN_POINT('',(0.16,-0.32,-3.));
#2547 = VECTOR('',#2548,1.);
#2548 = DIRECTION('',(0.,1.,0.));
#2549 = PLANE('',#2550);
#2550 = AXIS2_PLACEMENT_3D('',#2551,#2552,#2553);
#2551 = CARTESIAN_POINT('',(0.24,-0.32,-2.92));
#2552 = DIRECTION('',(-0.707106781187,1.735167508357E-18,0.707106781187)
  );
#2553 = DIRECTION('',(1.226948711654E-18,1.,-1.226948711654E-18));
#2554 = ADVANCED_FACE('',(#2555),#2573,.F.);
#2555 = FACE_BOUND('',#2556,.T.);
#2556 = EDGE_LOOP('',(#2557,#2565,#2566,#2567));
#2557 = ORIENTED_EDGE('',*,*,#2558,.F.);
#2558 = EDGE_CURVE('',#1408,#2559,#2561,.T.);
#2559 = VERTEX_POINT('',#2560);
#2560 = CARTESIAN_POINT('',(-0.16,0.16,-3.));
#2561 = LINE('',#2562,#2563);
#2562 = CARTESIAN_POINT('',(-0.16,0.16,-3.));
#2563 = VECTOR('',#2564,1.);
#2564 = DIRECTION('',(0.57735026919,-0.57735026919,-0.57735026919));
#2565 = ORIENTED_EDGE('',*,*,#1407,.T.);
#2566 = ORIENTED_EDGE('',*,*,#2536,.T.);
#2567 = ORIENTED_EDGE('',*,*,#2568,.F.);
#2568 = EDGE_CURVE('',#2559,#2537,#2569,.T.);
#2569 = LINE('',#2570,#2571);
#2570 = CARTESIAN_POINT('',(-0.32,0.16,-3.));
#2571 = VECTOR('',#2572,1.);
#2572 = DIRECTION('',(1.,0.,0.));
#2573 = PLANE('',#2574);
#2574 = AXIS2_PLACEMENT_3D('',#2575,#2576,#2577);
#2575 = CARTESIAN_POINT('',(-0.32,0.24,-2.92));
#2576 = DIRECTION('',(-1.735167508357E-18,-0.707106781187,0.707106781187
    ));
#2577 = DIRECTION('',(-1.,1.226948711654E-18,-1.226948711654E-18));
#2578 = ADVANCED_FACE('',(#2579),#2597,.T.);
#2579 = FACE_BOUND('',#2580,.T.);
#2580 = EDGE_LOOP('',(#2581,#2589,#2590,#2591));
#2581 = ORIENTED_EDGE('',*,*,#2582,.F.);
#2582 = EDGE_CURVE('',#1431,#2583,#2585,.T.);
#2583 = VERTEX_POINT('',#2584);
#2584 = CARTESIAN_POINT('',(-0.16,-0.16,-3.));
#2585 = LINE('',#2586,#2587);
#2586 = CARTESIAN_POINT('',(-0.266666666667,-0.266666666667,
    -2.893333333333));
#2587 = VECTOR('',#2588,1.);
#2588 = DIRECTION('',(0.57735026919,0.57735026919,-0.57735026919));
#2589 = ORIENTED_EDGE('',*,*,#1438,.T.);
#2590 = ORIENTED_EDGE('',*,*,#2558,.T.);
#2591 = ORIENTED_EDGE('',*,*,#2592,.F.);
#2592 = EDGE_CURVE('',#2583,#2559,#2593,.T.);
#2593 = LINE('',#2594,#2595);
#2594 = CARTESIAN_POINT('',(-0.16,-0.32,-3.));
#2595 = VECTOR('',#2596,1.);
#2596 = DIRECTION('',(0.,1.,0.));
#2597 = PLANE('',#2598);
#2598 = AXIS2_PLACEMENT_3D('',#2599,#2600,#2601);
#2599 = CARTESIAN_POINT('',(-0.24,-0.32,-2.92));
#2600 = DIRECTION('',(-0.707106781187,-1.735167508357E-18,
    -0.707106781187));
#2601 = DIRECTION('',(-1.226948711654E-18,1.,-1.226948711654E-18));
#2602 = ADVANCED_FACE('',(#2603),#2614,.T.);
#2603 = FACE_BOUND('',#2604,.F.);
#2604 = EDGE_LOOP('',(#2605,#2606,#2607,#2608));
#2605 = ORIENTED_EDGE('',*,*,#2582,.F.);
#2606 = ORIENTED_EDGE('',*,*,#1455,.T.);
#2607 = ORIENTED_EDGE('',*,*,#2527,.T.);
#2608 = ORIENTED_EDGE('',*,*,#2609,.F.);
#2609 = EDGE_CURVE('',#2583,#2528,#2610,.T.);
#2610 = LINE('',#2611,#2612);
#2611 = CARTESIAN_POINT('',(-0.32,-0.16,-3.));
#2612 = VECTOR('',#2613,1.);
#2613 = DIRECTION('',(1.,0.,0.));
#2614 = PLANE('',#2615);
#2615 = AXIS2_PLACEMENT_3D('',#2616,#2617,#2618);
#2616 = CARTESIAN_POINT('',(-0.32,-0.24,-2.92));
#2617 = DIRECTION('',(1.735167508357E-18,-0.707106781187,-0.707106781187
    ));
#2618 = DIRECTION('',(-1.,-1.226948711654E-18,-1.226948711654E-18));
#2619 = ADVANCED_FACE('',(#2620),#2645,.F.);
#2620 = FACE_BOUND('',#2621,.F.);
#2621 = EDGE_LOOP('',(#2622,#2630,#2631,#2639));
#2622 = ORIENTED_EDGE('',*,*,#2623,.F.);
#2623 = EDGE_CURVE('',#1472,#2624,#2626,.T.);
#2624 = VERTEX_POINT('',#2625);
#2625 = CARTESIAN_POINT('',(2.7,-0.16,-3.));
#2626 = LINE('',#2627,#2628);
#2627 = CARTESIAN_POINT('',(2.7,-0.16,-3.));
#2628 = VECTOR('',#2629,1.);
#2629 = DIRECTION('',(-0.57735026919,0.57735026919,-0.57735026919));
#2630 = ORIENTED_EDGE('',*,*,#1479,.T.);
#2631 = ORIENTED_EDGE('',*,*,#2632,.T.);
#2632 = EDGE_CURVE('',#1480,#2633,#2635,.T.);
#2633 = VERTEX_POINT('',#2634);
#2634 = CARTESIAN_POINT('',(2.7,0.16,-3.));
#2635 = LINE('',#2636,#2637);
#2636 = CARTESIAN_POINT('',(2.593333333333,5.333333333333E-02,
    -3.106666666667));
#2637 = VECTOR('',#2638,1.);
#2638 = DIRECTION('',(-0.57735026919,-0.57735026919,-0.57735026919));
#2639 = ORIENTED_EDGE('',*,*,#2640,.F.);
#2640 = EDGE_CURVE('',#2624,#2633,#2641,.T.);
#2641 = LINE('',#2642,#2643);
#2642 = CARTESIAN_POINT('',(2.7,-0.32,-3.));
#2643 = VECTOR('',#2644,1.);
#2644 = DIRECTION('',(0.,1.,0.));
#2645 = PLANE('',#2646);
#2646 = AXIS2_PLACEMENT_3D('',#2647,#2648,#2649);
#2647 = CARTESIAN_POINT('',(2.78,-0.32,-2.92));
#2648 = DIRECTION('',(-0.707106781187,1.735167508357E-18,0.707106781187)
  );
#2649 = DIRECTION('',(1.226948711654E-18,1.,-1.226948711654E-18));
#2650 = ADVANCED_FACE('',(#2651),#2669,.F.);
#2651 = FACE_BOUND('',#2652,.T.);
#2652 = EDGE_LOOP('',(#2653,#2661,#2662,#2663));
#2653 = ORIENTED_EDGE('',*,*,#2654,.F.);
#2654 = EDGE_CURVE('',#1504,#2655,#2657,.T.);
#2655 = VERTEX_POINT('',#2656);
#2656 = CARTESIAN_POINT('',(2.38,0.16,-3.));
#2657 = LINE('',#2658,#2659);
#2658 = CARTESIAN_POINT('',(2.38,0.16,-3.));
#2659 = VECTOR('',#2660,1.);
#2660 = DIRECTION('',(0.57735026919,-0.57735026919,-0.57735026919));
#2661 = ORIENTED_EDGE('',*,*,#1503,.T.);
#2662 = ORIENTED_EDGE('',*,*,#2632,.T.);
#2663 = ORIENTED_EDGE('',*,*,#2664,.F.);
#2664 = EDGE_CURVE('',#2655,#2633,#2665,.T.);
#2665 = LINE('',#2666,#2667);
#2666 = CARTESIAN_POINT('',(2.22,0.16,-3.));
#2667 = VECTOR('',#2668,1.);
#2668 = DIRECTION('',(1.,0.,0.));
#2669 = PLANE('',#2670);
#2670 = AXIS2_PLACEMENT_3D('',#2671,#2672,#2673);
#2671 = CARTESIAN_POINT('',(2.22,0.24,-2.92));
#2672 = DIRECTION('',(-1.735167508357E-18,-0.707106781187,0.707106781187
    ));
#2673 = DIRECTION('',(-1.,1.226948711654E-18,-1.226948711654E-18));
#2674 = ADVANCED_FACE('',(#2675),#2693,.T.);
#2675 = FACE_BOUND('',#2676,.T.);
#2676 = EDGE_LOOP('',(#2677,#2685,#2686,#2687));
#2677 = ORIENTED_EDGE('',*,*,#2678,.F.);
#2678 = EDGE_CURVE('',#1527,#2679,#2681,.T.);
#2679 = VERTEX_POINT('',#2680);
#2680 = CARTESIAN_POINT('',(2.38,-0.16,-3.));
#2681 = LINE('',#2682,#2683);
#2682 = CARTESIAN_POINT('',(2.273333333333,-0.266666666667,
    -2.893333333333));
#2683 = VECTOR('',#2684,1.);
#2684 = DIRECTION('',(0.57735026919,0.57735026919,-0.57735026919));
#2685 = ORIENTED_EDGE('',*,*,#1534,.T.);
#2686 = ORIENTED_EDGE('',*,*,#2654,.T.);
#2687 = ORIENTED_EDGE('',*,*,#2688,.F.);
#2688 = EDGE_CURVE('',#2679,#2655,#2689,.T.);
#2689 = LINE('',#2690,#2691);
#2690 = CARTESIAN_POINT('',(2.38,-0.32,-3.));
#2691 = VECTOR('',#2692,1.);
#2692 = DIRECTION('',(0.,1.,0.));
#2693 = PLANE('',#2694);
#2694 = AXIS2_PLACEMENT_3D('',#2695,#2696,#2697);
#2695 = CARTESIAN_POINT('',(2.3,-0.32,-2.92));
#2696 = DIRECTION('',(-0.707106781187,-1.735167508357E-18,
    -0.707106781187));
#2697 = DIRECTION('',(-1.226948711654E-18,1.,-1.226948711654E-18));
#2698 = ADVANCED_FACE('',(#2699),#2710,.T.);
#2699 = FACE_BOUND('',#2700,.F.);
#2700 = EDGE_LOOP('',(#2701,#2702,#2703,#2704));
#2701 = ORIENTED_EDGE('',*,*,#2678,.F.);
#2702 = ORIENTED_EDGE('',*,*,#1551,.T.);
#2703 = ORIENTED_EDGE('',*,*,#2623,.T.);
#2704 = ORIENTED_EDGE('',*,*,#2705,.F.);
#2705 = EDGE_CURVE('',#2679,#2624,#2706,.T.);
#2706 = LINE('',#2707,#2708);
#2707 = CARTESIAN_POINT('',(2.22,-0.16,-3.));
#2708 = VECTOR('',#2709,1.);
#2709 = DIRECTION('',(1.,0.,0.));
#2710 = PLANE('',#2711);
#2711 = AXIS2_PLACEMENT_3D('',#2712,#2713,#2714);
#2712 = CARTESIAN_POINT('',(2.22,-0.24,-2.92));
#2713 = DIRECTION('',(1.735167508357E-18,-0.707106781187,-0.707106781187
    ));
#2714 = DIRECTION('',(-1.,-1.226948711654E-18,-1.226948711654E-18));
#2715 = ADVANCED_FACE('',(#2716),#2741,.F.);
#2716 = FACE_BOUND('',#2717,.F.);
#2717 = EDGE_LOOP('',(#2718,#2726,#2727,#2735));
#2718 = ORIENTED_EDGE('',*,*,#2719,.F.);
#2719 = EDGE_CURVE('',#1568,#2720,#2722,.T.);
#2720 = VERTEX_POINT('',#2721);
#2721 = CARTESIAN_POINT('',(2.7,-5.24,-3.));
#2722 = LINE('',#2723,#2724);
#2723 = CARTESIAN_POINT('',(2.7,-5.24,-3.));
#2724 = VECTOR('',#2725,1.);
#2725 = DIRECTION('',(-0.57735026919,0.57735026919,-0.57735026919));
#2726 = ORIENTED_EDGE('',*,*,#1575,.T.);
#2727 = ORIENTED_EDGE('',*,*,#2728,.T.);
#2728 = EDGE_CURVE('',#1576,#2729,#2731,.T.);
#2729 = VERTEX_POINT('',#2730);
#2730 = CARTESIAN_POINT('',(2.7,-4.92,-3.));
#2731 = LINE('',#2732,#2733);
#2732 = CARTESIAN_POINT('',(2.593333333333,-5.026666666667,
    -3.106666666667));
#2733 = VECTOR('',#2734,1.);
#2734 = DIRECTION('',(-0.57735026919,-0.57735026919,-0.57735026919));
#2735 = ORIENTED_EDGE('',*,*,#2736,.F.);
#2736 = EDGE_CURVE('',#2720,#2729,#2737,.T.);
#2737 = LINE('',#2738,#2739);
#2738 = CARTESIAN_POINT('',(2.7,-5.4,-3.));
#2739 = VECTOR('',#2740,1.);
#2740 = DIRECTION('',(0.,1.,0.));
#2741 = PLANE('',#2742);
#2742 = AXIS2_PLACEMENT_3D('',#2743,#2744,#2745);
#2743 = CARTESIAN_POINT('',(2.78,-5.4,-2.92));
#2744 = DIRECTION('',(-0.707106781187,1.735167508357E-18,0.707106781187)
  );
#2745 = DIRECTION('',(1.226948711654E-18,1.,-1.226948711654E-18));
#2746 = ADVANCED_FACE('',(#2747),#2765,.F.);
#2747 = FACE_BOUND('',#2748,.T.);
#2748 = EDGE_LOOP('',(#2749,#2757,#2758,#2759));
#2749 = ORIENTED_EDGE('',*,*,#2750,.F.);
#2750 = EDGE_CURVE('',#1600,#2751,#2753,.T.);
#2751 = VERTEX_POINT('',#2752);
#2752 = CARTESIAN_POINT('',(2.38,-4.92,-3.));
#2753 = LINE('',#2754,#2755);
#2754 = CARTESIAN_POINT('',(2.38,-4.92,-3.));
#2755 = VECTOR('',#2756,1.);
#2756 = DIRECTION('',(0.57735026919,-0.57735026919,-0.57735026919));
#2757 = ORIENTED_EDGE('',*,*,#1599,.T.);
#2758 = ORIENTED_EDGE('',*,*,#2728,.T.);
#2759 = ORIENTED_EDGE('',*,*,#2760,.F.);
#2760 = EDGE_CURVE('',#2751,#2729,#2761,.T.);
#2761 = LINE('',#2762,#2763);
#2762 = CARTESIAN_POINT('',(2.22,-4.92,-3.));
#2763 = VECTOR('',#2764,1.);
#2764 = DIRECTION('',(1.,0.,0.));
#2765 = PLANE('',#2766);
#2766 = AXIS2_PLACEMENT_3D('',#2767,#2768,#2769);
#2767 = CARTESIAN_POINT('',(2.22,-4.84,-2.92));
#2768 = DIRECTION('',(-1.735167508357E-18,-0.707106781187,0.707106781187
    ));
#2769 = DIRECTION('',(-1.,1.226948711654E-18,-1.226948711654E-18));
#2770 = ADVANCED_FACE('',(#2771),#2789,.T.);
#2771 = FACE_BOUND('',#2772,.T.);
#2772 = EDGE_LOOP('',(#2773,#2781,#2782,#2783));
#2773 = ORIENTED_EDGE('',*,*,#2774,.F.);
#2774 = EDGE_CURVE('',#1623,#2775,#2777,.T.);
#2775 = VERTEX_POINT('',#2776);
#2776 = CARTESIAN_POINT('',(2.38,-5.24,-3.));
#2777 = LINE('',#2778,#2779);
#2778 = CARTESIAN_POINT('',(2.273333333333,-5.346666666667,
    -2.893333333333));
#2779 = VECTOR('',#2780,1.);
#2780 = DIRECTION('',(0.57735026919,0.57735026919,-0.57735026919));
#2781 = ORIENTED_EDGE('',*,*,#1630,.T.);
#2782 = ORIENTED_EDGE('',*,*,#2750,.T.);
#2783 = ORIENTED_EDGE('',*,*,#2784,.F.);
#2784 = EDGE_CURVE('',#2775,#2751,#2785,.T.);
#2785 = LINE('',#2786,#2787);
#2786 = CARTESIAN_POINT('',(2.38,-5.4,-3.));
#2787 = VECTOR('',#2788,1.);
#2788 = DIRECTION('',(0.,1.,0.));
#2789 = PLANE('',#2790);
#2790 = AXIS2_PLACEMENT_3D('',#2791,#2792,#2793);
#2791 = CARTESIAN_POINT('',(2.3,-5.4,-2.92));
#2792 = DIRECTION('',(-0.707106781187,-1.735167508357E-18,
    -0.707106781187));
#2793 = DIRECTION('',(-1.226948711654E-18,1.,-1.226948711654E-18));
#2794 = ADVANCED_FACE('',(#2795),#2806,.T.);
#2795 = FACE_BOUND('',#2796,.F.);
#2796 = EDGE_LOOP('',(#2797,#2798,#2799,#2800));
#2797 = ORIENTED_EDGE('',*,*,#2774,.F.);
#2798 = ORIENTED_EDGE('',*,*,#1647,.T.);
#2799 = ORIENTED_EDGE('',*,*,#2719,.T.);
#2800 = ORIENTED_EDGE('',*,*,#2801,.F.);
#2801 = EDGE_CURVE('',#2775,#2720,#2802,.T.);
#2802 = LINE('',#2803,#2804);
#2803 = CARTESIAN_POINT('',(2.22,-5.24,-3.));
#2804 = VECTOR('',#2805,1.);
#2805 = DIRECTION('',(1.,0.,0.));
#2806 = PLANE('',#2807);
#2807 = AXIS2_PLACEMENT_3D('',#2808,#2809,#2810);
#2808 = CARTESIAN_POINT('',(2.22,-5.32,-2.92));
#2809 = DIRECTION('',(1.735167508357E-18,-0.707106781187,-0.707106781187
    ));
#2810 = DIRECTION('',(-1.,-1.226948711654E-18,-1.226948711654E-18));
#2811 = ADVANCED_FACE('',(#2812),#2837,.F.);
#2812 = FACE_BOUND('',#2813,.F.);
#2813 = EDGE_LOOP('',(#2814,#2822,#2823,#2831));
#2814 = ORIENTED_EDGE('',*,*,#2815,.F.);
#2815 = EDGE_CURVE('',#1664,#2816,#2818,.T.);
#2816 = VERTEX_POINT('',#2817);
#2817 = CARTESIAN_POINT('',(0.16,-5.24,-3.));
#2818 = LINE('',#2819,#2820);
#2819 = CARTESIAN_POINT('',(0.16,-5.24,-3.));
#2820 = VECTOR('',#2821,1.);
#2821 = DIRECTION('',(-0.57735026919,0.57735026919,-0.57735026919));
#2822 = ORIENTED_EDGE('',*,*,#1671,.T.);
#2823 = ORIENTED_EDGE('',*,*,#2824,.T.);
#2824 = EDGE_CURVE('',#1672,#2825,#2827,.T.);
#2825 = VERTEX_POINT('',#2826);
#2826 = CARTESIAN_POINT('',(0.16,-4.92,-3.));
#2827 = LINE('',#2828,#2829);
#2828 = CARTESIAN_POINT('',(5.333333333333E-02,-5.026666666667,
    -3.106666666667));
#2829 = VECTOR('',#2830,1.);
#2830 = DIRECTION('',(-0.57735026919,-0.57735026919,-0.57735026919));
#2831 = ORIENTED_EDGE('',*,*,#2832,.F.);
#2832 = EDGE_CURVE('',#2816,#2825,#2833,.T.);
#2833 = LINE('',#2834,#2835);
#2834 = CARTESIAN_POINT('',(0.16,-5.4,-3.));
#2835 = VECTOR('',#2836,1.);
#2836 = DIRECTION('',(0.,1.,0.));
#2837 = PLANE('',#2838);
#2838 = AXIS2_PLACEMENT_3D('',#2839,#2840,#2841);
#2839 = CARTESIAN_POINT('',(0.24,-5.4,-2.92));
#2840 = DIRECTION('',(-0.707106781187,1.735167508357E-18,0.707106781187)
  );
#2841 = DIRECTION('',(1.226948711654E-18,1.,-1.226948711654E-18));
#2842 = ADVANCED_FACE('',(#2843),#2861,.F.);
#2843 = FACE_BOUND('',#2844,.T.);
#2844 = EDGE_LOOP('',(#2845,#2853,#2854,#2855));
#2845 = ORIENTED_EDGE('',*,*,#2846,.F.);
#2846 = EDGE_CURVE('',#1696,#2847,#2849,.T.);
#2847 = VERTEX_POINT('',#2848);
#2848 = CARTESIAN_POINT('',(-0.16,-4.92,-3.));
#2849 = LINE('',#2850,#2851);
#2850 = CARTESIAN_POINT('',(-0.16,-4.92,-3.));
#2851 = VECTOR('',#2852,1.);
#2852 = DIRECTION('',(0.57735026919,-0.57735026919,-0.57735026919));
#2853 = ORIENTED_EDGE('',*,*,#1695,.T.);
#2854 = ORIENTED_EDGE('',*,*,#2824,.T.);
#2855 = ORIENTED_EDGE('',*,*,#2856,.F.);
#2856 = EDGE_CURVE('',#2847,#2825,#2857,.T.);
#2857 = LINE('',#2858,#2859);
#2858 = CARTESIAN_POINT('',(-0.32,-4.92,-3.));
#2859 = VECTOR('',#2860,1.);
#2860 = DIRECTION('',(1.,0.,0.));
#2861 = PLANE('',#2862);
#2862 = AXIS2_PLACEMENT_3D('',#2863,#2864,#2865);
#2863 = CARTESIAN_POINT('',(-0.32,-4.84,-2.92));
#2864 = DIRECTION('',(-1.735167508357E-18,-0.707106781187,0.707106781187
    ));
#2865 = DIRECTION('',(-1.,1.226948711654E-18,-1.226948711654E-18));
#2866 = ADVANCED_FACE('',(#2867),#2885,.T.);
#2867 = FACE_BOUND('',#2868,.T.);
#2868 = EDGE_LOOP('',(#2869,#2877,#2878,#2879));
#2869 = ORIENTED_EDGE('',*,*,#2870,.F.);
#2870 = EDGE_CURVE('',#1719,#2871,#2873,.T.);
#2871 = VERTEX_POINT('',#2872);
#2872 = CARTESIAN_POINT('',(-0.16,-5.24,-3.));
#2873 = LINE('',#2874,#2875);
#2874 = CARTESIAN_POINT('',(-0.266666666667,-5.346666666667,
    -2.893333333333));
#2875 = VECTOR('',#2876,1.);
#2876 = DIRECTION('',(0.57735026919,0.57735026919,-0.57735026919));
#2877 = ORIENTED_EDGE('',*,*,#1726,.T.);
#2878 = ORIENTED_EDGE('',*,*,#2846,.T.);
#2879 = ORIENTED_EDGE('',*,*,#2880,.F.);
#2880 = EDGE_CURVE('',#2871,#2847,#2881,.T.);
#2881 = LINE('',#2882,#2883);
#2882 = CARTESIAN_POINT('',(-0.16,-5.4,-3.));
#2883 = VECTOR('',#2884,1.);
#2884 = DIRECTION('',(0.,1.,0.));
#2885 = PLANE('',#2886);
#2886 = AXIS2_PLACEMENT_3D('',#2887,#2888,#2889);
#2887 = CARTESIAN_POINT('',(-0.24,-5.4,-2.92));
#2888 = DIRECTION('',(-0.707106781187,-1.735167508357E-18,
    -0.707106781187));
#2889 = DIRECTION('',(-1.226948711654E-18,1.,-1.226948711654E-18));
#2890 = ADVANCED_FACE('',(#2891),#2902,.T.);
#2891 = FACE_BOUND('',#2892,.F.);
#2892 = EDGE_LOOP('',(#2893,#2894,#2895,#2896));
#2893 = ORIENTED_EDGE('',*,*,#2870,.F.);
#2894 = ORIENTED_EDGE('',*,*,#1743,.T.);
#2895 = ORIENTED_EDGE('',*,*,#2815,.T.);
#2896 = ORIENTED_EDGE('',*,*,#2897,.F.);
#2897 = EDGE_CURVE('',#2871,#2816,#2898,.T.);
#2898 = LINE('',#2899,#2900);
#2899 = CARTESIAN_POINT('',(-0.32,-5.24,-3.));
#2900 = VECTOR('',#2901,1.);
#2901 = DIRECTION('',(1.,0.,0.));
#2902 = PLANE('',#2903);
#2903 = AXIS2_PLACEMENT_3D('',#2904,#2905,#2906);
#2904 = CARTESIAN_POINT('',(-0.32,-5.32,-2.92));
#2905 = DIRECTION('',(1.735167508357E-18,-0.707106781187,-0.707106781187
    ));
#2906 = DIRECTION('',(-1.,-1.226948711654E-18,-1.226948711654E-18));
#2907 = ADVANCED_FACE('',(#2908),#2933,.T.);
#2908 = FACE_BOUND('',#2909,.T.);
#2909 = EDGE_LOOP('',(#2910,#2918,#2919,#2927));
#2910 = ORIENTED_EDGE('',*,*,#2911,.F.);
#2911 = EDGE_CURVE('',#1760,#2912,#2914,.T.);
#2912 = VERTEX_POINT('',#2913);
#2913 = CARTESIAN_POINT('',(2.7,-2.7,8.54));
#2914 = LINE('',#2915,#2916);
#2915 = CARTESIAN_POINT('',(2.7,-2.7,8.54));
#2916 = VECTOR('',#2917,1.);
#2917 = DIRECTION('',(-0.57735026919,0.57735026919,0.57735026919));
#2918 = ORIENTED_EDGE('',*,*,#1776,.T.);
#2919 = ORIENTED_EDGE('',*,*,#2920,.T.);
#2920 = EDGE_CURVE('',#1769,#2921,#2923,.T.);
#2921 = VERTEX_POINT('',#2922);
#2922 = CARTESIAN_POINT('',(2.7,-2.38,8.54));
#2923 = LINE('',#2924,#2925);
#2924 = CARTESIAN_POINT('',(2.593333333333,-2.486666666667,
    8.646666666667));
#2925 = VECTOR('',#2926,1.);
#2926 = DIRECTION('',(-0.57735026919,-0.57735026919,0.57735026919));
#2927 = ORIENTED_EDGE('',*,*,#2928,.F.);
#2928 = EDGE_CURVE('',#2912,#2921,#2929,.T.);
#2929 = LINE('',#2930,#2931);
#2930 = CARTESIAN_POINT('',(2.7,-2.86,8.54));
#2931 = VECTOR('',#2932,1.);
#2932 = DIRECTION('',(0.,1.,0.));
#2933 = PLANE('',#2934);
#2934 = AXIS2_PLACEMENT_3D('',#2935,#2936,#2937);
#2935 = CARTESIAN_POINT('',(2.78,-2.86,8.46));
#2936 = DIRECTION('',(0.707106781187,-1.735167508357E-18,0.707106781187)
  );
#2937 = DIRECTION('',(1.226948711654E-18,1.,1.226948711654E-18));
#2938 = ADVANCED_FACE('',(#2939),#2957,.T.);
#2939 = FACE_BOUND('',#2940,.F.);
#2940 = EDGE_LOOP('',(#2941,#2949,#2950,#2951));
#2941 = ORIENTED_EDGE('',*,*,#2942,.F.);
#2942 = EDGE_CURVE('',#1793,#2943,#2945,.T.);
#2943 = VERTEX_POINT('',#2944);
#2944 = CARTESIAN_POINT('',(2.38,-2.38,8.54));
#2945 = LINE('',#2946,#2947);
#2946 = CARTESIAN_POINT('',(2.38,-2.38,8.54));
#2947 = VECTOR('',#2948,1.);
#2948 = DIRECTION('',(0.57735026919,-0.57735026919,0.57735026919));
#2949 = ORIENTED_EDGE('',*,*,#1800,.T.);
#2950 = ORIENTED_EDGE('',*,*,#2920,.T.);
#2951 = ORIENTED_EDGE('',*,*,#2952,.F.);
#2952 = EDGE_CURVE('',#2943,#2921,#2953,.T.);
#2953 = LINE('',#2954,#2955);
#2954 = CARTESIAN_POINT('',(2.22,-2.38,8.54));
#2955 = VECTOR('',#2956,1.);
#2956 = DIRECTION('',(1.,0.,0.));
#2957 = PLANE('',#2958);
#2958 = AXIS2_PLACEMENT_3D('',#2959,#2960,#2961);
#2959 = CARTESIAN_POINT('',(2.22,-2.3,8.46));
#2960 = DIRECTION('',(1.735167508357E-18,0.707106781187,0.707106781187)
  );
#2961 = DIRECTION('',(-1.,1.226948711654E-18,1.226948711654E-18));
#2962 = ADVANCED_FACE('',(#2963),#2981,.F.);
#2963 = FACE_BOUND('',#2964,.F.);
#2964 = EDGE_LOOP('',(#2965,#2973,#2974,#2975));
#2965 = ORIENTED_EDGE('',*,*,#2966,.F.);
#2966 = EDGE_CURVE('',#1815,#2967,#2969,.T.);
#2967 = VERTEX_POINT('',#2968);
#2968 = CARTESIAN_POINT('',(2.38,-2.7,8.54));
#2969 = LINE('',#2970,#2971);
#2970 = CARTESIAN_POINT('',(2.273333333333,-2.806666666667,
    8.433333333333));
#2971 = VECTOR('',#2972,1.);
#2972 = DIRECTION('',(0.57735026919,0.57735026919,0.57735026919));
#2973 = ORIENTED_EDGE('',*,*,#1824,.T.);
#2974 = ORIENTED_EDGE('',*,*,#2942,.T.);
#2975 = ORIENTED_EDGE('',*,*,#2976,.F.);
#2976 = EDGE_CURVE('',#2967,#2943,#2977,.T.);
#2977 = LINE('',#2978,#2979);
#2978 = CARTESIAN_POINT('',(2.38,-2.86,8.54));
#2979 = VECTOR('',#2980,1.);
#2980 = DIRECTION('',(0.,1.,0.));
#2981 = PLANE('',#2982);
#2982 = AXIS2_PLACEMENT_3D('',#2983,#2984,#2985);
#2983 = CARTESIAN_POINT('',(2.3,-2.86,8.46));
#2984 = DIRECTION('',(0.707106781187,1.735167508357E-18,-0.707106781187)
  );
#2985 = DIRECTION('',(-1.226948711654E-18,1.,1.226948711654E-18));
#2986 = ADVANCED_FACE('',(#2987),#2998,.F.);
#2987 = FACE_BOUND('',#2988,.T.);
#2988 = EDGE_LOOP('',(#2989,#2990,#2991,#2992));
#2989 = ORIENTED_EDGE('',*,*,#2966,.F.);
#2990 = ORIENTED_EDGE('',*,*,#1841,.T.);
#2991 = ORIENTED_EDGE('',*,*,#2911,.T.);
#2992 = ORIENTED_EDGE('',*,*,#2993,.F.);
#2993 = EDGE_CURVE('',#2967,#2912,#2994,.T.);
#2994 = LINE('',#2995,#2996);
#2995 = CARTESIAN_POINT('',(2.22,-2.7,8.54));
#2996 = VECTOR('',#2997,1.);
#2997 = DIRECTION('',(1.,0.,0.));
#2998 = PLANE('',#2999);
#2999 = AXIS2_PLACEMENT_3D('',#3000,#3001,#3002);
#3000 = CARTESIAN_POINT('',(2.22,-2.78,8.46));
#3001 = DIRECTION('',(-1.735167508357E-18,0.707106781187,-0.707106781187
    ));
#3002 = DIRECTION('',(-1.,-1.226948711654E-18,1.226948711654E-18));
#3003 = ADVANCED_FACE('',(#3004),#3029,.T.);
#3004 = FACE_BOUND('',#3005,.F.);
#3005 = EDGE_LOOP('',(#3006,#3014,#3015,#3023));
#3006 = ORIENTED_EDGE('',*,*,#3007,.F.);
#3007 = EDGE_CURVE('',#1865,#3008,#3010,.T.);
#3008 = VERTEX_POINT('',#3009);
#3009 = CARTESIAN_POINT('',(-0.16,-2.38,8.54));
#3010 = LINE('',#3011,#3012);
#3011 = CARTESIAN_POINT('',(-0.16,-2.38,8.54));
#3012 = VECTOR('',#3013,1.);
#3013 = DIRECTION('',(0.57735026919,-0.57735026919,0.57735026919));
#3014 = ORIENTED_EDGE('',*,*,#1872,.T.);
#3015 = ORIENTED_EDGE('',*,*,#3016,.T.);
#3016 = EDGE_CURVE('',#1856,#3017,#3019,.T.);
#3017 = VERTEX_POINT('',#3018);
#3018 = CARTESIAN_POINT('',(0.16,-2.38,8.54));
#3019 = LINE('',#3020,#3021);
#3020 = CARTESIAN_POINT('',(5.333333333333E-02,-2.486666666667,
    8.646666666667));
#3021 = VECTOR('',#3022,1.);
#3022 = DIRECTION('',(-0.57735026919,-0.57735026919,0.57735026919));
#3023 = ORIENTED_EDGE('',*,*,#3024,.F.);
#3024 = EDGE_CURVE('',#3008,#3017,#3025,.T.);
#3025 = LINE('',#3026,#3027);
#3026 = CARTESIAN_POINT('',(-0.32,-2.38,8.54));
#3027 = VECTOR('',#3028,1.);
#3028 = DIRECTION('',(1.,0.,0.));
#3029 = PLANE('',#3030);
#3030 = AXIS2_PLACEMENT_3D('',#3031,#3032,#3033);
#3031 = CARTESIAN_POINT('',(-0.32,-2.3,8.46));
#3032 = DIRECTION('',(1.735167508357E-18,0.707106781187,0.707106781187)
  );
#3033 = DIRECTION('',(-1.,1.226948711654E-18,1.226948711654E-18));
#3034 = ADVANCED_FACE('',(#3035),#3053,.F.);
#3035 = FACE_BOUND('',#3036,.F.);
#3036 = EDGE_LOOP('',(#3037,#3045,#3046,#3047));
#3037 = ORIENTED_EDGE('',*,*,#3038,.F.);
#3038 = EDGE_CURVE('',#1887,#3039,#3041,.T.);
#3039 = VERTEX_POINT('',#3040);
#3040 = CARTESIAN_POINT('',(-0.16,-2.7,8.54));
#3041 = LINE('',#3042,#3043);
#3042 = CARTESIAN_POINT('',(-0.266666666667,-2.806666666667,
    8.433333333333));
#3043 = VECTOR('',#3044,1.);
#3044 = DIRECTION('',(0.57735026919,0.57735026919,0.57735026919));
#3045 = ORIENTED_EDGE('',*,*,#1896,.T.);
#3046 = ORIENTED_EDGE('',*,*,#3007,.T.);
#3047 = ORIENTED_EDGE('',*,*,#3048,.F.);
#3048 = EDGE_CURVE('',#3039,#3008,#3049,.T.);
#3049 = LINE('',#3050,#3051);
#3050 = CARTESIAN_POINT('',(-0.16,-2.86,8.54));
#3051 = VECTOR('',#3052,1.);
#3052 = DIRECTION('',(0.,1.,0.));
#3053 = PLANE('',#3054);
#3054 = AXIS2_PLACEMENT_3D('',#3055,#3056,#3057);
#3055 = CARTESIAN_POINT('',(-0.24,-2.86,8.46));
#3056 = DIRECTION('',(0.707106781187,1.735167508357E-18,-0.707106781187)
  );
#3057 = DIRECTION('',(-1.226948711654E-18,1.,1.226948711654E-18));
#3058 = ADVANCED_FACE('',(#3059),#3077,.F.);
#3059 = FACE_BOUND('',#3060,.T.);
#3060 = EDGE_LOOP('',(#3061,#3062,#3063,#3071));
#3061 = ORIENTED_EDGE('',*,*,#3038,.F.);
#3062 = ORIENTED_EDGE('',*,*,#1920,.T.);
#3063 = ORIENTED_EDGE('',*,*,#3064,.T.);
#3064 = EDGE_CURVE('',#1911,#3065,#3067,.T.);
#3065 = VERTEX_POINT('',#3066);
#3066 = CARTESIAN_POINT('',(0.16,-2.7,8.54));
#3067 = LINE('',#3068,#3069);
#3068 = CARTESIAN_POINT('',(0.16,-2.7,8.54));
#3069 = VECTOR('',#3070,1.);
#3070 = DIRECTION('',(-0.57735026919,0.57735026919,0.57735026919));
#3071 = ORIENTED_EDGE('',*,*,#3072,.F.);
#3072 = EDGE_CURVE('',#3039,#3065,#3073,.T.);
#3073 = LINE('',#3074,#3075);
#3074 = CARTESIAN_POINT('',(-0.32,-2.7,8.54));
#3075 = VECTOR('',#3076,1.);
#3076 = DIRECTION('',(1.,0.,0.));
#3077 = PLANE('',#3078);
#3078 = AXIS2_PLACEMENT_3D('',#3079,#3080,#3081);
#3079 = CARTESIAN_POINT('',(-0.32,-2.78,8.46));
#3080 = DIRECTION('',(-1.735167508357E-18,0.707106781187,-0.707106781187
    ));
#3081 = DIRECTION('',(-1.,-1.226948711654E-18,1.226948711654E-18));
#3082 = ADVANCED_FACE('',(#3083),#3094,.T.);
#3083 = FACE_BOUND('',#3084,.T.);
#3084 = EDGE_LOOP('',(#3085,#3086,#3087,#3088));
#3085 = ORIENTED_EDGE('',*,*,#3064,.F.);
#3086 = ORIENTED_EDGE('',*,*,#1937,.T.);
#3087 = ORIENTED_EDGE('',*,*,#3016,.T.);
#3088 = ORIENTED_EDGE('',*,*,#3089,.F.);
#3089 = EDGE_CURVE('',#3065,#3017,#3090,.T.);
#3090 = LINE('',#3091,#3092);
#3091 = CARTESIAN_POINT('',(0.16,-2.86,8.54));
#3092 = VECTOR('',#3093,1.);
#3093 = DIRECTION('',(0.,1.,0.));
#3094 = PLANE('',#3095);
#3095 = AXIS2_PLACEMENT_3D('',#3096,#3097,#3098);
#3096 = CARTESIAN_POINT('',(0.24,-2.86,8.46));
#3097 = DIRECTION('',(0.707106781187,-1.735167508357E-18,0.707106781187)
  );
#3098 = DIRECTION('',(1.226948711654E-18,1.,1.226948711654E-18));
#3099 = ADVANCED_FACE('',(#3100),#3125,.T.);
#3100 = FACE_BOUND('',#3101,.T.);
#3101 = EDGE_LOOP('',(#3102,#3110,#3111,#3119));
#3102 = ORIENTED_EDGE('',*,*,#3103,.F.);
#3103 = EDGE_CURVE('',#1952,#3104,#3106,.T.);
#3104 = VERTEX_POINT('',#3105);
#3105 = CARTESIAN_POINT('',(0.16,-0.16,8.54));
#3106 = LINE('',#3107,#3108);
#3107 = CARTESIAN_POINT('',(0.16,-0.16,8.54));
#3108 = VECTOR('',#3109,1.);
#3109 = DIRECTION('',(-0.57735026919,0.57735026919,0.57735026919));
#3110 = ORIENTED_EDGE('',*,*,#1968,.T.);
#3111 = ORIENTED_EDGE('',*,*,#3112,.T.);
#3112 = EDGE_CURVE('',#1961,#3113,#3115,.T.);
#3113 = VERTEX_POINT('',#3114);
#3114 = CARTESIAN_POINT('',(0.16,0.16,8.54));
#3115 = LINE('',#3116,#3117);
#3116 = CARTESIAN_POINT('',(5.333333333333E-02,5.333333333333E-02,
    8.646666666667));
#3117 = VECTOR('',#3118,1.);
#3118 = DIRECTION('',(-0.57735026919,-0.57735026919,0.57735026919));
#3119 = ORIENTED_EDGE('',*,*,#3120,.F.);
#3120 = EDGE_CURVE('',#3104,#3113,#3121,.T.);
#3121 = LINE('',#3122,#3123);
#3122 = CARTESIAN_POINT('',(0.16,-0.32,8.54));
#3123 = VECTOR('',#3124,1.);
#3124 = DIRECTION('',(0.,1.,0.));
#3125 = PLANE('',#3126);
#3126 = AXIS2_PLACEMENT_3D('',#3127,#3128,#3129);
#3127 = CARTESIAN_POINT('',(0.24,-0.32,8.46));
#3128 = DIRECTION('',(0.707106781187,-1.735167508357E-18,0.707106781187)
  );
#3129 = DIRECTION('',(1.226948711654E-18,1.,1.226948711654E-18));
#3130 = ADVANCED_FACE('',(#3131),#3149,.T.);
#3131 = FACE_BOUND('',#3132,.F.);
#3132 = EDGE_LOOP('',(#3133,#3141,#3142,#3143));
#3133 = ORIENTED_EDGE('',*,*,#3134,.F.);
#3134 = EDGE_CURVE('',#1985,#3135,#3137,.T.);
#3135 = VERTEX_POINT('',#3136);
#3136 = CARTESIAN_POINT('',(-0.16,0.16,8.54));
#3137 = LINE('',#3138,#3139);
#3138 = CARTESIAN_POINT('',(-0.16,0.16,8.54));
#3139 = VECTOR('',#3140,1.);
#3140 = DIRECTION('',(0.57735026919,-0.57735026919,0.57735026919));
#3141 = ORIENTED_EDGE('',*,*,#1992,.T.);
#3142 = ORIENTED_EDGE('',*,*,#3112,.T.);
#3143 = ORIENTED_EDGE('',*,*,#3144,.F.);
#3144 = EDGE_CURVE('',#3135,#3113,#3145,.T.);
#3145 = LINE('',#3146,#3147);
#3146 = CARTESIAN_POINT('',(-0.32,0.16,8.54));
#3147 = VECTOR('',#3148,1.);
#3148 = DIRECTION('',(1.,0.,0.));
#3149 = PLANE('',#3150);
#3150 = AXIS2_PLACEMENT_3D('',#3151,#3152,#3153);
#3151 = CARTESIAN_POINT('',(-0.32,0.24,8.46));
#3152 = DIRECTION('',(1.735167508357E-18,0.707106781187,0.707106781187)
  );
#3153 = DIRECTION('',(-1.,1.226948711654E-18,1.226948711654E-18));
#3154 = ADVANCED_FACE('',(#3155),#3173,.F.);
#3155 = FACE_BOUND('',#3156,.F.);
#3156 = EDGE_LOOP('',(#3157,#3165,#3166,#3167));
#3157 = ORIENTED_EDGE('',*,*,#3158,.F.);
#3158 = EDGE_CURVE('',#2007,#3159,#3161,.T.);
#3159 = VERTEX_POINT('',#3160);
#3160 = CARTESIAN_POINT('',(-0.16,-0.16,8.54));
#3161 = LINE('',#3162,#3163);
#3162 = CARTESIAN_POINT('',(-0.266666666667,-0.266666666667,
    8.433333333333));
#3163 = VECTOR('',#3164,1.);
#3164 = DIRECTION('',(0.57735026919,0.57735026919,0.57735026919));
#3165 = ORIENTED_EDGE('',*,*,#2016,.T.);
#3166 = ORIENTED_EDGE('',*,*,#3134,.T.);
#3167 = ORIENTED_EDGE('',*,*,#3168,.F.);
#3168 = EDGE_CURVE('',#3159,#3135,#3169,.T.);
#3169 = LINE('',#3170,#3171);
#3170 = CARTESIAN_POINT('',(-0.16,-0.32,8.54));
#3171 = VECTOR('',#3172,1.);
#3172 = DIRECTION('',(0.,1.,0.));
#3173 = PLANE('',#3174);
#3174 = AXIS2_PLACEMENT_3D('',#3175,#3176,#3177);
#3175 = CARTESIAN_POINT('',(-0.24,-0.32,8.46));
#3176 = DIRECTION('',(0.707106781187,1.735167508357E-18,-0.707106781187)
  );
#3177 = DIRECTION('',(-1.226948711654E-18,1.,1.226948711654E-18));
#3178 = ADVANCED_FACE('',(#3179),#3190,.F.);
#3179 = FACE_BOUND('',#3180,.T.);
#3180 = EDGE_LOOP('',(#3181,#3182,#3183,#3184));
#3181 = ORIENTED_EDGE('',*,*,#3158,.F.);
#3182 = ORIENTED_EDGE('',*,*,#2033,.T.);
#3183 = ORIENTED_EDGE('',*,*,#3103,.T.);
#3184 = ORIENTED_EDGE('',*,*,#3185,.F.);
#3185 = EDGE_CURVE('',#3159,#3104,#3186,.T.);
#3186 = LINE('',#3187,#3188);
#3187 = CARTESIAN_POINT('',(-0.32,-0.16,8.54));
#3188 = VECTOR('',#3189,1.);
#3189 = DIRECTION('',(1.,0.,0.));
#3190 = PLANE('',#3191);
#3191 = AXIS2_PLACEMENT_3D('',#3192,#3193,#3194);
#3192 = CARTESIAN_POINT('',(-0.32,-0.24,8.46));
#3193 = DIRECTION('',(-1.735167508357E-18,0.707106781187,-0.707106781187
    ));
#3194 = DIRECTION('',(-1.,-1.226948711654E-18,1.226948711654E-18));
#3195 = ADVANCED_FACE('',(#3196),#3221,.T.);
#3196 = FACE_BOUND('',#3197,.T.);
#3197 = EDGE_LOOP('',(#3198,#3206,#3207,#3215));
#3198 = ORIENTED_EDGE('',*,*,#3199,.F.);
#3199 = EDGE_CURVE('',#2048,#3200,#3202,.T.);
#3200 = VERTEX_POINT('',#3201);
#3201 = CARTESIAN_POINT('',(2.7,-0.16,8.54));
#3202 = LINE('',#3203,#3204);
#3203 = CARTESIAN_POINT('',(2.7,-0.16,8.54));
#3204 = VECTOR('',#3205,1.);
#3205 = DIRECTION('',(-0.57735026919,0.57735026919,0.57735026919));
#3206 = ORIENTED_EDGE('',*,*,#2064,.T.);
#3207 = ORIENTED_EDGE('',*,*,#3208,.T.);
#3208 = EDGE_CURVE('',#2057,#3209,#3211,.T.);
#3209 = VERTEX_POINT('',#3210);
#3210 = CARTESIAN_POINT('',(2.7,0.16,8.54));
#3211 = LINE('',#3212,#3213);
#3212 = CARTESIAN_POINT('',(2.593333333333,5.333333333333E-02,
    8.646666666667));
#3213 = VECTOR('',#3214,1.);
#3214 = DIRECTION('',(-0.57735026919,-0.57735026919,0.57735026919));
#3215 = ORIENTED_EDGE('',*,*,#3216,.F.);
#3216 = EDGE_CURVE('',#3200,#3209,#3217,.T.);
#3217 = LINE('',#3218,#3219);
#3218 = CARTESIAN_POINT('',(2.7,-0.32,8.54));
#3219 = VECTOR('',#3220,1.);
#3220 = DIRECTION('',(0.,1.,0.));
#3221 = PLANE('',#3222);
#3222 = AXIS2_PLACEMENT_3D('',#3223,#3224,#3225);
#3223 = CARTESIAN_POINT('',(2.78,-0.32,8.46));
#3224 = DIRECTION('',(0.707106781187,-1.735167508357E-18,0.707106781187)
  );
#3225 = DIRECTION('',(1.226948711654E-18,1.,1.226948711654E-18));
#3226 = ADVANCED_FACE('',(#3227),#3245,.T.);
#3227 = FACE_BOUND('',#3228,.F.);
#3228 = EDGE_LOOP('',(#3229,#3237,#3238,#3239));
#3229 = ORIENTED_EDGE('',*,*,#3230,.F.);
#3230 = EDGE_CURVE('',#2081,#3231,#3233,.T.);
#3231 = VERTEX_POINT('',#3232);
#3232 = CARTESIAN_POINT('',(2.38,0.16,8.54));
#3233 = LINE('',#3234,#3235);
#3234 = CARTESIAN_POINT('',(2.38,0.16,8.54));
#3235 = VECTOR('',#3236,1.);
#3236 = DIRECTION('',(0.57735026919,-0.57735026919,0.57735026919));
#3237 = ORIENTED_EDGE('',*,*,#2088,.T.);
#3238 = ORIENTED_EDGE('',*,*,#3208,.T.);
#3239 = ORIENTED_EDGE('',*,*,#3240,.F.);
#3240 = EDGE_CURVE('',#3231,#3209,#3241,.T.);
#3241 = LINE('',#3242,#3243);
#3242 = CARTESIAN_POINT('',(2.22,0.16,8.54));
#3243 = VECTOR('',#3244,1.);
#3244 = DIRECTION('',(1.,0.,0.));
#3245 = PLANE('',#3246);
#3246 = AXIS2_PLACEMENT_3D('',#3247,#3248,#3249);
#3247 = CARTESIAN_POINT('',(2.22,0.24,8.46));
#3248 = DIRECTION('',(1.735167508357E-18,0.707106781187,0.707106781187)
  );
#3249 = DIRECTION('',(-1.,1.226948711654E-18,1.226948711654E-18));
#3250 = ADVANCED_FACE('',(#3251),#3269,.F.);
#3251 = FACE_BOUND('',#3252,.F.);
#3252 = EDGE_LOOP('',(#3253,#3261,#3262,#3263));
#3253 = ORIENTED_EDGE('',*,*,#3254,.F.);
#3254 = EDGE_CURVE('',#2103,#3255,#3257,.T.);
#3255 = VERTEX_POINT('',#3256);
#3256 = CARTESIAN_POINT('',(2.38,-0.16,8.54));
#3257 = LINE('',#3258,#3259);
#3258 = CARTESIAN_POINT('',(2.273333333333,-0.266666666667,
    8.433333333333));
#3259 = VECTOR('',#3260,1.);
#3260 = DIRECTION('',(0.57735026919,0.57735026919,0.57735026919));
#3261 = ORIENTED_EDGE('',*,*,#2112,.T.);
#3262 = ORIENTED_EDGE('',*,*,#3230,.T.);
#3263 = ORIENTED_EDGE('',*,*,#3264,.F.);
#3264 = EDGE_CURVE('',#3255,#3231,#3265,.T.);
#3265 = LINE('',#3266,#3267);
#3266 = CARTESIAN_POINT('',(2.38,-0.32,8.54));
#3267 = VECTOR('',#3268,1.);
#3268 = DIRECTION('',(0.,1.,0.));
#3269 = PLANE('',#3270);
#3270 = AXIS2_PLACEMENT_3D('',#3271,#3272,#3273);
#3271 = CARTESIAN_POINT('',(2.3,-0.32,8.46));
#3272 = DIRECTION('',(0.707106781187,1.735167508357E-18,-0.707106781187)
  );
#3273 = DIRECTION('',(-1.226948711654E-18,1.,1.226948711654E-18));
#3274 = ADVANCED_FACE('',(#3275),#3286,.F.);
#3275 = FACE_BOUND('',#3276,.T.);
#3276 = EDGE_LOOP('',(#3277,#3278,#3279,#3280));
#3277 = ORIENTED_EDGE('',*,*,#3254,.F.);
#3278 = ORIENTED_EDGE('',*,*,#2129,.T.);
#3279 = ORIENTED_EDGE('',*,*,#3199,.T.);
#3280 = ORIENTED_EDGE('',*,*,#3281,.F.);
#3281 = EDGE_CURVE('',#3255,#3200,#3282,.T.);
#3282 = LINE('',#3283,#3284);
#3283 = CARTESIAN_POINT('',(2.22,-0.16,8.54));
#3284 = VECTOR('',#3285,1.);
#3285 = DIRECTION('',(1.,0.,0.));
#3286 = PLANE('',#3287);
#3287 = AXIS2_PLACEMENT_3D('',#3288,#3289,#3290);
#3288 = CARTESIAN_POINT('',(2.22,-0.24,8.46));
#3289 = DIRECTION('',(-1.735167508357E-18,0.707106781187,-0.707106781187
    ));
#3290 = DIRECTION('',(-1.,-1.226948711654E-18,1.226948711654E-18));
#3291 = ADVANCED_FACE('',(#3292),#3317,.T.);
#3292 = FACE_BOUND('',#3293,.T.);
#3293 = EDGE_LOOP('',(#3294,#3302,#3303,#3311));
#3294 = ORIENTED_EDGE('',*,*,#3295,.F.);
#3295 = EDGE_CURVE('',#2144,#3296,#3298,.T.);
#3296 = VERTEX_POINT('',#3297);
#3297 = CARTESIAN_POINT('',(2.7,-5.24,8.54));
#3298 = LINE('',#3299,#3300);
#3299 = CARTESIAN_POINT('',(2.7,-5.24,8.54));
#3300 = VECTOR('',#3301,1.);
#3301 = DIRECTION('',(-0.57735026919,0.57735026919,0.57735026919));
#3302 = ORIENTED_EDGE('',*,*,#2160,.T.);
#3303 = ORIENTED_EDGE('',*,*,#3304,.T.);
#3304 = EDGE_CURVE('',#2153,#3305,#3307,.T.);
#3305 = VERTEX_POINT('',#3306);
#3306 = CARTESIAN_POINT('',(2.7,-4.92,8.54));
#3307 = LINE('',#3308,#3309);
#3308 = CARTESIAN_POINT('',(2.593333333333,-5.026666666667,
    8.646666666667));
#3309 = VECTOR('',#3310,1.);
#3310 = DIRECTION('',(-0.57735026919,-0.57735026919,0.57735026919));
#3311 = ORIENTED_EDGE('',*,*,#3312,.F.);
#3312 = EDGE_CURVE('',#3296,#3305,#3313,.T.);
#3313 = LINE('',#3314,#3315);
#3314 = CARTESIAN_POINT('',(2.7,-5.4,8.54));
#3315 = VECTOR('',#3316,1.);
#3316 = DIRECTION('',(0.,1.,0.));
#3317 = PLANE('',#3318);
#3318 = AXIS2_PLACEMENT_3D('',#3319,#3320,#3321);
#3319 = CARTESIAN_POINT('',(2.78,-5.4,8.46));
#3320 = DIRECTION('',(0.707106781187,-1.735167508357E-18,0.707106781187)
  );
#3321 = DIRECTION('',(1.226948711654E-18,1.,1.226948711654E-18));
#3322 = ADVANCED_FACE('',(#3323),#3341,.T.);
#3323 = FACE_BOUND('',#3324,.F.);
#3324 = EDGE_LOOP('',(#3325,#3333,#3334,#3335));
#3325 = ORIENTED_EDGE('',*,*,#3326,.F.);
#3326 = EDGE_CURVE('',#2177,#3327,#3329,.T.);
#3327 = VERTEX_POINT('',#3328);
#3328 = CARTESIAN_POINT('',(2.38,-4.92,8.54));
#3329 = LINE('',#3330,#3331);
#3330 = CARTESIAN_POINT('',(2.38,-4.92,8.54));
#3331 = VECTOR('',#3332,1.);
#3332 = DIRECTION('',(0.57735026919,-0.57735026919,0.57735026919));
#3333 = ORIENTED_EDGE('',*,*,#2184,.T.);
#3334 = ORIENTED_EDGE('',*,*,#3304,.T.);
#3335 = ORIENTED_EDGE('',*,*,#3336,.F.);
#3336 = EDGE_CURVE('',#3327,#3305,#3337,.T.);
#3337 = LINE('',#3338,#3339);
#3338 = CARTESIAN_POINT('',(2.22,-4.92,8.54));
#3339 = VECTOR('',#3340,1.);
#3340 = DIRECTION('',(1.,0.,0.));
#3341 = PLANE('',#3342);
#3342 = AXIS2_PLACEMENT_3D('',#3343,#3344,#3345);
#3343 = CARTESIAN_POINT('',(2.22,-4.84,8.46));
#3344 = DIRECTION('',(1.735167508357E-18,0.707106781187,0.707106781187)
  );
#3345 = DIRECTION('',(-1.,1.226948711654E-18,1.226948711654E-18));
#3346 = ADVANCED_FACE('',(#3347),#3365,.F.);
#3347 = FACE_BOUND('',#3348,.F.);
#3348 = EDGE_LOOP('',(#3349,#3357,#3358,#3359));
#3349 = ORIENTED_EDGE('',*,*,#3350,.F.);
#3350 = EDGE_CURVE('',#2199,#3351,#3353,.T.);
#3351 = VERTEX_POINT('',#3352);
#3352 = CARTESIAN_POINT('',(2.38,-5.24,8.54));
#3353 = LINE('',#3354,#3355);
#3354 = CARTESIAN_POINT('',(2.273333333333,-5.346666666667,
    8.433333333333));
#3355 = VECTOR('',#3356,1.);
#3356 = DIRECTION('',(0.57735026919,0.57735026919,0.57735026919));
#3357 = ORIENTED_EDGE('',*,*,#2208,.T.);
#3358 = ORIENTED_EDGE('',*,*,#3326,.T.);
#3359 = ORIENTED_EDGE('',*,*,#3360,.F.);
#3360 = EDGE_CURVE('',#3351,#3327,#3361,.T.);
#3361 = LINE('',#3362,#3363);
#3362 = CARTESIAN_POINT('',(2.38,-5.4,8.54));
#3363 = VECTOR('',#3364,1.);
#3364 = DIRECTION('',(0.,1.,0.));
#3365 = PLANE('',#3366);
#3366 = AXIS2_PLACEMENT_3D('',#3367,#3368,#3369);
#3367 = CARTESIAN_POINT('',(2.3,-5.4,8.46));
#3368 = DIRECTION('',(0.707106781187,1.735167508357E-18,-0.707106781187)
  );
#3369 = DIRECTION('',(-1.226948711654E-18,1.,1.226948711654E-18));
#3370 = ADVANCED_FACE('',(#3371),#3382,.F.);
#3371 = FACE_BOUND('',#3372,.T.);
#3372 = EDGE_LOOP('',(#3373,#3374,#3375,#3376));
#3373 = ORIENTED_EDGE('',*,*,#3350,.F.);
#3374 = ORIENTED_EDGE('',*,*,#2225,.T.);
#3375 = ORIENTED_EDGE('',*,*,#3295,.T.);
#3376 = ORIENTED_EDGE('',*,*,#3377,.F.);
#3377 = EDGE_CURVE('',#3351,#3296,#3378,.T.);
#3378 = LINE('',#3379,#3380);
#3379 = CARTESIAN_POINT('',(2.22,-5.24,8.54));
#3380 = VECTOR('',#3381,1.);
#3381 = DIRECTION('',(1.,0.,0.));
#3382 = PLANE('',#3383);
#3383 = AXIS2_PLACEMENT_3D('',#3384,#3385,#3386);
#3384 = CARTESIAN_POINT('',(2.22,-5.32,8.46));
#3385 = DIRECTION('',(-1.735167508357E-18,0.707106781187,-0.707106781187
    ));
#3386 = DIRECTION('',(-1.,-1.226948711654E-18,1.226948711654E-18));
#3387 = ADVANCED_FACE('',(#3388),#3413,.T.);
#3388 = FACE_BOUND('',#3389,.T.);
#3389 = EDGE_LOOP('',(#3390,#3398,#3399,#3407));
#3390 = ORIENTED_EDGE('',*,*,#3391,.F.);
#3391 = EDGE_CURVE('',#2240,#3392,#3394,.T.);
#3392 = VERTEX_POINT('',#3393);
#3393 = CARTESIAN_POINT('',(0.16,-5.24,8.54));
#3394 = LINE('',#3395,#3396);
#3395 = CARTESIAN_POINT('',(0.16,-5.24,8.54));
#3396 = VECTOR('',#3397,1.);
#3397 = DIRECTION('',(-0.57735026919,0.57735026919,0.57735026919));
#3398 = ORIENTED_EDGE('',*,*,#2256,.T.);
#3399 = ORIENTED_EDGE('',*,*,#3400,.T.);
#3400 = EDGE_CURVE('',#2249,#3401,#3403,.T.);
#3401 = VERTEX_POINT('',#3402);
#3402 = CARTESIAN_POINT('',(0.16,-4.92,8.54));
#3403 = LINE('',#3404,#3405);
#3404 = CARTESIAN_POINT('',(5.333333333333E-02,-5.026666666667,
    8.646666666667));
#3405 = VECTOR('',#3406,1.);
#3406 = DIRECTION('',(-0.57735026919,-0.57735026919,0.57735026919));
#3407 = ORIENTED_EDGE('',*,*,#3408,.F.);
#3408 = EDGE_CURVE('',#3392,#3401,#3409,.T.);
#3409 = LINE('',#3410,#3411);
#3410 = CARTESIAN_POINT('',(0.16,-5.4,8.54));
#3411 = VECTOR('',#3412,1.);
#3412 = DIRECTION('',(0.,1.,0.));
#3413 = PLANE('',#3414);
#3414 = AXIS2_PLACEMENT_3D('',#3415,#3416,#3417);
#3415 = CARTESIAN_POINT('',(0.24,-5.4,8.46));
#3416 = DIRECTION('',(0.707106781187,-1.735167508357E-18,0.707106781187)
  );
#3417 = DIRECTION('',(1.226948711654E-18,1.,1.226948711654E-18));
#3418 = ADVANCED_FACE('',(#3419),#3437,.T.);
#3419 = FACE_BOUND('',#3420,.F.);
#3420 = EDGE_LOOP('',(#3421,#3429,#3430,#3431));
#3421 = ORIENTED_EDGE('',*,*,#3422,.F.);
#3422 = EDGE_CURVE('',#2273,#3423,#3425,.T.);
#3423 = VERTEX_POINT('',#3424);
#3424 = CARTESIAN_POINT('',(-0.16,-4.92,8.54));
#3425 = LINE('',#3426,#3427);
#3426 = CARTESIAN_POINT('',(-0.16,-4.92,8.54));
#3427 = VECTOR('',#3428,1.);
#3428 = DIRECTION('',(0.57735026919,-0.57735026919,0.57735026919));
#3429 = ORIENTED_EDGE('',*,*,#2280,.T.);
#3430 = ORIENTED_EDGE('',*,*,#3400,.T.);
#3431 = ORIENTED_EDGE('',*,*,#3432,.F.);
#3432 = EDGE_CURVE('',#3423,#3401,#3433,.T.);
#3433 = LINE('',#3434,#3435);
#3434 = CARTESIAN_POINT('',(-0.32,-4.92,8.54));
#3435 = VECTOR('',#3436,1.);
#3436 = DIRECTION('',(1.,0.,0.));
#3437 = PLANE('',#3438);
#3438 = AXIS2_PLACEMENT_3D('',#3439,#3440,#3441);
#3439 = CARTESIAN_POINT('',(-0.32,-4.84,8.46));
#3440 = DIRECTION('',(1.735167508357E-18,0.707106781187,0.707106781187)
  );
#3441 = DIRECTION('',(-1.,1.226948711654E-18,1.226948711654E-18));
#3442 = ADVANCED_FACE('',(#3443),#3461,.F.);
#3443 = FACE_BOUND('',#3444,.F.);
#3444 = EDGE_LOOP('',(#3445,#3453,#3454,#3455));
#3445 = ORIENTED_EDGE('',*,*,#3446,.F.);
#3446 = EDGE_CURVE('',#2295,#3447,#3449,.T.);
#3447 = VERTEX_POINT('',#3448);
#3448 = CARTESIAN_POINT('',(-0.16,-5.24,8.54));
#3449 = LINE('',#3450,#3451);
#3450 = CARTESIAN_POINT('',(-0.266666666667,-5.346666666667,
    8.433333333333));
#3451 = VECTOR('',#3452,1.);
#3452 = DIRECTION('',(0.57735026919,0.57735026919,0.57735026919));
#3453 = ORIENTED_EDGE('',*,*,#2304,.T.);
#3454 = ORIENTED_EDGE('',*,*,#3422,.T.);
#3455 = ORIENTED_EDGE('',*,*,#3456,.F.);
#3456 = EDGE_CURVE('',#3447,#3423,#3457,.T.);
#3457 = LINE('',#3458,#3459);
#3458 = CARTESIAN_POINT('',(-0.16,-5.4,8.54));
#3459 = VECTOR('',#3460,1.);
#3460 = DIRECTION('',(0.,1.,0.));
#3461 = PLANE('',#3462);
#3462 = AXIS2_PLACEMENT_3D('',#3463,#3464,#3465);
#3463 = CARTESIAN_POINT('',(-0.24,-5.4,8.46));
#3464 = DIRECTION('',(0.707106781187,1.735167508357E-18,-0.707106781187)
  );
#3465 = DIRECTION('',(-1.226948711654E-18,1.,1.226948711654E-18));
#3466 = ADVANCED_FACE('',(#3467),#3478,.F.);
#3467 = FACE_BOUND('',#3468,.T.);
#3468 = EDGE_LOOP('',(#3469,#3470,#3471,#3472));
#3469 = ORIENTED_EDGE('',*,*,#3446,.F.);
#3470 = ORIENTED_EDGE('',*,*,#2321,.T.);
#3471 = ORIENTED_EDGE('',*,*,#3391,.T.);
#3472 = ORIENTED_EDGE('',*,*,#3473,.F.);
#3473 = EDGE_CURVE('',#3447,#3392,#3474,.T.);
#3474 = LINE('',#3475,#3476);
#3475 = CARTESIAN_POINT('',(-0.32,-5.24,8.54));
#3476 = VECTOR('',#3477,1.);
#3477 = DIRECTION('',(1.,0.,0.));
#3478 = PLANE('',#3479);
#3479 = AXIS2_PLACEMENT_3D('',#3480,#3481,#3482);
#3480 = CARTESIAN_POINT('',(-0.32,-5.32,8.46));
#3481 = DIRECTION('',(-1.735167508357E-18,0.707106781187,-0.707106781187
    ));
#3482 = DIRECTION('',(-1.,-1.226948711654E-18,1.226948711654E-18));
#3483 = ADVANCED_FACE('',(#3484),#3490,.F.);
#3484 = FACE_BOUND('',#3485,.F.);
#3485 = EDGE_LOOP('',(#3486,#3487,#3488,#3489));
#3486 = ORIENTED_EDGE('',*,*,#2417,.T.);
#3487 = ORIENTED_EDGE('',*,*,#2352,.T.);
#3488 = ORIENTED_EDGE('',*,*,#2376,.F.);
#3489 = ORIENTED_EDGE('',*,*,#2400,.F.);
#3490 = PLANE('',#3491);
#3491 = AXIS2_PLACEMENT_3D('',#3492,#3493,#3494);
#3492 = CARTESIAN_POINT('',(2.22,-2.86,-3.));
#3493 = DIRECTION('',(0.,0.,1.));
#3494 = DIRECTION('',(1.,0.,-0.));
#3495 = ADVANCED_FACE('',(#3496),#3502,.F.);
#3496 = FACE_BOUND('',#3497,.F.);
#3497 = EDGE_LOOP('',(#3498,#3499,#3500,#3501));
#3498 = ORIENTED_EDGE('',*,*,#2496,.T.);
#3499 = ORIENTED_EDGE('',*,*,#2513,.T.);
#3500 = ORIENTED_EDGE('',*,*,#2448,.F.);
#3501 = ORIENTED_EDGE('',*,*,#2472,.F.);
#3502 = PLANE('',#3503);
#3503 = AXIS2_PLACEMENT_3D('',#3504,#3505,#3506);
#3504 = CARTESIAN_POINT('',(-0.32,-2.86,-3.));
#3505 = DIRECTION('',(0.,0.,1.));
#3506 = DIRECTION('',(1.,0.,-0.));
#3507 = ADVANCED_FACE('',(#3508),#3514,.F.);
#3508 = FACE_BOUND('',#3509,.F.);
#3509 = EDGE_LOOP('',(#3510,#3511,#3512,#3513));
#3510 = ORIENTED_EDGE('',*,*,#2609,.T.);
#3511 = ORIENTED_EDGE('',*,*,#2544,.T.);
#3512 = ORIENTED_EDGE('',*,*,#2568,.F.);
#3513 = ORIENTED_EDGE('',*,*,#2592,.F.);
#3514 = PLANE('',#3515);
#3515 = AXIS2_PLACEMENT_3D('',#3516,#3517,#3518);
#3516 = CARTESIAN_POINT('',(-0.32,-0.32,-3.));
#3517 = DIRECTION('',(0.,0.,1.));
#3518 = DIRECTION('',(1.,0.,-0.));
#3519 = ADVANCED_FACE('',(#3520),#3526,.F.);
#3520 = FACE_BOUND('',#3521,.F.);
#3521 = EDGE_LOOP('',(#3522,#3523,#3524,#3525));
#3522 = ORIENTED_EDGE('',*,*,#2705,.T.);
#3523 = ORIENTED_EDGE('',*,*,#2640,.T.);
#3524 = ORIENTED_EDGE('',*,*,#2664,.F.);
#3525 = ORIENTED_EDGE('',*,*,#2688,.F.);
#3526 = PLANE('',#3527);
#3527 = AXIS2_PLACEMENT_3D('',#3528,#3529,#3530);
#3528 = CARTESIAN_POINT('',(2.22,-0.32,-3.));
#3529 = DIRECTION('',(0.,0.,1.));
#3530 = DIRECTION('',(1.,0.,-0.));
#3531 = ADVANCED_FACE('',(#3532),#3538,.F.);
#3532 = FACE_BOUND('',#3533,.F.);
#3533 = EDGE_LOOP('',(#3534,#3535,#3536,#3537));
#3534 = ORIENTED_EDGE('',*,*,#2801,.T.);
#3535 = ORIENTED_EDGE('',*,*,#2736,.T.);
#3536 = ORIENTED_EDGE('',*,*,#2760,.F.);
#3537 = ORIENTED_EDGE('',*,*,#2784,.F.);
#3538 = PLANE('',#3539);
#3539 = AXIS2_PLACEMENT_3D('',#3540,#3541,#3542);
#3540 = CARTESIAN_POINT('',(2.22,-5.4,-3.));
#3541 = DIRECTION('',(0.,0.,1.));
#3542 = DIRECTION('',(1.,0.,-0.));
#3543 = ADVANCED_FACE('',(#3544),#3550,.F.);
#3544 = FACE_BOUND('',#3545,.F.);
#3545 = EDGE_LOOP('',(#3546,#3547,#3548,#3549));
#3546 = ORIENTED_EDGE('',*,*,#2897,.T.);
#3547 = ORIENTED_EDGE('',*,*,#2832,.T.);
#3548 = ORIENTED_EDGE('',*,*,#2856,.F.);
#3549 = ORIENTED_EDGE('',*,*,#2880,.F.);
#3550 = PLANE('',#3551);
#3551 = AXIS2_PLACEMENT_3D('',#3552,#3553,#3554);
#3552 = CARTESIAN_POINT('',(-0.32,-5.4,-3.));
#3553 = DIRECTION('',(0.,0.,1.));
#3554 = DIRECTION('',(1.,0.,-0.));
#3555 = ADVANCED_FACE('',(#3556),#3562,.T.);
#3556 = FACE_BOUND('',#3557,.T.);
#3557 = EDGE_LOOP('',(#3558,#3559,#3560,#3561));
#3558 = ORIENTED_EDGE('',*,*,#2976,.F.);
#3559 = ORIENTED_EDGE('',*,*,#2993,.T.);
#3560 = ORIENTED_EDGE('',*,*,#2928,.T.);
#3561 = ORIENTED_EDGE('',*,*,#2952,.F.);
#3562 = PLANE('',#3563);
#3563 = AXIS2_PLACEMENT_3D('',#3564,#3565,#3566);
#3564 = CARTESIAN_POINT('',(2.22,-2.86,8.54));
#3565 = DIRECTION('',(0.,0.,1.));
#3566 = DIRECTION('',(1.,0.,-0.));
#3567 = ADVANCED_FACE('',(#3568),#3574,.T.);
#3568 = FACE_BOUND('',#3569,.T.);
#3569 = EDGE_LOOP('',(#3570,#3571,#3572,#3573));
#3570 = ORIENTED_EDGE('',*,*,#3048,.F.);
#3571 = ORIENTED_EDGE('',*,*,#3072,.T.);
#3572 = ORIENTED_EDGE('',*,*,#3089,.T.);
#3573 = ORIENTED_EDGE('',*,*,#3024,.F.);
#3574 = PLANE('',#3575);
#3575 = AXIS2_PLACEMENT_3D('',#3576,#3577,#3578);
#3576 = CARTESIAN_POINT('',(-0.32,-2.86,8.54));
#3577 = DIRECTION('',(0.,0.,1.));
#3578 = DIRECTION('',(1.,0.,-0.));
#3579 = ADVANCED_FACE('',(#3580),#3586,.T.);
#3580 = FACE_BOUND('',#3581,.T.);
#3581 = EDGE_LOOP('',(#3582,#3583,#3584,#3585));
#3582 = ORIENTED_EDGE('',*,*,#3168,.F.);
#3583 = ORIENTED_EDGE('',*,*,#3185,.T.);
#3584 = ORIENTED_EDGE('',*,*,#3120,.T.);
#3585 = ORIENTED_EDGE('',*,*,#3144,.F.);
#3586 = PLANE('',#3587);
#3587 = AXIS2_PLACEMENT_3D('',#3588,#3589,#3590);
#3588 = CARTESIAN_POINT('',(-0.32,-0.32,8.54));
#3589 = DIRECTION('',(0.,0.,1.));
#3590 = DIRECTION('',(1.,0.,-0.));
#3591 = ADVANCED_FACE('',(#3592),#3598,.T.);
#3592 = FACE_BOUND('',#3593,.T.);
#3593 = EDGE_LOOP('',(#3594,#3595,#3596,#3597));
#3594 = ORIENTED_EDGE('',*,*,#3264,.F.);
#3595 = ORIENTED_EDGE('',*,*,#3281,.T.);
#3596 = ORIENTED_EDGE('',*,*,#3216,.T.);
#3597 = ORIENTED_EDGE('',*,*,#3240,.F.);
#3598 = PLANE('',#3599);
#3599 = AXIS2_PLACEMENT_3D('',#3600,#3601,#3602);
#3600 = CARTESIAN_POINT('',(2.22,-0.32,8.54));
#3601 = DIRECTION('',(0.,0.,1.));
#3602 = DIRECTION('',(1.,0.,-0.));
#3603 = ADVANCED_FACE('',(#3604),#3610,.T.);
#3604 = FACE_BOUND('',#3605,.T.);
#3605 = EDGE_LOOP('',(#3606,#3607,#3608,#3609));
#3606 = ORIENTED_EDGE('',*,*,#3360,.F.);
#3607 = ORIENTED_EDGE('',*,*,#3377,.T.);
#3608 = ORIENTED_EDGE('',*,*,#3312,.T.);
#3609 = ORIENTED_EDGE('',*,*,#3336,.F.);
#3610 = PLANE('',#3611);
#3611 = AXIS2_PLACEMENT_3D('',#3612,#3613,#3614);
#3612 = CARTESIAN_POINT('',(2.22,-5.4,8.54));
#3613 = DIRECTION('',(0.,0.,1.));
#3614 = DIRECTION('',(1.,0.,-0.));
#3615 = ADVANCED_FACE('',(#3616),#3622,.T.);
#3616 = FACE_BOUND('',#3617,.T.);
#3617 = EDGE_LOOP('',(#3618,#3619,#3620,#3621));
#3618 = ORIENTED_EDGE('',*,*,#3456,.F.);
#3619 = ORIENTED_EDGE('',*,*,#3473,.T.);
#3620 = ORIENTED_EDGE('',*,*,#3408,.T.);
#3621 = ORIENTED_EDGE('',*,*,#3432,.F.);
#3622 = PLANE('',#3623);
#3623 = AXIS2_PLACEMENT_3D('',#3624,#3625,#3626);
#3624 = CARTESIAN_POINT('',(-0.32,-5.4,8.54));
#3625 = DIRECTION('',(0.,0.,1.));
#3626 = DIRECTION('',(1.,0.,-0.));
#3627 = ( GEOMETRIC_REPRESENTATION_CONTEXT(3) 
GLOBAL_UNCERTAINTY_ASSIGNED_CONTEXT((#3631)) 
GLOBAL_UNIT_ASSIGNED_CONTEXT((#3628,#3629,#3630)) REPRESENTATION_CONTEXT
('Context #1','3D Context with UNIT and UNCERTAINTY') );
#3628 = ( LENGTH_UNIT() NAMED_UNIT(*) SI_UNIT(.MILLI.,.METRE.) );
#3629 = ( NAMED_UNIT(*) PLANE_ANGLE_UNIT() SI_UNIT($,.RADIAN.) );
#3630 = ( NAMED_UNIT(*) SI_UNIT($,.STERADIAN.) SOLID_ANGLE_UNIT() );
#3631 = UNCERTAINTY_MEASURE_WITH_UNIT(LENGTH_MEASURE(1.E-07),#3628,
  'distance_accuracy_value','confusion accuracy');
#3632 = CONTEXT_DEPENDENT_SHAPE_REPRESENTATION(#3633,#3635);
#3633 = ( REPRESENTATION_RELATIONSHIP('','',#92,#10) 
REPRESENTATION_RELATIONSHIP_WITH_TRANSFORMATION(#3634) 
SHAPE_REPRESENTATION_RELATIONSHIP() );
#3634 = ITEM_DEFINED_TRANSFORMATION('','',#11,#15);
#3635 = PRODUCT_DEFINITION_SHAPE('Placement','Placement of an item',
  #3636);
#3636 = NEXT_ASSEMBLY_USAGE_OCCURRENCE('1','J2','',#5,#87,$);
#3637 = PRODUCT_RELATED_PRODUCT_CATEGORY('part',$,(#89));
#3638 = SHAPE_DEFINITION_REPRESENTATION(#3639,#3645);
#3639 = PRODUCT_DEFINITION_SHAPE('','',#3640);
#3640 = PRODUCT_DEFINITION('design','',#3641,#3644);
#3641 = PRODUCT_DEFINITION_FORMATION('','',#3642);
#3642 = PRODUCT('C_0402_1005Metric','C_0402_1005Metric','',(#3643));
#3643 = PRODUCT_CONTEXT('',#2,'mechanical');
#3644 = PRODUCT_DEFINITION_CONTEXT('part definition',#2,'design');
#3645 = ADVANCED_BREP_SHAPE_REPRESENTATION('',(#11,#3646),#4500);
#3646 = MANIFOLD_SOLID_BREP('',#3647);
#3647 = CLOSED_SHELL('',(#3648,#3724,#3755,#3780,#3805,#3829,#3853,#3878
    ,#3903,#3920,#4006,#4038,#4062,#4087,#4111,#4136,#4160,#4185,#4202,
    #4288,#4319,#4344,#4369,#4393,#4417,#4442,#4467,#4484));
#3648 = ADVANCED_FACE('',(#3649),#3719,.F.);
#3649 = FACE_BOUND('',#3650,.F.);
#3650 = EDGE_LOOP('',(#3651,#3661,#3670,#3678,#3687,#3695,#3704,#3712));
#3651 = ORIENTED_EDGE('',*,*,#3652,.F.);
#3652 = EDGE_CURVE('',#3653,#3655,#3657,.T.);
#3653 = VERTEX_POINT('',#3654);
#3654 = CARTESIAN_POINT('',(-0.5,-0.25,2.E-02));
#3655 = VERTEX_POINT('',#3656);
#3656 = CARTESIAN_POINT('',(-0.5,-0.25,0.48));
#3657 = LINE('',#3658,#3659);
#3658 = CARTESIAN_POINT('',(-0.5,-0.25,0.));
#3659 = VECTOR('',#3660,1.);
#3660 = DIRECTION('',(0.,0.,1.));
#3661 = ORIENTED_EDGE('',*,*,#3662,.T.);
#3662 = EDGE_CURVE('',#3653,#3663,#3665,.T.);
#3663 = VERTEX_POINT('',#3664);
#3664 = CARTESIAN_POINT('',(-0.5,-0.23,0.));
#3665 = CIRCLE('',#3666,2.E-02);
#3666 = AXIS2_PLACEMENT_3D('',#3667,#3668,#3669);
#3667 = CARTESIAN_POINT('',(-0.5,-0.23,2.E-02));
#3668 = DIRECTION('',(1.,0.,-0.));
#3669 = DIRECTION('',(0.,0.,1.));
#3670 = ORIENTED_EDGE('',*,*,#3671,.T.);
#3671 = EDGE_CURVE('',#3663,#3672,#3674,.T.);
#3672 = VERTEX_POINT('',#3673);
#3673 = CARTESIAN_POINT('',(-0.5,0.23,0.));
#3674 = LINE('',#3675,#3676);
#3675 = CARTESIAN_POINT('',(-0.5,-0.25,0.));
#3676 = VECTOR('',#3677,1.);
#3677 = DIRECTION('',(0.,1.,0.));
#3678 = ORIENTED_EDGE('',*,*,#3679,.F.);
#3679 = EDGE_CURVE('',#3680,#3672,#3682,.T.);
#3680 = VERTEX_POINT('',#3681);
#3681 = CARTESIAN_POINT('',(-0.5,0.25,2.E-02));
#3682 = CIRCLE('',#3683,2.E-02);
#3683 = AXIS2_PLACEMENT_3D('',#3684,#3685,#3686);
#3684 = CARTESIAN_POINT('',(-0.5,0.23,2.E-02));
#3685 = DIRECTION('',(-1.,0.,0.));
#3686 = DIRECTION('',(0.,0.,1.));
#3687 = ORIENTED_EDGE('',*,*,#3688,.T.);
#3688 = EDGE_CURVE('',#3680,#3689,#3691,.T.);
#3689 = VERTEX_POINT('',#3690);
#3690 = CARTESIAN_POINT('',(-0.5,0.25,0.48));
#3691 = LINE('',#3692,#3693);
#3692 = CARTESIAN_POINT('',(-0.5,0.25,0.));
#3693 = VECTOR('',#3694,1.);
#3694 = DIRECTION('',(0.,0.,1.));
#3695 = ORIENTED_EDGE('',*,*,#3696,.T.);
#3696 = EDGE_CURVE('',#3689,#3697,#3699,.T.);
#3697 = VERTEX_POINT('',#3698);
#3698 = CARTESIAN_POINT('',(-0.5,0.23,0.5));
#3699 = CIRCLE('',#3700,2.E-02);
#3700 = AXIS2_PLACEMENT_3D('',#3701,#3702,#3703);
#3701 = CARTESIAN_POINT('',(-0.5,0.23,0.48));
#3702 = DIRECTION('',(1.,0.,-0.));
#3703 = DIRECTION('',(0.,0.,1.));
#3704 = ORIENTED_EDGE('',*,*,#3705,.F.);
#3705 = EDGE_CURVE('',#3706,#3697,#3708,.T.);
#3706 = VERTEX_POINT('',#3707);
#3707 = CARTESIAN_POINT('',(-0.5,-0.23,0.5));
#3708 = LINE('',#3709,#3710);
#3709 = CARTESIAN_POINT('',(-0.5,-0.25,0.5));
#3710 = VECTOR('',#3711,1.);
#3711 = DIRECTION('',(0.,1.,0.));
#3712 = ORIENTED_EDGE('',*,*,#3713,.F.);
#3713 = EDGE_CURVE('',#3655,#3706,#3714,.T.);
#3714 = CIRCLE('',#3715,2.E-02);
#3715 = AXIS2_PLACEMENT_3D('',#3716,#3717,#3718);
#3716 = CARTESIAN_POINT('',(-0.5,-0.23,0.48));
#3717 = DIRECTION('',(-1.,0.,0.));
#3718 = DIRECTION('',(0.,0.,1.));
#3719 = PLANE('',#3720);
#3720 = AXIS2_PLACEMENT_3D('',#3721,#3722,#3723);
#3721 = CARTESIAN_POINT('',(-0.5,-0.25,0.));
#3722 = DIRECTION('',(1.,0.,0.));
#3723 = DIRECTION('',(0.,0.,1.));
#3724 = ADVANCED_FACE('',(#3725),#3750,.F.);
#3725 = FACE_BOUND('',#3726,.F.);
#3726 = EDGE_LOOP('',(#3727,#3737,#3743,#3744));
#3727 = ORIENTED_EDGE('',*,*,#3728,.F.);
#3728 = EDGE_CURVE('',#3729,#3731,#3733,.T.);
#3729 = VERTEX_POINT('',#3730);
#3730 = CARTESIAN_POINT('',(-0.3,-0.25,2.E-02));
#3731 = VERTEX_POINT('',#3732);
#3732 = CARTESIAN_POINT('',(-0.3,-0.25,0.48));
#3733 = LINE('',#3734,#3735);
#3734 = CARTESIAN_POINT('',(-0.3,-0.25,0.));
#3735 = VECTOR('',#3736,1.);
#3736 = DIRECTION('',(0.,0.,1.));
#3737 = ORIENTED_EDGE('',*,*,#3738,.F.);
#3738 = EDGE_CURVE('',#3653,#3729,#3739,.T.);
#3739 = LINE('',#3740,#3741);
#3740 = CARTESIAN_POINT('',(-0.5,-0.25,2.E-02));
#3741 = VECTOR('',#3742,1.);
#3742 = DIRECTION('',(1.,0.,0.));
#3743 = ORIENTED_EDGE('',*,*,#3652,.T.);
#3744 = ORIENTED_EDGE('',*,*,#3745,.T.);
#3745 = EDGE_CURVE('',#3655,#3731,#3746,.T.);
#3746 = LINE('',#3747,#3748);
#3747 = CARTESIAN_POINT('',(-0.5,-0.25,0.48));
#3748 = VECTOR('',#3749,1.);
#3749 = DIRECTION('',(1.,0.,0.));
#3750 = PLANE('',#3751);
#3751 = AXIS2_PLACEMENT_3D('',#3752,#3753,#3754);
#3752 = CARTESIAN_POINT('',(-0.5,-0.25,0.));
#3753 = DIRECTION('',(0.,1.,0.));
#3754 = DIRECTION('',(0.,-0.,1.));
#3755 = ADVANCED_FACE('',(#3756),#3775,.T.);
#3756 = FACE_BOUND('',#3757,.T.);
#3757 = EDGE_LOOP('',(#3758,#3759,#3767,#3774));
#3758 = ORIENTED_EDGE('',*,*,#3662,.T.);
#3759 = ORIENTED_EDGE('',*,*,#3760,.T.);
#3760 = EDGE_CURVE('',#3663,#3761,#3763,.T.);
#3761 = VERTEX_POINT('',#3762);
#3762 = CARTESIAN_POINT('',(-0.3,-0.23,0.));
#3763 = LINE('',#3764,#3765);
#3764 = CARTESIAN_POINT('',(-0.5,-0.23,0.));
#3765 = VECTOR('',#3766,1.);
#3766 = DIRECTION('',(1.,0.,0.));
#3767 = ORIENTED_EDGE('',*,*,#3768,.F.);
#3768 = EDGE_CURVE('',#3729,#3761,#3769,.T.);
#3769 = CIRCLE('',#3770,2.E-02);
#3770 = AXIS2_PLACEMENT_3D('',#3771,#3772,#3773);
#3771 = CARTESIAN_POINT('',(-0.3,-0.23,2.E-02));
#3772 = DIRECTION('',(1.,0.,-0.));
#3773 = DIRECTION('',(0.,0.,1.));
#3774 = ORIENTED_EDGE('',*,*,#3738,.F.);
#3775 = CYLINDRICAL_SURFACE('',#3776,2.E-02);
#3776 = AXIS2_PLACEMENT_3D('',#3777,#3778,#3779);
#3777 = CARTESIAN_POINT('',(-0.5,-0.23,2.E-02));
#3778 = DIRECTION('',(1.,0.,0.));
#3779 = DIRECTION('',(0.,-1.,0.));
#3780 = ADVANCED_FACE('',(#3781),#3800,.T.);
#3781 = FACE_BOUND('',#3782,.T.);
#3782 = EDGE_LOOP('',(#3783,#3784,#3793,#3799));
#3783 = ORIENTED_EDGE('',*,*,#3745,.T.);
#3784 = ORIENTED_EDGE('',*,*,#3785,.T.);
#3785 = EDGE_CURVE('',#3731,#3786,#3788,.T.);
#3786 = VERTEX_POINT('',#3787);
#3787 = CARTESIAN_POINT('',(-0.3,-0.23,0.5));
#3788 = CIRCLE('',#3789,2.E-02);
#3789 = AXIS2_PLACEMENT_3D('',#3790,#3791,#3792);
#3790 = CARTESIAN_POINT('',(-0.3,-0.23,0.48));
#3791 = DIRECTION('',(-1.,0.,0.));
#3792 = DIRECTION('',(0.,0.,1.));
#3793 = ORIENTED_EDGE('',*,*,#3794,.F.);
#3794 = EDGE_CURVE('',#3706,#3786,#3795,.T.);
#3795 = LINE('',#3796,#3797);
#3796 = CARTESIAN_POINT('',(-0.5,-0.23,0.5));
#3797 = VECTOR('',#3798,1.);
#3798 = DIRECTION('',(1.,0.,0.));
#3799 = ORIENTED_EDGE('',*,*,#3713,.F.);
#3800 = CYLINDRICAL_SURFACE('',#3801,2.E-02);
#3801 = AXIS2_PLACEMENT_3D('',#3802,#3803,#3804);
#3802 = CARTESIAN_POINT('',(-0.5,-0.23,0.48));
#3803 = DIRECTION('',(1.,0.,0.));
#3804 = DIRECTION('',(0.,-1.,0.));
#3805 = ADVANCED_FACE('',(#3806),#3824,.F.);
#3806 = FACE_BOUND('',#3807,.F.);
#3807 = EDGE_LOOP('',(#3808,#3809,#3810,#3818));
#3808 = ORIENTED_EDGE('',*,*,#3671,.F.);
#3809 = ORIENTED_EDGE('',*,*,#3760,.T.);
#3810 = ORIENTED_EDGE('',*,*,#3811,.T.);
#3811 = EDGE_CURVE('',#3761,#3812,#3814,.T.);
#3812 = VERTEX_POINT('',#3813);
#3813 = CARTESIAN_POINT('',(-0.3,0.23,0.));
#3814 = LINE('',#3815,#3816);
#3815 = CARTESIAN_POINT('',(-0.3,-0.25,0.));
#3816 = VECTOR('',#3817,1.);
#3817 = DIRECTION('',(0.,1.,0.));
#3818 = ORIENTED_EDGE('',*,*,#3819,.F.);
#3819 = EDGE_CURVE('',#3672,#3812,#3820,.T.);
#3820 = LINE('',#3821,#3822);
#3821 = CARTESIAN_POINT('',(-0.5,0.23,0.));
#3822 = VECTOR('',#3823,1.);
#3823 = DIRECTION('',(1.,0.,0.));
#3824 = PLANE('',#3825);
#3825 = AXIS2_PLACEMENT_3D('',#3826,#3827,#3828);
#3826 = CARTESIAN_POINT('',(-0.5,-0.25,0.));
#3827 = DIRECTION('',(0.,0.,1.));
#3828 = DIRECTION('',(1.,0.,-0.));
#3829 = ADVANCED_FACE('',(#3830),#3848,.T.);
#3830 = FACE_BOUND('',#3831,.T.);
#3831 = EDGE_LOOP('',(#3832,#3833,#3834,#3842));
#3832 = ORIENTED_EDGE('',*,*,#3705,.F.);
#3833 = ORIENTED_EDGE('',*,*,#3794,.T.);
#3834 = ORIENTED_EDGE('',*,*,#3835,.T.);
#3835 = EDGE_CURVE('',#3786,#3836,#3838,.T.);
#3836 = VERTEX_POINT('',#3837);
#3837 = CARTESIAN_POINT('',(-0.3,0.23,0.5));
#3838 = LINE('',#3839,#3840);
#3839 = CARTESIAN_POINT('',(-0.3,-0.25,0.5));
#3840 = VECTOR('',#3841,1.);
#3841 = DIRECTION('',(0.,1.,0.));
#3842 = ORIENTED_EDGE('',*,*,#3843,.F.);
#3843 = EDGE_CURVE('',#3697,#3836,#3844,.T.);
#3844 = LINE('',#3845,#3846);
#3845 = CARTESIAN_POINT('',(-0.5,0.23,0.5));
#3846 = VECTOR('',#3847,1.);
#3847 = DIRECTION('',(1.,0.,0.));
#3848 = PLANE('',#3849);
#3849 = AXIS2_PLACEMENT_3D('',#3850,#3851,#3852);
#3850 = CARTESIAN_POINT('',(-0.5,-0.25,0.5));
#3851 = DIRECTION('',(0.,0.,1.));
#3852 = DIRECTION('',(1.,0.,-0.));
#3853 = ADVANCED_FACE('',(#3854),#3873,.T.);
#3854 = FACE_BOUND('',#3855,.T.);
#3855 = EDGE_LOOP('',(#3856,#3864,#3871,#3872));
#3856 = ORIENTED_EDGE('',*,*,#3857,.T.);
#3857 = EDGE_CURVE('',#3680,#3858,#3860,.T.);
#3858 = VERTEX_POINT('',#3859);
#3859 = CARTESIAN_POINT('',(-0.3,0.25,2.E-02));
#3860 = LINE('',#3861,#3862);
#3861 = CARTESIAN_POINT('',(-0.5,0.25,2.E-02));
#3862 = VECTOR('',#3863,1.);
#3863 = DIRECTION('',(1.,0.,0.));
#3864 = ORIENTED_EDGE('',*,*,#3865,.T.);
#3865 = EDGE_CURVE('',#3858,#3812,#3866,.T.);
#3866 = CIRCLE('',#3867,2.E-02);
#3867 = AXIS2_PLACEMENT_3D('',#3868,#3869,#3870);
#3868 = CARTESIAN_POINT('',(-0.3,0.23,2.E-02));
#3869 = DIRECTION('',(-1.,0.,0.));
#3870 = DIRECTION('',(0.,0.,1.));
#3871 = ORIENTED_EDGE('',*,*,#3819,.F.);
#3872 = ORIENTED_EDGE('',*,*,#3679,.F.);
#3873 = CYLINDRICAL_SURFACE('',#3874,2.E-02);
#3874 = AXIS2_PLACEMENT_3D('',#3875,#3876,#3877);
#3875 = CARTESIAN_POINT('',(-0.5,0.23,2.E-02));
#3876 = DIRECTION('',(1.,0.,0.));
#3877 = DIRECTION('',(-0.,1.,0.));
#3878 = ADVANCED_FACE('',(#3879),#3898,.T.);
#3879 = FACE_BOUND('',#3880,.T.);
#3880 = EDGE_LOOP('',(#3881,#3882,#3883,#3892));
#3881 = ORIENTED_EDGE('',*,*,#3696,.T.);
#3882 = ORIENTED_EDGE('',*,*,#3843,.T.);
#3883 = ORIENTED_EDGE('',*,*,#3884,.F.);
#3884 = EDGE_CURVE('',#3885,#3836,#3887,.T.);
#3885 = VERTEX_POINT('',#3886);
#3886 = CARTESIAN_POINT('',(-0.3,0.25,0.48));
#3887 = CIRCLE('',#3888,2.E-02);
#3888 = AXIS2_PLACEMENT_3D('',#3889,#3890,#3891);
#3889 = CARTESIAN_POINT('',(-0.3,0.23,0.48));
#3890 = DIRECTION('',(1.,0.,-0.));
#3891 = DIRECTION('',(0.,0.,1.));
#3892 = ORIENTED_EDGE('',*,*,#3893,.F.);
#3893 = EDGE_CURVE('',#3689,#3885,#3894,.T.);
#3894 = LINE('',#3895,#3896);
#3895 = CARTESIAN_POINT('',(-0.5,0.25,0.48));
#3896 = VECTOR('',#3897,1.);
#3897 = DIRECTION('',(1.,0.,0.));
#3898 = CYLINDRICAL_SURFACE('',#3899,2.E-02);
#3899 = AXIS2_PLACEMENT_3D('',#3900,#3901,#3902);
#3900 = CARTESIAN_POINT('',(-0.5,0.23,0.48));
#3901 = DIRECTION('',(1.,0.,0.));
#3902 = DIRECTION('',(-0.,1.,0.));
#3903 = ADVANCED_FACE('',(#3904),#3915,.T.);
#3904 = FACE_BOUND('',#3905,.T.);
#3905 = EDGE_LOOP('',(#3906,#3912,#3913,#3914));
#3906 = ORIENTED_EDGE('',*,*,#3907,.F.);
#3907 = EDGE_CURVE('',#3858,#3885,#3908,.T.);
#3908 = LINE('',#3909,#3910);
#3909 = CARTESIAN_POINT('',(-0.3,0.25,0.));
#3910 = VECTOR('',#3911,1.);
#3911 = DIRECTION('',(0.,0.,1.));
#3912 = ORIENTED_EDGE('',*,*,#3857,.F.);
#3913 = ORIENTED_EDGE('',*,*,#3688,.T.);
#3914 = ORIENTED_EDGE('',*,*,#3893,.T.);
#3915 = PLANE('',#3916);
#3916 = AXIS2_PLACEMENT_3D('',#3917,#3918,#3919);
#3917 = CARTESIAN_POINT('',(-0.5,0.25,0.));
#3918 = DIRECTION('',(0.,1.,0.));
#3919 = DIRECTION('',(0.,-0.,1.));
#3920 = ADVANCED_FACE('',(#3921,#3931),#4001,.T.);
#3921 = FACE_BOUND('',#3922,.T.);
#3922 = EDGE_LOOP('',(#3923,#3924,#3925,#3926,#3927,#3928,#3929,#3930));
#3923 = ORIENTED_EDGE('',*,*,#3728,.F.);
#3924 = ORIENTED_EDGE('',*,*,#3768,.T.);
#3925 = ORIENTED_EDGE('',*,*,#3811,.T.);
#3926 = ORIENTED_EDGE('',*,*,#3865,.F.);
#3927 = ORIENTED_EDGE('',*,*,#3907,.T.);
#3928 = ORIENTED_EDGE('',*,*,#3884,.T.);
#3929 = ORIENTED_EDGE('',*,*,#3835,.F.);
#3930 = ORIENTED_EDGE('',*,*,#3785,.F.);
#3931 = FACE_BOUND('',#3932,.T.);
#3932 = EDGE_LOOP('',(#3933,#3944,#3952,#3961,#3969,#3978,#3986,#3995));
#3933 = ORIENTED_EDGE('',*,*,#3934,.F.);
#3934 = EDGE_CURVE('',#3935,#3937,#3939,.T.);
#3935 = VERTEX_POINT('',#3936);
#3936 = CARTESIAN_POINT('',(-0.3,-0.23,4.E-02));
#3937 = VERTEX_POINT('',#3938);
#3938 = CARTESIAN_POINT('',(-0.3,-0.21,2.E-02));
#3939 = CIRCLE('',#3940,2.E-02);
#3940 = AXIS2_PLACEMENT_3D('',#3941,#3942,#3943);
#3941 = CARTESIAN_POINT('',(-0.3,-0.21,4.E-02));
#3942 = DIRECTION('',(1.,0.,-0.));
#3943 = DIRECTION('',(0.,0.,1.));
#3944 = ORIENTED_EDGE('',*,*,#3945,.T.);
#3945 = EDGE_CURVE('',#3935,#3946,#3948,.T.);
#3946 = VERTEX_POINT('',#3947);
#3947 = CARTESIAN_POINT('',(-0.3,-0.23,0.46));
#3948 = LINE('',#3949,#3950);
#3949 = CARTESIAN_POINT('',(-0.3,-0.23,2.E-02));
#3950 = VECTOR('',#3951,1.);
#3951 = DIRECTION('',(0.,0.,1.));
#3952 = ORIENTED_EDGE('',*,*,#3953,.T.);
#3953 = EDGE_CURVE('',#3946,#3954,#3956,.T.);
#3954 = VERTEX_POINT('',#3955);
#3955 = CARTESIAN_POINT('',(-0.3,-0.21,0.48));
#3956 = CIRCLE('',#3957,2.E-02);
#3957 = AXIS2_PLACEMENT_3D('',#3958,#3959,#3960);
#3958 = CARTESIAN_POINT('',(-0.3,-0.21,0.46));
#3959 = DIRECTION('',(-1.,0.,0.));
#3960 = DIRECTION('',(0.,0.,1.));
#3961 = ORIENTED_EDGE('',*,*,#3962,.T.);
#3962 = EDGE_CURVE('',#3954,#3963,#3965,.T.);
#3963 = VERTEX_POINT('',#3964);
#3964 = CARTESIAN_POINT('',(-0.3,0.21,0.48));
#3965 = LINE('',#3966,#3967);
#3966 = CARTESIAN_POINT('',(-0.3,-0.23,0.48));
#3967 = VECTOR('',#3968,1.);
#3968 = DIRECTION('',(0.,1.,0.));
#3969 = ORIENTED_EDGE('',*,*,#3970,.F.);
#3970 = EDGE_CURVE('',#3971,#3963,#3973,.T.);
#3971 = VERTEX_POINT('',#3972);
#3972 = CARTESIAN_POINT('',(-0.3,0.23,0.46));
#3973 = CIRCLE('',#3974,2.E-02);
#3974 = AXIS2_PLACEMENT_3D('',#3975,#3976,#3977);
#3975 = CARTESIAN_POINT('',(-0.3,0.21,0.46));
#3976 = DIRECTION('',(1.,0.,-0.));
#3977 = DIRECTION('',(0.,0.,1.));
#3978 = ORIENTED_EDGE('',*,*,#3979,.F.);
#3979 = EDGE_CURVE('',#3980,#3971,#3982,.T.);
#3980 = VERTEX_POINT('',#3981);
#3981 = CARTESIAN_POINT('',(-0.3,0.23,4.E-02));
#3982 = LINE('',#3983,#3984);
#3983 = CARTESIAN_POINT('',(-0.3,0.23,2.E-02));
#3984 = VECTOR('',#3985,1.);
#3985 = DIRECTION('',(0.,0.,1.));
#3986 = ORIENTED_EDGE('',*,*,#3987,.T.);
#3987 = EDGE_CURVE('',#3980,#3988,#3990,.T.);
#3988 = VERTEX_POINT('',#3989);
#3989 = CARTESIAN_POINT('',(-0.3,0.21,2.E-02));
#3990 = CIRCLE('',#3991,2.E-02);
#3991 = AXIS2_PLACEMENT_3D('',#3992,#3993,#3994);
#3992 = CARTESIAN_POINT('',(-0.3,0.21,4.E-02));
#3993 = DIRECTION('',(-1.,0.,0.));
#3994 = DIRECTION('',(0.,0.,1.));
#3995 = ORIENTED_EDGE('',*,*,#3996,.F.);
#3996 = EDGE_CURVE('',#3937,#3988,#3997,.T.);
#3997 = LINE('',#3998,#3999);
#3998 = CARTESIAN_POINT('',(-0.3,-0.23,2.E-02));
#3999 = VECTOR('',#4000,1.);
#4000 = DIRECTION('',(0.,1.,0.));
#4001 = PLANE('',#4002);
#4002 = AXIS2_PLACEMENT_3D('',#4003,#4004,#4005);
#4003 = CARTESIAN_POINT('',(-0.3,-0.25,0.));
#4004 = DIRECTION('',(1.,0.,0.));
#4005 = DIRECTION('',(0.,0.,1.));
#4006 = ADVANCED_FACE('',(#4007),#4033,.T.);
#4007 = FACE_BOUND('',#4008,.T.);
#4008 = EDGE_LOOP('',(#4009,#4010,#4018,#4027));
#4009 = ORIENTED_EDGE('',*,*,#3934,.T.);
#4010 = ORIENTED_EDGE('',*,*,#4011,.T.);
#4011 = EDGE_CURVE('',#3937,#4012,#4014,.T.);
#4012 = VERTEX_POINT('',#4013);
#4013 = CARTESIAN_POINT('',(0.3,-0.21,2.E-02));
#4014 = LINE('',#4015,#4016);
#4015 = CARTESIAN_POINT('',(-0.3,-0.21,2.E-02));
#4016 = VECTOR('',#4017,1.);
#4017 = DIRECTION('',(1.,0.,0.));
#4018 = ORIENTED_EDGE('',*,*,#4019,.F.);
#4019 = EDGE_CURVE('',#4020,#4012,#4022,.T.);
#4020 = VERTEX_POINT('',#4021);
#4021 = CARTESIAN_POINT('',(0.3,-0.23,4.E-02));
#4022 = CIRCLE('',#4023,2.E-02);
#4023 = AXIS2_PLACEMENT_3D('',#4024,#4025,#4026);
#4024 = CARTESIAN_POINT('',(0.3,-0.21,4.E-02));
#4025 = DIRECTION('',(1.,0.,-0.));
#4026 = DIRECTION('',(0.,0.,1.));
#4027 = ORIENTED_EDGE('',*,*,#4028,.F.);
#4028 = EDGE_CURVE('',#3935,#4020,#4029,.T.);
#4029 = LINE('',#4030,#4031);
#4030 = CARTESIAN_POINT('',(-0.3,-0.23,4.E-02));
#4031 = VECTOR('',#4032,1.);
#4032 = DIRECTION('',(1.,0.,0.));
#4033 = CYLINDRICAL_SURFACE('',#4034,2.E-02);
#4034 = AXIS2_PLACEMENT_3D('',#4035,#4036,#4037);
#4035 = CARTESIAN_POINT('',(-0.3,-0.21,4.E-02));
#4036 = DIRECTION('',(1.,0.,0.));
#4037 = DIRECTION('',(0.,-1.,0.));
#4038 = ADVANCED_FACE('',(#4039),#4057,.F.);
#4039 = FACE_BOUND('',#4040,.F.);
#4040 = EDGE_LOOP('',(#4041,#4042,#4043,#4051));
#4041 = ORIENTED_EDGE('',*,*,#3996,.F.);
#4042 = ORIENTED_EDGE('',*,*,#4011,.T.);
#4043 = ORIENTED_EDGE('',*,*,#4044,.T.);
#4044 = EDGE_CURVE('',#4012,#4045,#4047,.T.);
#4045 = VERTEX_POINT('',#4046);
#4046 = CARTESIAN_POINT('',(0.3,0.21,2.E-02));
#4047 = LINE('',#4048,#4049);
#4048 = CARTESIAN_POINT('',(0.3,-0.23,2.E-02));
#4049 = VECTOR('',#4050,1.);
#4050 = DIRECTION('',(0.,1.,0.));
#4051 = ORIENTED_EDGE('',*,*,#4052,.F.);
#4052 = EDGE_CURVE('',#3988,#4045,#4053,.T.);
#4053 = LINE('',#4054,#4055);
#4054 = CARTESIAN_POINT('',(-0.3,0.21,2.E-02));
#4055 = VECTOR('',#4056,1.);
#4056 = DIRECTION('',(1.,0.,0.));
#4057 = PLANE('',#4058);
#4058 = AXIS2_PLACEMENT_3D('',#4059,#4060,#4061);
#4059 = CARTESIAN_POINT('',(-0.3,-0.23,2.E-02));
#4060 = DIRECTION('',(0.,0.,1.));
#4061 = DIRECTION('',(1.,0.,-0.));
#4062 = ADVANCED_FACE('',(#4063),#4082,.T.);
#4063 = FACE_BOUND('',#4064,.T.);
#4064 = EDGE_LOOP('',(#4065,#4073,#4080,#4081));
#4065 = ORIENTED_EDGE('',*,*,#4066,.T.);
#4066 = EDGE_CURVE('',#3980,#4067,#4069,.T.);
#4067 = VERTEX_POINT('',#4068);
#4068 = CARTESIAN_POINT('',(0.3,0.23,4.E-02));
#4069 = LINE('',#4070,#4071);
#4070 = CARTESIAN_POINT('',(-0.3,0.23,4.E-02));
#4071 = VECTOR('',#4072,1.);
#4072 = DIRECTION('',(1.,0.,0.));
#4073 = ORIENTED_EDGE('',*,*,#4074,.T.);
#4074 = EDGE_CURVE('',#4067,#4045,#4075,.T.);
#4075 = CIRCLE('',#4076,2.E-02);
#4076 = AXIS2_PLACEMENT_3D('',#4077,#4078,#4079);
#4077 = CARTESIAN_POINT('',(0.3,0.21,4.E-02));
#4078 = DIRECTION('',(-1.,0.,0.));
#4079 = DIRECTION('',(0.,0.,1.));
#4080 = ORIENTED_EDGE('',*,*,#4052,.F.);
#4081 = ORIENTED_EDGE('',*,*,#3987,.F.);
#4082 = CYLINDRICAL_SURFACE('',#4083,2.E-02);
#4083 = AXIS2_PLACEMENT_3D('',#4084,#4085,#4086);
#4084 = CARTESIAN_POINT('',(-0.3,0.21,4.E-02));
#4085 = DIRECTION('',(1.,0.,0.));
#4086 = DIRECTION('',(-0.,1.,0.));
#4087 = ADVANCED_FACE('',(#4088),#4106,.T.);
#4088 = FACE_BOUND('',#4089,.T.);
#4089 = EDGE_LOOP('',(#4090,#4098,#4099,#4100));
#4090 = ORIENTED_EDGE('',*,*,#4091,.F.);
#4091 = EDGE_CURVE('',#4067,#4092,#4094,.T.);
#4092 = VERTEX_POINT('',#4093);
#4093 = CARTESIAN_POINT('',(0.3,0.23,0.46));
#4094 = LINE('',#4095,#4096);
#4095 = CARTESIAN_POINT('',(0.3,0.23,2.E-02));
#4096 = VECTOR('',#4097,1.);
#4097 = DIRECTION('',(0.,0.,1.));
#4098 = ORIENTED_EDGE('',*,*,#4066,.F.);
#4099 = ORIENTED_EDGE('',*,*,#3979,.T.);
#4100 = ORIENTED_EDGE('',*,*,#4101,.T.);
#4101 = EDGE_CURVE('',#3971,#4092,#4102,.T.);
#4102 = LINE('',#4103,#4104);
#4103 = CARTESIAN_POINT('',(-0.3,0.23,0.46));
#4104 = VECTOR('',#4105,1.);
#4105 = DIRECTION('',(1.,0.,0.));
#4106 = PLANE('',#4107);
#4107 = AXIS2_PLACEMENT_3D('',#4108,#4109,#4110);
#4108 = CARTESIAN_POINT('',(-0.3,0.23,2.E-02));
#4109 = DIRECTION('',(0.,1.,0.));
#4110 = DIRECTION('',(0.,-0.,1.));
#4111 = ADVANCED_FACE('',(#4112),#4131,.T.);
#4112 = FACE_BOUND('',#4113,.T.);
#4113 = EDGE_LOOP('',(#4114,#4115,#4123,#4130));
#4114 = ORIENTED_EDGE('',*,*,#3970,.T.);
#4115 = ORIENTED_EDGE('',*,*,#4116,.T.);
#4116 = EDGE_CURVE('',#3963,#4117,#4119,.T.);
#4117 = VERTEX_POINT('',#4118);
#4118 = CARTESIAN_POINT('',(0.3,0.21,0.48));
#4119 = LINE('',#4120,#4121);
#4120 = CARTESIAN_POINT('',(-0.3,0.21,0.48));
#4121 = VECTOR('',#4122,1.);
#4122 = DIRECTION('',(1.,0.,0.));
#4123 = ORIENTED_EDGE('',*,*,#4124,.F.);
#4124 = EDGE_CURVE('',#4092,#4117,#4125,.T.);
#4125 = CIRCLE('',#4126,2.E-02);
#4126 = AXIS2_PLACEMENT_3D('',#4127,#4128,#4129);
#4127 = CARTESIAN_POINT('',(0.3,0.21,0.46));
#4128 = DIRECTION('',(1.,0.,-0.));
#4129 = DIRECTION('',(0.,0.,1.));
#4130 = ORIENTED_EDGE('',*,*,#4101,.F.);
#4131 = CYLINDRICAL_SURFACE('',#4132,2.E-02);
#4132 = AXIS2_PLACEMENT_3D('',#4133,#4134,#4135);
#4133 = CARTESIAN_POINT('',(-0.3,0.21,0.46));
#4134 = DIRECTION('',(1.,0.,0.));
#4135 = DIRECTION('',(-0.,1.,0.));
#4136 = ADVANCED_FACE('',(#4137),#4155,.T.);
#4137 = FACE_BOUND('',#4138,.T.);
#4138 = EDGE_LOOP('',(#4139,#4140,#4148,#4154));
#4139 = ORIENTED_EDGE('',*,*,#3962,.F.);
#4140 = ORIENTED_EDGE('',*,*,#4141,.T.);
#4141 = EDGE_CURVE('',#3954,#4142,#4144,.T.);
#4142 = VERTEX_POINT('',#4143);
#4143 = CARTESIAN_POINT('',(0.3,-0.21,0.48));
#4144 = LINE('',#4145,#4146);
#4145 = CARTESIAN_POINT('',(-0.3,-0.21,0.48));
#4146 = VECTOR('',#4147,1.);
#4147 = DIRECTION('',(1.,0.,0.));
#4148 = ORIENTED_EDGE('',*,*,#4149,.T.);
#4149 = EDGE_CURVE('',#4142,#4117,#4150,.T.);
#4150 = LINE('',#4151,#4152);
#4151 = CARTESIAN_POINT('',(0.3,-0.23,0.48));
#4152 = VECTOR('',#4153,1.);
#4153 = DIRECTION('',(0.,1.,0.));
#4154 = ORIENTED_EDGE('',*,*,#4116,.F.);
#4155 = PLANE('',#4156);
#4156 = AXIS2_PLACEMENT_3D('',#4157,#4158,#4159);
#4157 = CARTESIAN_POINT('',(-0.3,-0.23,0.48));
#4158 = DIRECTION('',(0.,0.,1.));
#4159 = DIRECTION('',(1.,0.,-0.));
#4160 = ADVANCED_FACE('',(#4161),#4180,.T.);
#4161 = FACE_BOUND('',#4162,.T.);
#4162 = EDGE_LOOP('',(#4163,#4171,#4178,#4179));
#4163 = ORIENTED_EDGE('',*,*,#4164,.T.);
#4164 = EDGE_CURVE('',#3946,#4165,#4167,.T.);
#4165 = VERTEX_POINT('',#4166);
#4166 = CARTESIAN_POINT('',(0.3,-0.23,0.46));
#4167 = LINE('',#4168,#4169);
#4168 = CARTESIAN_POINT('',(-0.3,-0.23,0.46));
#4169 = VECTOR('',#4170,1.);
#4170 = DIRECTION('',(1.,0.,0.));
#4171 = ORIENTED_EDGE('',*,*,#4172,.T.);
#4172 = EDGE_CURVE('',#4165,#4142,#4173,.T.);
#4173 = CIRCLE('',#4174,2.E-02);
#4174 = AXIS2_PLACEMENT_3D('',#4175,#4176,#4177);
#4175 = CARTESIAN_POINT('',(0.3,-0.21,0.46));
#4176 = DIRECTION('',(-1.,0.,0.));
#4177 = DIRECTION('',(0.,0.,1.));
#4178 = ORIENTED_EDGE('',*,*,#4141,.F.);
#4179 = ORIENTED_EDGE('',*,*,#3953,.F.);
#4180 = CYLINDRICAL_SURFACE('',#4181,2.E-02);
#4181 = AXIS2_PLACEMENT_3D('',#4182,#4183,#4184);
#4182 = CARTESIAN_POINT('',(-0.3,-0.21,0.46));
#4183 = DIRECTION('',(1.,0.,0.));
#4184 = DIRECTION('',(0.,-1.,0.));
#4185 = ADVANCED_FACE('',(#4186),#4197,.F.);
#4186 = FACE_BOUND('',#4187,.F.);
#4187 = EDGE_LOOP('',(#4188,#4194,#4195,#4196));
#4188 = ORIENTED_EDGE('',*,*,#4189,.F.);
#4189 = EDGE_CURVE('',#4020,#4165,#4190,.T.);
#4190 = LINE('',#4191,#4192);
#4191 = CARTESIAN_POINT('',(0.3,-0.23,2.E-02));
#4192 = VECTOR('',#4193,1.);
#4193 = DIRECTION('',(0.,0.,1.));
#4194 = ORIENTED_EDGE('',*,*,#4028,.F.);
#4195 = ORIENTED_EDGE('',*,*,#3945,.T.);
#4196 = ORIENTED_EDGE('',*,*,#4164,.T.);
#4197 = PLANE('',#4198);
#4198 = AXIS2_PLACEMENT_3D('',#4199,#4200,#4201);
#4199 = CARTESIAN_POINT('',(-0.3,-0.23,2.E-02));
#4200 = DIRECTION('',(0.,1.,0.));
#4201 = DIRECTION('',(0.,-0.,1.));
#4202 = ADVANCED_FACE('',(#4203,#4273),#4283,.F.);
#4203 = FACE_BOUND('',#4204,.F.);
#4204 = EDGE_LOOP('',(#4205,#4215,#4224,#4232,#4241,#4249,#4258,#4266));
#4205 = ORIENTED_EDGE('',*,*,#4206,.F.);
#4206 = EDGE_CURVE('',#4207,#4209,#4211,.T.);
#4207 = VERTEX_POINT('',#4208);
#4208 = CARTESIAN_POINT('',(0.3,-0.25,2.E-02));
#4209 = VERTEX_POINT('',#4210);
#4210 = CARTESIAN_POINT('',(0.3,-0.25,0.48));
#4211 = LINE('',#4212,#4213);
#4212 = CARTESIAN_POINT('',(0.3,-0.25,0.));
#4213 = VECTOR('',#4214,1.);
#4214 = DIRECTION('',(0.,0.,1.));
#4215 = ORIENTED_EDGE('',*,*,#4216,.T.);
#4216 = EDGE_CURVE('',#4207,#4217,#4219,.T.);
#4217 = VERTEX_POINT('',#4218);
#4218 = CARTESIAN_POINT('',(0.3,-0.23,0.));
#4219 = CIRCLE('',#4220,2.E-02);
#4220 = AXIS2_PLACEMENT_3D('',#4221,#4222,#4223);
#4221 = CARTESIAN_POINT('',(0.3,-0.23,2.E-02));
#4222 = DIRECTION('',(1.,0.,-0.));
#4223 = DIRECTION('',(0.,0.,1.));
#4224 = ORIENTED_EDGE('',*,*,#4225,.T.);
#4225 = EDGE_CURVE('',#4217,#4226,#4228,.T.);
#4226 = VERTEX_POINT('',#4227);
#4227 = CARTESIAN_POINT('',(0.3,0.23,0.));
#4228 = LINE('',#4229,#4230);
#4229 = CARTESIAN_POINT('',(0.3,-0.25,0.));
#4230 = VECTOR('',#4231,1.);
#4231 = DIRECTION('',(0.,1.,0.));
#4232 = ORIENTED_EDGE('',*,*,#4233,.F.);
#4233 = EDGE_CURVE('',#4234,#4226,#4236,.T.);
#4234 = VERTEX_POINT('',#4235);
#4235 = CARTESIAN_POINT('',(0.3,0.25,2.E-02));
#4236 = CIRCLE('',#4237,2.E-02);
#4237 = AXIS2_PLACEMENT_3D('',#4238,#4239,#4240);
#4238 = CARTESIAN_POINT('',(0.3,0.23,2.E-02));
#4239 = DIRECTION('',(-1.,0.,0.));
#4240 = DIRECTION('',(0.,0.,1.));
#4241 = ORIENTED_EDGE('',*,*,#4242,.T.);
#4242 = EDGE_CURVE('',#4234,#4243,#4245,.T.);
#4243 = VERTEX_POINT('',#4244);
#4244 = CARTESIAN_POINT('',(0.3,0.25,0.48));
#4245 = LINE('',#4246,#4247);
#4246 = CARTESIAN_POINT('',(0.3,0.25,0.));
#4247 = VECTOR('',#4248,1.);
#4248 = DIRECTION('',(0.,0.,1.));
#4249 = ORIENTED_EDGE('',*,*,#4250,.T.);
#4250 = EDGE_CURVE('',#4243,#4251,#4253,.T.);
#4251 = VERTEX_POINT('',#4252);
#4252 = CARTESIAN_POINT('',(0.3,0.23,0.5));
#4253 = CIRCLE('',#4254,2.E-02);
#4254 = AXIS2_PLACEMENT_3D('',#4255,#4256,#4257);
#4255 = CARTESIAN_POINT('',(0.3,0.23,0.48));
#4256 = DIRECTION('',(1.,0.,-0.));
#4257 = DIRECTION('',(0.,0.,1.));
#4258 = ORIENTED_EDGE('',*,*,#4259,.F.);
#4259 = EDGE_CURVE('',#4260,#4251,#4262,.T.);
#4260 = VERTEX_POINT('',#4261);
#4261 = CARTESIAN_POINT('',(0.3,-0.23,0.5));
#4262 = LINE('',#4263,#4264);
#4263 = CARTESIAN_POINT('',(0.3,-0.25,0.5));
#4264 = VECTOR('',#4265,1.);
#4265 = DIRECTION('',(0.,1.,0.));
#4266 = ORIENTED_EDGE('',*,*,#4267,.F.);
#4267 = EDGE_CURVE('',#4209,#4260,#4268,.T.);
#4268 = CIRCLE('',#4269,2.E-02);
#4269 = AXIS2_PLACEMENT_3D('',#4270,#4271,#4272);
#4270 = CARTESIAN_POINT('',(0.3,-0.23,0.48));
#4271 = DIRECTION('',(-1.,0.,0.));
#4272 = DIRECTION('',(0.,0.,1.));
#4273 = FACE_BOUND('',#4274,.F.);
#4274 = EDGE_LOOP('',(#4275,#4276,#4277,#4278,#4279,#4280,#4281,#4282));
#4275 = ORIENTED_EDGE('',*,*,#4019,.F.);
#4276 = ORIENTED_EDGE('',*,*,#4189,.T.);
#4277 = ORIENTED_EDGE('',*,*,#4172,.T.);
#4278 = ORIENTED_EDGE('',*,*,#4149,.T.);
#4279 = ORIENTED_EDGE('',*,*,#4124,.F.);
#4280 = ORIENTED_EDGE('',*,*,#4091,.F.);
#4281 = ORIENTED_EDGE('',*,*,#4074,.T.);
#4282 = ORIENTED_EDGE('',*,*,#4044,.F.);
#4283 = PLANE('',#4284);
#4284 = AXIS2_PLACEMENT_3D('',#4285,#4286,#4287);
#4285 = CARTESIAN_POINT('',(0.3,-0.25,0.));
#4286 = DIRECTION('',(1.,0.,0.));
#4287 = DIRECTION('',(0.,0.,1.));
#4288 = ADVANCED_FACE('',(#4289),#4314,.F.);
#4289 = FACE_BOUND('',#4290,.F.);
#4290 = EDGE_LOOP('',(#4291,#4301,#4307,#4308));
#4291 = ORIENTED_EDGE('',*,*,#4292,.F.);
#4292 = EDGE_CURVE('',#4293,#4295,#4297,.T.);
#4293 = VERTEX_POINT('',#4294);
#4294 = CARTESIAN_POINT('',(0.5,-0.25,2.E-02));
#4295 = VERTEX_POINT('',#4296);
#4296 = CARTESIAN_POINT('',(0.5,-0.25,0.48));
#4297 = LINE('',#4298,#4299);
#4298 = CARTESIAN_POINT('',(0.5,-0.25,0.));
#4299 = VECTOR('',#4300,1.);
#4300 = DIRECTION('',(0.,0.,1.));
#4301 = ORIENTED_EDGE('',*,*,#4302,.F.);
#4302 = EDGE_CURVE('',#4207,#4293,#4303,.T.);
#4303 = LINE('',#4304,#4305);
#4304 = CARTESIAN_POINT('',(0.3,-0.25,2.E-02));
#4305 = VECTOR('',#4306,1.);
#4306 = DIRECTION('',(1.,0.,0.));
#4307 = ORIENTED_EDGE('',*,*,#4206,.T.);
#4308 = ORIENTED_EDGE('',*,*,#4309,.T.);
#4309 = EDGE_CURVE('',#4209,#4295,#4310,.T.);
#4310 = LINE('',#4311,#4312);
#4311 = CARTESIAN_POINT('',(0.3,-0.25,0.48));
#4312 = VECTOR('',#4313,1.);
#4313 = DIRECTION('',(1.,0.,0.));
#4314 = PLANE('',#4315);
#4315 = AXIS2_PLACEMENT_3D('',#4316,#4317,#4318);
#4316 = CARTESIAN_POINT('',(0.3,-0.25,0.));
#4317 = DIRECTION('',(0.,1.,0.));
#4318 = DIRECTION('',(0.,-0.,1.));
#4319 = ADVANCED_FACE('',(#4320),#4339,.T.);
#4320 = FACE_BOUND('',#4321,.T.);
#4321 = EDGE_LOOP('',(#4322,#4323,#4331,#4338));
#4322 = ORIENTED_EDGE('',*,*,#4216,.T.);
#4323 = ORIENTED_EDGE('',*,*,#4324,.T.);
#4324 = EDGE_CURVE('',#4217,#4325,#4327,.T.);
#4325 = VERTEX_POINT('',#4326);
#4326 = CARTESIAN_POINT('',(0.5,-0.23,0.));
#4327 = LINE('',#4328,#4329);
#4328 = CARTESIAN_POINT('',(0.3,-0.23,0.));
#4329 = VECTOR('',#4330,1.);
#4330 = DIRECTION('',(1.,0.,0.));
#4331 = ORIENTED_EDGE('',*,*,#4332,.F.);
#4332 = EDGE_CURVE('',#4293,#4325,#4333,.T.);
#4333 = CIRCLE('',#4334,2.E-02);
#4334 = AXIS2_PLACEMENT_3D('',#4335,#4336,#4337);
#4335 = CARTESIAN_POINT('',(0.5,-0.23,2.E-02));
#4336 = DIRECTION('',(1.,0.,-0.));
#4337 = DIRECTION('',(0.,0.,1.));
#4338 = ORIENTED_EDGE('',*,*,#4302,.F.);
#4339 = CYLINDRICAL_SURFACE('',#4340,2.E-02);
#4340 = AXIS2_PLACEMENT_3D('',#4341,#4342,#4343);
#4341 = CARTESIAN_POINT('',(0.3,-0.23,2.E-02));
#4342 = DIRECTION('',(1.,0.,0.));
#4343 = DIRECTION('',(0.,-1.,0.));
#4344 = ADVANCED_FACE('',(#4345),#4364,.T.);
#4345 = FACE_BOUND('',#4346,.T.);
#4346 = EDGE_LOOP('',(#4347,#4348,#4357,#4363));
#4347 = ORIENTED_EDGE('',*,*,#4309,.T.);
#4348 = ORIENTED_EDGE('',*,*,#4349,.T.);
#4349 = EDGE_CURVE('',#4295,#4350,#4352,.T.);
#4350 = VERTEX_POINT('',#4351);
#4351 = CARTESIAN_POINT('',(0.5,-0.23,0.5));
#4352 = CIRCLE('',#4353,2.E-02);
#4353 = AXIS2_PLACEMENT_3D('',#4354,#4355,#4356);
#4354 = CARTESIAN_POINT('',(0.5,-0.23,0.48));
#4355 = DIRECTION('',(-1.,0.,0.));
#4356 = DIRECTION('',(0.,0.,1.));
#4357 = ORIENTED_EDGE('',*,*,#4358,.F.);
#4358 = EDGE_CURVE('',#4260,#4350,#4359,.T.);
#4359 = LINE('',#4360,#4361);
#4360 = CARTESIAN_POINT('',(0.3,-0.23,0.5));
#4361 = VECTOR('',#4362,1.);
#4362 = DIRECTION('',(1.,0.,0.));
#4363 = ORIENTED_EDGE('',*,*,#4267,.F.);
#4364 = CYLINDRICAL_SURFACE('',#4365,2.E-02);
#4365 = AXIS2_PLACEMENT_3D('',#4366,#4367,#4368);
#4366 = CARTESIAN_POINT('',(0.3,-0.23,0.48));
#4367 = DIRECTION('',(1.,0.,0.));
#4368 = DIRECTION('',(0.,-1.,0.));
#4369 = ADVANCED_FACE('',(#4370),#4388,.F.);
#4370 = FACE_BOUND('',#4371,.F.);
#4371 = EDGE_LOOP('',(#4372,#4373,#4374,#4382));
#4372 = ORIENTED_EDGE('',*,*,#4225,.F.);
#4373 = ORIENTED_EDGE('',*,*,#4324,.T.);
#4374 = ORIENTED_EDGE('',*,*,#4375,.T.);
#4375 = EDGE_CURVE('',#4325,#4376,#4378,.T.);
#4376 = VERTEX_POINT('',#4377);
#4377 = CARTESIAN_POINT('',(0.5,0.23,0.));
#4378 = LINE('',#4379,#4380);
#4379 = CARTESIAN_POINT('',(0.5,-0.25,0.));
#4380 = VECTOR('',#4381,1.);
#4381 = DIRECTION('',(0.,1.,0.));
#4382 = ORIENTED_EDGE('',*,*,#4383,.F.);
#4383 = EDGE_CURVE('',#4226,#4376,#4384,.T.);
#4384 = LINE('',#4385,#4386);
#4385 = CARTESIAN_POINT('',(0.3,0.23,0.));
#4386 = VECTOR('',#4387,1.);
#4387 = DIRECTION('',(1.,0.,0.));
#4388 = PLANE('',#4389);
#4389 = AXIS2_PLACEMENT_3D('',#4390,#4391,#4392);
#4390 = CARTESIAN_POINT('',(0.3,-0.25,0.));
#4391 = DIRECTION('',(0.,0.,1.));
#4392 = DIRECTION('',(1.,0.,-0.));
#4393 = ADVANCED_FACE('',(#4394),#4412,.T.);
#4394 = FACE_BOUND('',#4395,.T.);
#4395 = EDGE_LOOP('',(#4396,#4397,#4398,#4406));
#4396 = ORIENTED_EDGE('',*,*,#4259,.F.);
#4397 = ORIENTED_EDGE('',*,*,#4358,.T.);
#4398 = ORIENTED_EDGE('',*,*,#4399,.T.);
#4399 = EDGE_CURVE('',#4350,#4400,#4402,.T.);
#4400 = VERTEX_POINT('',#4401);
#4401 = CARTESIAN_POINT('',(0.5,0.23,0.5));
#4402 = LINE('',#4403,#4404);
#4403 = CARTESIAN_POINT('',(0.5,-0.25,0.5));
#4404 = VECTOR('',#4405,1.);
#4405 = DIRECTION('',(0.,1.,0.));
#4406 = ORIENTED_EDGE('',*,*,#4407,.F.);
#4407 = EDGE_CURVE('',#4251,#4400,#4408,.T.);
#4408 = LINE('',#4409,#4410);
#4409 = CARTESIAN_POINT('',(0.3,0.23,0.5));
#4410 = VECTOR('',#4411,1.);
#4411 = DIRECTION('',(1.,0.,0.));
#4412 = PLANE('',#4413);
#4413 = AXIS2_PLACEMENT_3D('',#4414,#4415,#4416);
#4414 = CARTESIAN_POINT('',(0.3,-0.25,0.5));
#4415 = DIRECTION('',(0.,0.,1.));
#4416 = DIRECTION('',(1.,0.,-0.));
#4417 = ADVANCED_FACE('',(#4418),#4437,.T.);
#4418 = FACE_BOUND('',#4419,.T.);
#4419 = EDGE_LOOP('',(#4420,#4428,#4435,#4436));
#4420 = ORIENTED_EDGE('',*,*,#4421,.T.);
#4421 = EDGE_CURVE('',#4234,#4422,#4424,.T.);
#4422 = VERTEX_POINT('',#4423);
#4423 = CARTESIAN_POINT('',(0.5,0.25,2.E-02));
#4424 = LINE('',#4425,#4426);
#4425 = CARTESIAN_POINT('',(0.3,0.25,2.E-02));
#4426 = VECTOR('',#4427,1.);
#4427 = DIRECTION('',(1.,0.,0.));
#4428 = ORIENTED_EDGE('',*,*,#4429,.T.);
#4429 = EDGE_CURVE('',#4422,#4376,#4430,.T.);
#4430 = CIRCLE('',#4431,2.E-02);
#4431 = AXIS2_PLACEMENT_3D('',#4432,#4433,#4434);
#4432 = CARTESIAN_POINT('',(0.5,0.23,2.E-02));
#4433 = DIRECTION('',(-1.,0.,0.));
#4434 = DIRECTION('',(0.,0.,1.));
#4435 = ORIENTED_EDGE('',*,*,#4383,.F.);
#4436 = ORIENTED_EDGE('',*,*,#4233,.F.);
#4437 = CYLINDRICAL_SURFACE('',#4438,2.E-02);
#4438 = AXIS2_PLACEMENT_3D('',#4439,#4440,#4441);
#4439 = CARTESIAN_POINT('',(0.3,0.23,2.E-02));
#4440 = DIRECTION('',(1.,0.,0.));
#4441 = DIRECTION('',(-0.,1.,0.));
#4442 = ADVANCED_FACE('',(#4443),#4462,.T.);
#4443 = FACE_BOUND('',#4444,.T.);
#4444 = EDGE_LOOP('',(#4445,#4446,#4447,#4456));
#4445 = ORIENTED_EDGE('',*,*,#4250,.T.);
#4446 = ORIENTED_EDGE('',*,*,#4407,.T.);
#4447 = ORIENTED_EDGE('',*,*,#4448,.F.);
#4448 = EDGE_CURVE('',#4449,#4400,#4451,.T.);
#4449 = VERTEX_POINT('',#4450);
#4450 = CARTESIAN_POINT('',(0.5,0.25,0.48));
#4451 = CIRCLE('',#4452,2.E-02);
#4452 = AXIS2_PLACEMENT_3D('',#4453,#4454,#4455);
#4453 = CARTESIAN_POINT('',(0.5,0.23,0.48));
#4454 = DIRECTION('',(1.,0.,-0.));
#4455 = DIRECTION('',(0.,0.,1.));
#4456 = ORIENTED_EDGE('',*,*,#4457,.F.);
#4457 = EDGE_CURVE('',#4243,#4449,#4458,.T.);
#4458 = LINE('',#4459,#4460);
#4459 = CARTESIAN_POINT('',(0.3,0.25,0.48));
#4460 = VECTOR('',#4461,1.);
#4461 = DIRECTION('',(1.,0.,0.));
#4462 = CYLINDRICAL_SURFACE('',#4463,2.E-02);
#4463 = AXIS2_PLACEMENT_3D('',#4464,#4465,#4466);
#4464 = CARTESIAN_POINT('',(0.3,0.23,0.48));
#4465 = DIRECTION('',(1.,0.,0.));
#4466 = DIRECTION('',(-0.,1.,0.));
#4467 = ADVANCED_FACE('',(#4468),#4479,.T.);
#4468 = FACE_BOUND('',#4469,.T.);
#4469 = EDGE_LOOP('',(#4470,#4476,#4477,#4478));
#4470 = ORIENTED_EDGE('',*,*,#4471,.F.);
#4471 = EDGE_CURVE('',#4422,#4449,#4472,.T.);
#4472 = LINE('',#4473,#4474);
#4473 = CARTESIAN_POINT('',(0.5,0.25,0.));
#4474 = VECTOR('',#4475,1.);
#4475 = DIRECTION('',(0.,0.,1.));
#4476 = ORIENTED_EDGE('',*,*,#4421,.F.);
#4477 = ORIENTED_EDGE('',*,*,#4242,.T.);
#4478 = ORIENTED_EDGE('',*,*,#4457,.T.);
#4479 = PLANE('',#4480);
#4480 = AXIS2_PLACEMENT_3D('',#4481,#4482,#4483);
#4481 = CARTESIAN_POINT('',(0.3,0.25,0.));
#4482 = DIRECTION('',(0.,1.,0.));
#4483 = DIRECTION('',(0.,-0.,1.));
#4484 = ADVANCED_FACE('',(#4485),#4495,.T.);
#4485 = FACE_BOUND('',#4486,.T.);
#4486 = EDGE_LOOP('',(#4487,#4488,#4489,#4490,#4491,#4492,#4493,#4494));
#4487 = ORIENTED_EDGE('',*,*,#4292,.F.);
#4488 = ORIENTED_EDGE('',*,*,#4332,.T.);
#4489 = ORIENTED_EDGE('',*,*,#4375,.T.);
#4490 = ORIENTED_EDGE('',*,*,#4429,.F.);
#4491 = ORIENTED_EDGE('',*,*,#4471,.T.);
#4492 = ORIENTED_EDGE('',*,*,#4448,.T.);
#4493 = ORIENTED_EDGE('',*,*,#4399,.F.);
#4494 = ORIENTED_EDGE('',*,*,#4349,.F.);
#4495 = PLANE('',#4496);
#4496 = AXIS2_PLACEMENT_3D('',#4497,#4498,#4499);
#4497 = CARTESIAN_POINT('',(0.5,-0.25,0.));
#4498 = DIRECTION('',(1.,0.,0.));
#4499 = DIRECTION('',(0.,0.,1.));
#4500 = ( GEOMETRIC_REPRESENTATION_CONTEXT(3) 
GLOBAL_UNCERTAINTY_ASSIGNED_CONTEXT((#4504)) 
GLOBAL_UNIT_ASSIGNED_CONTEXT((#4501,#4502,#4503)) REPRESENTATION_CONTEXT
('Context #1','3D Context with UNIT and UNCERTAINTY') );
#4501 = ( LENGTH_UNIT() NAMED_UNIT(*) SI_UNIT(.MILLI.,.METRE.) );
#4502 = ( NAMED_UNIT(*) PLANE_ANGLE_UNIT() SI_UNIT($,.RADIAN.) );
#4503 = ( NAMED_UNIT(*) SI_UNIT($,.STERADIAN.) SOLID_ANGLE_UNIT() );
#4504 = UNCERTAINTY_MEASURE_WITH_UNIT(LENGTH_MEASURE(1.E-07),#4501,
  'distance_accuracy_value','confusion accuracy');
#4505 = CONTEXT_DEPENDENT_SHAPE_REPRESENTATION(#4506,#4508);
#4506 = ( REPRESENTATION_RELATIONSHIP('','',#3645,#10) 
REPRESENTATION_RELATIONSHIP_WITH_TRANSFORMATION(#4507) 
SHAPE_REPRESENTATION_RELATIONSHIP() );
#4507 = ITEM_DEFINED_TRANSFORMATION('','',#11,#19);
#4508 = PRODUCT_DEFINITION_SHAPE('Placement','Placement of an item',
  #4509);
#4509 = NEXT_ASSEMBLY_USAGE_OCCURRENCE('2','C26','',#5,#3640,$);
#4510 = PRODUCT_RELATED_PRODUCT_CATEGORY('part',$,(#3642));
#4511 = CONTEXT_DEPENDENT_SHAPE_REPRESENTATION(#4512,#4514);
#4512 = ( REPRESENTATION_RELATIONSHIP('','',#3645,#10) 
REPRESENTATION_RELATIONSHIP_WITH_TRANSFORMATION(#4513) 
SHAPE_REPRESENTATION_RELATIONSHIP() );
#4513 = ITEM_DEFINED_TRANSFORMATION('','',#11,#23);
#4514 = PRODUCT_DEFINITION_SHAPE('Placement','Placement of an item',
  #4515);
#4515 = NEXT_ASSEMBLY_USAGE_OCCURRENCE('3','C22','',#5,#3640,$);
#4516 = SHAPE_DEFINITION_REPRESENTATION(#4517,#4523);
#4517 = PRODUCT_DEFINITION_SHAPE('','',#4518);
#4518 = PRODUCT_DEFINITION('design','',#4519,#4522);
#4519 = PRODUCT_DEFINITION_FORMATION('','',#4520);
#4520 = PRODUCT('R_0402_1005Metric','R_0402_1005Metric','',(#4521));
#4521 = PRODUCT_CONTEXT('',#2,'mechanical');
#4522 = PRODUCT_DEFINITION_CONTEXT('part definition',#2,'design');
#4523 = ADVANCED_BREP_SHAPE_REPRESENTATION('',(#11,#4524),#5314);
#4524 = MANIFOLD_SOLID_BREP('',#4525);
#4525 = CLOSED_SHELL('',(#4526,#4566,#4649,#4674,#4699,#4766,#4783,#4800
    ,#4849,#4866,#4883,#4932,#4949,#5018,#5049,#5073,#5142,#5166,#5183,
    #5200,#5217,#5234,#5251,#5268,#5285,#5302));
#4526 = ADVANCED_FACE('',(#4527),#4561,.F.);
#4527 = FACE_BOUND('',#4528,.F.);
#4528 = EDGE_LOOP('',(#4529,#4539,#4547,#4555));
#4529 = ORIENTED_EDGE('',*,*,#4530,.F.);
#4530 = EDGE_CURVE('',#4531,#4533,#4535,.T.);
#4531 = VERTEX_POINT('',#4532);
#4532 = CARTESIAN_POINT('',(-0.5,-0.25,3.5E-02));
#4533 = VERTEX_POINT('',#4534);
#4534 = CARTESIAN_POINT('',(-0.5,-0.25,0.315));
#4535 = LINE('',#4536,#4537);
#4536 = CARTESIAN_POINT('',(-0.5,-0.25,0.));
#4537 = VECTOR('',#4538,1.);
#4538 = DIRECTION('',(0.,0.,1.));
#4539 = ORIENTED_EDGE('',*,*,#4540,.T.);
#4540 = EDGE_CURVE('',#4531,#4541,#4543,.T.);
#4541 = VERTEX_POINT('',#4542);
#4542 = CARTESIAN_POINT('',(-0.5,0.25,3.5E-02));
#4543 = LINE('',#4544,#4545);
#4544 = CARTESIAN_POINT('',(-0.5,-0.25,3.5E-02));
#4545 = VECTOR('',#4546,1.);
#4546 = DIRECTION('',(0.,1.,0.));
#4547 = ORIENTED_EDGE('',*,*,#4548,.T.);
#4548 = EDGE_CURVE('',#4541,#4549,#4551,.T.);
#4549 = VERTEX_POINT('',#4550);
#4550 = CARTESIAN_POINT('',(-0.5,0.25,0.315));
#4551 = LINE('',#4552,#4553);
#4552 = CARTESIAN_POINT('',(-0.5,0.25,0.));
#4553 = VECTOR('',#4554,1.);
#4554 = DIRECTION('',(0.,0.,1.));
#4555 = ORIENTED_EDGE('',*,*,#4556,.F.);
#4556 = EDGE_CURVE('',#4533,#4549,#4557,.T.);
#4557 = LINE('',#4558,#4559);
#4558 = CARTESIAN_POINT('',(-0.5,-0.25,0.315));
#4559 = VECTOR('',#4560,1.);
#4560 = DIRECTION('',(0.,1.,0.));
#4561 = PLANE('',#4562);
#4562 = AXIS2_PLACEMENT_3D('',#4563,#4564,#4565);
#4563 = CARTESIAN_POINT('',(-0.5,-0.25,0.));
#4564 = DIRECTION('',(1.,0.,0.));
#4565 = DIRECTION('',(0.,0.,1.));
#4566 = ADVANCED_FACE('',(#4567),#4644,.F.);
#4567 = FACE_BOUND('',#4568,.F.);
#4568 = EDGE_LOOP('',(#4569,#4579,#4586,#4587,#4596,#4604,#4613,#4621,
    #4629,#4637));
#4569 = ORIENTED_EDGE('',*,*,#4570,.F.);
#4570 = EDGE_CURVE('',#4571,#4573,#4575,.T.);
#4571 = VERTEX_POINT('',#4572);
#4572 = CARTESIAN_POINT('',(-0.465,-0.25,-2.775557561563E-17));
#4573 = VERTEX_POINT('',#4574);
#4574 = CARTESIAN_POINT('',(-0.335,-0.25,-2.775557561563E-17));
#4575 = LINE('',#4576,#4577);
#4576 = CARTESIAN_POINT('',(-0.5,-0.25,0.));
#4577 = VECTOR('',#4578,1.);
#4578 = DIRECTION('',(1.,0.,0.));
#4579 = ORIENTED_EDGE('',*,*,#4580,.F.);
#4580 = EDGE_CURVE('',#4531,#4571,#4581,.T.);
#4581 = CIRCLE('',#4582,3.5E-02);
#4582 = AXIS2_PLACEMENT_3D('',#4583,#4584,#4585);
#4583 = CARTESIAN_POINT('',(-0.465,-0.25,3.5E-02));
#4584 = DIRECTION('',(0.,-1.,0.));
#4585 = DIRECTION('',(0.,0.,1.));
#4586 = ORIENTED_EDGE('',*,*,#4530,.T.);
#4587 = ORIENTED_EDGE('',*,*,#4588,.T.);
#4588 = EDGE_CURVE('',#4533,#4589,#4591,.T.);
#4589 = VERTEX_POINT('',#4590);
#4590 = CARTESIAN_POINT('',(-0.465,-0.25,0.35));
#4591 = CIRCLE('',#4592,3.5E-02);
#4592 = AXIS2_PLACEMENT_3D('',#4593,#4594,#4595);
#4593 = CARTESIAN_POINT('',(-0.465,-0.25,0.315));
#4594 = DIRECTION('',(0.,1.,0.));
#4595 = DIRECTION('',(0.,-0.,1.));
#4596 = ORIENTED_EDGE('',*,*,#4597,.T.);
#4597 = EDGE_CURVE('',#4589,#4598,#4600,.T.);
#4598 = VERTEX_POINT('',#4599);
#4599 = CARTESIAN_POINT('',(-0.335,-0.25,0.35));
#4600 = LINE('',#4601,#4602);
#4601 = CARTESIAN_POINT('',(-0.5,-0.25,0.35));
#4602 = VECTOR('',#4603,1.);
#4603 = DIRECTION('',(1.,0.,0.));
#4604 = ORIENTED_EDGE('',*,*,#4605,.F.);
#4605 = EDGE_CURVE('',#4606,#4598,#4608,.T.);
#4606 = VERTEX_POINT('',#4607);
#4607 = CARTESIAN_POINT('',(-0.3,-0.25,0.315));
#4608 = CIRCLE('',#4609,3.5E-02);
#4609 = AXIS2_PLACEMENT_3D('',#4610,#4611,#4612);
#4610 = CARTESIAN_POINT('',(-0.335,-0.25,0.315));
#4611 = DIRECTION('',(0.,-1.,0.));
#4612 = DIRECTION('',(0.,0.,1.));
#4613 = ORIENTED_EDGE('',*,*,#4614,.F.);
#4614 = EDGE_CURVE('',#4615,#4606,#4617,.T.);
#4615 = VERTEX_POINT('',#4616);
#4616 = CARTESIAN_POINT('',(-0.465,-0.25,0.315));
#4617 = LINE('',#4618,#4619);
#4618 = CARTESIAN_POINT('',(-0.465,-0.25,0.315));
#4619 = VECTOR('',#4620,1.);
#4620 = DIRECTION('',(1.,0.,0.));
#4621 = ORIENTED_EDGE('',*,*,#4622,.F.);
#4622 = EDGE_CURVE('',#4623,#4615,#4625,.T.);
#4623 = VERTEX_POINT('',#4624);
#4624 = CARTESIAN_POINT('',(-0.465,-0.25,3.5E-02));
#4625 = LINE('',#4626,#4627);
#4626 = CARTESIAN_POINT('',(-0.465,-0.25,3.5E-02));
#4627 = VECTOR('',#4628,1.);
#4628 = DIRECTION('',(0.,0.,1.));
#4629 = ORIENTED_EDGE('',*,*,#4630,.T.);
#4630 = EDGE_CURVE('',#4623,#4631,#4633,.T.);
#4631 = VERTEX_POINT('',#4632);
#4632 = CARTESIAN_POINT('',(-0.3,-0.25,3.5E-02));
#4633 = LINE('',#4634,#4635);
#4634 = CARTESIAN_POINT('',(-0.465,-0.25,3.5E-02));
#4635 = VECTOR('',#4636,1.);
#4636 = DIRECTION('',(1.,0.,0.));
#4637 = ORIENTED_EDGE('',*,*,#4638,.T.);
#4638 = EDGE_CURVE('',#4631,#4573,#4639,.T.);
#4639 = CIRCLE('',#4640,3.5E-02);
#4640 = AXIS2_PLACEMENT_3D('',#4641,#4642,#4643);
#4641 = CARTESIAN_POINT('',(-0.335,-0.25,3.5E-02));
#4642 = DIRECTION('',(0.,1.,0.));
#4643 = DIRECTION('',(0.,-0.,1.));
#4644 = PLANE('',#4645);
#4645 = AXIS2_PLACEMENT_3D('',#4646,#4647,#4648);
#4646 = CARTESIAN_POINT('',(-0.5,-0.25,0.));
#4647 = DIRECTION('',(0.,1.,0.));
#4648 = DIRECTION('',(0.,-0.,1.));
#4649 = ADVANCED_FACE('',(#4650),#4669,.T.);
#4650 = FACE_BOUND('',#4651,.T.);
#4651 = EDGE_LOOP('',(#4652,#4653,#4662,#4668));
#4652 = ORIENTED_EDGE('',*,*,#4540,.T.);
#4653 = ORIENTED_EDGE('',*,*,#4654,.T.);
#4654 = EDGE_CURVE('',#4541,#4655,#4657,.T.);
#4655 = VERTEX_POINT('',#4656);
#4656 = CARTESIAN_POINT('',(-0.465,0.25,-2.775557561563E-17));
#4657 = CIRCLE('',#4658,3.5E-02);
#4658 = AXIS2_PLACEMENT_3D('',#4659,#4660,#4661);
#4659 = CARTESIAN_POINT('',(-0.465,0.25,3.5E-02));
#4660 = DIRECTION('',(0.,-1.,0.));
#4661 = DIRECTION('',(0.,0.,1.));
#4662 = ORIENTED_EDGE('',*,*,#4663,.F.);
#4663 = EDGE_CURVE('',#4571,#4655,#4664,.T.);
#4664 = LINE('',#4665,#4666);
#4665 = CARTESIAN_POINT('',(-0.465,-0.25,-2.775557561563E-17));
#4666 = VECTOR('',#4667,1.);
#4667 = DIRECTION('',(0.,1.,0.));
#4668 = ORIENTED_EDGE('',*,*,#4580,.F.);
#4669 = CYLINDRICAL_SURFACE('',#4670,3.5E-02);
#4670 = AXIS2_PLACEMENT_3D('',#4671,#4672,#4673);
#4671 = CARTESIAN_POINT('',(-0.465,-0.25,3.5E-02));
#4672 = DIRECTION('',(0.,1.,0.));
#4673 = DIRECTION('',(-1.,0.,0.));
#4674 = ADVANCED_FACE('',(#4675),#4694,.T.);
#4675 = FACE_BOUND('',#4676,.T.);
#4676 = EDGE_LOOP('',(#4677,#4678,#4686,#4693));
#4677 = ORIENTED_EDGE('',*,*,#4588,.T.);
#4678 = ORIENTED_EDGE('',*,*,#4679,.T.);
#4679 = EDGE_CURVE('',#4589,#4680,#4682,.T.);
#4680 = VERTEX_POINT('',#4681);
#4681 = CARTESIAN_POINT('',(-0.465,0.25,0.35));
#4682 = LINE('',#4683,#4684);
#4683 = CARTESIAN_POINT('',(-0.465,-0.25,0.35));
#4684 = VECTOR('',#4685,1.);
#4685 = DIRECTION('',(0.,1.,0.));
#4686 = ORIENTED_EDGE('',*,*,#4687,.F.);
#4687 = EDGE_CURVE('',#4549,#4680,#4688,.T.);
#4688 = CIRCLE('',#4689,3.5E-02);
#4689 = AXIS2_PLACEMENT_3D('',#4690,#4691,#4692);
#4690 = CARTESIAN_POINT('',(-0.465,0.25,0.315));
#4691 = DIRECTION('',(0.,1.,0.));
#4692 = DIRECTION('',(0.,-0.,1.));
#4693 = ORIENTED_EDGE('',*,*,#4556,.F.);
#4694 = CYLINDRICAL_SURFACE('',#4695,3.5E-02);
#4695 = AXIS2_PLACEMENT_3D('',#4696,#4697,#4698);
#4696 = CARTESIAN_POINT('',(-0.465,-0.25,0.315));
#4697 = DIRECTION('',(0.,1.,0.));
#4698 = DIRECTION('',(-1.,0.,0.));
#4699 = ADVANCED_FACE('',(#4700),#4761,.T.);
#4700 = FACE_BOUND('',#4701,.T.);
#4701 = EDGE_LOOP('',(#4702,#4710,#4711,#4712,#4713,#4721,#4730,#4738,
    #4746,#4754));
#4702 = ORIENTED_EDGE('',*,*,#4703,.F.);
#4703 = EDGE_CURVE('',#4655,#4704,#4706,.T.);
#4704 = VERTEX_POINT('',#4705);
#4705 = CARTESIAN_POINT('',(-0.335,0.25,-2.775557561563E-17));
#4706 = LINE('',#4707,#4708);
#4707 = CARTESIAN_POINT('',(-0.5,0.25,0.));
#4708 = VECTOR('',#4709,1.);
#4709 = DIRECTION('',(1.,0.,0.));
#4710 = ORIENTED_EDGE('',*,*,#4654,.F.);
#4711 = ORIENTED_EDGE('',*,*,#4548,.T.);
#4712 = ORIENTED_EDGE('',*,*,#4687,.T.);
#4713 = ORIENTED_EDGE('',*,*,#4714,.T.);
#4714 = EDGE_CURVE('',#4680,#4715,#4717,.T.);
#4715 = VERTEX_POINT('',#4716);
#4716 = CARTESIAN_POINT('',(-0.335,0.25,0.35));
#4717 = LINE('',#4718,#4719);
#4718 = CARTESIAN_POINT('',(-0.5,0.25,0.35));
#4719 = VECTOR('',#4720,1.);
#4720 = DIRECTION('',(1.,0.,0.));
#4721 = ORIENTED_EDGE('',*,*,#4722,.F.);
#4722 = EDGE_CURVE('',#4723,#4715,#4725,.T.);
#4723 = VERTEX_POINT('',#4724);
#4724 = CARTESIAN_POINT('',(-0.3,0.25,0.315));
#4725 = CIRCLE('',#4726,3.5E-02);
#4726 = AXIS2_PLACEMENT_3D('',#4727,#4728,#4729);
#4727 = CARTESIAN_POINT('',(-0.335,0.25,0.315));
#4728 = DIRECTION('',(0.,-1.,0.));
#4729 = DIRECTION('',(0.,0.,1.));
#4730 = ORIENTED_EDGE('',*,*,#4731,.F.);
#4731 = EDGE_CURVE('',#4732,#4723,#4734,.T.);
#4732 = VERTEX_POINT('',#4733);
#4733 = CARTESIAN_POINT('',(-0.465,0.25,0.315));
#4734 = LINE('',#4735,#4736);
#4735 = CARTESIAN_POINT('',(-0.465,0.25,0.315));
#4736 = VECTOR('',#4737,1.);
#4737 = DIRECTION('',(1.,0.,0.));
#4738 = ORIENTED_EDGE('',*,*,#4739,.F.);
#4739 = EDGE_CURVE('',#4740,#4732,#4742,.T.);
#4740 = VERTEX_POINT('',#4741);
#4741 = CARTESIAN_POINT('',(-0.465,0.25,3.5E-02));
#4742 = LINE('',#4743,#4744);
#4743 = CARTESIAN_POINT('',(-0.465,0.25,3.5E-02));
#4744 = VECTOR('',#4745,1.);
#4745 = DIRECTION('',(0.,0.,1.));
#4746 = ORIENTED_EDGE('',*,*,#4747,.T.);
#4747 = EDGE_CURVE('',#4740,#4748,#4750,.T.);
#4748 = VERTEX_POINT('',#4749);
#4749 = CARTESIAN_POINT('',(-0.3,0.25,3.5E-02));
#4750 = LINE('',#4751,#4752);
#4751 = CARTESIAN_POINT('',(-0.465,0.25,3.5E-02));
#4752 = VECTOR('',#4753,1.);
#4753 = DIRECTION('',(1.,0.,0.));
#4754 = ORIENTED_EDGE('',*,*,#4755,.T.);
#4755 = EDGE_CURVE('',#4748,#4704,#4756,.T.);
#4756 = CIRCLE('',#4757,3.5E-02);
#4757 = AXIS2_PLACEMENT_3D('',#4758,#4759,#4760);
#4758 = CARTESIAN_POINT('',(-0.335,0.25,3.5E-02));
#4759 = DIRECTION('',(0.,1.,0.));
#4760 = DIRECTION('',(0.,-0.,1.));
#4761 = PLANE('',#4762);
#4762 = AXIS2_PLACEMENT_3D('',#4763,#4764,#4765);
#4763 = CARTESIAN_POINT('',(-0.5,0.25,0.));
#4764 = DIRECTION('',(0.,1.,0.));
#4765 = DIRECTION('',(0.,-0.,1.));
#4766 = ADVANCED_FACE('',(#4767),#4778,.F.);
#4767 = FACE_BOUND('',#4768,.F.);
#4768 = EDGE_LOOP('',(#4769,#4770,#4771,#4772));
#4769 = ORIENTED_EDGE('',*,*,#4703,.F.);
#4770 = ORIENTED_EDGE('',*,*,#4663,.F.);
#4771 = ORIENTED_EDGE('',*,*,#4570,.T.);
#4772 = ORIENTED_EDGE('',*,*,#4773,.T.);
#4773 = EDGE_CURVE('',#4573,#4704,#4774,.T.);
#4774 = LINE('',#4775,#4776);
#4775 = CARTESIAN_POINT('',(-0.335,-0.25,-2.775557561563E-17));
#4776 = VECTOR('',#4777,1.);
#4777 = DIRECTION('',(0.,1.,0.));
#4778 = PLANE('',#4779);
#4779 = AXIS2_PLACEMENT_3D('',#4780,#4781,#4782);
#4780 = CARTESIAN_POINT('',(-0.5,-0.25,0.));
#4781 = DIRECTION('',(0.,0.,1.));
#4782 = DIRECTION('',(1.,0.,-0.));
#4783 = ADVANCED_FACE('',(#4784),#4795,.T.);
#4784 = FACE_BOUND('',#4785,.T.);
#4785 = EDGE_LOOP('',(#4786,#4787,#4788,#4789));
#4786 = ORIENTED_EDGE('',*,*,#4638,.T.);
#4787 = ORIENTED_EDGE('',*,*,#4773,.T.);
#4788 = ORIENTED_EDGE('',*,*,#4755,.F.);
#4789 = ORIENTED_EDGE('',*,*,#4790,.F.);
#4790 = EDGE_CURVE('',#4631,#4748,#4791,.T.);
#4791 = LINE('',#4792,#4793);
#4792 = CARTESIAN_POINT('',(-0.3,-0.25,3.5E-02));
#4793 = VECTOR('',#4794,1.);
#4794 = DIRECTION('',(0.,1.,0.));
#4795 = CYLINDRICAL_SURFACE('',#4796,3.5E-02);
#4796 = AXIS2_PLACEMENT_3D('',#4797,#4798,#4799);
#4797 = CARTESIAN_POINT('',(-0.335,-0.25,3.5E-02));
#4798 = DIRECTION('',(0.,1.,0.));
#4799 = DIRECTION('',(1.,0.,0.));
#4800 = ADVANCED_FACE('',(#4801),#4844,.F.);
#4801 = FACE_BOUND('',#4802,.F.);
#4802 = EDGE_LOOP('',(#4803,#4804,#4805,#4806,#4814,#4822,#4830,#4838));
#4803 = ORIENTED_EDGE('',*,*,#4630,.F.);
#4804 = ORIENTED_EDGE('',*,*,#4622,.T.);
#4805 = ORIENTED_EDGE('',*,*,#4614,.T.);
#4806 = ORIENTED_EDGE('',*,*,#4807,.T.);
#4807 = EDGE_CURVE('',#4606,#4808,#4810,.T.);
#4808 = VERTEX_POINT('',#4809);
#4809 = CARTESIAN_POINT('',(0.3,-0.25,0.315));
#4810 = LINE('',#4811,#4812);
#4811 = CARTESIAN_POINT('',(-0.3,-0.25,0.315));
#4812 = VECTOR('',#4813,1.);
#4813 = DIRECTION('',(1.,0.,0.));
#4814 = ORIENTED_EDGE('',*,*,#4815,.T.);
#4815 = EDGE_CURVE('',#4808,#4816,#4818,.T.);
#4816 = VERTEX_POINT('',#4817);
#4817 = CARTESIAN_POINT('',(0.465,-0.25,0.315));
#4818 = LINE('',#4819,#4820);
#4819 = CARTESIAN_POINT('',(-0.465,-0.25,0.315));
#4820 = VECTOR('',#4821,1.);
#4821 = DIRECTION('',(1.,0.,0.));
#4822 = ORIENTED_EDGE('',*,*,#4823,.F.);
#4823 = EDGE_CURVE('',#4824,#4816,#4826,.T.);
#4824 = VERTEX_POINT('',#4825);
#4825 = CARTESIAN_POINT('',(0.465,-0.25,3.5E-02));
#4826 = LINE('',#4827,#4828);
#4827 = CARTESIAN_POINT('',(0.465,-0.25,3.5E-02));
#4828 = VECTOR('',#4829,1.);
#4829 = DIRECTION('',(0.,0.,1.));
#4830 = ORIENTED_EDGE('',*,*,#4831,.F.);
#4831 = EDGE_CURVE('',#4832,#4824,#4834,.T.);
#4832 = VERTEX_POINT('',#4833);
#4833 = CARTESIAN_POINT('',(0.3,-0.25,3.5E-02));
#4834 = LINE('',#4835,#4836);
#4835 = CARTESIAN_POINT('',(-0.465,-0.25,3.5E-02));
#4836 = VECTOR('',#4837,1.);
#4837 = DIRECTION('',(1.,0.,0.));
#4838 = ORIENTED_EDGE('',*,*,#4839,.F.);
#4839 = EDGE_CURVE('',#4631,#4832,#4840,.T.);
#4840 = LINE('',#4841,#4842);
#4841 = CARTESIAN_POINT('',(-0.465,-0.25,3.5E-02));
#4842 = VECTOR('',#4843,1.);
#4843 = DIRECTION('',(1.,0.,0.));
#4844 = PLANE('',#4845);
#4845 = AXIS2_PLACEMENT_3D('',#4846,#4847,#4848);
#4846 = CARTESIAN_POINT('',(-0.465,-0.25,3.5E-02));
#4847 = DIRECTION('',(0.,1.,0.));
#4848 = DIRECTION('',(0.,-0.,1.));
#4849 = ADVANCED_FACE('',(#4850),#4861,.T.);
#4850 = FACE_BOUND('',#4851,.T.);
#4851 = EDGE_LOOP('',(#4852,#4853,#4854,#4855));
#4852 = ORIENTED_EDGE('',*,*,#4714,.F.);
#4853 = ORIENTED_EDGE('',*,*,#4679,.F.);
#4854 = ORIENTED_EDGE('',*,*,#4597,.T.);
#4855 = ORIENTED_EDGE('',*,*,#4856,.T.);
#4856 = EDGE_CURVE('',#4598,#4715,#4857,.T.);
#4857 = LINE('',#4858,#4859);
#4858 = CARTESIAN_POINT('',(-0.335,-0.25,0.35));
#4859 = VECTOR('',#4860,1.);
#4860 = DIRECTION('',(0.,1.,0.));
#4861 = PLANE('',#4862);
#4862 = AXIS2_PLACEMENT_3D('',#4863,#4864,#4865);
#4863 = CARTESIAN_POINT('',(-0.5,-0.25,0.35));
#4864 = DIRECTION('',(0.,0.,1.));
#4865 = DIRECTION('',(1.,0.,-0.));
#4866 = ADVANCED_FACE('',(#4867),#4878,.T.);
#4867 = FACE_BOUND('',#4868,.T.);
#4868 = EDGE_LOOP('',(#4869,#4875,#4876,#4877));
#4869 = ORIENTED_EDGE('',*,*,#4870,.T.);
#4870 = EDGE_CURVE('',#4606,#4723,#4871,.T.);
#4871 = LINE('',#4872,#4873);
#4872 = CARTESIAN_POINT('',(-0.3,-0.25,0.315));
#4873 = VECTOR('',#4874,1.);
#4874 = DIRECTION('',(0.,1.,0.));
#4875 = ORIENTED_EDGE('',*,*,#4722,.T.);
#4876 = ORIENTED_EDGE('',*,*,#4856,.F.);
#4877 = ORIENTED_EDGE('',*,*,#4605,.F.);
#4878 = CYLINDRICAL_SURFACE('',#4879,3.5E-02);
#4879 = AXIS2_PLACEMENT_3D('',#4880,#4881,#4882);
#4880 = CARTESIAN_POINT('',(-0.335,-0.25,0.315));
#4881 = DIRECTION('',(0.,1.,0.));
#4882 = DIRECTION('',(1.,0.,0.));
#4883 = ADVANCED_FACE('',(#4884),#4927,.T.);
#4884 = FACE_BOUND('',#4885,.T.);
#4885 = EDGE_LOOP('',(#4886,#4887,#4888,#4889,#4897,#4905,#4913,#4921));
#4886 = ORIENTED_EDGE('',*,*,#4747,.F.);
#4887 = ORIENTED_EDGE('',*,*,#4739,.T.);
#4888 = ORIENTED_EDGE('',*,*,#4731,.T.);
#4889 = ORIENTED_EDGE('',*,*,#4890,.T.);
#4890 = EDGE_CURVE('',#4723,#4891,#4893,.T.);
#4891 = VERTEX_POINT('',#4892);
#4892 = CARTESIAN_POINT('',(0.3,0.25,0.315));
#4893 = LINE('',#4894,#4895);
#4894 = CARTESIAN_POINT('',(-0.3,0.25,0.315));
#4895 = VECTOR('',#4896,1.);
#4896 = DIRECTION('',(1.,0.,0.));
#4897 = ORIENTED_EDGE('',*,*,#4898,.T.);
#4898 = EDGE_CURVE('',#4891,#4899,#4901,.T.);
#4899 = VERTEX_POINT('',#4900);
#4900 = CARTESIAN_POINT('',(0.465,0.25,0.315));
#4901 = LINE('',#4902,#4903);
#4902 = CARTESIAN_POINT('',(-0.465,0.25,0.315));
#4903 = VECTOR('',#4904,1.);
#4904 = DIRECTION('',(1.,0.,0.));
#4905 = ORIENTED_EDGE('',*,*,#4906,.F.);
#4906 = EDGE_CURVE('',#4907,#4899,#4909,.T.);
#4907 = VERTEX_POINT('',#4908);
#4908 = CARTESIAN_POINT('',(0.465,0.25,3.5E-02));
#4909 = LINE('',#4910,#4911);
#4910 = CARTESIAN_POINT('',(0.465,0.25,3.5E-02));
#4911 = VECTOR('',#4912,1.);
#4912 = DIRECTION('',(0.,0.,1.));
#4913 = ORIENTED_EDGE('',*,*,#4914,.F.);
#4914 = EDGE_CURVE('',#4915,#4907,#4917,.T.);
#4915 = VERTEX_POINT('',#4916);
#4916 = CARTESIAN_POINT('',(0.3,0.25,3.5E-02));
#4917 = LINE('',#4918,#4919);
#4918 = CARTESIAN_POINT('',(-0.465,0.25,3.5E-02));
#4919 = VECTOR('',#4920,1.);
#4920 = DIRECTION('',(1.,0.,0.));
#4921 = ORIENTED_EDGE('',*,*,#4922,.F.);
#4922 = EDGE_CURVE('',#4748,#4915,#4923,.T.);
#4923 = LINE('',#4924,#4925);
#4924 = CARTESIAN_POINT('',(-0.465,0.25,3.5E-02));
#4925 = VECTOR('',#4926,1.);
#4926 = DIRECTION('',(1.,0.,0.));
#4927 = PLANE('',#4928);
#4928 = AXIS2_PLACEMENT_3D('',#4929,#4930,#4931);
#4929 = CARTESIAN_POINT('',(-0.465,0.25,3.5E-02));
#4930 = DIRECTION('',(0.,1.,0.));
#4931 = DIRECTION('',(0.,-0.,1.));
#4932 = ADVANCED_FACE('',(#4933),#4944,.F.);
#4933 = FACE_BOUND('',#4934,.F.);
#4934 = EDGE_LOOP('',(#4935,#4936,#4937,#4943));
#4935 = ORIENTED_EDGE('',*,*,#4790,.F.);
#4936 = ORIENTED_EDGE('',*,*,#4839,.T.);
#4937 = ORIENTED_EDGE('',*,*,#4938,.T.);
#4938 = EDGE_CURVE('',#4832,#4915,#4939,.T.);
#4939 = LINE('',#4940,#4941);
#4940 = CARTESIAN_POINT('',(0.3,-0.25,3.5E-02));
#4941 = VECTOR('',#4942,1.);
#4942 = DIRECTION('',(0.,1.,0.));
#4943 = ORIENTED_EDGE('',*,*,#4922,.F.);
#4944 = PLANE('',#4945);
#4945 = AXIS2_PLACEMENT_3D('',#4946,#4947,#4948);
#4946 = CARTESIAN_POINT('',(-0.465,-0.25,3.5E-02));
#4947 = DIRECTION('',(0.,0.,1.));
#4948 = DIRECTION('',(1.,0.,-0.));
#4949 = ADVANCED_FACE('',(#4950),#5013,.F.);
#4950 = FACE_BOUND('',#4951,.F.);
#4951 = EDGE_LOOP('',(#4952,#4962,#4969,#4970,#4971,#4972,#4981,#4989,
    #4998,#5006));
#4952 = ORIENTED_EDGE('',*,*,#4953,.F.);
#4953 = EDGE_CURVE('',#4954,#4956,#4958,.T.);
#4954 = VERTEX_POINT('',#4955);
#4955 = CARTESIAN_POINT('',(0.335,-0.25,-2.775557561563E-17));
#4956 = VERTEX_POINT('',#4957);
#4957 = CARTESIAN_POINT('',(0.465,-0.25,-2.775557561563E-17));
#4958 = LINE('',#4959,#4960);
#4959 = CARTESIAN_POINT('',(0.3,-0.25,0.));
#4960 = VECTOR('',#4961,1.);
#4961 = DIRECTION('',(1.,0.,0.));
#4962 = ORIENTED_EDGE('',*,*,#4963,.F.);
#4963 = EDGE_CURVE('',#4832,#4954,#4964,.T.);
#4964 = CIRCLE('',#4965,3.5E-02);
#4965 = AXIS2_PLACEMENT_3D('',#4966,#4967,#4968);
#4966 = CARTESIAN_POINT('',(0.335,-0.25,3.5E-02));
#4967 = DIRECTION('',(0.,-1.,0.));
#4968 = DIRECTION('',(0.,0.,1.));
#4969 = ORIENTED_EDGE('',*,*,#4831,.T.);
#4970 = ORIENTED_EDGE('',*,*,#4823,.T.);
#4971 = ORIENTED_EDGE('',*,*,#4815,.F.);
#4972 = ORIENTED_EDGE('',*,*,#4973,.T.);
#4973 = EDGE_CURVE('',#4808,#4974,#4976,.T.);
#4974 = VERTEX_POINT('',#4975);
#4975 = CARTESIAN_POINT('',(0.335,-0.25,0.35));
#4976 = CIRCLE('',#4977,3.5E-02);
#4977 = AXIS2_PLACEMENT_3D('',#4978,#4979,#4980);
#4978 = CARTESIAN_POINT('',(0.335,-0.25,0.315));
#4979 = DIRECTION('',(0.,1.,0.));
#4980 = DIRECTION('',(0.,-0.,1.));
#4981 = ORIENTED_EDGE('',*,*,#4982,.T.);
#4982 = EDGE_CURVE('',#4974,#4983,#4985,.T.);
#4983 = VERTEX_POINT('',#4984);
#4984 = CARTESIAN_POINT('',(0.465,-0.25,0.35));
#4985 = LINE('',#4986,#4987);
#4986 = CARTESIAN_POINT('',(0.3,-0.25,0.35));
#4987 = VECTOR('',#4988,1.);
#4988 = DIRECTION('',(1.,0.,0.));
#4989 = ORIENTED_EDGE('',*,*,#4990,.F.);
#4990 = EDGE_CURVE('',#4991,#4983,#4993,.T.);
#4991 = VERTEX_POINT('',#4992);
#4992 = CARTESIAN_POINT('',(0.5,-0.25,0.315));
#4993 = CIRCLE('',#4994,3.5E-02);
#4994 = AXIS2_PLACEMENT_3D('',#4995,#4996,#4997);
#4995 = CARTESIAN_POINT('',(0.465,-0.25,0.315));
#4996 = DIRECTION('',(0.,-1.,0.));
#4997 = DIRECTION('',(0.,0.,1.));
#4998 = ORIENTED_EDGE('',*,*,#4999,.F.);
#4999 = EDGE_CURVE('',#5000,#4991,#5002,.T.);
#5000 = VERTEX_POINT('',#5001);
#5001 = CARTESIAN_POINT('',(0.5,-0.25,3.5E-02));
#5002 = LINE('',#5003,#5004);
#5003 = CARTESIAN_POINT('',(0.5,-0.25,0.));
#5004 = VECTOR('',#5005,1.);
#5005 = DIRECTION('',(0.,0.,1.));
#5006 = ORIENTED_EDGE('',*,*,#5007,.T.);
#5007 = EDGE_CURVE('',#5000,#4956,#5008,.T.);
#5008 = CIRCLE('',#5009,3.5E-02);
#5009 = AXIS2_PLACEMENT_3D('',#5010,#5011,#5012);
#5010 = CARTESIAN_POINT('',(0.465,-0.25,3.5E-02));
#5011 = DIRECTION('',(0.,1.,0.));
#5012 = DIRECTION('',(0.,-0.,1.));
#5013 = PLANE('',#5014);
#5014 = AXIS2_PLACEMENT_3D('',#5015,#5016,#5017);
#5015 = CARTESIAN_POINT('',(0.3,-0.25,0.));
#5016 = DIRECTION('',(0.,1.,0.));
#5017 = DIRECTION('',(0.,-0.,1.));
#5018 = ADVANCED_FACE('',(#5019),#5044,.F.);
#5019 = FACE_BOUND('',#5020,.F.);
#5020 = EDGE_LOOP('',(#5021,#5022,#5030,#5038));
#5021 = ORIENTED_EDGE('',*,*,#4807,.F.);
#5022 = ORIENTED_EDGE('',*,*,#5023,.T.);
#5023 = EDGE_CURVE('',#4606,#5024,#5026,.T.);
#5024 = VERTEX_POINT('',#5025);
#5025 = CARTESIAN_POINT('',(-0.3,-0.25,0.35));
#5026 = LINE('',#5027,#5028);
#5027 = CARTESIAN_POINT('',(-0.3,-0.25,0.315));
#5028 = VECTOR('',#5029,1.);
#5029 = DIRECTION('',(0.,0.,1.));
#5030 = ORIENTED_EDGE('',*,*,#5031,.T.);
#5031 = EDGE_CURVE('',#5024,#5032,#5034,.T.);
#5032 = VERTEX_POINT('',#5033);
#5033 = CARTESIAN_POINT('',(0.3,-0.25,0.35));
#5034 = LINE('',#5035,#5036);
#5035 = CARTESIAN_POINT('',(-0.3,-0.25,0.35));
#5036 = VECTOR('',#5037,1.);
#5037 = DIRECTION('',(1.,0.,0.));
#5038 = ORIENTED_EDGE('',*,*,#5039,.F.);
#5039 = EDGE_CURVE('',#4808,#5032,#5040,.T.);
#5040 = LINE('',#5041,#5042);
#5041 = CARTESIAN_POINT('',(0.3,-0.25,0.315));
#5042 = VECTOR('',#5043,1.);
#5043 = DIRECTION('',(0.,0.,1.));
#5044 = PLANE('',#5045);
#5045 = AXIS2_PLACEMENT_3D('',#5046,#5047,#5048);
#5046 = CARTESIAN_POINT('',(-0.3,-0.25,0.315));
#5047 = DIRECTION('',(0.,1.,0.));
#5048 = DIRECTION('',(0.,-0.,1.));
#5049 = ADVANCED_FACE('',(#5050),#5068,.F.);
#5050 = FACE_BOUND('',#5051,.F.);
#5051 = EDGE_LOOP('',(#5052,#5053,#5054,#5062));
#5052 = ORIENTED_EDGE('',*,*,#5023,.F.);
#5053 = ORIENTED_EDGE('',*,*,#4870,.T.);
#5054 = ORIENTED_EDGE('',*,*,#5055,.T.);
#5055 = EDGE_CURVE('',#4723,#5056,#5058,.T.);
#5056 = VERTEX_POINT('',#5057);
#5057 = CARTESIAN_POINT('',(-0.3,0.25,0.35));
#5058 = LINE('',#5059,#5060);
#5059 = CARTESIAN_POINT('',(-0.3,0.25,0.315));
#5060 = VECTOR('',#5061,1.);
#5061 = DIRECTION('',(0.,0.,1.));
#5062 = ORIENTED_EDGE('',*,*,#5063,.F.);
#5063 = EDGE_CURVE('',#5024,#5056,#5064,.T.);
#5064 = LINE('',#5065,#5066);
#5065 = CARTESIAN_POINT('',(-0.3,-0.25,0.35));
#5066 = VECTOR('',#5067,1.);
#5067 = DIRECTION('',(0.,1.,0.));
#5068 = PLANE('',#5069);
#5069 = AXIS2_PLACEMENT_3D('',#5070,#5071,#5072);
#5070 = CARTESIAN_POINT('',(-0.3,-0.25,0.315));
#5071 = DIRECTION('',(1.,0.,0.));
#5072 = DIRECTION('',(0.,0.,1.));
#5073 = ADVANCED_FACE('',(#5074),#5137,.T.);
#5074 = FACE_BOUND('',#5075,.T.);
#5075 = EDGE_LOOP('',(#5076,#5086,#5093,#5094,#5095,#5096,#5105,#5113,
    #5122,#5130));
#5076 = ORIENTED_EDGE('',*,*,#5077,.F.);
#5077 = EDGE_CURVE('',#5078,#5080,#5082,.T.);
#5078 = VERTEX_POINT('',#5079);
#5079 = CARTESIAN_POINT('',(0.335,0.25,-2.775557561563E-17));
#5080 = VERTEX_POINT('',#5081);
#5081 = CARTESIAN_POINT('',(0.465,0.25,-2.775557561563E-17));
#5082 = LINE('',#5083,#5084);
#5083 = CARTESIAN_POINT('',(0.3,0.25,0.));
#5084 = VECTOR('',#5085,1.);
#5085 = DIRECTION('',(1.,0.,0.));
#5086 = ORIENTED_EDGE('',*,*,#5087,.F.);
#5087 = EDGE_CURVE('',#4915,#5078,#5088,.T.);
#5088 = CIRCLE('',#5089,3.5E-02);
#5089 = AXIS2_PLACEMENT_3D('',#5090,#5091,#5092);
#5090 = CARTESIAN_POINT('',(0.335,0.25,3.5E-02));
#5091 = DIRECTION('',(0.,-1.,0.));
#5092 = DIRECTION('',(0.,0.,1.));
#5093 = ORIENTED_EDGE('',*,*,#4914,.T.);
#5094 = ORIENTED_EDGE('',*,*,#4906,.T.);
#5095 = ORIENTED_EDGE('',*,*,#4898,.F.);
#5096 = ORIENTED_EDGE('',*,*,#5097,.T.);
#5097 = EDGE_CURVE('',#4891,#5098,#5100,.T.);
#5098 = VERTEX_POINT('',#5099);
#5099 = CARTESIAN_POINT('',(0.335,0.25,0.35));
#5100 = CIRCLE('',#5101,3.5E-02);
#5101 = AXIS2_PLACEMENT_3D('',#5102,#5103,#5104);
#5102 = CARTESIAN_POINT('',(0.335,0.25,0.315));
#5103 = DIRECTION('',(0.,1.,0.));
#5104 = DIRECTION('',(0.,-0.,1.));
#5105 = ORIENTED_EDGE('',*,*,#5106,.T.);
#5106 = EDGE_CURVE('',#5098,#5107,#5109,.T.);
#5107 = VERTEX_POINT('',#5108);
#5108 = CARTESIAN_POINT('',(0.465,0.25,0.35));
#5109 = LINE('',#5110,#5111);
#5110 = CARTESIAN_POINT('',(0.3,0.25,0.35));
#5111 = VECTOR('',#5112,1.);
#5112 = DIRECTION('',(1.,0.,0.));
#5113 = ORIENTED_EDGE('',*,*,#5114,.F.);
#5114 = EDGE_CURVE('',#5115,#5107,#5117,.T.);
#5115 = VERTEX_POINT('',#5116);
#5116 = CARTESIAN_POINT('',(0.5,0.25,0.315));
#5117 = CIRCLE('',#5118,3.5E-02);
#5118 = AXIS2_PLACEMENT_3D('',#5119,#5120,#5121);
#5119 = CARTESIAN_POINT('',(0.465,0.25,0.315));
#5120 = DIRECTION('',(0.,-1.,0.));
#5121 = DIRECTION('',(0.,0.,1.));
#5122 = ORIENTED_EDGE('',*,*,#5123,.F.);
#5123 = EDGE_CURVE('',#5124,#5115,#5126,.T.);
#5124 = VERTEX_POINT('',#5125);
#5125 = CARTESIAN_POINT('',(0.5,0.25,3.5E-02));
#5126 = LINE('',#5127,#5128);
#5127 = CARTESIAN_POINT('',(0.5,0.25,0.));
#5128 = VECTOR('',#5129,1.);
#5129 = DIRECTION('',(0.,0.,1.));
#5130 = ORIENTED_EDGE('',*,*,#5131,.T.);
#5131 = EDGE_CURVE('',#5124,#5080,#5132,.T.);
#5132 = CIRCLE('',#5133,3.5E-02);
#5133 = AXIS2_PLACEMENT_3D('',#5134,#5135,#5136);
#5134 = CARTESIAN_POINT('',(0.465,0.25,3.5E-02));
#5135 = DIRECTION('',(0.,1.,0.));
#5136 = DIRECTION('',(0.,-0.,1.));
#5137 = PLANE('',#5138);
#5138 = AXIS2_PLACEMENT_3D('',#5139,#5140,#5141);
#5139 = CARTESIAN_POINT('',(0.3,0.25,0.));
#5140 = DIRECTION('',(0.,1.,0.));
#5141 = DIRECTION('',(0.,-0.,1.));
#5142 = ADVANCED_FACE('',(#5143),#5161,.T.);
#5143 = FACE_BOUND('',#5144,.T.);
#5144 = EDGE_LOOP('',(#5145,#5146,#5147,#5155));
#5145 = ORIENTED_EDGE('',*,*,#4890,.F.);
#5146 = ORIENTED_EDGE('',*,*,#5055,.T.);
#5147 = ORIENTED_EDGE('',*,*,#5148,.T.);
#5148 = EDGE_CURVE('',#5056,#5149,#5151,.T.);
#5149 = VERTEX_POINT('',#5150);
#5150 = CARTESIAN_POINT('',(0.3,0.25,0.35));
#5151 = LINE('',#5152,#5153);
#5152 = CARTESIAN_POINT('',(-0.3,0.25,0.35));
#5153 = VECTOR('',#5154,1.);
#5154 = DIRECTION('',(1.,0.,0.));
#5155 = ORIENTED_EDGE('',*,*,#5156,.F.);
#5156 = EDGE_CURVE('',#4891,#5149,#5157,.T.);
#5157 = LINE('',#5158,#5159);
#5158 = CARTESIAN_POINT('',(0.3,0.25,0.315));
#5159 = VECTOR('',#5160,1.);
#5160 = DIRECTION('',(0.,0.,1.));
#5161 = PLANE('',#5162);
#5162 = AXIS2_PLACEMENT_3D('',#5163,#5164,#5165);
#5163 = CARTESIAN_POINT('',(-0.3,0.25,0.315));
#5164 = DIRECTION('',(0.,1.,0.));
#5165 = DIRECTION('',(0.,-0.,1.));
#5166 = ADVANCED_FACE('',(#5167),#5178,.T.);
#5167 = FACE_BOUND('',#5168,.T.);
#5168 = EDGE_LOOP('',(#5169,#5170,#5171,#5177));
#5169 = ORIENTED_EDGE('',*,*,#4938,.T.);
#5170 = ORIENTED_EDGE('',*,*,#5087,.T.);
#5171 = ORIENTED_EDGE('',*,*,#5172,.F.);
#5172 = EDGE_CURVE('',#4954,#5078,#5173,.T.);
#5173 = LINE('',#5174,#5175);
#5174 = CARTESIAN_POINT('',(0.335,-0.25,-2.775557561563E-17));
#5175 = VECTOR('',#5176,1.);
#5176 = DIRECTION('',(0.,1.,0.));
#5177 = ORIENTED_EDGE('',*,*,#4963,.F.);
#5178 = CYLINDRICAL_SURFACE('',#5179,3.5E-02);
#5179 = AXIS2_PLACEMENT_3D('',#5180,#5181,#5182);
#5180 = CARTESIAN_POINT('',(0.335,-0.25,3.5E-02));
#5181 = DIRECTION('',(0.,1.,0.));
#5182 = DIRECTION('',(-1.,0.,0.));
#5183 = ADVANCED_FACE('',(#5184),#5195,.F.);
#5184 = FACE_BOUND('',#5185,.F.);
#5185 = EDGE_LOOP('',(#5186,#5187,#5188,#5189));
#5186 = ORIENTED_EDGE('',*,*,#5077,.F.);
#5187 = ORIENTED_EDGE('',*,*,#5172,.F.);
#5188 = ORIENTED_EDGE('',*,*,#4953,.T.);
#5189 = ORIENTED_EDGE('',*,*,#5190,.T.);
#5190 = EDGE_CURVE('',#4956,#5080,#5191,.T.);
#5191 = LINE('',#5192,#5193);
#5192 = CARTESIAN_POINT('',(0.465,-0.25,-2.775557561563E-17));
#5193 = VECTOR('',#5194,1.);
#5194 = DIRECTION('',(0.,1.,0.));
#5195 = PLANE('',#5196);
#5196 = AXIS2_PLACEMENT_3D('',#5197,#5198,#5199);
#5197 = CARTESIAN_POINT('',(0.3,-0.25,0.));
#5198 = DIRECTION('',(0.,0.,1.));
#5199 = DIRECTION('',(1.,0.,-0.));
#5200 = ADVANCED_FACE('',(#5201),#5212,.T.);
#5201 = FACE_BOUND('',#5202,.T.);
#5202 = EDGE_LOOP('',(#5203,#5204,#5205,#5206));
#5203 = ORIENTED_EDGE('',*,*,#5007,.T.);
#5204 = ORIENTED_EDGE('',*,*,#5190,.T.);
#5205 = ORIENTED_EDGE('',*,*,#5131,.F.);
#5206 = ORIENTED_EDGE('',*,*,#5207,.F.);
#5207 = EDGE_CURVE('',#5000,#5124,#5208,.T.);
#5208 = LINE('',#5209,#5210);
#5209 = CARTESIAN_POINT('',(0.5,-0.25,3.5E-02));
#5210 = VECTOR('',#5211,1.);
#5211 = DIRECTION('',(0.,1.,0.));
#5212 = CYLINDRICAL_SURFACE('',#5213,3.5E-02);
#5213 = AXIS2_PLACEMENT_3D('',#5214,#5215,#5216);
#5214 = CARTESIAN_POINT('',(0.465,-0.25,3.5E-02));
#5215 = DIRECTION('',(0.,1.,0.));
#5216 = DIRECTION('',(1.,0.,0.));
#5217 = ADVANCED_FACE('',(#5218),#5229,.T.);
#5218 = FACE_BOUND('',#5219,.T.);
#5219 = EDGE_LOOP('',(#5220,#5221,#5222,#5223));
#5220 = ORIENTED_EDGE('',*,*,#4999,.F.);
#5221 = ORIENTED_EDGE('',*,*,#5207,.T.);
#5222 = ORIENTED_EDGE('',*,*,#5123,.T.);
#5223 = ORIENTED_EDGE('',*,*,#5224,.F.);
#5224 = EDGE_CURVE('',#4991,#5115,#5225,.T.);
#5225 = LINE('',#5226,#5227);
#5226 = CARTESIAN_POINT('',(0.5,-0.25,0.315));
#5227 = VECTOR('',#5228,1.);
#5228 = DIRECTION('',(0.,1.,0.));
#5229 = PLANE('',#5230);
#5230 = AXIS2_PLACEMENT_3D('',#5231,#5232,#5233);
#5231 = CARTESIAN_POINT('',(0.5,-0.25,0.));
#5232 = DIRECTION('',(1.,0.,0.));
#5233 = DIRECTION('',(0.,0.,1.));
#5234 = ADVANCED_FACE('',(#5235),#5246,.T.);
#5235 = FACE_BOUND('',#5236,.T.);
#5236 = EDGE_LOOP('',(#5237,#5238,#5239,#5245));
#5237 = ORIENTED_EDGE('',*,*,#5224,.T.);
#5238 = ORIENTED_EDGE('',*,*,#5114,.T.);
#5239 = ORIENTED_EDGE('',*,*,#5240,.F.);
#5240 = EDGE_CURVE('',#4983,#5107,#5241,.T.);
#5241 = LINE('',#5242,#5243);
#5242 = CARTESIAN_POINT('',(0.465,-0.25,0.35));
#5243 = VECTOR('',#5244,1.);
#5244 = DIRECTION('',(0.,1.,0.));
#5245 = ORIENTED_EDGE('',*,*,#4990,.F.);
#5246 = CYLINDRICAL_SURFACE('',#5247,3.5E-02);
#5247 = AXIS2_PLACEMENT_3D('',#5248,#5249,#5250);
#5248 = CARTESIAN_POINT('',(0.465,-0.25,0.315));
#5249 = DIRECTION('',(0.,1.,0.));
#5250 = DIRECTION('',(1.,0.,0.));
#5251 = ADVANCED_FACE('',(#5252),#5263,.T.);
#5252 = FACE_BOUND('',#5253,.T.);
#5253 = EDGE_LOOP('',(#5254,#5255,#5261,#5262));
#5254 = ORIENTED_EDGE('',*,*,#5106,.F.);
#5255 = ORIENTED_EDGE('',*,*,#5256,.F.);
#5256 = EDGE_CURVE('',#4974,#5098,#5257,.T.);
#5257 = LINE('',#5258,#5259);
#5258 = CARTESIAN_POINT('',(0.335,-0.25,0.35));
#5259 = VECTOR('',#5260,1.);
#5260 = DIRECTION('',(0.,1.,0.));
#5261 = ORIENTED_EDGE('',*,*,#4982,.T.);
#5262 = ORIENTED_EDGE('',*,*,#5240,.T.);
#5263 = PLANE('',#5264);
#5264 = AXIS2_PLACEMENT_3D('',#5265,#5266,#5267);
#5265 = CARTESIAN_POINT('',(0.3,-0.25,0.35));
#5266 = DIRECTION('',(0.,0.,1.));
#5267 = DIRECTION('',(1.,0.,-0.));
#5268 = ADVANCED_FACE('',(#5269),#5280,.T.);
#5269 = FACE_BOUND('',#5270,.T.);
#5270 = EDGE_LOOP('',(#5271,#5272,#5273,#5274));
#5271 = ORIENTED_EDGE('',*,*,#4973,.T.);
#5272 = ORIENTED_EDGE('',*,*,#5256,.T.);
#5273 = ORIENTED_EDGE('',*,*,#5097,.F.);
#5274 = ORIENTED_EDGE('',*,*,#5275,.F.);
#5275 = EDGE_CURVE('',#4808,#4891,#5276,.T.);
#5276 = LINE('',#5277,#5278);
#5277 = CARTESIAN_POINT('',(0.3,-0.25,0.315));
#5278 = VECTOR('',#5279,1.);
#5279 = DIRECTION('',(0.,1.,0.));
#5280 = CYLINDRICAL_SURFACE('',#5281,3.5E-02);
#5281 = AXIS2_PLACEMENT_3D('',#5282,#5283,#5284);
#5282 = CARTESIAN_POINT('',(0.335,-0.25,0.315));
#5283 = DIRECTION('',(0.,1.,0.));
#5284 = DIRECTION('',(-1.,0.,0.));
#5285 = ADVANCED_FACE('',(#5286),#5297,.T.);
#5286 = FACE_BOUND('',#5287,.T.);
#5287 = EDGE_LOOP('',(#5288,#5289,#5290,#5291));
#5288 = ORIENTED_EDGE('',*,*,#5039,.F.);
#5289 = ORIENTED_EDGE('',*,*,#5275,.T.);
#5290 = ORIENTED_EDGE('',*,*,#5156,.T.);
#5291 = ORIENTED_EDGE('',*,*,#5292,.F.);
#5292 = EDGE_CURVE('',#5032,#5149,#5293,.T.);
#5293 = LINE('',#5294,#5295);
#5294 = CARTESIAN_POINT('',(0.3,-0.25,0.35));
#5295 = VECTOR('',#5296,1.);
#5296 = DIRECTION('',(0.,1.,0.));
#5297 = PLANE('',#5298);
#5298 = AXIS2_PLACEMENT_3D('',#5299,#5300,#5301);
#5299 = CARTESIAN_POINT('',(0.3,-0.25,0.315));
#5300 = DIRECTION('',(1.,0.,0.));
#5301 = DIRECTION('',(0.,0.,1.));
#5302 = ADVANCED_FACE('',(#5303),#5309,.T.);
#5303 = FACE_BOUND('',#5304,.T.);
#5304 = EDGE_LOOP('',(#5305,#5306,#5307,#5308));
#5305 = ORIENTED_EDGE('',*,*,#5063,.F.);
#5306 = ORIENTED_EDGE('',*,*,#5031,.T.);
#5307 = ORIENTED_EDGE('',*,*,#5292,.T.);
#5308 = ORIENTED_EDGE('',*,*,#5148,.F.);
#5309 = PLANE('',#5310);
#5310 = AXIS2_PLACEMENT_3D('',#5311,#5312,#5313);
#5311 = CARTESIAN_POINT('',(-0.3,-0.25,0.35));
#5312 = DIRECTION('',(0.,0.,1.));
#5313 = DIRECTION('',(1.,0.,-0.));
#5314 = ( GEOMETRIC_REPRESENTATION_CONTEXT(3) 
GLOBAL_UNCERTAINTY_ASSIGNED_CONTEXT((#5318)) 
GLOBAL_UNIT_ASSIGNED_CONTEXT((#5315,#5316,#5317)) REPRESENTATION_CONTEXT
('Context #1','3D Context with UNIT and UNCERTAINTY') );
#5315 = ( LENGTH_UNIT() NAMED_UNIT(*) SI_UNIT(.MILLI.,.METRE.) );
#5316 = ( NAMED_UNIT(*) PLANE_ANGLE_UNIT() SI_UNIT($,.RADIAN.) );
#5317 = ( NAMED_UNIT(*) SI_UNIT($,.STERADIAN.) SOLID_ANGLE_UNIT() );
#5318 = UNCERTAINTY_MEASURE_WITH_UNIT(LENGTH_MEASURE(1.E-07),#5315,
  'distance_accuracy_value','confusion accuracy');
#5319 = CONTEXT_DEPENDENT_SHAPE_REPRESENTATION(#5320,#5322);
#5320 = ( REPRESENTATION_RELATIONSHIP('','',#4523,#10) 
REPRESENTATION_RELATIONSHIP_WITH_TRANSFORMATION(#5321) 
SHAPE_REPRESENTATION_RELATIONSHIP() );
#5321 = ITEM_DEFINED_TRANSFORMATION('','',#11,#27);
#5322 = PRODUCT_DEFINITION_SHAPE('Placement','Placement of an item',
  #5323);
#5323 = NEXT_ASSEMBLY_USAGE_OCCURRENCE('4','R18','',#5,#4518,$);
#5324 = PRODUCT_RELATED_PRODUCT_CATEGORY('part',$,(#4520));
#5325 = CONTEXT_DEPENDENT_SHAPE_REPRESENTATION(#5326,#5328);
#5326 = ( REPRESENTATION_RELATIONSHIP('','',#3645,#10) 
REPRESENTATION_RELATIONSHIP_WITH_TRANSFORMATION(#5327) 
SHAPE_REPRESENTATION_RELATIONSHIP() );
#5327 = ITEM_DEFINED_TRANSFORMATION('','',#11,#31);
#5328 = PRODUCT_DEFINITION_SHAPE('Placement','Placement of an item',
  #5329);
#5329 = NEXT_ASSEMBLY_USAGE_OCCURRENCE('5','C20','',#5,#3640,$);
#5330 = SHAPE_DEFINITION_REPRESENTATION(#5331,#5337);
#5331 = PRODUCT_DEFINITION_SHAPE('','',#5332);
#5332 = PRODUCT_DEFINITION('design','',#5333,#5336);
#5333 = PRODUCT_DEFINITION_FORMATION('','',#5334);
#5334 = PRODUCT('L_0402_1005Metric','L_0402_1005Metric','',(#5335));
#5335 = PRODUCT_CONTEXT('',#2,'mechanical');
#5336 = PRODUCT_DEFINITION_CONTEXT('part definition',#2,'design');
#5337 = ADVANCED_BREP_SHAPE_REPRESENTATION('',(#11,#5338),#6192);
#5338 = MANIFOLD_SOLID_BREP('',#5339);
#5339 = CLOSED_SHELL('',(#5340,#5416,#5447,#5472,#5497,#5521,#5545,#5570
    ,#5595,#5612,#5698,#5730,#5754,#5779,#5803,#5828,#5852,#5877,#5894,
    #5980,#6011,#6036,#6061,#6085,#6109,#6134,#6159,#6176));
#5340 = ADVANCED_FACE('',(#5341),#5411,.F.);
#5341 = FACE_BOUND('',#5342,.F.);
#5342 = EDGE_LOOP('',(#5343,#5353,#5362,#5370,#5379,#5387,#5396,#5404));
#5343 = ORIENTED_EDGE('',*,*,#5344,.F.);
#5344 = EDGE_CURVE('',#5345,#5347,#5349,.T.);
#5345 = VERTEX_POINT('',#5346);
#5346 = CARTESIAN_POINT('',(-0.5,-0.25,2.E-02));
#5347 = VERTEX_POINT('',#5348);
#5348 = CARTESIAN_POINT('',(-0.5,-0.25,0.48));
#5349 = LINE('',#5350,#5351);
#5350 = CARTESIAN_POINT('',(-0.5,-0.25,0.));
#5351 = VECTOR('',#5352,1.);
#5352 = DIRECTION('',(0.,0.,1.));
#5353 = ORIENTED_EDGE('',*,*,#5354,.T.);
#5354 = EDGE_CURVE('',#5345,#5355,#5357,.T.);
#5355 = VERTEX_POINT('',#5356);
#5356 = CARTESIAN_POINT('',(-0.5,-0.23,0.));
#5357 = CIRCLE('',#5358,2.E-02);
#5358 = AXIS2_PLACEMENT_3D('',#5359,#5360,#5361);
#5359 = CARTESIAN_POINT('',(-0.5,-0.23,2.E-02));
#5360 = DIRECTION('',(1.,0.,-0.));
#5361 = DIRECTION('',(0.,0.,1.));
#5362 = ORIENTED_EDGE('',*,*,#5363,.T.);
#5363 = EDGE_CURVE('',#5355,#5364,#5366,.T.);
#5364 = VERTEX_POINT('',#5365);
#5365 = CARTESIAN_POINT('',(-0.5,0.23,0.));
#5366 = LINE('',#5367,#5368);
#5367 = CARTESIAN_POINT('',(-0.5,-0.25,0.));
#5368 = VECTOR('',#5369,1.);
#5369 = DIRECTION('',(0.,1.,0.));
#5370 = ORIENTED_EDGE('',*,*,#5371,.F.);
#5371 = EDGE_CURVE('',#5372,#5364,#5374,.T.);
#5372 = VERTEX_POINT('',#5373);
#5373 = CARTESIAN_POINT('',(-0.5,0.25,2.E-02));
#5374 = CIRCLE('',#5375,2.E-02);
#5375 = AXIS2_PLACEMENT_3D('',#5376,#5377,#5378);
#5376 = CARTESIAN_POINT('',(-0.5,0.23,2.E-02));
#5377 = DIRECTION('',(-1.,0.,0.));
#5378 = DIRECTION('',(0.,0.,1.));
#5379 = ORIENTED_EDGE('',*,*,#5380,.T.);
#5380 = EDGE_CURVE('',#5372,#5381,#5383,.T.);
#5381 = VERTEX_POINT('',#5382);
#5382 = CARTESIAN_POINT('',(-0.5,0.25,0.48));
#5383 = LINE('',#5384,#5385);
#5384 = CARTESIAN_POINT('',(-0.5,0.25,0.));
#5385 = VECTOR('',#5386,1.);
#5386 = DIRECTION('',(0.,0.,1.));
#5387 = ORIENTED_EDGE('',*,*,#5388,.T.);
#5388 = EDGE_CURVE('',#5381,#5389,#5391,.T.);
#5389 = VERTEX_POINT('',#5390);
#5390 = CARTESIAN_POINT('',(-0.5,0.23,0.5));
#5391 = CIRCLE('',#5392,2.E-02);
#5392 = AXIS2_PLACEMENT_3D('',#5393,#5394,#5395);
#5393 = CARTESIAN_POINT('',(-0.5,0.23,0.48));
#5394 = DIRECTION('',(1.,0.,-0.));
#5395 = DIRECTION('',(0.,0.,1.));
#5396 = ORIENTED_EDGE('',*,*,#5397,.F.);
#5397 = EDGE_CURVE('',#5398,#5389,#5400,.T.);
#5398 = VERTEX_POINT('',#5399);
#5399 = CARTESIAN_POINT('',(-0.5,-0.23,0.5));
#5400 = LINE('',#5401,#5402);
#5401 = CARTESIAN_POINT('',(-0.5,-0.25,0.5));
#5402 = VECTOR('',#5403,1.);
#5403 = DIRECTION('',(0.,1.,0.));
#5404 = ORIENTED_EDGE('',*,*,#5405,.F.);
#5405 = EDGE_CURVE('',#5347,#5398,#5406,.T.);
#5406 = CIRCLE('',#5407,2.E-02);
#5407 = AXIS2_PLACEMENT_3D('',#5408,#5409,#5410);
#5408 = CARTESIAN_POINT('',(-0.5,-0.23,0.48));
#5409 = DIRECTION('',(-1.,0.,0.));
#5410 = DIRECTION('',(0.,0.,1.));
#5411 = PLANE('',#5412);
#5412 = AXIS2_PLACEMENT_3D('',#5413,#5414,#5415);
#5413 = CARTESIAN_POINT('',(-0.5,-0.25,0.));
#5414 = DIRECTION('',(1.,0.,0.));
#5415 = DIRECTION('',(0.,0.,1.));
#5416 = ADVANCED_FACE('',(#5417),#5442,.F.);
#5417 = FACE_BOUND('',#5418,.F.);
#5418 = EDGE_LOOP('',(#5419,#5429,#5435,#5436));
#5419 = ORIENTED_EDGE('',*,*,#5420,.F.);
#5420 = EDGE_CURVE('',#5421,#5423,#5425,.T.);
#5421 = VERTEX_POINT('',#5422);
#5422 = CARTESIAN_POINT('',(-0.3,-0.25,2.E-02));
#5423 = VERTEX_POINT('',#5424);
#5424 = CARTESIAN_POINT('',(-0.3,-0.25,0.48));
#5425 = LINE('',#5426,#5427);
#5426 = CARTESIAN_POINT('',(-0.3,-0.25,0.));
#5427 = VECTOR('',#5428,1.);
#5428 = DIRECTION('',(0.,0.,1.));
#5429 = ORIENTED_EDGE('',*,*,#5430,.F.);
#5430 = EDGE_CURVE('',#5345,#5421,#5431,.T.);
#5431 = LINE('',#5432,#5433);
#5432 = CARTESIAN_POINT('',(-0.5,-0.25,2.E-02));
#5433 = VECTOR('',#5434,1.);
#5434 = DIRECTION('',(1.,0.,0.));
#5435 = ORIENTED_EDGE('',*,*,#5344,.T.);
#5436 = ORIENTED_EDGE('',*,*,#5437,.T.);
#5437 = EDGE_CURVE('',#5347,#5423,#5438,.T.);
#5438 = LINE('',#5439,#5440);
#5439 = CARTESIAN_POINT('',(-0.5,-0.25,0.48));
#5440 = VECTOR('',#5441,1.);
#5441 = DIRECTION('',(1.,0.,0.));
#5442 = PLANE('',#5443);
#5443 = AXIS2_PLACEMENT_3D('',#5444,#5445,#5446);
#5444 = CARTESIAN_POINT('',(-0.5,-0.25,0.));
#5445 = DIRECTION('',(0.,1.,0.));
#5446 = DIRECTION('',(0.,-0.,1.));
#5447 = ADVANCED_FACE('',(#5448),#5467,.T.);
#5448 = FACE_BOUND('',#5449,.T.);
#5449 = EDGE_LOOP('',(#5450,#5451,#5459,#5466));
#5450 = ORIENTED_EDGE('',*,*,#5354,.T.);
#5451 = ORIENTED_EDGE('',*,*,#5452,.T.);
#5452 = EDGE_CURVE('',#5355,#5453,#5455,.T.);
#5453 = VERTEX_POINT('',#5454);
#5454 = CARTESIAN_POINT('',(-0.3,-0.23,0.));
#5455 = LINE('',#5456,#5457);
#5456 = CARTESIAN_POINT('',(-0.5,-0.23,0.));
#5457 = VECTOR('',#5458,1.);
#5458 = DIRECTION('',(1.,0.,0.));
#5459 = ORIENTED_EDGE('',*,*,#5460,.F.);
#5460 = EDGE_CURVE('',#5421,#5453,#5461,.T.);
#5461 = CIRCLE('',#5462,2.E-02);
#5462 = AXIS2_PLACEMENT_3D('',#5463,#5464,#5465);
#5463 = CARTESIAN_POINT('',(-0.3,-0.23,2.E-02));
#5464 = DIRECTION('',(1.,0.,-0.));
#5465 = DIRECTION('',(0.,0.,1.));
#5466 = ORIENTED_EDGE('',*,*,#5430,.F.);
#5467 = CYLINDRICAL_SURFACE('',#5468,2.E-02);
#5468 = AXIS2_PLACEMENT_3D('',#5469,#5470,#5471);
#5469 = CARTESIAN_POINT('',(-0.5,-0.23,2.E-02));
#5470 = DIRECTION('',(1.,0.,0.));
#5471 = DIRECTION('',(0.,-1.,0.));
#5472 = ADVANCED_FACE('',(#5473),#5492,.T.);
#5473 = FACE_BOUND('',#5474,.T.);
#5474 = EDGE_LOOP('',(#5475,#5476,#5485,#5491));
#5475 = ORIENTED_EDGE('',*,*,#5437,.T.);
#5476 = ORIENTED_EDGE('',*,*,#5477,.T.);
#5477 = EDGE_CURVE('',#5423,#5478,#5480,.T.);
#5478 = VERTEX_POINT('',#5479);
#5479 = CARTESIAN_POINT('',(-0.3,-0.23,0.5));
#5480 = CIRCLE('',#5481,2.E-02);
#5481 = AXIS2_PLACEMENT_3D('',#5482,#5483,#5484);
#5482 = CARTESIAN_POINT('',(-0.3,-0.23,0.48));
#5483 = DIRECTION('',(-1.,0.,0.));
#5484 = DIRECTION('',(0.,0.,1.));
#5485 = ORIENTED_EDGE('',*,*,#5486,.F.);
#5486 = EDGE_CURVE('',#5398,#5478,#5487,.T.);
#5487 = LINE('',#5488,#5489);
#5488 = CARTESIAN_POINT('',(-0.5,-0.23,0.5));
#5489 = VECTOR('',#5490,1.);
#5490 = DIRECTION('',(1.,0.,0.));
#5491 = ORIENTED_EDGE('',*,*,#5405,.F.);
#5492 = CYLINDRICAL_SURFACE('',#5493,2.E-02);
#5493 = AXIS2_PLACEMENT_3D('',#5494,#5495,#5496);
#5494 = CARTESIAN_POINT('',(-0.5,-0.23,0.48));
#5495 = DIRECTION('',(1.,0.,0.));
#5496 = DIRECTION('',(0.,-1.,0.));
#5497 = ADVANCED_FACE('',(#5498),#5516,.F.);
#5498 = FACE_BOUND('',#5499,.F.);
#5499 = EDGE_LOOP('',(#5500,#5501,#5502,#5510));
#5500 = ORIENTED_EDGE('',*,*,#5363,.F.);
#5501 = ORIENTED_EDGE('',*,*,#5452,.T.);
#5502 = ORIENTED_EDGE('',*,*,#5503,.T.);
#5503 = EDGE_CURVE('',#5453,#5504,#5506,.T.);
#5504 = VERTEX_POINT('',#5505);
#5505 = CARTESIAN_POINT('',(-0.3,0.23,0.));
#5506 = LINE('',#5507,#5508);
#5507 = CARTESIAN_POINT('',(-0.3,-0.25,0.));
#5508 = VECTOR('',#5509,1.);
#5509 = DIRECTION('',(0.,1.,0.));
#5510 = ORIENTED_EDGE('',*,*,#5511,.F.);
#5511 = EDGE_CURVE('',#5364,#5504,#5512,.T.);
#5512 = LINE('',#5513,#5514);
#5513 = CARTESIAN_POINT('',(-0.5,0.23,0.));
#5514 = VECTOR('',#5515,1.);
#5515 = DIRECTION('',(1.,0.,0.));
#5516 = PLANE('',#5517);
#5517 = AXIS2_PLACEMENT_3D('',#5518,#5519,#5520);
#5518 = CARTESIAN_POINT('',(-0.5,-0.25,0.));
#5519 = DIRECTION('',(0.,0.,1.));
#5520 = DIRECTION('',(1.,0.,-0.));
#5521 = ADVANCED_FACE('',(#5522),#5540,.T.);
#5522 = FACE_BOUND('',#5523,.T.);
#5523 = EDGE_LOOP('',(#5524,#5525,#5526,#5534));
#5524 = ORIENTED_EDGE('',*,*,#5397,.F.);
#5525 = ORIENTED_EDGE('',*,*,#5486,.T.);
#5526 = ORIENTED_EDGE('',*,*,#5527,.T.);
#5527 = EDGE_CURVE('',#5478,#5528,#5530,.T.);
#5528 = VERTEX_POINT('',#5529);
#5529 = CARTESIAN_POINT('',(-0.3,0.23,0.5));
#5530 = LINE('',#5531,#5532);
#5531 = CARTESIAN_POINT('',(-0.3,-0.25,0.5));
#5532 = VECTOR('',#5533,1.);
#5533 = DIRECTION('',(0.,1.,0.));
#5534 = ORIENTED_EDGE('',*,*,#5535,.F.);
#5535 = EDGE_CURVE('',#5389,#5528,#5536,.T.);
#5536 = LINE('',#5537,#5538);
#5537 = CARTESIAN_POINT('',(-0.5,0.23,0.5));
#5538 = VECTOR('',#5539,1.);
#5539 = DIRECTION('',(1.,0.,0.));
#5540 = PLANE('',#5541);
#5541 = AXIS2_PLACEMENT_3D('',#5542,#5543,#5544);
#5542 = CARTESIAN_POINT('',(-0.5,-0.25,0.5));
#5543 = DIRECTION('',(0.,0.,1.));
#5544 = DIRECTION('',(1.,0.,-0.));
#5545 = ADVANCED_FACE('',(#5546),#5565,.T.);
#5546 = FACE_BOUND('',#5547,.T.);
#5547 = EDGE_LOOP('',(#5548,#5556,#5563,#5564));
#5548 = ORIENTED_EDGE('',*,*,#5549,.T.);
#5549 = EDGE_CURVE('',#5372,#5550,#5552,.T.);
#5550 = VERTEX_POINT('',#5551);
#5551 = CARTESIAN_POINT('',(-0.3,0.25,2.E-02));
#5552 = LINE('',#5553,#5554);
#5553 = CARTESIAN_POINT('',(-0.5,0.25,2.E-02));
#5554 = VECTOR('',#5555,1.);
#5555 = DIRECTION('',(1.,0.,0.));
#5556 = ORIENTED_EDGE('',*,*,#5557,.T.);
#5557 = EDGE_CURVE('',#5550,#5504,#5558,.T.);
#5558 = CIRCLE('',#5559,2.E-02);
#5559 = AXIS2_PLACEMENT_3D('',#5560,#5561,#5562);
#5560 = CARTESIAN_POINT('',(-0.3,0.23,2.E-02));
#5561 = DIRECTION('',(-1.,0.,0.));
#5562 = DIRECTION('',(0.,0.,1.));
#5563 = ORIENTED_EDGE('',*,*,#5511,.F.);
#5564 = ORIENTED_EDGE('',*,*,#5371,.F.);
#5565 = CYLINDRICAL_SURFACE('',#5566,2.E-02);
#5566 = AXIS2_PLACEMENT_3D('',#5567,#5568,#5569);
#5567 = CARTESIAN_POINT('',(-0.5,0.23,2.E-02));
#5568 = DIRECTION('',(1.,0.,0.));
#5569 = DIRECTION('',(-0.,1.,0.));
#5570 = ADVANCED_FACE('',(#5571),#5590,.T.);
#5571 = FACE_BOUND('',#5572,.T.);
#5572 = EDGE_LOOP('',(#5573,#5574,#5575,#5584));
#5573 = ORIENTED_EDGE('',*,*,#5388,.T.);
#5574 = ORIENTED_EDGE('',*,*,#5535,.T.);
#5575 = ORIENTED_EDGE('',*,*,#5576,.F.);
#5576 = EDGE_CURVE('',#5577,#5528,#5579,.T.);
#5577 = VERTEX_POINT('',#5578);
#5578 = CARTESIAN_POINT('',(-0.3,0.25,0.48));
#5579 = CIRCLE('',#5580,2.E-02);
#5580 = AXIS2_PLACEMENT_3D('',#5581,#5582,#5583);
#5581 = CARTESIAN_POINT('',(-0.3,0.23,0.48));
#5582 = DIRECTION('',(1.,0.,-0.));
#5583 = DIRECTION('',(0.,0.,1.));
#5584 = ORIENTED_EDGE('',*,*,#5585,.F.);
#5585 = EDGE_CURVE('',#5381,#5577,#5586,.T.);
#5586 = LINE('',#5587,#5588);
#5587 = CARTESIAN_POINT('',(-0.5,0.25,0.48));
#5588 = VECTOR('',#5589,1.);
#5589 = DIRECTION('',(1.,0.,0.));
#5590 = CYLINDRICAL_SURFACE('',#5591,2.E-02);
#5591 = AXIS2_PLACEMENT_3D('',#5592,#5593,#5594);
#5592 = CARTESIAN_POINT('',(-0.5,0.23,0.48));
#5593 = DIRECTION('',(1.,0.,0.));
#5594 = DIRECTION('',(-0.,1.,0.));
#5595 = ADVANCED_FACE('',(#5596),#5607,.T.);
#5596 = FACE_BOUND('',#5597,.T.);
#5597 = EDGE_LOOP('',(#5598,#5604,#5605,#5606));
#5598 = ORIENTED_EDGE('',*,*,#5599,.F.);
#5599 = EDGE_CURVE('',#5550,#5577,#5600,.T.);
#5600 = LINE('',#5601,#5602);
#5601 = CARTESIAN_POINT('',(-0.3,0.25,0.));
#5602 = VECTOR('',#5603,1.);
#5603 = DIRECTION('',(0.,0.,1.));
#5604 = ORIENTED_EDGE('',*,*,#5549,.F.);
#5605 = ORIENTED_EDGE('',*,*,#5380,.T.);
#5606 = ORIENTED_EDGE('',*,*,#5585,.T.);
#5607 = PLANE('',#5608);
#5608 = AXIS2_PLACEMENT_3D('',#5609,#5610,#5611);
#5609 = CARTESIAN_POINT('',(-0.5,0.25,0.));
#5610 = DIRECTION('',(0.,1.,0.));
#5611 = DIRECTION('',(0.,-0.,1.));
#5612 = ADVANCED_FACE('',(#5613,#5623),#5693,.T.);
#5613 = FACE_BOUND('',#5614,.T.);
#5614 = EDGE_LOOP('',(#5615,#5616,#5617,#5618,#5619,#5620,#5621,#5622));
#5615 = ORIENTED_EDGE('',*,*,#5420,.F.);
#5616 = ORIENTED_EDGE('',*,*,#5460,.T.);
#5617 = ORIENTED_EDGE('',*,*,#5503,.T.);
#5618 = ORIENTED_EDGE('',*,*,#5557,.F.);
#5619 = ORIENTED_EDGE('',*,*,#5599,.T.);
#5620 = ORIENTED_EDGE('',*,*,#5576,.T.);
#5621 = ORIENTED_EDGE('',*,*,#5527,.F.);
#5622 = ORIENTED_EDGE('',*,*,#5477,.F.);
#5623 = FACE_BOUND('',#5624,.T.);
#5624 = EDGE_LOOP('',(#5625,#5636,#5644,#5653,#5661,#5670,#5678,#5687));
#5625 = ORIENTED_EDGE('',*,*,#5626,.F.);
#5626 = EDGE_CURVE('',#5627,#5629,#5631,.T.);
#5627 = VERTEX_POINT('',#5628);
#5628 = CARTESIAN_POINT('',(-0.3,-0.23,4.E-02));
#5629 = VERTEX_POINT('',#5630);
#5630 = CARTESIAN_POINT('',(-0.3,-0.21,2.E-02));
#5631 = CIRCLE('',#5632,2.E-02);
#5632 = AXIS2_PLACEMENT_3D('',#5633,#5634,#5635);
#5633 = CARTESIAN_POINT('',(-0.3,-0.21,4.E-02));
#5634 = DIRECTION('',(1.,0.,-0.));
#5635 = DIRECTION('',(0.,0.,1.));
#5636 = ORIENTED_EDGE('',*,*,#5637,.T.);
#5637 = EDGE_CURVE('',#5627,#5638,#5640,.T.);
#5638 = VERTEX_POINT('',#5639);
#5639 = CARTESIAN_POINT('',(-0.3,-0.23,0.46));
#5640 = LINE('',#5641,#5642);
#5641 = CARTESIAN_POINT('',(-0.3,-0.23,2.E-02));
#5642 = VECTOR('',#5643,1.);
#5643 = DIRECTION('',(0.,0.,1.));
#5644 = ORIENTED_EDGE('',*,*,#5645,.T.);
#5645 = EDGE_CURVE('',#5638,#5646,#5648,.T.);
#5646 = VERTEX_POINT('',#5647);
#5647 = CARTESIAN_POINT('',(-0.3,-0.21,0.48));
#5648 = CIRCLE('',#5649,2.E-02);
#5649 = AXIS2_PLACEMENT_3D('',#5650,#5651,#5652);
#5650 = CARTESIAN_POINT('',(-0.3,-0.21,0.46));
#5651 = DIRECTION('',(-1.,0.,0.));
#5652 = DIRECTION('',(0.,0.,1.));
#5653 = ORIENTED_EDGE('',*,*,#5654,.T.);
#5654 = EDGE_CURVE('',#5646,#5655,#5657,.T.);
#5655 = VERTEX_POINT('',#5656);
#5656 = CARTESIAN_POINT('',(-0.3,0.21,0.48));
#5657 = LINE('',#5658,#5659);
#5658 = CARTESIAN_POINT('',(-0.3,-0.23,0.48));
#5659 = VECTOR('',#5660,1.);
#5660 = DIRECTION('',(0.,1.,0.));
#5661 = ORIENTED_EDGE('',*,*,#5662,.F.);
#5662 = EDGE_CURVE('',#5663,#5655,#5665,.T.);
#5663 = VERTEX_POINT('',#5664);
#5664 = CARTESIAN_POINT('',(-0.3,0.23,0.46));
#5665 = CIRCLE('',#5666,2.E-02);
#5666 = AXIS2_PLACEMENT_3D('',#5667,#5668,#5669);
#5667 = CARTESIAN_POINT('',(-0.3,0.21,0.46));
#5668 = DIRECTION('',(1.,0.,-0.));
#5669 = DIRECTION('',(0.,0.,1.));
#5670 = ORIENTED_EDGE('',*,*,#5671,.F.);
#5671 = EDGE_CURVE('',#5672,#5663,#5674,.T.);
#5672 = VERTEX_POINT('',#5673);
#5673 = CARTESIAN_POINT('',(-0.3,0.23,4.E-02));
#5674 = LINE('',#5675,#5676);
#5675 = CARTESIAN_POINT('',(-0.3,0.23,2.E-02));
#5676 = VECTOR('',#5677,1.);
#5677 = DIRECTION('',(0.,0.,1.));
#5678 = ORIENTED_EDGE('',*,*,#5679,.T.);
#5679 = EDGE_CURVE('',#5672,#5680,#5682,.T.);
#5680 = VERTEX_POINT('',#5681);
#5681 = CARTESIAN_POINT('',(-0.3,0.21,2.E-02));
#5682 = CIRCLE('',#5683,2.E-02);
#5683 = AXIS2_PLACEMENT_3D('',#5684,#5685,#5686);
#5684 = CARTESIAN_POINT('',(-0.3,0.21,4.E-02));
#5685 = DIRECTION('',(-1.,0.,0.));
#5686 = DIRECTION('',(0.,0.,1.));
#5687 = ORIENTED_EDGE('',*,*,#5688,.F.);
#5688 = EDGE_CURVE('',#5629,#5680,#5689,.T.);
#5689 = LINE('',#5690,#5691);
#5690 = CARTESIAN_POINT('',(-0.3,-0.23,2.E-02));
#5691 = VECTOR('',#5692,1.);
#5692 = DIRECTION('',(0.,1.,0.));
#5693 = PLANE('',#5694);
#5694 = AXIS2_PLACEMENT_3D('',#5695,#5696,#5697);
#5695 = CARTESIAN_POINT('',(-0.3,-0.25,0.));
#5696 = DIRECTION('',(1.,0.,0.));
#5697 = DIRECTION('',(0.,0.,1.));
#5698 = ADVANCED_FACE('',(#5699),#5725,.T.);
#5699 = FACE_BOUND('',#5700,.T.);
#5700 = EDGE_LOOP('',(#5701,#5702,#5710,#5719));
#5701 = ORIENTED_EDGE('',*,*,#5626,.T.);
#5702 = ORIENTED_EDGE('',*,*,#5703,.T.);
#5703 = EDGE_CURVE('',#5629,#5704,#5706,.T.);
#5704 = VERTEX_POINT('',#5705);
#5705 = CARTESIAN_POINT('',(0.3,-0.21,2.E-02));
#5706 = LINE('',#5707,#5708);
#5707 = CARTESIAN_POINT('',(-0.3,-0.21,2.E-02));
#5708 = VECTOR('',#5709,1.);
#5709 = DIRECTION('',(1.,0.,0.));
#5710 = ORIENTED_EDGE('',*,*,#5711,.F.);
#5711 = EDGE_CURVE('',#5712,#5704,#5714,.T.);
#5712 = VERTEX_POINT('',#5713);
#5713 = CARTESIAN_POINT('',(0.3,-0.23,4.E-02));
#5714 = CIRCLE('',#5715,2.E-02);
#5715 = AXIS2_PLACEMENT_3D('',#5716,#5717,#5718);
#5716 = CARTESIAN_POINT('',(0.3,-0.21,4.E-02));
#5717 = DIRECTION('',(1.,0.,-0.));
#5718 = DIRECTION('',(0.,0.,1.));
#5719 = ORIENTED_EDGE('',*,*,#5720,.F.);
#5720 = EDGE_CURVE('',#5627,#5712,#5721,.T.);
#5721 = LINE('',#5722,#5723);
#5722 = CARTESIAN_POINT('',(-0.3,-0.23,4.E-02));
#5723 = VECTOR('',#5724,1.);
#5724 = DIRECTION('',(1.,0.,0.));
#5725 = CYLINDRICAL_SURFACE('',#5726,2.E-02);
#5726 = AXIS2_PLACEMENT_3D('',#5727,#5728,#5729);
#5727 = CARTESIAN_POINT('',(-0.3,-0.21,4.E-02));
#5728 = DIRECTION('',(1.,0.,0.));
#5729 = DIRECTION('',(0.,-1.,0.));
#5730 = ADVANCED_FACE('',(#5731),#5749,.F.);
#5731 = FACE_BOUND('',#5732,.F.);
#5732 = EDGE_LOOP('',(#5733,#5734,#5735,#5743));
#5733 = ORIENTED_EDGE('',*,*,#5688,.F.);
#5734 = ORIENTED_EDGE('',*,*,#5703,.T.);
#5735 = ORIENTED_EDGE('',*,*,#5736,.T.);
#5736 = EDGE_CURVE('',#5704,#5737,#5739,.T.);
#5737 = VERTEX_POINT('',#5738);
#5738 = CARTESIAN_POINT('',(0.3,0.21,2.E-02));
#5739 = LINE('',#5740,#5741);
#5740 = CARTESIAN_POINT('',(0.3,-0.23,2.E-02));
#5741 = VECTOR('',#5742,1.);
#5742 = DIRECTION('',(0.,1.,0.));
#5743 = ORIENTED_EDGE('',*,*,#5744,.F.);
#5744 = EDGE_CURVE('',#5680,#5737,#5745,.T.);
#5745 = LINE('',#5746,#5747);
#5746 = CARTESIAN_POINT('',(-0.3,0.21,2.E-02));
#5747 = VECTOR('',#5748,1.);
#5748 = DIRECTION('',(1.,0.,0.));
#5749 = PLANE('',#5750);
#5750 = AXIS2_PLACEMENT_3D('',#5751,#5752,#5753);
#5751 = CARTESIAN_POINT('',(-0.3,-0.23,2.E-02));
#5752 = DIRECTION('',(0.,0.,1.));
#5753 = DIRECTION('',(1.,0.,-0.));
#5754 = ADVANCED_FACE('',(#5755),#5774,.T.);
#5755 = FACE_BOUND('',#5756,.T.);
#5756 = EDGE_LOOP('',(#5757,#5765,#5772,#5773));
#5757 = ORIENTED_EDGE('',*,*,#5758,.T.);
#5758 = EDGE_CURVE('',#5672,#5759,#5761,.T.);
#5759 = VERTEX_POINT('',#5760);
#5760 = CARTESIAN_POINT('',(0.3,0.23,4.E-02));
#5761 = LINE('',#5762,#5763);
#5762 = CARTESIAN_POINT('',(-0.3,0.23,4.E-02));
#5763 = VECTOR('',#5764,1.);
#5764 = DIRECTION('',(1.,0.,0.));
#5765 = ORIENTED_EDGE('',*,*,#5766,.T.);
#5766 = EDGE_CURVE('',#5759,#5737,#5767,.T.);
#5767 = CIRCLE('',#5768,2.E-02);
#5768 = AXIS2_PLACEMENT_3D('',#5769,#5770,#5771);
#5769 = CARTESIAN_POINT('',(0.3,0.21,4.E-02));
#5770 = DIRECTION('',(-1.,0.,0.));
#5771 = DIRECTION('',(0.,0.,1.));
#5772 = ORIENTED_EDGE('',*,*,#5744,.F.);
#5773 = ORIENTED_EDGE('',*,*,#5679,.F.);
#5774 = CYLINDRICAL_SURFACE('',#5775,2.E-02);
#5775 = AXIS2_PLACEMENT_3D('',#5776,#5777,#5778);
#5776 = CARTESIAN_POINT('',(-0.3,0.21,4.E-02));
#5777 = DIRECTION('',(1.,0.,0.));
#5778 = DIRECTION('',(-0.,1.,0.));
#5779 = ADVANCED_FACE('',(#5780),#5798,.T.);
#5780 = FACE_BOUND('',#5781,.T.);
#5781 = EDGE_LOOP('',(#5782,#5790,#5791,#5792));
#5782 = ORIENTED_EDGE('',*,*,#5783,.F.);
#5783 = EDGE_CURVE('',#5759,#5784,#5786,.T.);
#5784 = VERTEX_POINT('',#5785);
#5785 = CARTESIAN_POINT('',(0.3,0.23,0.46));
#5786 = LINE('',#5787,#5788);
#5787 = CARTESIAN_POINT('',(0.3,0.23,2.E-02));
#5788 = VECTOR('',#5789,1.);
#5789 = DIRECTION('',(0.,0.,1.));
#5790 = ORIENTED_EDGE('',*,*,#5758,.F.);
#5791 = ORIENTED_EDGE('',*,*,#5671,.T.);
#5792 = ORIENTED_EDGE('',*,*,#5793,.T.);
#5793 = EDGE_CURVE('',#5663,#5784,#5794,.T.);
#5794 = LINE('',#5795,#5796);
#5795 = CARTESIAN_POINT('',(-0.3,0.23,0.46));
#5796 = VECTOR('',#5797,1.);
#5797 = DIRECTION('',(1.,0.,0.));
#5798 = PLANE('',#5799);
#5799 = AXIS2_PLACEMENT_3D('',#5800,#5801,#5802);
#5800 = CARTESIAN_POINT('',(-0.3,0.23,2.E-02));
#5801 = DIRECTION('',(0.,1.,0.));
#5802 = DIRECTION('',(0.,-0.,1.));
#5803 = ADVANCED_FACE('',(#5804),#5823,.T.);
#5804 = FACE_BOUND('',#5805,.T.);
#5805 = EDGE_LOOP('',(#5806,#5807,#5815,#5822));
#5806 = ORIENTED_EDGE('',*,*,#5662,.T.);
#5807 = ORIENTED_EDGE('',*,*,#5808,.T.);
#5808 = EDGE_CURVE('',#5655,#5809,#5811,.T.);
#5809 = VERTEX_POINT('',#5810);
#5810 = CARTESIAN_POINT('',(0.3,0.21,0.48));
#5811 = LINE('',#5812,#5813);
#5812 = CARTESIAN_POINT('',(-0.3,0.21,0.48));
#5813 = VECTOR('',#5814,1.);
#5814 = DIRECTION('',(1.,0.,0.));
#5815 = ORIENTED_EDGE('',*,*,#5816,.F.);
#5816 = EDGE_CURVE('',#5784,#5809,#5817,.T.);
#5817 = CIRCLE('',#5818,2.E-02);
#5818 = AXIS2_PLACEMENT_3D('',#5819,#5820,#5821);
#5819 = CARTESIAN_POINT('',(0.3,0.21,0.46));
#5820 = DIRECTION('',(1.,0.,-0.));
#5821 = DIRECTION('',(0.,0.,1.));
#5822 = ORIENTED_EDGE('',*,*,#5793,.F.);
#5823 = CYLINDRICAL_SURFACE('',#5824,2.E-02);
#5824 = AXIS2_PLACEMENT_3D('',#5825,#5826,#5827);
#5825 = CARTESIAN_POINT('',(-0.3,0.21,0.46));
#5826 = DIRECTION('',(1.,0.,0.));
#5827 = DIRECTION('',(-0.,1.,0.));
#5828 = ADVANCED_FACE('',(#5829),#5847,.T.);
#5829 = FACE_BOUND('',#5830,.T.);
#5830 = EDGE_LOOP('',(#5831,#5832,#5840,#5846));
#5831 = ORIENTED_EDGE('',*,*,#5654,.F.);
#5832 = ORIENTED_EDGE('',*,*,#5833,.T.);
#5833 = EDGE_CURVE('',#5646,#5834,#5836,.T.);
#5834 = VERTEX_POINT('',#5835);
#5835 = CARTESIAN_POINT('',(0.3,-0.21,0.48));
#5836 = LINE('',#5837,#5838);
#5837 = CARTESIAN_POINT('',(-0.3,-0.21,0.48));
#5838 = VECTOR('',#5839,1.);
#5839 = DIRECTION('',(1.,0.,0.));
#5840 = ORIENTED_EDGE('',*,*,#5841,.T.);
#5841 = EDGE_CURVE('',#5834,#5809,#5842,.T.);
#5842 = LINE('',#5843,#5844);
#5843 = CARTESIAN_POINT('',(0.3,-0.23,0.48));
#5844 = VECTOR('',#5845,1.);
#5845 = DIRECTION('',(0.,1.,0.));
#5846 = ORIENTED_EDGE('',*,*,#5808,.F.);
#5847 = PLANE('',#5848);
#5848 = AXIS2_PLACEMENT_3D('',#5849,#5850,#5851);
#5849 = CARTESIAN_POINT('',(-0.3,-0.23,0.48));
#5850 = DIRECTION('',(0.,0.,1.));
#5851 = DIRECTION('',(1.,0.,-0.));
#5852 = ADVANCED_FACE('',(#5853),#5872,.T.);
#5853 = FACE_BOUND('',#5854,.T.);
#5854 = EDGE_LOOP('',(#5855,#5863,#5870,#5871));
#5855 = ORIENTED_EDGE('',*,*,#5856,.T.);
#5856 = EDGE_CURVE('',#5638,#5857,#5859,.T.);
#5857 = VERTEX_POINT('',#5858);
#5858 = CARTESIAN_POINT('',(0.3,-0.23,0.46));
#5859 = LINE('',#5860,#5861);
#5860 = CARTESIAN_POINT('',(-0.3,-0.23,0.46));
#5861 = VECTOR('',#5862,1.);
#5862 = DIRECTION('',(1.,0.,0.));
#5863 = ORIENTED_EDGE('',*,*,#5864,.T.);
#5864 = EDGE_CURVE('',#5857,#5834,#5865,.T.);
#5865 = CIRCLE('',#5866,2.E-02);
#5866 = AXIS2_PLACEMENT_3D('',#5867,#5868,#5869);
#5867 = CARTESIAN_POINT('',(0.3,-0.21,0.46));
#5868 = DIRECTION('',(-1.,0.,0.));
#5869 = DIRECTION('',(0.,0.,1.));
#5870 = ORIENTED_EDGE('',*,*,#5833,.F.);
#5871 = ORIENTED_EDGE('',*,*,#5645,.F.);
#5872 = CYLINDRICAL_SURFACE('',#5873,2.E-02);
#5873 = AXIS2_PLACEMENT_3D('',#5874,#5875,#5876);
#5874 = CARTESIAN_POINT('',(-0.3,-0.21,0.46));
#5875 = DIRECTION('',(1.,0.,0.));
#5876 = DIRECTION('',(0.,-1.,0.));
#5877 = ADVANCED_FACE('',(#5878),#5889,.F.);
#5878 = FACE_BOUND('',#5879,.F.);
#5879 = EDGE_LOOP('',(#5880,#5886,#5887,#5888));
#5880 = ORIENTED_EDGE('',*,*,#5881,.F.);
#5881 = EDGE_CURVE('',#5712,#5857,#5882,.T.);
#5882 = LINE('',#5883,#5884);
#5883 = CARTESIAN_POINT('',(0.3,-0.23,2.E-02));
#5884 = VECTOR('',#5885,1.);
#5885 = DIRECTION('',(0.,0.,1.));
#5886 = ORIENTED_EDGE('',*,*,#5720,.F.);
#5887 = ORIENTED_EDGE('',*,*,#5637,.T.);
#5888 = ORIENTED_EDGE('',*,*,#5856,.T.);
#5889 = PLANE('',#5890);
#5890 = AXIS2_PLACEMENT_3D('',#5891,#5892,#5893);
#5891 = CARTESIAN_POINT('',(-0.3,-0.23,2.E-02));
#5892 = DIRECTION('',(0.,1.,0.));
#5893 = DIRECTION('',(0.,-0.,1.));
#5894 = ADVANCED_FACE('',(#5895,#5965),#5975,.F.);
#5895 = FACE_BOUND('',#5896,.F.);
#5896 = EDGE_LOOP('',(#5897,#5907,#5916,#5924,#5933,#5941,#5950,#5958));
#5897 = ORIENTED_EDGE('',*,*,#5898,.F.);
#5898 = EDGE_CURVE('',#5899,#5901,#5903,.T.);
#5899 = VERTEX_POINT('',#5900);
#5900 = CARTESIAN_POINT('',(0.3,-0.25,2.E-02));
#5901 = VERTEX_POINT('',#5902);
#5902 = CARTESIAN_POINT('',(0.3,-0.25,0.48));
#5903 = LINE('',#5904,#5905);
#5904 = CARTESIAN_POINT('',(0.3,-0.25,0.));
#5905 = VECTOR('',#5906,1.);
#5906 = DIRECTION('',(0.,0.,1.));
#5907 = ORIENTED_EDGE('',*,*,#5908,.T.);
#5908 = EDGE_CURVE('',#5899,#5909,#5911,.T.);
#5909 = VERTEX_POINT('',#5910);
#5910 = CARTESIAN_POINT('',(0.3,-0.23,0.));
#5911 = CIRCLE('',#5912,2.E-02);
#5912 = AXIS2_PLACEMENT_3D('',#5913,#5914,#5915);
#5913 = CARTESIAN_POINT('',(0.3,-0.23,2.E-02));
#5914 = DIRECTION('',(1.,0.,-0.));
#5915 = DIRECTION('',(0.,0.,1.));
#5916 = ORIENTED_EDGE('',*,*,#5917,.T.);
#5917 = EDGE_CURVE('',#5909,#5918,#5920,.T.);
#5918 = VERTEX_POINT('',#5919);
#5919 = CARTESIAN_POINT('',(0.3,0.23,0.));
#5920 = LINE('',#5921,#5922);
#5921 = CARTESIAN_POINT('',(0.3,-0.25,0.));
#5922 = VECTOR('',#5923,1.);
#5923 = DIRECTION('',(0.,1.,0.));
#5924 = ORIENTED_EDGE('',*,*,#5925,.F.);
#5925 = EDGE_CURVE('',#5926,#5918,#5928,.T.);
#5926 = VERTEX_POINT('',#5927);
#5927 = CARTESIAN_POINT('',(0.3,0.25,2.E-02));
#5928 = CIRCLE('',#5929,2.E-02);
#5929 = AXIS2_PLACEMENT_3D('',#5930,#5931,#5932);
#5930 = CARTESIAN_POINT('',(0.3,0.23,2.E-02));
#5931 = DIRECTION('',(-1.,0.,0.));
#5932 = DIRECTION('',(0.,0.,1.));
#5933 = ORIENTED_EDGE('',*,*,#5934,.T.);
#5934 = EDGE_CURVE('',#5926,#5935,#5937,.T.);
#5935 = VERTEX_POINT('',#5936);
#5936 = CARTESIAN_POINT('',(0.3,0.25,0.48));
#5937 = LINE('',#5938,#5939);
#5938 = CARTESIAN_POINT('',(0.3,0.25,0.));
#5939 = VECTOR('',#5940,1.);
#5940 = DIRECTION('',(0.,0.,1.));
#5941 = ORIENTED_EDGE('',*,*,#5942,.T.);
#5942 = EDGE_CURVE('',#5935,#5943,#5945,.T.);
#5943 = VERTEX_POINT('',#5944);
#5944 = CARTESIAN_POINT('',(0.3,0.23,0.5));
#5945 = CIRCLE('',#5946,2.E-02);
#5946 = AXIS2_PLACEMENT_3D('',#5947,#5948,#5949);
#5947 = CARTESIAN_POINT('',(0.3,0.23,0.48));
#5948 = DIRECTION('',(1.,0.,-0.));
#5949 = DIRECTION('',(0.,0.,1.));
#5950 = ORIENTED_EDGE('',*,*,#5951,.F.);
#5951 = EDGE_CURVE('',#5952,#5943,#5954,.T.);
#5952 = VERTEX_POINT('',#5953);
#5953 = CARTESIAN_POINT('',(0.3,-0.23,0.5));
#5954 = LINE('',#5955,#5956);
#5955 = CARTESIAN_POINT('',(0.3,-0.25,0.5));
#5956 = VECTOR('',#5957,1.);
#5957 = DIRECTION('',(0.,1.,0.));
#5958 = ORIENTED_EDGE('',*,*,#5959,.F.);
#5959 = EDGE_CURVE('',#5901,#5952,#5960,.T.);
#5960 = CIRCLE('',#5961,2.E-02);
#5961 = AXIS2_PLACEMENT_3D('',#5962,#5963,#5964);
#5962 = CARTESIAN_POINT('',(0.3,-0.23,0.48));
#5963 = DIRECTION('',(-1.,0.,0.));
#5964 = DIRECTION('',(0.,0.,1.));
#5965 = FACE_BOUND('',#5966,.F.);
#5966 = EDGE_LOOP('',(#5967,#5968,#5969,#5970,#5971,#5972,#5973,#5974));
#5967 = ORIENTED_EDGE('',*,*,#5711,.F.);
#5968 = ORIENTED_EDGE('',*,*,#5881,.T.);
#5969 = ORIENTED_EDGE('',*,*,#5864,.T.);
#5970 = ORIENTED_EDGE('',*,*,#5841,.T.);
#5971 = ORIENTED_EDGE('',*,*,#5816,.F.);
#5972 = ORIENTED_EDGE('',*,*,#5783,.F.);
#5973 = ORIENTED_EDGE('',*,*,#5766,.T.);
#5974 = ORIENTED_EDGE('',*,*,#5736,.F.);
#5975 = PLANE('',#5976);
#5976 = AXIS2_PLACEMENT_3D('',#5977,#5978,#5979);
#5977 = CARTESIAN_POINT('',(0.3,-0.25,0.));
#5978 = DIRECTION('',(1.,0.,0.));
#5979 = DIRECTION('',(0.,0.,1.));
#5980 = ADVANCED_FACE('',(#5981),#6006,.F.);
#5981 = FACE_BOUND('',#5982,.F.);
#5982 = EDGE_LOOP('',(#5983,#5993,#5999,#6000));
#5983 = ORIENTED_EDGE('',*,*,#5984,.F.);
#5984 = EDGE_CURVE('',#5985,#5987,#5989,.T.);
#5985 = VERTEX_POINT('',#5986);
#5986 = CARTESIAN_POINT('',(0.5,-0.25,2.E-02));
#5987 = VERTEX_POINT('',#5988);
#5988 = CARTESIAN_POINT('',(0.5,-0.25,0.48));
#5989 = LINE('',#5990,#5991);
#5990 = CARTESIAN_POINT('',(0.5,-0.25,0.));
#5991 = VECTOR('',#5992,1.);
#5992 = DIRECTION('',(0.,0.,1.));
#5993 = ORIENTED_EDGE('',*,*,#5994,.F.);
#5994 = EDGE_CURVE('',#5899,#5985,#5995,.T.);
#5995 = LINE('',#5996,#5997);
#5996 = CARTESIAN_POINT('',(0.3,-0.25,2.E-02));
#5997 = VECTOR('',#5998,1.);
#5998 = DIRECTION('',(1.,0.,0.));
#5999 = ORIENTED_EDGE('',*,*,#5898,.T.);
#6000 = ORIENTED_EDGE('',*,*,#6001,.T.);
#6001 = EDGE_CURVE('',#5901,#5987,#6002,.T.);
#6002 = LINE('',#6003,#6004);
#6003 = CARTESIAN_POINT('',(0.3,-0.25,0.48));
#6004 = VECTOR('',#6005,1.);
#6005 = DIRECTION('',(1.,0.,0.));
#6006 = PLANE('',#6007);
#6007 = AXIS2_PLACEMENT_3D('',#6008,#6009,#6010);
#6008 = CARTESIAN_POINT('',(0.3,-0.25,0.));
#6009 = DIRECTION('',(0.,1.,0.));
#6010 = DIRECTION('',(0.,-0.,1.));
#6011 = ADVANCED_FACE('',(#6012),#6031,.T.);
#6012 = FACE_BOUND('',#6013,.T.);
#6013 = EDGE_LOOP('',(#6014,#6015,#6023,#6030));
#6014 = ORIENTED_EDGE('',*,*,#5908,.T.);
#6015 = ORIENTED_EDGE('',*,*,#6016,.T.);
#6016 = EDGE_CURVE('',#5909,#6017,#6019,.T.);
#6017 = VERTEX_POINT('',#6018);
#6018 = CARTESIAN_POINT('',(0.5,-0.23,0.));
#6019 = LINE('',#6020,#6021);
#6020 = CARTESIAN_POINT('',(0.3,-0.23,0.));
#6021 = VECTOR('',#6022,1.);
#6022 = DIRECTION('',(1.,0.,0.));
#6023 = ORIENTED_EDGE('',*,*,#6024,.F.);
#6024 = EDGE_CURVE('',#5985,#6017,#6025,.T.);
#6025 = CIRCLE('',#6026,2.E-02);
#6026 = AXIS2_PLACEMENT_3D('',#6027,#6028,#6029);
#6027 = CARTESIAN_POINT('',(0.5,-0.23,2.E-02));
#6028 = DIRECTION('',(1.,0.,-0.));
#6029 = DIRECTION('',(0.,0.,1.));
#6030 = ORIENTED_EDGE('',*,*,#5994,.F.);
#6031 = CYLINDRICAL_SURFACE('',#6032,2.E-02);
#6032 = AXIS2_PLACEMENT_3D('',#6033,#6034,#6035);
#6033 = CARTESIAN_POINT('',(0.3,-0.23,2.E-02));
#6034 = DIRECTION('',(1.,0.,0.));
#6035 = DIRECTION('',(0.,-1.,0.));
#6036 = ADVANCED_FACE('',(#6037),#6056,.T.);
#6037 = FACE_BOUND('',#6038,.T.);
#6038 = EDGE_LOOP('',(#6039,#6040,#6049,#6055));
#6039 = ORIENTED_EDGE('',*,*,#6001,.T.);
#6040 = ORIENTED_EDGE('',*,*,#6041,.T.);
#6041 = EDGE_CURVE('',#5987,#6042,#6044,.T.);
#6042 = VERTEX_POINT('',#6043);
#6043 = CARTESIAN_POINT('',(0.5,-0.23,0.5));
#6044 = CIRCLE('',#6045,2.E-02);
#6045 = AXIS2_PLACEMENT_3D('',#6046,#6047,#6048);
#6046 = CARTESIAN_POINT('',(0.5,-0.23,0.48));
#6047 = DIRECTION('',(-1.,0.,0.));
#6048 = DIRECTION('',(0.,0.,1.));
#6049 = ORIENTED_EDGE('',*,*,#6050,.F.);
#6050 = EDGE_CURVE('',#5952,#6042,#6051,.T.);
#6051 = LINE('',#6052,#6053);
#6052 = CARTESIAN_POINT('',(0.3,-0.23,0.5));
#6053 = VECTOR('',#6054,1.);
#6054 = DIRECTION('',(1.,0.,0.));
#6055 = ORIENTED_EDGE('',*,*,#5959,.F.);
#6056 = CYLINDRICAL_SURFACE('',#6057,2.E-02);
#6057 = AXIS2_PLACEMENT_3D('',#6058,#6059,#6060);
#6058 = CARTESIAN_POINT('',(0.3,-0.23,0.48));
#6059 = DIRECTION('',(1.,0.,0.));
#6060 = DIRECTION('',(0.,-1.,0.));
#6061 = ADVANCED_FACE('',(#6062),#6080,.F.);
#6062 = FACE_BOUND('',#6063,.F.);
#6063 = EDGE_LOOP('',(#6064,#6065,#6066,#6074));
#6064 = ORIENTED_EDGE('',*,*,#5917,.F.);
#6065 = ORIENTED_EDGE('',*,*,#6016,.T.);
#6066 = ORIENTED_EDGE('',*,*,#6067,.T.);
#6067 = EDGE_CURVE('',#6017,#6068,#6070,.T.);
#6068 = VERTEX_POINT('',#6069);
#6069 = CARTESIAN_POINT('',(0.5,0.23,0.));
#6070 = LINE('',#6071,#6072);
#6071 = CARTESIAN_POINT('',(0.5,-0.25,0.));
#6072 = VECTOR('',#6073,1.);
#6073 = DIRECTION('',(0.,1.,0.));
#6074 = ORIENTED_EDGE('',*,*,#6075,.F.);
#6075 = EDGE_CURVE('',#5918,#6068,#6076,.T.);
#6076 = LINE('',#6077,#6078);
#6077 = CARTESIAN_POINT('',(0.3,0.23,0.));
#6078 = VECTOR('',#6079,1.);
#6079 = DIRECTION('',(1.,0.,0.));
#6080 = PLANE('',#6081);
#6081 = AXIS2_PLACEMENT_3D('',#6082,#6083,#6084);
#6082 = CARTESIAN_POINT('',(0.3,-0.25,0.));
#6083 = DIRECTION('',(0.,0.,1.));
#6084 = DIRECTION('',(1.,0.,-0.));
#6085 = ADVANCED_FACE('',(#6086),#6104,.T.);
#6086 = FACE_BOUND('',#6087,.T.);
#6087 = EDGE_LOOP('',(#6088,#6089,#6090,#6098));
#6088 = ORIENTED_EDGE('',*,*,#5951,.F.);
#6089 = ORIENTED_EDGE('',*,*,#6050,.T.);
#6090 = ORIENTED_EDGE('',*,*,#6091,.T.);
#6091 = EDGE_CURVE('',#6042,#6092,#6094,.T.);
#6092 = VERTEX_POINT('',#6093);
#6093 = CARTESIAN_POINT('',(0.5,0.23,0.5));
#6094 = LINE('',#6095,#6096);
#6095 = CARTESIAN_POINT('',(0.5,-0.25,0.5));
#6096 = VECTOR('',#6097,1.);
#6097 = DIRECTION('',(0.,1.,0.));
#6098 = ORIENTED_EDGE('',*,*,#6099,.F.);
#6099 = EDGE_CURVE('',#5943,#6092,#6100,.T.);
#6100 = LINE('',#6101,#6102);
#6101 = CARTESIAN_POINT('',(0.3,0.23,0.5));
#6102 = VECTOR('',#6103,1.);
#6103 = DIRECTION('',(1.,0.,0.));
#6104 = PLANE('',#6105);
#6105 = AXIS2_PLACEMENT_3D('',#6106,#6107,#6108);
#6106 = CARTESIAN_POINT('',(0.3,-0.25,0.5));
#6107 = DIRECTION('',(0.,0.,1.));
#6108 = DIRECTION('',(1.,0.,-0.));
#6109 = ADVANCED_FACE('',(#6110),#6129,.T.);
#6110 = FACE_BOUND('',#6111,.T.);
#6111 = EDGE_LOOP('',(#6112,#6120,#6127,#6128));
#6112 = ORIENTED_EDGE('',*,*,#6113,.T.);
#6113 = EDGE_CURVE('',#5926,#6114,#6116,.T.);
#6114 = VERTEX_POINT('',#6115);
#6115 = CARTESIAN_POINT('',(0.5,0.25,2.E-02));
#6116 = LINE('',#6117,#6118);
#6117 = CARTESIAN_POINT('',(0.3,0.25,2.E-02));
#6118 = VECTOR('',#6119,1.);
#6119 = DIRECTION('',(1.,0.,0.));
#6120 = ORIENTED_EDGE('',*,*,#6121,.T.);
#6121 = EDGE_CURVE('',#6114,#6068,#6122,.T.);
#6122 = CIRCLE('',#6123,2.E-02);
#6123 = AXIS2_PLACEMENT_3D('',#6124,#6125,#6126);
#6124 = CARTESIAN_POINT('',(0.5,0.23,2.E-02));
#6125 = DIRECTION('',(-1.,0.,0.));
#6126 = DIRECTION('',(0.,0.,1.));
#6127 = ORIENTED_EDGE('',*,*,#6075,.F.);
#6128 = ORIENTED_EDGE('',*,*,#5925,.F.);
#6129 = CYLINDRICAL_SURFACE('',#6130,2.E-02);
#6130 = AXIS2_PLACEMENT_3D('',#6131,#6132,#6133);
#6131 = CARTESIAN_POINT('',(0.3,0.23,2.E-02));
#6132 = DIRECTION('',(1.,0.,0.));
#6133 = DIRECTION('',(-0.,1.,0.));
#6134 = ADVANCED_FACE('',(#6135),#6154,.T.);
#6135 = FACE_BOUND('',#6136,.T.);
#6136 = EDGE_LOOP('',(#6137,#6138,#6139,#6148));
#6137 = ORIENTED_EDGE('',*,*,#5942,.T.);
#6138 = ORIENTED_EDGE('',*,*,#6099,.T.);
#6139 = ORIENTED_EDGE('',*,*,#6140,.F.);
#6140 = EDGE_CURVE('',#6141,#6092,#6143,.T.);
#6141 = VERTEX_POINT('',#6142);
#6142 = CARTESIAN_POINT('',(0.5,0.25,0.48));
#6143 = CIRCLE('',#6144,2.E-02);
#6144 = AXIS2_PLACEMENT_3D('',#6145,#6146,#6147);
#6145 = CARTESIAN_POINT('',(0.5,0.23,0.48));
#6146 = DIRECTION('',(1.,0.,-0.));
#6147 = DIRECTION('',(0.,0.,1.));
#6148 = ORIENTED_EDGE('',*,*,#6149,.F.);
#6149 = EDGE_CURVE('',#5935,#6141,#6150,.T.);
#6150 = LINE('',#6151,#6152);
#6151 = CARTESIAN_POINT('',(0.3,0.25,0.48));
#6152 = VECTOR('',#6153,1.);
#6153 = DIRECTION('',(1.,0.,0.));
#6154 = CYLINDRICAL_SURFACE('',#6155,2.E-02);
#6155 = AXIS2_PLACEMENT_3D('',#6156,#6157,#6158);
#6156 = CARTESIAN_POINT('',(0.3,0.23,0.48));
#6157 = DIRECTION('',(1.,0.,0.));
#6158 = DIRECTION('',(-0.,1.,0.));
#6159 = ADVANCED_FACE('',(#6160),#6171,.T.);
#6160 = FACE_BOUND('',#6161,.T.);
#6161 = EDGE_LOOP('',(#6162,#6168,#6169,#6170));
#6162 = ORIENTED_EDGE('',*,*,#6163,.F.);
#6163 = EDGE_CURVE('',#6114,#6141,#6164,.T.);
#6164 = LINE('',#6165,#6166);
#6165 = CARTESIAN_POINT('',(0.5,0.25,0.));
#6166 = VECTOR('',#6167,1.);
#6167 = DIRECTION('',(0.,0.,1.));
#6168 = ORIENTED_EDGE('',*,*,#6113,.F.);
#6169 = ORIENTED_EDGE('',*,*,#5934,.T.);
#6170 = ORIENTED_EDGE('',*,*,#6149,.T.);
#6171 = PLANE('',#6172);
#6172 = AXIS2_PLACEMENT_3D('',#6173,#6174,#6175);
#6173 = CARTESIAN_POINT('',(0.3,0.25,0.));
#6174 = DIRECTION('',(0.,1.,0.));
#6175 = DIRECTION('',(0.,-0.,1.));
#6176 = ADVANCED_FACE('',(#6177),#6187,.T.);
#6177 = FACE_BOUND('',#6178,.T.);
#6178 = EDGE_LOOP('',(#6179,#6180,#6181,#6182,#6183,#6184,#6185,#6186));
#6179 = ORIENTED_EDGE('',*,*,#5984,.F.);
#6180 = ORIENTED_EDGE('',*,*,#6024,.T.);
#6181 = ORIENTED_EDGE('',*,*,#6067,.T.);
#6182 = ORIENTED_EDGE('',*,*,#6121,.F.);
#6183 = ORIENTED_EDGE('',*,*,#6163,.T.);
#6184 = ORIENTED_EDGE('',*,*,#6140,.T.);
#6185 = ORIENTED_EDGE('',*,*,#6091,.F.);
#6186 = ORIENTED_EDGE('',*,*,#6041,.F.);
#6187 = PLANE('',#6188);
#6188 = AXIS2_PLACEMENT_3D('',#6189,#6190,#6191);
#6189 = CARTESIAN_POINT('',(0.5,-0.25,0.));
#6190 = DIRECTION('',(1.,0.,0.));
#6191 = DIRECTION('',(0.,0.,1.));
#6192 = ( GEOMETRIC_REPRESENTATION_CONTEXT(3) 
GLOBAL_UNCERTAINTY_ASSIGNED_CONTEXT((#6196)) 
GLOBAL_UNIT_ASSIGNED_CONTEXT((#6193,#6194,#6195)) REPRESENTATION_CONTEXT
('Context #1','3D Context with UNIT and UNCERTAINTY') );
#6193 = ( LENGTH_UNIT() NAMED_UNIT(*) SI_UNIT(.MILLI.,.METRE.) );
#6194 = ( NAMED_UNIT(*) PLANE_ANGLE_UNIT() SI_UNIT($,.RADIAN.) );
#6195 = ( NAMED_UNIT(*) SI_UNIT($,.STERADIAN.) SOLID_ANGLE_UNIT() );
#6196 = UNCERTAINTY_MEASURE_WITH_UNIT(LENGTH_MEASURE(1.E-07),#6193,
  'distance_accuracy_value','confusion accuracy');
#6197 = CONTEXT_DEPENDENT_SHAPE_REPRESENTATION(#6198,#6200);
#6198 = ( REPRESENTATION_RELATIONSHIP('','',#5337,#10) 
REPRESENTATION_RELATIONSHIP_WITH_TRANSFORMATION(#6199) 
SHAPE_REPRESENTATION_RELATIONSHIP() );
#6199 = ITEM_DEFINED_TRANSFORMATION('','',#11,#35);
#6200 = PRODUCT_DEFINITION_SHAPE('Placement','Placement of an item',
  #6201);
#6201 = NEXT_ASSEMBLY_USAGE_OCCURRENCE('6','L2','',#5,#5332,$);
#6202 = PRODUCT_RELATED_PRODUCT_CATEGORY('part',$,(#5334));
#6203 = CONTEXT_DEPENDENT_SHAPE_REPRESENTATION(#6204,#6206);
#6204 = ( REPRESENTATION_RELATIONSHIP('','',#3645,#10) 
REPRESENTATION_RELATIONSHIP_WITH_TRANSFORMATION(#6205) 
SHAPE_REPRESENTATION_RELATIONSHIP() );
#6205 = ITEM_DEFINED_TRANSFORMATION('','',#11,#39);
#6206 = PRODUCT_DEFINITION_SHAPE('Placement','Placement of an item',
  #6207);
#6207 = NEXT_ASSEMBLY_USAGE_OCCURRENCE('7','C23','',#5,#3640,$);
#6208 = CONTEXT_DEPENDENT_SHAPE_REPRESENTATION(#6209,#6211);
#6209 = ( REPRESENTATION_RELATIONSHIP('','',#3645,#10) 
REPRESENTATION_RELATIONSHIP_WITH_TRANSFORMATION(#6210) 
SHAPE_REPRESENTATION_RELATIONSHIP() );
#6210 = ITEM_DEFINED_TRANSFORMATION('','',#11,#43);
#6211 = PRODUCT_DEFINITION_SHAPE('Placement','Placement of an item',
  #6212);
#6212 = NEXT_ASSEMBLY_USAGE_OCCURRENCE('8','C21','',#5,#3640,$);
#6213 = SHAPE_DEFINITION_REPRESENTATION(#6214,#6220);
#6214 = PRODUCT_DEFINITION_SHAPE('','',#6215);
#6215 = PRODUCT_DEFINITION('design','',#6216,#6219);
#6216 = PRODUCT_DEFINITION_FORMATION('','',#6217);
#6217 = PRODUCT('C_0805_2012Metric','C_0805_2012Metric','',(#6218));
#6218 = PRODUCT_CONTEXT('',#2,'mechanical');
#6219 = PRODUCT_DEFINITION_CONTEXT('part definition',#2,'design');
#6220 = ADVANCED_BREP_SHAPE_REPRESENTATION('',(#11,#6221),#7075);
#6221 = MANIFOLD_SOLID_BREP('',#6222);
#6222 = CLOSED_SHELL('',(#6223,#6299,#6330,#6355,#6380,#6404,#6428,#6453
    ,#6478,#6495,#6581,#6613,#6637,#6662,#6686,#6711,#6735,#6760,#6777,
    #6863,#6894,#6919,#6944,#6968,#6992,#7017,#7042,#7059));
#6223 = ADVANCED_FACE('',(#6224),#6294,.F.);
#6224 = FACE_BOUND('',#6225,.F.);
#6225 = EDGE_LOOP('',(#6226,#6236,#6245,#6253,#6262,#6270,#6279,#6287));
#6226 = ORIENTED_EDGE('',*,*,#6227,.F.);
#6227 = EDGE_CURVE('',#6228,#6230,#6232,.T.);
#6228 = VERTEX_POINT('',#6229);
#6229 = CARTESIAN_POINT('',(-1.,-0.625,4.E-02));
#6230 = VERTEX_POINT('',#6231);
#6231 = CARTESIAN_POINT('',(-1.,-0.625,1.21));
#6232 = LINE('',#6233,#6234);
#6233 = CARTESIAN_POINT('',(-1.,-0.625,0.));
#6234 = VECTOR('',#6235,1.);
#6235 = DIRECTION('',(0.,0.,1.));
#6236 = ORIENTED_EDGE('',*,*,#6237,.T.);
#6237 = EDGE_CURVE('',#6228,#6238,#6240,.T.);
#6238 = VERTEX_POINT('',#6239);
#6239 = CARTESIAN_POINT('',(-1.,-0.585,0.));
#6240 = CIRCLE('',#6241,4.E-02);
#6241 = AXIS2_PLACEMENT_3D('',#6242,#6243,#6244);
#6242 = CARTESIAN_POINT('',(-1.,-0.585,4.E-02));
#6243 = DIRECTION('',(1.,0.,-0.));
#6244 = DIRECTION('',(0.,0.,1.));
#6245 = ORIENTED_EDGE('',*,*,#6246,.T.);
#6246 = EDGE_CURVE('',#6238,#6247,#6249,.T.);
#6247 = VERTEX_POINT('',#6248);
#6248 = CARTESIAN_POINT('',(-1.,0.585,0.));
#6249 = LINE('',#6250,#6251);
#6250 = CARTESIAN_POINT('',(-1.,-0.625,0.));
#6251 = VECTOR('',#6252,1.);
#6252 = DIRECTION('',(0.,1.,0.));
#6253 = ORIENTED_EDGE('',*,*,#6254,.F.);
#6254 = EDGE_CURVE('',#6255,#6247,#6257,.T.);
#6255 = VERTEX_POINT('',#6256);
#6256 = CARTESIAN_POINT('',(-1.,0.625,4.E-02));
#6257 = CIRCLE('',#6258,4.E-02);
#6258 = AXIS2_PLACEMENT_3D('',#6259,#6260,#6261);
#6259 = CARTESIAN_POINT('',(-1.,0.585,4.E-02));
#6260 = DIRECTION('',(-1.,0.,0.));
#6261 = DIRECTION('',(0.,0.,1.));
#6262 = ORIENTED_EDGE('',*,*,#6263,.T.);
#6263 = EDGE_CURVE('',#6255,#6264,#6266,.T.);
#6264 = VERTEX_POINT('',#6265);
#6265 = CARTESIAN_POINT('',(-1.,0.625,1.21));
#6266 = LINE('',#6267,#6268);
#6267 = CARTESIAN_POINT('',(-1.,0.625,0.));
#6268 = VECTOR('',#6269,1.);
#6269 = DIRECTION('',(0.,0.,1.));
#6270 = ORIENTED_EDGE('',*,*,#6271,.T.);
#6271 = EDGE_CURVE('',#6264,#6272,#6274,.T.);
#6272 = VERTEX_POINT('',#6273);
#6273 = CARTESIAN_POINT('',(-1.,0.585,1.25));
#6274 = CIRCLE('',#6275,4.E-02);
#6275 = AXIS2_PLACEMENT_3D('',#6276,#6277,#6278);
#6276 = CARTESIAN_POINT('',(-1.,0.585,1.21));
#6277 = DIRECTION('',(1.,0.,-0.));
#6278 = DIRECTION('',(0.,0.,1.));
#6279 = ORIENTED_EDGE('',*,*,#6280,.F.);
#6280 = EDGE_CURVE('',#6281,#6272,#6283,.T.);
#6281 = VERTEX_POINT('',#6282);
#6282 = CARTESIAN_POINT('',(-1.,-0.585,1.25));
#6283 = LINE('',#6284,#6285);
#6284 = CARTESIAN_POINT('',(-1.,-0.625,1.25));
#6285 = VECTOR('',#6286,1.);
#6286 = DIRECTION('',(0.,1.,0.));
#6287 = ORIENTED_EDGE('',*,*,#6288,.F.);
#6288 = EDGE_CURVE('',#6230,#6281,#6289,.T.);
#6289 = CIRCLE('',#6290,4.E-02);
#6290 = AXIS2_PLACEMENT_3D('',#6291,#6292,#6293);
#6291 = CARTESIAN_POINT('',(-1.,-0.585,1.21));
#6292 = DIRECTION('',(-1.,0.,0.));
#6293 = DIRECTION('',(0.,0.,1.));
#6294 = PLANE('',#6295);
#6295 = AXIS2_PLACEMENT_3D('',#6296,#6297,#6298);
#6296 = CARTESIAN_POINT('',(-1.,-0.625,0.));
#6297 = DIRECTION('',(1.,0.,0.));
#6298 = DIRECTION('',(0.,0.,1.));
#6299 = ADVANCED_FACE('',(#6300),#6325,.F.);
#6300 = FACE_BOUND('',#6301,.F.);
#6301 = EDGE_LOOP('',(#6302,#6312,#6318,#6319));
#6302 = ORIENTED_EDGE('',*,*,#6303,.F.);
#6303 = EDGE_CURVE('',#6304,#6306,#6308,.T.);
#6304 = VERTEX_POINT('',#6305);
#6305 = CARTESIAN_POINT('',(-0.6,-0.625,4.E-02));
#6306 = VERTEX_POINT('',#6307);
#6307 = CARTESIAN_POINT('',(-0.6,-0.625,1.21));
#6308 = LINE('',#6309,#6310);
#6309 = CARTESIAN_POINT('',(-0.6,-0.625,0.));
#6310 = VECTOR('',#6311,1.);
#6311 = DIRECTION('',(0.,0.,1.));
#6312 = ORIENTED_EDGE('',*,*,#6313,.F.);
#6313 = EDGE_CURVE('',#6228,#6304,#6314,.T.);
#6314 = LINE('',#6315,#6316);
#6315 = CARTESIAN_POINT('',(-1.,-0.625,4.E-02));
#6316 = VECTOR('',#6317,1.);
#6317 = DIRECTION('',(1.,0.,0.));
#6318 = ORIENTED_EDGE('',*,*,#6227,.T.);
#6319 = ORIENTED_EDGE('',*,*,#6320,.T.);
#6320 = EDGE_CURVE('',#6230,#6306,#6321,.T.);
#6321 = LINE('',#6322,#6323);
#6322 = CARTESIAN_POINT('',(-1.,-0.625,1.21));
#6323 = VECTOR('',#6324,1.);
#6324 = DIRECTION('',(1.,0.,0.));
#6325 = PLANE('',#6326);
#6326 = AXIS2_PLACEMENT_3D('',#6327,#6328,#6329);
#6327 = CARTESIAN_POINT('',(-1.,-0.625,0.));
#6328 = DIRECTION('',(0.,1.,0.));
#6329 = DIRECTION('',(0.,-0.,1.));
#6330 = ADVANCED_FACE('',(#6331),#6350,.T.);
#6331 = FACE_BOUND('',#6332,.T.);
#6332 = EDGE_LOOP('',(#6333,#6334,#6342,#6349));
#6333 = ORIENTED_EDGE('',*,*,#6237,.T.);
#6334 = ORIENTED_EDGE('',*,*,#6335,.T.);
#6335 = EDGE_CURVE('',#6238,#6336,#6338,.T.);
#6336 = VERTEX_POINT('',#6337);
#6337 = CARTESIAN_POINT('',(-0.6,-0.585,0.));
#6338 = LINE('',#6339,#6340);
#6339 = CARTESIAN_POINT('',(-1.,-0.585,0.));
#6340 = VECTOR('',#6341,1.);
#6341 = DIRECTION('',(1.,0.,0.));
#6342 = ORIENTED_EDGE('',*,*,#6343,.F.);
#6343 = EDGE_CURVE('',#6304,#6336,#6344,.T.);
#6344 = CIRCLE('',#6345,4.E-02);
#6345 = AXIS2_PLACEMENT_3D('',#6346,#6347,#6348);
#6346 = CARTESIAN_POINT('',(-0.6,-0.585,4.E-02));
#6347 = DIRECTION('',(1.,0.,-0.));
#6348 = DIRECTION('',(0.,0.,1.));
#6349 = ORIENTED_EDGE('',*,*,#6313,.F.);
#6350 = CYLINDRICAL_SURFACE('',#6351,4.E-02);
#6351 = AXIS2_PLACEMENT_3D('',#6352,#6353,#6354);
#6352 = CARTESIAN_POINT('',(-1.,-0.585,4.E-02));
#6353 = DIRECTION('',(1.,0.,0.));
#6354 = DIRECTION('',(0.,-1.,0.));
#6355 = ADVANCED_FACE('',(#6356),#6375,.T.);
#6356 = FACE_BOUND('',#6357,.T.);
#6357 = EDGE_LOOP('',(#6358,#6359,#6368,#6374));
#6358 = ORIENTED_EDGE('',*,*,#6320,.T.);
#6359 = ORIENTED_EDGE('',*,*,#6360,.T.);
#6360 = EDGE_CURVE('',#6306,#6361,#6363,.T.);
#6361 = VERTEX_POINT('',#6362);
#6362 = CARTESIAN_POINT('',(-0.6,-0.585,1.25));
#6363 = CIRCLE('',#6364,4.E-02);
#6364 = AXIS2_PLACEMENT_3D('',#6365,#6366,#6367);
#6365 = CARTESIAN_POINT('',(-0.6,-0.585,1.21));
#6366 = DIRECTION('',(-1.,0.,0.));
#6367 = DIRECTION('',(0.,0.,1.));
#6368 = ORIENTED_EDGE('',*,*,#6369,.F.);
#6369 = EDGE_CURVE('',#6281,#6361,#6370,.T.);
#6370 = LINE('',#6371,#6372);
#6371 = CARTESIAN_POINT('',(-1.,-0.585,1.25));
#6372 = VECTOR('',#6373,1.);
#6373 = DIRECTION('',(1.,0.,0.));
#6374 = ORIENTED_EDGE('',*,*,#6288,.F.);
#6375 = CYLINDRICAL_SURFACE('',#6376,4.E-02);
#6376 = AXIS2_PLACEMENT_3D('',#6377,#6378,#6379);
#6377 = CARTESIAN_POINT('',(-1.,-0.585,1.21));
#6378 = DIRECTION('',(1.,0.,0.));
#6379 = DIRECTION('',(0.,-1.,0.));
#6380 = ADVANCED_FACE('',(#6381),#6399,.F.);
#6381 = FACE_BOUND('',#6382,.F.);
#6382 = EDGE_LOOP('',(#6383,#6384,#6385,#6393));
#6383 = ORIENTED_EDGE('',*,*,#6246,.F.);
#6384 = ORIENTED_EDGE('',*,*,#6335,.T.);
#6385 = ORIENTED_EDGE('',*,*,#6386,.T.);
#6386 = EDGE_CURVE('',#6336,#6387,#6389,.T.);
#6387 = VERTEX_POINT('',#6388);
#6388 = CARTESIAN_POINT('',(-0.6,0.585,0.));
#6389 = LINE('',#6390,#6391);
#6390 = CARTESIAN_POINT('',(-0.6,-0.625,0.));
#6391 = VECTOR('',#6392,1.);
#6392 = DIRECTION('',(0.,1.,0.));
#6393 = ORIENTED_EDGE('',*,*,#6394,.F.);
#6394 = EDGE_CURVE('',#6247,#6387,#6395,.T.);
#6395 = LINE('',#6396,#6397);
#6396 = CARTESIAN_POINT('',(-1.,0.585,0.));
#6397 = VECTOR('',#6398,1.);
#6398 = DIRECTION('',(1.,0.,0.));
#6399 = PLANE('',#6400);
#6400 = AXIS2_PLACEMENT_3D('',#6401,#6402,#6403);
#6401 = CARTESIAN_POINT('',(-1.,-0.625,0.));
#6402 = DIRECTION('',(0.,0.,1.));
#6403 = DIRECTION('',(1.,0.,-0.));
#6404 = ADVANCED_FACE('',(#6405),#6423,.T.);
#6405 = FACE_BOUND('',#6406,.T.);
#6406 = EDGE_LOOP('',(#6407,#6408,#6409,#6417));
#6407 = ORIENTED_EDGE('',*,*,#6280,.F.);
#6408 = ORIENTED_EDGE('',*,*,#6369,.T.);
#6409 = ORIENTED_EDGE('',*,*,#6410,.T.);
#6410 = EDGE_CURVE('',#6361,#6411,#6413,.T.);
#6411 = VERTEX_POINT('',#6412);
#6412 = CARTESIAN_POINT('',(-0.6,0.585,1.25));
#6413 = LINE('',#6414,#6415);
#6414 = CARTESIAN_POINT('',(-0.6,-0.625,1.25));
#6415 = VECTOR('',#6416,1.);
#6416 = DIRECTION('',(0.,1.,0.));
#6417 = ORIENTED_EDGE('',*,*,#6418,.F.);
#6418 = EDGE_CURVE('',#6272,#6411,#6419,.T.);
#6419 = LINE('',#6420,#6421);
#6420 = CARTESIAN_POINT('',(-1.,0.585,1.25));
#6421 = VECTOR('',#6422,1.);
#6422 = DIRECTION('',(1.,0.,0.));
#6423 = PLANE('',#6424);
#6424 = AXIS2_PLACEMENT_3D('',#6425,#6426,#6427);
#6425 = CARTESIAN_POINT('',(-1.,-0.625,1.25));
#6426 = DIRECTION('',(0.,0.,1.));
#6427 = DIRECTION('',(1.,0.,-0.));
#6428 = ADVANCED_FACE('',(#6429),#6448,.T.);
#6429 = FACE_BOUND('',#6430,.T.);
#6430 = EDGE_LOOP('',(#6431,#6439,#6446,#6447));
#6431 = ORIENTED_EDGE('',*,*,#6432,.T.);
#6432 = EDGE_CURVE('',#6255,#6433,#6435,.T.);
#6433 = VERTEX_POINT('',#6434);
#6434 = CARTESIAN_POINT('',(-0.6,0.625,4.E-02));
#6435 = LINE('',#6436,#6437);
#6436 = CARTESIAN_POINT('',(-1.,0.625,4.E-02));
#6437 = VECTOR('',#6438,1.);
#6438 = DIRECTION('',(1.,0.,0.));
#6439 = ORIENTED_EDGE('',*,*,#6440,.T.);
#6440 = EDGE_CURVE('',#6433,#6387,#6441,.T.);
#6441 = CIRCLE('',#6442,4.E-02);
#6442 = AXIS2_PLACEMENT_3D('',#6443,#6444,#6445);
#6443 = CARTESIAN_POINT('',(-0.6,0.585,4.E-02));
#6444 = DIRECTION('',(-1.,0.,0.));
#6445 = DIRECTION('',(0.,0.,1.));
#6446 = ORIENTED_EDGE('',*,*,#6394,.F.);
#6447 = ORIENTED_EDGE('',*,*,#6254,.F.);
#6448 = CYLINDRICAL_SURFACE('',#6449,4.E-02);
#6449 = AXIS2_PLACEMENT_3D('',#6450,#6451,#6452);
#6450 = CARTESIAN_POINT('',(-1.,0.585,4.E-02));
#6451 = DIRECTION('',(1.,0.,0.));
#6452 = DIRECTION('',(-0.,1.,0.));
#6453 = ADVANCED_FACE('',(#6454),#6473,.T.);
#6454 = FACE_BOUND('',#6455,.T.);
#6455 = EDGE_LOOP('',(#6456,#6457,#6458,#6467));
#6456 = ORIENTED_EDGE('',*,*,#6271,.T.);
#6457 = ORIENTED_EDGE('',*,*,#6418,.T.);
#6458 = ORIENTED_EDGE('',*,*,#6459,.F.);
#6459 = EDGE_CURVE('',#6460,#6411,#6462,.T.);
#6460 = VERTEX_POINT('',#6461);
#6461 = CARTESIAN_POINT('',(-0.6,0.625,1.21));
#6462 = CIRCLE('',#6463,4.E-02);
#6463 = AXIS2_PLACEMENT_3D('',#6464,#6465,#6466);
#6464 = CARTESIAN_POINT('',(-0.6,0.585,1.21));
#6465 = DIRECTION('',(1.,0.,-0.));
#6466 = DIRECTION('',(0.,0.,1.));
#6467 = ORIENTED_EDGE('',*,*,#6468,.F.);
#6468 = EDGE_CURVE('',#6264,#6460,#6469,.T.);
#6469 = LINE('',#6470,#6471);
#6470 = CARTESIAN_POINT('',(-1.,0.625,1.21));
#6471 = VECTOR('',#6472,1.);
#6472 = DIRECTION('',(1.,0.,0.));
#6473 = CYLINDRICAL_SURFACE('',#6474,4.E-02);
#6474 = AXIS2_PLACEMENT_3D('',#6475,#6476,#6477);
#6475 = CARTESIAN_POINT('',(-1.,0.585,1.21));
#6476 = DIRECTION('',(1.,0.,0.));
#6477 = DIRECTION('',(-0.,1.,0.));
#6478 = ADVANCED_FACE('',(#6479),#6490,.T.);
#6479 = FACE_BOUND('',#6480,.T.);
#6480 = EDGE_LOOP('',(#6481,#6487,#6488,#6489));
#6481 = ORIENTED_EDGE('',*,*,#6482,.F.);
#6482 = EDGE_CURVE('',#6433,#6460,#6483,.T.);
#6483 = LINE('',#6484,#6485);
#6484 = CARTESIAN_POINT('',(-0.6,0.625,0.));
#6485 = VECTOR('',#6486,1.);
#6486 = DIRECTION('',(0.,0.,1.));
#6487 = ORIENTED_EDGE('',*,*,#6432,.F.);
#6488 = ORIENTED_EDGE('',*,*,#6263,.T.);
#6489 = ORIENTED_EDGE('',*,*,#6468,.T.);
#6490 = PLANE('',#6491);
#6491 = AXIS2_PLACEMENT_3D('',#6492,#6493,#6494);
#6492 = CARTESIAN_POINT('',(-1.,0.625,0.));
#6493 = DIRECTION('',(0.,1.,0.));
#6494 = DIRECTION('',(0.,-0.,1.));
#6495 = ADVANCED_FACE('',(#6496,#6506),#6576,.T.);
#6496 = FACE_BOUND('',#6497,.T.);
#6497 = EDGE_LOOP('',(#6498,#6499,#6500,#6501,#6502,#6503,#6504,#6505));
#6498 = ORIENTED_EDGE('',*,*,#6303,.F.);
#6499 = ORIENTED_EDGE('',*,*,#6343,.T.);
#6500 = ORIENTED_EDGE('',*,*,#6386,.T.);
#6501 = ORIENTED_EDGE('',*,*,#6440,.F.);
#6502 = ORIENTED_EDGE('',*,*,#6482,.T.);
#6503 = ORIENTED_EDGE('',*,*,#6459,.T.);
#6504 = ORIENTED_EDGE('',*,*,#6410,.F.);
#6505 = ORIENTED_EDGE('',*,*,#6360,.F.);
#6506 = FACE_BOUND('',#6507,.T.);
#6507 = EDGE_LOOP('',(#6508,#6519,#6527,#6536,#6544,#6553,#6561,#6570));
#6508 = ORIENTED_EDGE('',*,*,#6509,.F.);
#6509 = EDGE_CURVE('',#6510,#6512,#6514,.T.);
#6510 = VERTEX_POINT('',#6511);
#6511 = CARTESIAN_POINT('',(-0.6,-0.585,8.E-02));
#6512 = VERTEX_POINT('',#6513);
#6513 = CARTESIAN_POINT('',(-0.6,-0.545,4.E-02));
#6514 = CIRCLE('',#6515,4.E-02);
#6515 = AXIS2_PLACEMENT_3D('',#6516,#6517,#6518);
#6516 = CARTESIAN_POINT('',(-0.6,-0.545,8.E-02));
#6517 = DIRECTION('',(1.,0.,-0.));
#6518 = DIRECTION('',(0.,0.,1.));
#6519 = ORIENTED_EDGE('',*,*,#6520,.T.);
#6520 = EDGE_CURVE('',#6510,#6521,#6523,.T.);
#6521 = VERTEX_POINT('',#6522);
#6522 = CARTESIAN_POINT('',(-0.6,-0.585,1.17));
#6523 = LINE('',#6524,#6525);
#6524 = CARTESIAN_POINT('',(-0.6,-0.585,4.E-02));
#6525 = VECTOR('',#6526,1.);
#6526 = DIRECTION('',(0.,0.,1.));
#6527 = ORIENTED_EDGE('',*,*,#6528,.T.);
#6528 = EDGE_CURVE('',#6521,#6529,#6531,.T.);
#6529 = VERTEX_POINT('',#6530);
#6530 = CARTESIAN_POINT('',(-0.6,-0.545,1.21));
#6531 = CIRCLE('',#6532,4.E-02);
#6532 = AXIS2_PLACEMENT_3D('',#6533,#6534,#6535);
#6533 = CARTESIAN_POINT('',(-0.6,-0.545,1.17));
#6534 = DIRECTION('',(-1.,0.,0.));
#6535 = DIRECTION('',(0.,0.,1.));
#6536 = ORIENTED_EDGE('',*,*,#6537,.T.);
#6537 = EDGE_CURVE('',#6529,#6538,#6540,.T.);
#6538 = VERTEX_POINT('',#6539);
#6539 = CARTESIAN_POINT('',(-0.6,0.545,1.21));
#6540 = LINE('',#6541,#6542);
#6541 = CARTESIAN_POINT('',(-0.6,-0.585,1.21));
#6542 = VECTOR('',#6543,1.);
#6543 = DIRECTION('',(0.,1.,0.));
#6544 = ORIENTED_EDGE('',*,*,#6545,.F.);
#6545 = EDGE_CURVE('',#6546,#6538,#6548,.T.);
#6546 = VERTEX_POINT('',#6547);
#6547 = CARTESIAN_POINT('',(-0.6,0.585,1.17));
#6548 = CIRCLE('',#6549,4.E-02);
#6549 = AXIS2_PLACEMENT_3D('',#6550,#6551,#6552);
#6550 = CARTESIAN_POINT('',(-0.6,0.545,1.17));
#6551 = DIRECTION('',(1.,0.,-0.));
#6552 = DIRECTION('',(0.,0.,1.));
#6553 = ORIENTED_EDGE('',*,*,#6554,.F.);
#6554 = EDGE_CURVE('',#6555,#6546,#6557,.T.);
#6555 = VERTEX_POINT('',#6556);
#6556 = CARTESIAN_POINT('',(-0.6,0.585,8.E-02));
#6557 = LINE('',#6558,#6559);
#6558 = CARTESIAN_POINT('',(-0.6,0.585,4.E-02));
#6559 = VECTOR('',#6560,1.);
#6560 = DIRECTION('',(0.,0.,1.));
#6561 = ORIENTED_EDGE('',*,*,#6562,.T.);
#6562 = EDGE_CURVE('',#6555,#6563,#6565,.T.);
#6563 = VERTEX_POINT('',#6564);
#6564 = CARTESIAN_POINT('',(-0.6,0.545,4.E-02));
#6565 = CIRCLE('',#6566,4.E-02);
#6566 = AXIS2_PLACEMENT_3D('',#6567,#6568,#6569);
#6567 = CARTESIAN_POINT('',(-0.6,0.545,8.E-02));
#6568 = DIRECTION('',(-1.,0.,0.));
#6569 = DIRECTION('',(0.,0.,1.));
#6570 = ORIENTED_EDGE('',*,*,#6571,.F.);
#6571 = EDGE_CURVE('',#6512,#6563,#6572,.T.);
#6572 = LINE('',#6573,#6574);
#6573 = CARTESIAN_POINT('',(-0.6,-0.585,4.E-02));
#6574 = VECTOR('',#6575,1.);
#6575 = DIRECTION('',(0.,1.,0.));
#6576 = PLANE('',#6577);
#6577 = AXIS2_PLACEMENT_3D('',#6578,#6579,#6580);
#6578 = CARTESIAN_POINT('',(-0.6,-0.625,0.));
#6579 = DIRECTION('',(1.,0.,0.));
#6580 = DIRECTION('',(0.,0.,1.));
#6581 = ADVANCED_FACE('',(#6582),#6608,.T.);
#6582 = FACE_BOUND('',#6583,.T.);
#6583 = EDGE_LOOP('',(#6584,#6585,#6593,#6602));
#6584 = ORIENTED_EDGE('',*,*,#6509,.T.);
#6585 = ORIENTED_EDGE('',*,*,#6586,.T.);
#6586 = EDGE_CURVE('',#6512,#6587,#6589,.T.);
#6587 = VERTEX_POINT('',#6588);
#6588 = CARTESIAN_POINT('',(0.6,-0.545,4.E-02));
#6589 = LINE('',#6590,#6591);
#6590 = CARTESIAN_POINT('',(-0.6,-0.545,4.E-02));
#6591 = VECTOR('',#6592,1.);
#6592 = DIRECTION('',(1.,0.,0.));
#6593 = ORIENTED_EDGE('',*,*,#6594,.F.);
#6594 = EDGE_CURVE('',#6595,#6587,#6597,.T.);
#6595 = VERTEX_POINT('',#6596);
#6596 = CARTESIAN_POINT('',(0.6,-0.585,8.E-02));
#6597 = CIRCLE('',#6598,4.E-02);
#6598 = AXIS2_PLACEMENT_3D('',#6599,#6600,#6601);
#6599 = CARTESIAN_POINT('',(0.6,-0.545,8.E-02));
#6600 = DIRECTION('',(1.,0.,-0.));
#6601 = DIRECTION('',(0.,0.,1.));
#6602 = ORIENTED_EDGE('',*,*,#6603,.F.);
#6603 = EDGE_CURVE('',#6510,#6595,#6604,.T.);
#6604 = LINE('',#6605,#6606);
#6605 = CARTESIAN_POINT('',(-0.6,-0.585,8.E-02));
#6606 = VECTOR('',#6607,1.);
#6607 = DIRECTION('',(1.,0.,0.));
#6608 = CYLINDRICAL_SURFACE('',#6609,4.E-02);
#6609 = AXIS2_PLACEMENT_3D('',#6610,#6611,#6612);
#6610 = CARTESIAN_POINT('',(-0.6,-0.545,8.E-02));
#6611 = DIRECTION('',(1.,0.,0.));
#6612 = DIRECTION('',(0.,-1.,0.));
#6613 = ADVANCED_FACE('',(#6614),#6632,.F.);
#6614 = FACE_BOUND('',#6615,.F.);
#6615 = EDGE_LOOP('',(#6616,#6617,#6618,#6626));
#6616 = ORIENTED_EDGE('',*,*,#6571,.F.);
#6617 = ORIENTED_EDGE('',*,*,#6586,.T.);
#6618 = ORIENTED_EDGE('',*,*,#6619,.T.);
#6619 = EDGE_CURVE('',#6587,#6620,#6622,.T.);
#6620 = VERTEX_POINT('',#6621);
#6621 = CARTESIAN_POINT('',(0.6,0.545,4.E-02));
#6622 = LINE('',#6623,#6624);
#6623 = CARTESIAN_POINT('',(0.6,-0.585,4.E-02));
#6624 = VECTOR('',#6625,1.);
#6625 = DIRECTION('',(0.,1.,0.));
#6626 = ORIENTED_EDGE('',*,*,#6627,.F.);
#6627 = EDGE_CURVE('',#6563,#6620,#6628,.T.);
#6628 = LINE('',#6629,#6630);
#6629 = CARTESIAN_POINT('',(-0.6,0.545,4.E-02));
#6630 = VECTOR('',#6631,1.);
#6631 = DIRECTION('',(1.,0.,0.));
#6632 = PLANE('',#6633);
#6633 = AXIS2_PLACEMENT_3D('',#6634,#6635,#6636);
#6634 = CARTESIAN_POINT('',(-0.6,-0.585,4.E-02));
#6635 = DIRECTION('',(0.,0.,1.));
#6636 = DIRECTION('',(1.,0.,-0.));
#6637 = ADVANCED_FACE('',(#6638),#6657,.T.);
#6638 = FACE_BOUND('',#6639,.T.);
#6639 = EDGE_LOOP('',(#6640,#6648,#6655,#6656));
#6640 = ORIENTED_EDGE('',*,*,#6641,.T.);
#6641 = EDGE_CURVE('',#6555,#6642,#6644,.T.);
#6642 = VERTEX_POINT('',#6643);
#6643 = CARTESIAN_POINT('',(0.6,0.585,8.E-02));
#6644 = LINE('',#6645,#6646);
#6645 = CARTESIAN_POINT('',(-0.6,0.585,8.E-02));
#6646 = VECTOR('',#6647,1.);
#6647 = DIRECTION('',(1.,0.,0.));
#6648 = ORIENTED_EDGE('',*,*,#6649,.T.);
#6649 = EDGE_CURVE('',#6642,#6620,#6650,.T.);
#6650 = CIRCLE('',#6651,4.E-02);
#6651 = AXIS2_PLACEMENT_3D('',#6652,#6653,#6654);
#6652 = CARTESIAN_POINT('',(0.6,0.545,8.E-02));
#6653 = DIRECTION('',(-1.,0.,0.));
#6654 = DIRECTION('',(0.,0.,1.));
#6655 = ORIENTED_EDGE('',*,*,#6627,.F.);
#6656 = ORIENTED_EDGE('',*,*,#6562,.F.);
#6657 = CYLINDRICAL_SURFACE('',#6658,4.E-02);
#6658 = AXIS2_PLACEMENT_3D('',#6659,#6660,#6661);
#6659 = CARTESIAN_POINT('',(-0.6,0.545,8.E-02));
#6660 = DIRECTION('',(1.,0.,0.));
#6661 = DIRECTION('',(-0.,1.,0.));
#6662 = ADVANCED_FACE('',(#6663),#6681,.T.);
#6663 = FACE_BOUND('',#6664,.T.);
#6664 = EDGE_LOOP('',(#6665,#6673,#6674,#6675));
#6665 = ORIENTED_EDGE('',*,*,#6666,.F.);
#6666 = EDGE_CURVE('',#6642,#6667,#6669,.T.);
#6667 = VERTEX_POINT('',#6668);
#6668 = CARTESIAN_POINT('',(0.6,0.585,1.17));
#6669 = LINE('',#6670,#6671);
#6670 = CARTESIAN_POINT('',(0.6,0.585,4.E-02));
#6671 = VECTOR('',#6672,1.);
#6672 = DIRECTION('',(0.,0.,1.));
#6673 = ORIENTED_EDGE('',*,*,#6641,.F.);
#6674 = ORIENTED_EDGE('',*,*,#6554,.T.);
#6675 = ORIENTED_EDGE('',*,*,#6676,.T.);
#6676 = EDGE_CURVE('',#6546,#6667,#6677,.T.);
#6677 = LINE('',#6678,#6679);
#6678 = CARTESIAN_POINT('',(-0.6,0.585,1.17));
#6679 = VECTOR('',#6680,1.);
#6680 = DIRECTION('',(1.,0.,0.));
#6681 = PLANE('',#6682);
#6682 = AXIS2_PLACEMENT_3D('',#6683,#6684,#6685);
#6683 = CARTESIAN_POINT('',(-0.6,0.585,4.E-02));
#6684 = DIRECTION('',(0.,1.,0.));
#6685 = DIRECTION('',(0.,-0.,1.));
#6686 = ADVANCED_FACE('',(#6687),#6706,.T.);
#6687 = FACE_BOUND('',#6688,.T.);
#6688 = EDGE_LOOP('',(#6689,#6690,#6698,#6705));
#6689 = ORIENTED_EDGE('',*,*,#6545,.T.);
#6690 = ORIENTED_EDGE('',*,*,#6691,.T.);
#6691 = EDGE_CURVE('',#6538,#6692,#6694,.T.);
#6692 = VERTEX_POINT('',#6693);
#6693 = CARTESIAN_POINT('',(0.6,0.545,1.21));
#6694 = LINE('',#6695,#6696);
#6695 = CARTESIAN_POINT('',(-0.6,0.545,1.21));
#6696 = VECTOR('',#6697,1.);
#6697 = DIRECTION('',(1.,0.,0.));
#6698 = ORIENTED_EDGE('',*,*,#6699,.F.);
#6699 = EDGE_CURVE('',#6667,#6692,#6700,.T.);
#6700 = CIRCLE('',#6701,4.E-02);
#6701 = AXIS2_PLACEMENT_3D('',#6702,#6703,#6704);
#6702 = CARTESIAN_POINT('',(0.6,0.545,1.17));
#6703 = DIRECTION('',(1.,0.,-0.));
#6704 = DIRECTION('',(0.,0.,1.));
#6705 = ORIENTED_EDGE('',*,*,#6676,.F.);
#6706 = CYLINDRICAL_SURFACE('',#6707,4.E-02);
#6707 = AXIS2_PLACEMENT_3D('',#6708,#6709,#6710);
#6708 = CARTESIAN_POINT('',(-0.6,0.545,1.17));
#6709 = DIRECTION('',(1.,0.,0.));
#6710 = DIRECTION('',(-0.,1.,0.));
#6711 = ADVANCED_FACE('',(#6712),#6730,.T.);
#6712 = FACE_BOUND('',#6713,.T.);
#6713 = EDGE_LOOP('',(#6714,#6715,#6723,#6729));
#6714 = ORIENTED_EDGE('',*,*,#6537,.F.);
#6715 = ORIENTED_EDGE('',*,*,#6716,.T.);
#6716 = EDGE_CURVE('',#6529,#6717,#6719,.T.);
#6717 = VERTEX_POINT('',#6718);
#6718 = CARTESIAN_POINT('',(0.6,-0.545,1.21));
#6719 = LINE('',#6720,#6721);
#6720 = CARTESIAN_POINT('',(-0.6,-0.545,1.21));
#6721 = VECTOR('',#6722,1.);
#6722 = DIRECTION('',(1.,0.,0.));
#6723 = ORIENTED_EDGE('',*,*,#6724,.T.);
#6724 = EDGE_CURVE('',#6717,#6692,#6725,.T.);
#6725 = LINE('',#6726,#6727);
#6726 = CARTESIAN_POINT('',(0.6,-0.585,1.21));
#6727 = VECTOR('',#6728,1.);
#6728 = DIRECTION('',(0.,1.,0.));
#6729 = ORIENTED_EDGE('',*,*,#6691,.F.);
#6730 = PLANE('',#6731);
#6731 = AXIS2_PLACEMENT_3D('',#6732,#6733,#6734);
#6732 = CARTESIAN_POINT('',(-0.6,-0.585,1.21));
#6733 = DIRECTION('',(0.,0.,1.));
#6734 = DIRECTION('',(1.,0.,-0.));
#6735 = ADVANCED_FACE('',(#6736),#6755,.T.);
#6736 = FACE_BOUND('',#6737,.T.);
#6737 = EDGE_LOOP('',(#6738,#6746,#6753,#6754));
#6738 = ORIENTED_EDGE('',*,*,#6739,.T.);
#6739 = EDGE_CURVE('',#6521,#6740,#6742,.T.);
#6740 = VERTEX_POINT('',#6741);
#6741 = CARTESIAN_POINT('',(0.6,-0.585,1.17));
#6742 = LINE('',#6743,#6744);
#6743 = CARTESIAN_POINT('',(-0.6,-0.585,1.17));
#6744 = VECTOR('',#6745,1.);
#6745 = DIRECTION('',(1.,0.,0.));
#6746 = ORIENTED_EDGE('',*,*,#6747,.T.);
#6747 = EDGE_CURVE('',#6740,#6717,#6748,.T.);
#6748 = CIRCLE('',#6749,4.E-02);
#6749 = AXIS2_PLACEMENT_3D('',#6750,#6751,#6752);
#6750 = CARTESIAN_POINT('',(0.6,-0.545,1.17));
#6751 = DIRECTION('',(-1.,0.,0.));
#6752 = DIRECTION('',(0.,0.,1.));
#6753 = ORIENTED_EDGE('',*,*,#6716,.F.);
#6754 = ORIENTED_EDGE('',*,*,#6528,.F.);
#6755 = CYLINDRICAL_SURFACE('',#6756,4.E-02);
#6756 = AXIS2_PLACEMENT_3D('',#6757,#6758,#6759);
#6757 = CARTESIAN_POINT('',(-0.6,-0.545,1.17));
#6758 = DIRECTION('',(1.,0.,0.));
#6759 = DIRECTION('',(0.,-1.,0.));
#6760 = ADVANCED_FACE('',(#6761),#6772,.F.);
#6761 = FACE_BOUND('',#6762,.F.);
#6762 = EDGE_LOOP('',(#6763,#6769,#6770,#6771));
#6763 = ORIENTED_EDGE('',*,*,#6764,.F.);
#6764 = EDGE_CURVE('',#6595,#6740,#6765,.T.);
#6765 = LINE('',#6766,#6767);
#6766 = CARTESIAN_POINT('',(0.6,-0.585,4.E-02));
#6767 = VECTOR('',#6768,1.);
#6768 = DIRECTION('',(0.,0.,1.));
#6769 = ORIENTED_EDGE('',*,*,#6603,.F.);
#6770 = ORIENTED_EDGE('',*,*,#6520,.T.);
#6771 = ORIENTED_EDGE('',*,*,#6739,.T.);
#6772 = PLANE('',#6773);
#6773 = AXIS2_PLACEMENT_3D('',#6774,#6775,#6776);
#6774 = CARTESIAN_POINT('',(-0.6,-0.585,4.E-02));
#6775 = DIRECTION('',(0.,1.,0.));
#6776 = DIRECTION('',(0.,-0.,1.));
#6777 = ADVANCED_FACE('',(#6778,#6848),#6858,.F.);
#6778 = FACE_BOUND('',#6779,.F.);
#6779 = EDGE_LOOP('',(#6780,#6790,#6799,#6807,#6816,#6824,#6833,#6841));
#6780 = ORIENTED_EDGE('',*,*,#6781,.F.);
#6781 = EDGE_CURVE('',#6782,#6784,#6786,.T.);
#6782 = VERTEX_POINT('',#6783);
#6783 = CARTESIAN_POINT('',(0.6,-0.625,4.E-02));
#6784 = VERTEX_POINT('',#6785);
#6785 = CARTESIAN_POINT('',(0.6,-0.625,1.21));
#6786 = LINE('',#6787,#6788);
#6787 = CARTESIAN_POINT('',(0.6,-0.625,0.));
#6788 = VECTOR('',#6789,1.);
#6789 = DIRECTION('',(0.,0.,1.));
#6790 = ORIENTED_EDGE('',*,*,#6791,.T.);
#6791 = EDGE_CURVE('',#6782,#6792,#6794,.T.);
#6792 = VERTEX_POINT('',#6793);
#6793 = CARTESIAN_POINT('',(0.6,-0.585,0.));
#6794 = CIRCLE('',#6795,4.E-02);
#6795 = AXIS2_PLACEMENT_3D('',#6796,#6797,#6798);
#6796 = CARTESIAN_POINT('',(0.6,-0.585,4.E-02));
#6797 = DIRECTION('',(1.,0.,-0.));
#6798 = DIRECTION('',(0.,0.,1.));
#6799 = ORIENTED_EDGE('',*,*,#6800,.T.);
#6800 = EDGE_CURVE('',#6792,#6801,#6803,.T.);
#6801 = VERTEX_POINT('',#6802);
#6802 = CARTESIAN_POINT('',(0.6,0.585,0.));
#6803 = LINE('',#6804,#6805);
#6804 = CARTESIAN_POINT('',(0.6,-0.625,0.));
#6805 = VECTOR('',#6806,1.);
#6806 = DIRECTION('',(0.,1.,0.));
#6807 = ORIENTED_EDGE('',*,*,#6808,.F.);
#6808 = EDGE_CURVE('',#6809,#6801,#6811,.T.);
#6809 = VERTEX_POINT('',#6810);
#6810 = CARTESIAN_POINT('',(0.6,0.625,4.E-02));
#6811 = CIRCLE('',#6812,4.E-02);
#6812 = AXIS2_PLACEMENT_3D('',#6813,#6814,#6815);
#6813 = CARTESIAN_POINT('',(0.6,0.585,4.E-02));
#6814 = DIRECTION('',(-1.,0.,0.));
#6815 = DIRECTION('',(0.,0.,1.));
#6816 = ORIENTED_EDGE('',*,*,#6817,.T.);
#6817 = EDGE_CURVE('',#6809,#6818,#6820,.T.);
#6818 = VERTEX_POINT('',#6819);
#6819 = CARTESIAN_POINT('',(0.6,0.625,1.21));
#6820 = LINE('',#6821,#6822);
#6821 = CARTESIAN_POINT('',(0.6,0.625,0.));
#6822 = VECTOR('',#6823,1.);
#6823 = DIRECTION('',(0.,0.,1.));
#6824 = ORIENTED_EDGE('',*,*,#6825,.T.);
#6825 = EDGE_CURVE('',#6818,#6826,#6828,.T.);
#6826 = VERTEX_POINT('',#6827);
#6827 = CARTESIAN_POINT('',(0.6,0.585,1.25));
#6828 = CIRCLE('',#6829,4.E-02);
#6829 = AXIS2_PLACEMENT_3D('',#6830,#6831,#6832);
#6830 = CARTESIAN_POINT('',(0.6,0.585,1.21));
#6831 = DIRECTION('',(1.,0.,-0.));
#6832 = DIRECTION('',(0.,0.,1.));
#6833 = ORIENTED_EDGE('',*,*,#6834,.F.);
#6834 = EDGE_CURVE('',#6835,#6826,#6837,.T.);
#6835 = VERTEX_POINT('',#6836);
#6836 = CARTESIAN_POINT('',(0.6,-0.585,1.25));
#6837 = LINE('',#6838,#6839);
#6838 = CARTESIAN_POINT('',(0.6,-0.625,1.25));
#6839 = VECTOR('',#6840,1.);
#6840 = DIRECTION('',(0.,1.,0.));
#6841 = ORIENTED_EDGE('',*,*,#6842,.F.);
#6842 = EDGE_CURVE('',#6784,#6835,#6843,.T.);
#6843 = CIRCLE('',#6844,4.E-02);
#6844 = AXIS2_PLACEMENT_3D('',#6845,#6846,#6847);
#6845 = CARTESIAN_POINT('',(0.6,-0.585,1.21));
#6846 = DIRECTION('',(-1.,0.,0.));
#6847 = DIRECTION('',(0.,0.,1.));
#6848 = FACE_BOUND('',#6849,.F.);
#6849 = EDGE_LOOP('',(#6850,#6851,#6852,#6853,#6854,#6855,#6856,#6857));
#6850 = ORIENTED_EDGE('',*,*,#6594,.F.);
#6851 = ORIENTED_EDGE('',*,*,#6764,.T.);
#6852 = ORIENTED_EDGE('',*,*,#6747,.T.);
#6853 = ORIENTED_EDGE('',*,*,#6724,.T.);
#6854 = ORIENTED_EDGE('',*,*,#6699,.F.);
#6855 = ORIENTED_EDGE('',*,*,#6666,.F.);
#6856 = ORIENTED_EDGE('',*,*,#6649,.T.);
#6857 = ORIENTED_EDGE('',*,*,#6619,.F.);
#6858 = PLANE('',#6859);
#6859 = AXIS2_PLACEMENT_3D('',#6860,#6861,#6862);
#6860 = CARTESIAN_POINT('',(0.6,-0.625,0.));
#6861 = DIRECTION('',(1.,0.,0.));
#6862 = DIRECTION('',(0.,0.,1.));
#6863 = ADVANCED_FACE('',(#6864),#6889,.F.);
#6864 = FACE_BOUND('',#6865,.F.);
#6865 = EDGE_LOOP('',(#6866,#6876,#6882,#6883));
#6866 = ORIENTED_EDGE('',*,*,#6867,.F.);
#6867 = EDGE_CURVE('',#6868,#6870,#6872,.T.);
#6868 = VERTEX_POINT('',#6869);
#6869 = CARTESIAN_POINT('',(1.,-0.625,4.E-02));
#6870 = VERTEX_POINT('',#6871);
#6871 = CARTESIAN_POINT('',(1.,-0.625,1.21));
#6872 = LINE('',#6873,#6874);
#6873 = CARTESIAN_POINT('',(1.,-0.625,0.));
#6874 = VECTOR('',#6875,1.);
#6875 = DIRECTION('',(0.,0.,1.));
#6876 = ORIENTED_EDGE('',*,*,#6877,.F.);
#6877 = EDGE_CURVE('',#6782,#6868,#6878,.T.);
#6878 = LINE('',#6879,#6880);
#6879 = CARTESIAN_POINT('',(0.6,-0.625,4.E-02));
#6880 = VECTOR('',#6881,1.);
#6881 = DIRECTION('',(1.,0.,0.));
#6882 = ORIENTED_EDGE('',*,*,#6781,.T.);
#6883 = ORIENTED_EDGE('',*,*,#6884,.T.);
#6884 = EDGE_CURVE('',#6784,#6870,#6885,.T.);
#6885 = LINE('',#6886,#6887);
#6886 = CARTESIAN_POINT('',(0.6,-0.625,1.21));
#6887 = VECTOR('',#6888,1.);
#6888 = DIRECTION('',(1.,0.,0.));
#6889 = PLANE('',#6890);
#6890 = AXIS2_PLACEMENT_3D('',#6891,#6892,#6893);
#6891 = CARTESIAN_POINT('',(0.6,-0.625,0.));
#6892 = DIRECTION('',(0.,1.,0.));
#6893 = DIRECTION('',(0.,-0.,1.));
#6894 = ADVANCED_FACE('',(#6895),#6914,.T.);
#6895 = FACE_BOUND('',#6896,.T.);
#6896 = EDGE_LOOP('',(#6897,#6898,#6906,#6913));
#6897 = ORIENTED_EDGE('',*,*,#6791,.T.);
#6898 = ORIENTED_EDGE('',*,*,#6899,.T.);
#6899 = EDGE_CURVE('',#6792,#6900,#6902,.T.);
#6900 = VERTEX_POINT('',#6901);
#6901 = CARTESIAN_POINT('',(1.,-0.585,0.));
#6902 = LINE('',#6903,#6904);
#6903 = CARTESIAN_POINT('',(0.6,-0.585,0.));
#6904 = VECTOR('',#6905,1.);
#6905 = DIRECTION('',(1.,0.,0.));
#6906 = ORIENTED_EDGE('',*,*,#6907,.F.);
#6907 = EDGE_CURVE('',#6868,#6900,#6908,.T.);
#6908 = CIRCLE('',#6909,4.E-02);
#6909 = AXIS2_PLACEMENT_3D('',#6910,#6911,#6912);
#6910 = CARTESIAN_POINT('',(1.,-0.585,4.E-02));
#6911 = DIRECTION('',(1.,0.,-0.));
#6912 = DIRECTION('',(0.,0.,1.));
#6913 = ORIENTED_EDGE('',*,*,#6877,.F.);
#6914 = CYLINDRICAL_SURFACE('',#6915,4.E-02);
#6915 = AXIS2_PLACEMENT_3D('',#6916,#6917,#6918);
#6916 = CARTESIAN_POINT('',(0.6,-0.585,4.E-02));
#6917 = DIRECTION('',(1.,0.,0.));
#6918 = DIRECTION('',(0.,-1.,0.));
#6919 = ADVANCED_FACE('',(#6920),#6939,.T.);
#6920 = FACE_BOUND('',#6921,.T.);
#6921 = EDGE_LOOP('',(#6922,#6923,#6932,#6938));
#6922 = ORIENTED_EDGE('',*,*,#6884,.T.);
#6923 = ORIENTED_EDGE('',*,*,#6924,.T.);
#6924 = EDGE_CURVE('',#6870,#6925,#6927,.T.);
#6925 = VERTEX_POINT('',#6926);
#6926 = CARTESIAN_POINT('',(1.,-0.585,1.25));
#6927 = CIRCLE('',#6928,4.E-02);
#6928 = AXIS2_PLACEMENT_3D('',#6929,#6930,#6931);
#6929 = CARTESIAN_POINT('',(1.,-0.585,1.21));
#6930 = DIRECTION('',(-1.,0.,0.));
#6931 = DIRECTION('',(0.,0.,1.));
#6932 = ORIENTED_EDGE('',*,*,#6933,.F.);
#6933 = EDGE_CURVE('',#6835,#6925,#6934,.T.);
#6934 = LINE('',#6935,#6936);
#6935 = CARTESIAN_POINT('',(0.6,-0.585,1.25));
#6936 = VECTOR('',#6937,1.);
#6937 = DIRECTION('',(1.,0.,0.));
#6938 = ORIENTED_EDGE('',*,*,#6842,.F.);
#6939 = CYLINDRICAL_SURFACE('',#6940,4.E-02);
#6940 = AXIS2_PLACEMENT_3D('',#6941,#6942,#6943);
#6941 = CARTESIAN_POINT('',(0.6,-0.585,1.21));
#6942 = DIRECTION('',(1.,0.,0.));
#6943 = DIRECTION('',(0.,-1.,0.));
#6944 = ADVANCED_FACE('',(#6945),#6963,.F.);
#6945 = FACE_BOUND('',#6946,.F.);
#6946 = EDGE_LOOP('',(#6947,#6948,#6949,#6957));
#6947 = ORIENTED_EDGE('',*,*,#6800,.F.);
#6948 = ORIENTED_EDGE('',*,*,#6899,.T.);
#6949 = ORIENTED_EDGE('',*,*,#6950,.T.);
#6950 = EDGE_CURVE('',#6900,#6951,#6953,.T.);
#6951 = VERTEX_POINT('',#6952);
#6952 = CARTESIAN_POINT('',(1.,0.585,0.));
#6953 = LINE('',#6954,#6955);
#6954 = CARTESIAN_POINT('',(1.,-0.625,0.));
#6955 = VECTOR('',#6956,1.);
#6956 = DIRECTION('',(0.,1.,0.));
#6957 = ORIENTED_EDGE('',*,*,#6958,.F.);
#6958 = EDGE_CURVE('',#6801,#6951,#6959,.T.);
#6959 = LINE('',#6960,#6961);
#6960 = CARTESIAN_POINT('',(0.6,0.585,0.));
#6961 = VECTOR('',#6962,1.);
#6962 = DIRECTION('',(1.,0.,0.));
#6963 = PLANE('',#6964);
#6964 = AXIS2_PLACEMENT_3D('',#6965,#6966,#6967);
#6965 = CARTESIAN_POINT('',(0.6,-0.625,0.));
#6966 = DIRECTION('',(0.,0.,1.));
#6967 = DIRECTION('',(1.,0.,-0.));
#6968 = ADVANCED_FACE('',(#6969),#6987,.T.);
#6969 = FACE_BOUND('',#6970,.T.);
#6970 = EDGE_LOOP('',(#6971,#6972,#6973,#6981));
#6971 = ORIENTED_EDGE('',*,*,#6834,.F.);
#6972 = ORIENTED_EDGE('',*,*,#6933,.T.);
#6973 = ORIENTED_EDGE('',*,*,#6974,.T.);
#6974 = EDGE_CURVE('',#6925,#6975,#6977,.T.);
#6975 = VERTEX_POINT('',#6976);
#6976 = CARTESIAN_POINT('',(1.,0.585,1.25));
#6977 = LINE('',#6978,#6979);
#6978 = CARTESIAN_POINT('',(1.,-0.625,1.25));
#6979 = VECTOR('',#6980,1.);
#6980 = DIRECTION('',(0.,1.,0.));
#6981 = ORIENTED_EDGE('',*,*,#6982,.F.);
#6982 = EDGE_CURVE('',#6826,#6975,#6983,.T.);
#6983 = LINE('',#6984,#6985);
#6984 = CARTESIAN_POINT('',(0.6,0.585,1.25));
#6985 = VECTOR('',#6986,1.);
#6986 = DIRECTION('',(1.,0.,0.));
#6987 = PLANE('',#6988);
#6988 = AXIS2_PLACEMENT_3D('',#6989,#6990,#6991);
#6989 = CARTESIAN_POINT('',(0.6,-0.625,1.25));
#6990 = DIRECTION('',(0.,0.,1.));
#6991 = DIRECTION('',(1.,0.,-0.));
#6992 = ADVANCED_FACE('',(#6993),#7012,.T.);
#6993 = FACE_BOUND('',#6994,.T.);
#6994 = EDGE_LOOP('',(#6995,#7003,#7010,#7011));
#6995 = ORIENTED_EDGE('',*,*,#6996,.T.);
#6996 = EDGE_CURVE('',#6809,#6997,#6999,.T.);
#6997 = VERTEX_POINT('',#6998);
#6998 = CARTESIAN_POINT('',(1.,0.625,4.E-02));
#6999 = LINE('',#7000,#7001);
#7000 = CARTESIAN_POINT('',(0.6,0.625,4.E-02));
#7001 = VECTOR('',#7002,1.);
#7002 = DIRECTION('',(1.,0.,0.));
#7003 = ORIENTED_EDGE('',*,*,#7004,.T.);
#7004 = EDGE_CURVE('',#6997,#6951,#7005,.T.);
#7005 = CIRCLE('',#7006,4.E-02);
#7006 = AXIS2_PLACEMENT_3D('',#7007,#7008,#7009);
#7007 = CARTESIAN_POINT('',(1.,0.585,4.E-02));
#7008 = DIRECTION('',(-1.,0.,0.));
#7009 = DIRECTION('',(0.,0.,1.));
#7010 = ORIENTED_EDGE('',*,*,#6958,.F.);
#7011 = ORIENTED_EDGE('',*,*,#6808,.F.);
#7012 = CYLINDRICAL_SURFACE('',#7013,4.E-02);
#7013 = AXIS2_PLACEMENT_3D('',#7014,#7015,#7016);
#7014 = CARTESIAN_POINT('',(0.6,0.585,4.E-02));
#7015 = DIRECTION('',(1.,0.,0.));
#7016 = DIRECTION('',(-0.,1.,0.));
#7017 = ADVANCED_FACE('',(#7018),#7037,.T.);
#7018 = FACE_BOUND('',#7019,.T.);
#7019 = EDGE_LOOP('',(#7020,#7021,#7022,#7031));
#7020 = ORIENTED_EDGE('',*,*,#6825,.T.);
#7021 = ORIENTED_EDGE('',*,*,#6982,.T.);
#7022 = ORIENTED_EDGE('',*,*,#7023,.F.);
#7023 = EDGE_CURVE('',#7024,#6975,#7026,.T.);
#7024 = VERTEX_POINT('',#7025);
#7025 = CARTESIAN_POINT('',(1.,0.625,1.21));
#7026 = CIRCLE('',#7027,4.E-02);
#7027 = AXIS2_PLACEMENT_3D('',#7028,#7029,#7030);
#7028 = CARTESIAN_POINT('',(1.,0.585,1.21));
#7029 = DIRECTION('',(1.,0.,-0.));
#7030 = DIRECTION('',(0.,0.,1.));
#7031 = ORIENTED_EDGE('',*,*,#7032,.F.);
#7032 = EDGE_CURVE('',#6818,#7024,#7033,.T.);
#7033 = LINE('',#7034,#7035);
#7034 = CARTESIAN_POINT('',(0.6,0.625,1.21));
#7035 = VECTOR('',#7036,1.);
#7036 = DIRECTION('',(1.,0.,0.));
#7037 = CYLINDRICAL_SURFACE('',#7038,4.E-02);
#7038 = AXIS2_PLACEMENT_3D('',#7039,#7040,#7041);
#7039 = CARTESIAN_POINT('',(0.6,0.585,1.21));
#7040 = DIRECTION('',(1.,0.,0.));
#7041 = DIRECTION('',(-0.,1.,0.));
#7042 = ADVANCED_FACE('',(#7043),#7054,.T.);
#7043 = FACE_BOUND('',#7044,.T.);
#7044 = EDGE_LOOP('',(#7045,#7051,#7052,#7053));
#7045 = ORIENTED_EDGE('',*,*,#7046,.F.);
#7046 = EDGE_CURVE('',#6997,#7024,#7047,.T.);
#7047 = LINE('',#7048,#7049);
#7048 = CARTESIAN_POINT('',(1.,0.625,0.));
#7049 = VECTOR('',#7050,1.);
#7050 = DIRECTION('',(0.,0.,1.));
#7051 = ORIENTED_EDGE('',*,*,#6996,.F.);
#7052 = ORIENTED_EDGE('',*,*,#6817,.T.);
#7053 = ORIENTED_EDGE('',*,*,#7032,.T.);
#7054 = PLANE('',#7055);
#7055 = AXIS2_PLACEMENT_3D('',#7056,#7057,#7058);
#7056 = CARTESIAN_POINT('',(0.6,0.625,0.));
#7057 = DIRECTION('',(0.,1.,0.));
#7058 = DIRECTION('',(0.,-0.,1.));
#7059 = ADVANCED_FACE('',(#7060),#7070,.T.);
#7060 = FACE_BOUND('',#7061,.T.);
#7061 = EDGE_LOOP('',(#7062,#7063,#7064,#7065,#7066,#7067,#7068,#7069));
#7062 = ORIENTED_EDGE('',*,*,#6867,.F.);
#7063 = ORIENTED_EDGE('',*,*,#6907,.T.);
#7064 = ORIENTED_EDGE('',*,*,#6950,.T.);
#7065 = ORIENTED_EDGE('',*,*,#7004,.F.);
#7066 = ORIENTED_EDGE('',*,*,#7046,.T.);
#7067 = ORIENTED_EDGE('',*,*,#7023,.T.);
#7068 = ORIENTED_EDGE('',*,*,#6974,.F.);
#7069 = ORIENTED_EDGE('',*,*,#6924,.F.);
#7070 = PLANE('',#7071);
#7071 = AXIS2_PLACEMENT_3D('',#7072,#7073,#7074);
#7072 = CARTESIAN_POINT('',(1.,-0.625,0.));
#7073 = DIRECTION('',(1.,0.,0.));
#7074 = DIRECTION('',(0.,0.,1.));
#7075 = ( GEOMETRIC_REPRESENTATION_CONTEXT(3) 
GLOBAL_UNCERTAINTY_ASSIGNED_CONTEXT((#7079)) 
GLOBAL_UNIT_ASSIGNED_CONTEXT((#7076,#7077,#7078)) REPRESENTATION_CONTEXT
('Context #1','3D Context with UNIT and UNCERTAINTY') );
#7076 = ( LENGTH_UNIT() NAMED_UNIT(*) SI_UNIT(.MILLI.,.METRE.) );
#7077 = ( NAMED_UNIT(*) PLANE_ANGLE_UNIT() SI_UNIT($,.RADIAN.) );
#7078 = ( NAMED_UNIT(*) SI_UNIT($,.STERADIAN.) SOLID_ANGLE_UNIT() );
#7079 = UNCERTAINTY_MEASURE_WITH_UNIT(LENGTH_MEASURE(1.E-07),#7076,
  'distance_accuracy_value','confusion accuracy');
#7080 = CONTEXT_DEPENDENT_SHAPE_REPRESENTATION(#7081,#7083);
#7081 = ( REPRESENTATION_RELATIONSHIP('','',#6220,#10) 
REPRESENTATION_RELATIONSHIP_WITH_TRANSFORMATION(#7082) 
SHAPE_REPRESENTATION_RELATIONSHIP() );
#7082 = ITEM_DEFINED_TRANSFORMATION('','',#11,#47);
#7083 = PRODUCT_DEFINITION_SHAPE('Placement','Placement of an item',
  #7084);
#7084 = NEXT_ASSEMBLY_USAGE_OCCURRENCE('9','C17','',#5,#6215,$);
#7085 = PRODUCT_RELATED_PRODUCT_CATEGORY('part',$,(#6217));
#7086 = CONTEXT_DEPENDENT_SHAPE_REPRESENTATION(#7087,#7089);
#7087 = ( REPRESENTATION_RELATIONSHIP('','',#6220,#10) 
REPRESENTATION_RELATIONSHIP_WITH_TRANSFORMATION(#7088) 
SHAPE_REPRESENTATION_RELATIONSHIP() );
#7088 = ITEM_DEFINED_TRANSFORMATION('','',#11,#51);
#7089 = PRODUCT_DEFINITION_SHAPE('Placement','Placement of an item',
  #7090);
#7090 = NEXT_ASSEMBLY_USAGE_OCCURRENCE('10','C16','',#5,#6215,$);
#7091 = CONTEXT_DEPENDENT_SHAPE_REPRESENTATION(#7092,#7094);
#7092 = ( REPRESENTATION_RELATIONSHIP('','',#3645,#10) 
REPRESENTATION_RELATIONSHIP_WITH_TRANSFORMATION(#7093) 
SHAPE_REPRESENTATION_RELATIONSHIP() );
#7093 = ITEM_DEFINED_TRANSFORMATION('','',#11,#55);
#7094 = PRODUCT_DEFINITION_SHAPE('Placement','Placement of an item',
  #7095);
#7095 = NEXT_ASSEMBLY_USAGE_OCCURRENCE('11','C24','',#5,#3640,$);
#7096 = CONTEXT_DEPENDENT_SHAPE_REPRESENTATION(#7097,#7099);
#7097 = ( REPRESENTATION_RELATIONSHIP('','',#3645,#10) 
REPRESENTATION_RELATIONSHIP_WITH_TRANSFORMATION(#7098) 
SHAPE_REPRESENTATION_RELATIONSHIP() );
#7098 = ITEM_DEFINED_TRANSFORMATION('','',#11,#59);
#7099 = PRODUCT_DEFINITION_SHAPE('Placement','Placement of an item',
  #7100);
#7100 = NEXT_ASSEMBLY_USAGE_OCCURRENCE('12','C19','',#5,#3640,$);
#7101 = CONTEXT_DEPENDENT_SHAPE_REPRESENTATION(#7102,#7104);
#7102 = ( REPRESENTATION_RELATIONSHIP('','',#3645,#10) 
REPRESENTATION_RELATIONSHIP_WITH_TRANSFORMATION(#7103) 
SHAPE_REPRESENTATION_RELATIONSHIP() );
#7103 = ITEM_DEFINED_TRANSFORMATION('','',#11,#63);
#7104 = PRODUCT_DEFINITION_SHAPE('Placement','Placement of an item',
  #7105);
#7105 = NEXT_ASSEMBLY_USAGE_OCCURRENCE('13','C25','',#5,#3640,$);
#7106 = SHAPE_DEFINITION_REPRESENTATION(#7107,#7113);
#7107 = PRODUCT_DEFINITION_SHAPE('','',#7108);
#7108 = PRODUCT_DEFINITION('design','',#7109,#7112);
#7109 = PRODUCT_DEFINITION_FORMATION('','',#7110);
#7110 = PRODUCT('D_MiniMELF','D_MiniMELF','',(#7111));
#7111 = PRODUCT_CONTEXT('',#2,'mechanical');
#7112 = PRODUCT_DEFINITION_CONTEXT('part definition',#2,'design');
#7113 = ADVANCED_BREP_SHAPE_REPRESENTATION('',(#11,#7114),#7407);
#7114 = MANIFOLD_SOLID_BREP('',#7115);
#7115 = CLOSED_SHELL('',(#7116,#7149,#7169,#7189,#7214,#7239,#7259,#7279
    ,#7304,#7329,#7359,#7389,#7398));
#7116 = ADVANCED_FACE('',(#7117),#7144,.T.);
#7117 = FACE_BOUND('',#7118,.T.);
#7118 = EDGE_LOOP('',(#7119,#7129,#7136,#7137));
#7119 = ORIENTED_EDGE('',*,*,#7120,.T.);
#7120 = EDGE_CURVE('',#7121,#7123,#7125,.T.);
#7121 = VERTEX_POINT('',#7122);
#7122 = CARTESIAN_POINT('',(-0.52,-4.502971492425E-17,4.502971492425E-17
    ));
#7123 = VERTEX_POINT('',#7124);
#7124 = CARTESIAN_POINT('',(-0.72,-6.234883604896E-17,6.234883604896E-17
    ));
#7125 = LINE('',#7126,#7127);
#7126 = CARTESIAN_POINT('',(-0.52,-4.502971492425E-17,4.502971492425E-17
    ));
#7127 = VECTOR('',#7128,1.);
#7128 = DIRECTION('',(-1.,-8.659560562355E-17,8.659560562355E-17));
#7129 = ORIENTED_EDGE('',*,*,#7130,.T.);
#7130 = EDGE_CURVE('',#7123,#7123,#7131,.T.);
#7131 = CIRCLE('',#7132,0.7);
#7132 = AXIS2_PLACEMENT_3D('',#7133,#7134,#7135);
#7133 = CARTESIAN_POINT('',(-0.72,-6.234883604896E-17,0.7));
#7134 = DIRECTION('',(1.,8.659560562355E-17,-8.659560562355E-17));
#7135 = DIRECTION('',(-8.659560562355E-17,-7.395570986447E-32,-1.));
#7136 = ORIENTED_EDGE('',*,*,#7120,.F.);
#7137 = ORIENTED_EDGE('',*,*,#7138,.F.);
#7138 = EDGE_CURVE('',#7121,#7121,#7139,.T.);
#7139 = CIRCLE('',#7140,0.7);
#7140 = AXIS2_PLACEMENT_3D('',#7141,#7142,#7143);
#7141 = CARTESIAN_POINT('',(-0.52,-4.502971492425E-17,0.7));
#7142 = DIRECTION('',(1.,8.659560562355E-17,-8.659560562355E-17));
#7143 = DIRECTION('',(-8.659560562355E-17,-9.860761315263E-32,-1.));
#7144 = CYLINDRICAL_SURFACE('',#7145,0.7);
#7145 = AXIS2_PLACEMENT_3D('',#7146,#7147,#7148);
#7146 = CARTESIAN_POINT('',(-0.52,-4.502971492425E-17,0.7));
#7147 = DIRECTION('',(-1.,-8.659560562355E-17,8.659560562355E-17));
#7148 = DIRECTION('',(-8.659560562355E-17,-9.860761315263E-32,-1.));
#7149 = ADVANCED_FACE('',(#7150,#7153),#7164,.T.);
#7150 = FACE_BOUND('',#7151,.F.);
#7151 = EDGE_LOOP('',(#7152));
#7152 = ORIENTED_EDGE('',*,*,#7138,.F.);
#7153 = FACE_BOUND('',#7154,.F.);
#7154 = EDGE_LOOP('',(#7155));
#7155 = ORIENTED_EDGE('',*,*,#7156,.F.);
#7156 = EDGE_CURVE('',#7157,#7157,#7159,.T.);
#7157 = VERTEX_POINT('',#7158);
#7158 = CARTESIAN_POINT('',(-0.52,1.110223024625E-17,2.5E-02));
#7159 = CIRCLE('',#7160,0.675);
#7160 = AXIS2_PLACEMENT_3D('',#7161,#7162,#7163);
#7161 = CARTESIAN_POINT('',(-0.52,3.10862446895E-16,0.7));
#7162 = DIRECTION('',(-1.,-0.,0.));
#7163 = DIRECTION('',(0.,-4.440892098501E-16,-1.));
#7164 = PLANE('',#7165);
#7165 = AXIS2_PLACEMENT_3D('',#7166,#7167,#7168);
#7166 = CARTESIAN_POINT('',(-0.52,-4.502971492425E-17,0.7));
#7167 = DIRECTION('',(1.,8.659560562355E-17,-8.659560562355E-17));
#7168 = DIRECTION('',(-8.659560562355E-17,1.7080354225E-17,-1.));
#7169 = ADVANCED_FACE('',(#7170,#7173),#7184,.T.);
#7170 = FACE_BOUND('',#7171,.F.);
#7171 = EDGE_LOOP('',(#7172));
#7172 = ORIENTED_EDGE('',*,*,#7130,.T.);
#7173 = FACE_BOUND('',#7174,.F.);
#7174 = EDGE_LOOP('',(#7175));
#7175 = ORIENTED_EDGE('',*,*,#7176,.T.);
#7176 = EDGE_CURVE('',#7177,#7177,#7179,.T.);
#7177 = VERTEX_POINT('',#7178);
#7178 = CARTESIAN_POINT('',(-0.72,1.110223024625E-17,2.5E-02));
#7179 = CIRCLE('',#7180,0.675);
#7180 = AXIS2_PLACEMENT_3D('',#7181,#7182,#7183);
#7181 = CARTESIAN_POINT('',(-0.72,3.10862446895E-16,0.7));
#7182 = DIRECTION('',(-1.,-0.,0.));
#7183 = DIRECTION('',(0.,-4.440892098501E-16,-1.));
#7184 = PLANE('',#7185);
#7185 = AXIS2_PLACEMENT_3D('',#7186,#7187,#7188);
#7186 = CARTESIAN_POINT('',(-0.72,-6.234883604896E-17,0.7));
#7187 = DIRECTION('',(-1.,-8.659560562355E-17,8.659560562355E-17));
#7188 = DIRECTION('',(8.659560562355E-17,7.395570986447E-32,1.));
#7189 = ADVANCED_FACE('',(#7190),#7209,.T.);
#7190 = FACE_BOUND('',#7191,.T.);
#7191 = EDGE_LOOP('',(#7192,#7201,#7207,#7208));
#7192 = ORIENTED_EDGE('',*,*,#7193,.T.);
#7193 = EDGE_CURVE('',#7194,#7194,#7196,.T.);
#7194 = VERTEX_POINT('',#7195);
#7195 = CARTESIAN_POINT('',(0.9,1.110223024625E-17,2.5E-02));
#7196 = CIRCLE('',#7197,0.675);
#7197 = AXIS2_PLACEMENT_3D('',#7198,#7199,#7200);
#7198 = CARTESIAN_POINT('',(0.9,3.10862446895E-16,0.7));
#7199 = DIRECTION('',(-1.,-0.,0.));
#7200 = DIRECTION('',(0.,-4.440892098501E-16,-1.));
#7201 = ORIENTED_EDGE('',*,*,#7202,.T.);
#7202 = EDGE_CURVE('',#7194,#7157,#7203,.T.);
#7203 = LINE('',#7204,#7205);
#7204 = CARTESIAN_POINT('',(1.35,1.110223024625E-17,2.5E-02));
#7205 = VECTOR('',#7206,1.);
#7206 = DIRECTION('',(-1.,0.,0.));
#7207 = ORIENTED_EDGE('',*,*,#7156,.F.);
#7208 = ORIENTED_EDGE('',*,*,#7202,.F.);
#7209 = CYLINDRICAL_SURFACE('',#7210,0.675);
#7210 = AXIS2_PLACEMENT_3D('',#7211,#7212,#7213);
#7211 = CARTESIAN_POINT('',(1.35,3.10862446895E-16,0.7));
#7212 = DIRECTION('',(-1.,0.,-0.));
#7213 = DIRECTION('',(0.,-4.440892098501E-16,-1.));
#7214 = ADVANCED_FACE('',(#7215),#7234,.T.);
#7215 = FACE_BOUND('',#7216,.T.);
#7216 = EDGE_LOOP('',(#7217,#7218,#7226,#7233));
#7217 = ORIENTED_EDGE('',*,*,#7176,.T.);
#7218 = ORIENTED_EDGE('',*,*,#7219,.T.);
#7219 = EDGE_CURVE('',#7177,#7220,#7222,.T.);
#7220 = VERTEX_POINT('',#7221);
#7221 = CARTESIAN_POINT('',(-0.9,1.110223024625E-17,2.5E-02));
#7222 = LINE('',#7223,#7224);
#7223 = CARTESIAN_POINT('',(1.35,1.110223024625E-17,2.5E-02));
#7224 = VECTOR('',#7225,1.);
#7225 = DIRECTION('',(-1.,0.,0.));
#7226 = ORIENTED_EDGE('',*,*,#7227,.F.);
#7227 = EDGE_CURVE('',#7220,#7220,#7228,.T.);
#7228 = CIRCLE('',#7229,0.675);
#7229 = AXIS2_PLACEMENT_3D('',#7230,#7231,#7232);
#7230 = CARTESIAN_POINT('',(-0.9,3.10862446895E-16,0.7));
#7231 = DIRECTION('',(-1.,-0.,0.));
#7232 = DIRECTION('',(0.,-4.440892098501E-16,-1.));
#7233 = ORIENTED_EDGE('',*,*,#7219,.F.);
#7234 = CYLINDRICAL_SURFACE('',#7235,0.675);
#7235 = AXIS2_PLACEMENT_3D('',#7236,#7237,#7238);
#7236 = CARTESIAN_POINT('',(1.35,3.10862446895E-16,0.7));
#7237 = DIRECTION('',(-1.,0.,-0.));
#7238 = DIRECTION('',(0.,-4.440892098501E-16,-1.));
#7239 = ADVANCED_FACE('',(#7240,#7251),#7254,.T.);
#7240 = FACE_BOUND('',#7241,.T.);
#7241 = EDGE_LOOP('',(#7242));
#7242 = ORIENTED_EDGE('',*,*,#7243,.T.);
#7243 = EDGE_CURVE('',#7244,#7244,#7246,.T.);
#7244 = VERTEX_POINT('',#7245);
#7245 = CARTESIAN_POINT('',(0.9,0.,0.));
#7246 = CIRCLE('',#7247,0.7);
#7247 = AXIS2_PLACEMENT_3D('',#7248,#7249,#7250);
#7248 = CARTESIAN_POINT('',(0.9,3.10862446895E-16,0.7));
#7249 = DIRECTION('',(-1.,-0.,0.));
#7250 = DIRECTION('',(0.,-4.440892098501E-16,-1.));
#7251 = FACE_BOUND('',#7252,.T.);
#7252 = EDGE_LOOP('',(#7253));
#7253 = ORIENTED_EDGE('',*,*,#7193,.F.);
#7254 = PLANE('',#7255);
#7255 = AXIS2_PLACEMENT_3D('',#7256,#7257,#7258);
#7256 = CARTESIAN_POINT('',(0.9,3.10862446895E-16,0.7));
#7257 = DIRECTION('',(-1.,0.,-0.));
#7258 = DIRECTION('',(0.,-4.440892098501E-16,-1.));
#7259 = ADVANCED_FACE('',(#7260,#7271),#7274,.F.);
#7260 = FACE_BOUND('',#7261,.F.);
#7261 = EDGE_LOOP('',(#7262));
#7262 = ORIENTED_EDGE('',*,*,#7263,.T.);
#7263 = EDGE_CURVE('',#7264,#7264,#7266,.T.);
#7264 = VERTEX_POINT('',#7265);
#7265 = CARTESIAN_POINT('',(-0.9,0.,0.));
#7266 = CIRCLE('',#7267,0.7);
#7267 = AXIS2_PLACEMENT_3D('',#7268,#7269,#7270);
#7268 = CARTESIAN_POINT('',(-0.9,3.10862446895E-16,0.7));
#7269 = DIRECTION('',(-1.,-0.,0.));
#7270 = DIRECTION('',(0.,-4.440892098501E-16,-1.));
#7271 = FACE_BOUND('',#7272,.F.);
#7272 = EDGE_LOOP('',(#7273));
#7273 = ORIENTED_EDGE('',*,*,#7227,.F.);
#7274 = PLANE('',#7275);
#7275 = AXIS2_PLACEMENT_3D('',#7276,#7277,#7278);
#7276 = CARTESIAN_POINT('',(-0.9,3.10862446895E-16,0.7));
#7277 = DIRECTION('',(-1.,0.,-0.));
#7278 = DIRECTION('',(0.,-4.440892098501E-16,-1.));
#7279 = ADVANCED_FACE('',(#7280),#7299,.T.);
#7280 = FACE_BOUND('',#7281,.T.);
#7281 = EDGE_LOOP('',(#7282,#7290,#7297,#7298));
#7282 = ORIENTED_EDGE('',*,*,#7283,.T.);
#7283 = EDGE_CURVE('',#7244,#7284,#7286,.T.);
#7284 = VERTEX_POINT('',#7285);
#7285 = CARTESIAN_POINT('',(1.7,0.,0.));
#7286 = LINE('',#7287,#7288);
#7287 = CARTESIAN_POINT('',(0.9,4.440892098501E-33,1.E-17));
#7288 = VECTOR('',#7289,1.);
#7289 = DIRECTION('',(1.,0.,0.));
#7290 = ORIENTED_EDGE('',*,*,#7291,.T.);
#7291 = EDGE_CURVE('',#7284,#7284,#7292,.T.);
#7292 = CIRCLE('',#7293,0.7);
#7293 = AXIS2_PLACEMENT_3D('',#7294,#7295,#7296);
#7294 = CARTESIAN_POINT('',(1.7,3.10862446895E-16,0.7));
#7295 = DIRECTION('',(-1.,-0.,0.));
#7296 = DIRECTION('',(0.,-4.440892098501E-16,-1.));
#7297 = ORIENTED_EDGE('',*,*,#7283,.F.);
#7298 = ORIENTED_EDGE('',*,*,#7243,.F.);
#7299 = CYLINDRICAL_SURFACE('',#7300,0.7);
#7300 = AXIS2_PLACEMENT_3D('',#7301,#7302,#7303);
#7301 = CARTESIAN_POINT('',(0.9,3.10862446895E-16,0.7));
#7302 = DIRECTION('',(1.,0.,0.));
#7303 = DIRECTION('',(0.,-4.440892098501E-16,-1.));
#7304 = ADVANCED_FACE('',(#7305),#7324,.T.);
#7305 = FACE_BOUND('',#7306,.T.);
#7306 = EDGE_LOOP('',(#7307,#7315,#7316,#7317));
#7307 = ORIENTED_EDGE('',*,*,#7308,.T.);
#7308 = EDGE_CURVE('',#7309,#7264,#7311,.T.);
#7309 = VERTEX_POINT('',#7310);
#7310 = CARTESIAN_POINT('',(-1.7,0.,0.));
#7311 = LINE('',#7312,#7313);
#7312 = CARTESIAN_POINT('',(-1.7,-1.33226762955E-32,-3.E-17));
#7313 = VECTOR('',#7314,1.);
#7314 = DIRECTION('',(1.,0.,0.));
#7315 = ORIENTED_EDGE('',*,*,#7263,.T.);
#7316 = ORIENTED_EDGE('',*,*,#7308,.F.);
#7317 = ORIENTED_EDGE('',*,*,#7318,.F.);
#7318 = EDGE_CURVE('',#7309,#7309,#7319,.T.);
#7319 = CIRCLE('',#7320,0.7);
#7320 = AXIS2_PLACEMENT_3D('',#7321,#7322,#7323);
#7321 = CARTESIAN_POINT('',(-1.7,3.10862446895E-16,0.7));
#7322 = DIRECTION('',(-1.,-0.,0.));
#7323 = DIRECTION('',(0.,-4.440892098501E-16,-1.));
#7324 = CYLINDRICAL_SURFACE('',#7325,0.7);
#7325 = AXIS2_PLACEMENT_3D('',#7326,#7327,#7328);
#7326 = CARTESIAN_POINT('',(-1.7,3.10862446895E-16,0.7));
#7327 = DIRECTION('',(1.,0.,0.));
#7328 = DIRECTION('',(0.,-4.440892098501E-16,-1.));
#7329 = ADVANCED_FACE('',(#7330),#7350,.F.);
#7330 = FACE_BOUND('',#7331,.F.);
#7331 = EDGE_LOOP('',(#7332,#7333,#7342,#7349));
#7332 = ORIENTED_EDGE('',*,*,#7291,.T.);
#7333 = ORIENTED_EDGE('',*,*,#7334,.T.);
#7334 = EDGE_CURVE('',#7284,#7335,#7337,.T.);
#7335 = VERTEX_POINT('',#7336);
#7336 = CARTESIAN_POINT('',(1.8,4.440892098501E-17,0.1));
#7337 = CIRCLE('',#7338,0.1);
#7338 = AXIS2_PLACEMENT_3D('',#7339,#7340,#7341);
#7339 = CARTESIAN_POINT('',(1.7,4.440892098501E-17,0.1));
#7340 = DIRECTION('',(0.,-1.,4.440892098501E-16));
#7341 = DIRECTION('',(1.,0.,0.));
#7342 = ORIENTED_EDGE('',*,*,#7343,.F.);
#7343 = EDGE_CURVE('',#7335,#7335,#7344,.T.);
#7344 = CIRCLE('',#7345,0.6);
#7345 = AXIS2_PLACEMENT_3D('',#7346,#7347,#7348);
#7346 = CARTESIAN_POINT('',(1.8,3.10862446895E-16,0.7));
#7347 = DIRECTION('',(-1.,-0.,0.));
#7348 = DIRECTION('',(0.,-4.440892098501E-16,-1.));
#7349 = ORIENTED_EDGE('',*,*,#7334,.F.);
#7350 = SURFACE_OF_REVOLUTION('',#7351,#7356);
#7351 = CIRCLE('',#7352,0.1);
#7352 = AXIS2_PLACEMENT_3D('',#7353,#7354,#7355);
#7353 = CARTESIAN_POINT('',(1.7,4.440892098501E-17,0.1));
#7354 = DIRECTION('',(0.,-1.,4.440892098501E-16));
#7355 = DIRECTION('',(1.,0.,0.));
#7356 = AXIS1_PLACEMENT('',#7357,#7358);
#7357 = CARTESIAN_POINT('',(-8.2,3.10862446895E-16,0.7));
#7358 = DIRECTION('',(-1.,0.,-0.));
#7359 = ADVANCED_FACE('',(#7360),#7380,.F.);
#7360 = FACE_BOUND('',#7361,.F.);
#7361 = EDGE_LOOP('',(#7362,#7371,#7378,#7379));
#7362 = ORIENTED_EDGE('',*,*,#7363,.T.);
#7363 = EDGE_CURVE('',#7364,#7364,#7366,.T.);
#7364 = VERTEX_POINT('',#7365);
#7365 = CARTESIAN_POINT('',(-1.8,4.440892098501E-17,0.1));
#7366 = CIRCLE('',#7367,0.6);
#7367 = AXIS2_PLACEMENT_3D('',#7368,#7369,#7370);
#7368 = CARTESIAN_POINT('',(-1.8,3.10862446895E-16,0.7));
#7369 = DIRECTION('',(-1.,-0.,0.));
#7370 = DIRECTION('',(0.,-4.440892098501E-16,-1.));
#7371 = ORIENTED_EDGE('',*,*,#7372,.T.);
#7372 = EDGE_CURVE('',#7364,#7309,#7373,.T.);
#7373 = CIRCLE('',#7374,0.1);
#7374 = AXIS2_PLACEMENT_3D('',#7375,#7376,#7377);
#7375 = CARTESIAN_POINT('',(-1.7,4.440892098501E-17,0.1));
#7376 = DIRECTION('',(0.,-1.,4.440892098501E-16));
#7377 = DIRECTION('',(1.,0.,0.));
#7378 = ORIENTED_EDGE('',*,*,#7318,.F.);
#7379 = ORIENTED_EDGE('',*,*,#7372,.F.);
#7380 = SURFACE_OF_REVOLUTION('',#7381,#7386);
#7381 = CIRCLE('',#7382,0.1);
#7382 = AXIS2_PLACEMENT_3D('',#7383,#7384,#7385);
#7383 = CARTESIAN_POINT('',(-1.7,4.440892098501E-17,0.1));
#7384 = DIRECTION('',(0.,-1.,4.440892098501E-16));
#7385 = DIRECTION('',(1.,0.,0.));
#7386 = AXIS1_PLACEMENT('',#7387,#7388);
#7387 = CARTESIAN_POINT('',(-8.2,3.10862446895E-16,0.7));
#7388 = DIRECTION('',(-1.,0.,-0.));
#7389 = ADVANCED_FACE('',(#7390),#7393,.F.);
#7390 = FACE_BOUND('',#7391,.F.);
#7391 = EDGE_LOOP('',(#7392));
#7392 = ORIENTED_EDGE('',*,*,#7343,.T.);
#7393 = PLANE('',#7394);
#7394 = AXIS2_PLACEMENT_3D('',#7395,#7396,#7397);
#7395 = CARTESIAN_POINT('',(1.8,3.10862446895E-16,0.7));
#7396 = DIRECTION('',(-1.,0.,-0.));
#7397 = DIRECTION('',(0.,-4.440892098501E-16,-1.));
#7398 = ADVANCED_FACE('',(#7399),#7402,.T.);
#7399 = FACE_BOUND('',#7400,.F.);
#7400 = EDGE_LOOP('',(#7401));
#7401 = ORIENTED_EDGE('',*,*,#7363,.F.);
#7402 = PLANE('',#7403);
#7403 = AXIS2_PLACEMENT_3D('',#7404,#7405,#7406);
#7404 = CARTESIAN_POINT('',(-1.8,3.10862446895E-16,0.7));
#7405 = DIRECTION('',(-1.,0.,-0.));
#7406 = DIRECTION('',(0.,-4.440892098501E-16,-1.));
#7407 = ( GEOMETRIC_REPRESENTATION_CONTEXT(3) 
GLOBAL_UNCERTAINTY_ASSIGNED_CONTEXT((#7411)) 
GLOBAL_UNIT_ASSIGNED_CONTEXT((#7408,#7409,#7410)) REPRESENTATION_CONTEXT
('Context #1','3D Context with UNIT and UNCERTAINTY') );
#7408 = ( LENGTH_UNIT() NAMED_UNIT(*) SI_UNIT(.MILLI.,.METRE.) );
#7409 = ( NAMED_UNIT(*) PLANE_ANGLE_UNIT() SI_UNIT($,.RADIAN.) );
#7410 = ( NAMED_UNIT(*) SI_UNIT($,.STERADIAN.) SOLID_ANGLE_UNIT() );
#7411 = UNCERTAINTY_MEASURE_WITH_UNIT(LENGTH_MEASURE(1.E-07),#7408,
  'distance_accuracy_value','confusion accuracy');
#7412 = CONTEXT_DEPENDENT_SHAPE_REPRESENTATION(#7413,#7415);
#7413 = ( REPRESENTATION_RELATIONSHIP('','',#7113,#10) 
REPRESENTATION_RELATIONSHIP_WITH_TRANSFORMATION(#7414) 
SHAPE_REPRESENTATION_RELATIONSHIP() );
#7414 = ITEM_DEFINED_TRANSFORMATION('','',#11,#67);
#7415 = PRODUCT_DEFINITION_SHAPE('Placement','Placement of an item',
  #7416);
#7416 = NEXT_ASSEMBLY_USAGE_OCCURRENCE('14','D3','',#5,#7108,$);
#7417 = PRODUCT_RELATED_PRODUCT_CATEGORY('part',$,(#7110));
#7418 = CONTEXT_DEPENDENT_SHAPE_REPRESENTATION(#7419,#7421);
#7419 = ( REPRESENTATION_RELATIONSHIP('','',#3645,#10) 
REPRESENTATION_RELATIONSHIP_WITH_TRANSFORMATION(#7420) 
SHAPE_REPRESENTATION_RELATIONSHIP() );
#7420 = ITEM_DEFINED_TRANSFORMATION('','',#11,#71);
#7421 = PRODUCT_DEFINITION_SHAPE('Placement','Placement of an item',
  #7422);
#7422 = NEXT_ASSEMBLY_USAGE_OCCURRENCE('15','C18','',#5,#3640,$);
#7423 = SHAPE_DEFINITION_REPRESENTATION(#7424,#7430);
#7424 = PRODUCT_DEFINITION_SHAPE('','',#7425);
#7425 = PRODUCT_DEFINITION('design','',#7426,#7429);
#7426 = PRODUCT_DEFINITION_FORMATION('','',#7427);
#7427 = PRODUCT('kibot_5ucr1nc7_PCB','kibot_5ucr1nc7_PCB','',(#7428));
#7428 = PRODUCT_CONTEXT('',#2,'mechanical');
#7429 = PRODUCT_DEFINITION_CONTEXT('part definition',#2,'design');
#7430 = ADVANCED_BREP_SHAPE_REPRESENTATION('',(#11,#7431),#8049);
#7431 = MANIFOLD_SOLID_BREP('',#7432);
#7432 = CLOSED_SHELL('',(#7433,#7473,#7504,#7535,#7684,#7833,#7845,#7862
    ,#7879,#7896,#7913,#7930,#7947,#7964,#7981,#7998,#8015,#8032));
#7433 = ADVANCED_FACE('',(#7434),#7468,.T.);
#7434 = FACE_BOUND('',#7435,.T.);
#7435 = EDGE_LOOP('',(#7436,#7446,#7454,#7462));
#7436 = ORIENTED_EDGE('',*,*,#7437,.T.);
#7437 = EDGE_CURVE('',#7438,#7440,#7442,.T.);
#7438 = VERTEX_POINT('',#7439);
#7439 = CARTESIAN_POINT('',(45.466,5.334,0.));
#7440 = VERTEX_POINT('',#7441);
#7441 = CARTESIAN_POINT('',(45.466,5.334,0.1));
#7442 = LINE('',#7443,#7444);
#7443 = CARTESIAN_POINT('',(45.466,5.334,0.));
#7444 = VECTOR('',#7445,1.);
#7445 = DIRECTION('',(0.,0.,1.));
#7446 = ORIENTED_EDGE('',*,*,#7447,.T.);
#7447 = EDGE_CURVE('',#7440,#7448,#7450,.T.);
#7448 = VERTEX_POINT('',#7449);
#7449 = CARTESIAN_POINT('',(5.334,5.334,0.1));
#7450 = LINE('',#7451,#7452);
#7451 = CARTESIAN_POINT('',(45.466,5.334,0.1));
#7452 = VECTOR('',#7453,1.);
#7453 = DIRECTION('',(-1.,0.,0.));
#7454 = ORIENTED_EDGE('',*,*,#7455,.F.);
#7455 = EDGE_CURVE('',#7456,#7448,#7458,.T.);
#7456 = VERTEX_POINT('',#7457);
#7457 = CARTESIAN_POINT('',(5.334,5.334,0.));
#7458 = LINE('',#7459,#7460);
#7459 = CARTESIAN_POINT('',(5.334,5.334,0.));
#7460 = VECTOR('',#7461,1.);
#7461 = DIRECTION('',(0.,0.,1.));
#7462 = ORIENTED_EDGE('',*,*,#7463,.F.);
#7463 = EDGE_CURVE('',#7438,#7456,#7464,.T.);
#7464 = LINE('',#7465,#7466);
#7465 = CARTESIAN_POINT('',(45.466,5.334,0.));
#7466 = VECTOR('',#7467,1.);
#7467 = DIRECTION('',(-1.,0.,0.));
#7468 = PLANE('',#7469);
#7469 = AXIS2_PLACEMENT_3D('',#7470,#7471,#7472);
#7470 = CARTESIAN_POINT('',(45.466,5.334,0.));
#7471 = DIRECTION('',(0.,-1.,0.));
#7472 = DIRECTION('',(-1.,0.,0.));
#7473 = ADVANCED_FACE('',(#7474),#7499,.T.);
#7474 = FACE_BOUND('',#7475,.T.);
#7475 = EDGE_LOOP('',(#7476,#7486,#7492,#7493));
#7476 = ORIENTED_EDGE('',*,*,#7477,.T.);
#7477 = EDGE_CURVE('',#7478,#7480,#7482,.T.);
#7478 = VERTEX_POINT('',#7479);
#7479 = CARTESIAN_POINT('',(45.466,35.306,0.));
#7480 = VERTEX_POINT('',#7481);
#7481 = CARTESIAN_POINT('',(45.466,35.306,0.1));
#7482 = LINE('',#7483,#7484);
#7483 = CARTESIAN_POINT('',(45.466,35.306,0.));
#7484 = VECTOR('',#7485,1.);
#7485 = DIRECTION('',(0.,0.,1.));
#7486 = ORIENTED_EDGE('',*,*,#7487,.T.);
#7487 = EDGE_CURVE('',#7480,#7440,#7488,.T.);
#7488 = LINE('',#7489,#7490);
#7489 = CARTESIAN_POINT('',(45.466,35.306,0.1));
#7490 = VECTOR('',#7491,1.);
#7491 = DIRECTION('',(0.,-1.,0.));
#7492 = ORIENTED_EDGE('',*,*,#7437,.F.);
#7493 = ORIENTED_EDGE('',*,*,#7494,.F.);
#7494 = EDGE_CURVE('',#7478,#7438,#7495,.T.);
#7495 = LINE('',#7496,#7497);
#7496 = CARTESIAN_POINT('',(45.466,35.306,0.));
#7497 = VECTOR('',#7498,1.);
#7498 = DIRECTION('',(0.,-1.,0.));
#7499 = PLANE('',#7500);
#7500 = AXIS2_PLACEMENT_3D('',#7501,#7502,#7503);
#7501 = CARTESIAN_POINT('',(45.466,35.306,0.));
#7502 = DIRECTION('',(1.,0.,-0.));
#7503 = DIRECTION('',(0.,-1.,0.));
#7504 = ADVANCED_FACE('',(#7505),#7530,.T.);
#7505 = FACE_BOUND('',#7506,.T.);
#7506 = EDGE_LOOP('',(#7507,#7508,#7516,#7524));
#7507 = ORIENTED_EDGE('',*,*,#7455,.T.);
#7508 = ORIENTED_EDGE('',*,*,#7509,.T.);
#7509 = EDGE_CURVE('',#7448,#7510,#7512,.T.);
#7510 = VERTEX_POINT('',#7511);
#7511 = CARTESIAN_POINT('',(5.334,35.306,0.1));
#7512 = LINE('',#7513,#7514);
#7513 = CARTESIAN_POINT('',(5.334,5.334,0.1));
#7514 = VECTOR('',#7515,1.);
#7515 = DIRECTION('',(0.,1.,0.));
#7516 = ORIENTED_EDGE('',*,*,#7517,.F.);
#7517 = EDGE_CURVE('',#7518,#7510,#7520,.T.);
#7518 = VERTEX_POINT('',#7519);
#7519 = CARTESIAN_POINT('',(5.334,35.306,0.));
#7520 = LINE('',#7521,#7522);
#7521 = CARTESIAN_POINT('',(5.334,35.306,0.));
#7522 = VECTOR('',#7523,1.);
#7523 = DIRECTION('',(0.,0.,1.));
#7524 = ORIENTED_EDGE('',*,*,#7525,.F.);
#7525 = EDGE_CURVE('',#7456,#7518,#7526,.T.);
#7526 = LINE('',#7527,#7528);
#7527 = CARTESIAN_POINT('',(5.334,5.334,0.));
#7528 = VECTOR('',#7529,1.);
#7529 = DIRECTION('',(0.,1.,0.));
#7530 = PLANE('',#7531);
#7531 = AXIS2_PLACEMENT_3D('',#7532,#7533,#7534);
#7532 = CARTESIAN_POINT('',(5.334,5.334,0.));
#7533 = DIRECTION('',(-1.,0.,0.));
#7534 = DIRECTION('',(0.,1.,0.));
#7535 = ADVANCED_FACE('',(#7536,#7547,#7558,#7569,#7580,#7591,#7602,
    #7613,#7624,#7635,#7646,#7657,#7668),#7679,.F.);
#7536 = FACE_BOUND('',#7537,.F.);
#7537 = EDGE_LOOP('',(#7538,#7539,#7540,#7546));
#7538 = ORIENTED_EDGE('',*,*,#7463,.F.);
#7539 = ORIENTED_EDGE('',*,*,#7494,.F.);
#7540 = ORIENTED_EDGE('',*,*,#7541,.F.);
#7541 = EDGE_CURVE('',#7518,#7478,#7542,.T.);
#7542 = LINE('',#7543,#7544);
#7543 = CARTESIAN_POINT('',(5.334,35.306,0.));
#7544 = VECTOR('',#7545,1.);
#7545 = DIRECTION('',(1.,0.,0.));
#7546 = ORIENTED_EDGE('',*,*,#7525,.F.);
#7547 = FACE_BOUND('',#7548,.F.);
#7548 = EDGE_LOOP('',(#7549));
#7549 = ORIENTED_EDGE('',*,*,#7550,.T.);
#7550 = EDGE_CURVE('',#7551,#7551,#7553,.T.);
#7551 = VERTEX_POINT('',#7552);
#7552 = CARTESIAN_POINT('',(10.16,8.66,0.));
#7553 = CIRCLE('',#7554,1.5);
#7554 = AXIS2_PLACEMENT_3D('',#7555,#7556,#7557);
#7555 = CARTESIAN_POINT('',(10.16,10.16,0.));
#7556 = DIRECTION('',(-0.,0.,-1.));
#7557 = DIRECTION('',(-0.,-1.,0.));
#7558 = FACE_BOUND('',#7559,.F.);
#7559 = EDGE_LOOP('',(#7560));
#7560 = ORIENTED_EDGE('',*,*,#7561,.T.);
#7561 = EDGE_CURVE('',#7562,#7562,#7564,.T.);
#7562 = VERTEX_POINT('',#7563);
#7563 = CARTESIAN_POINT('',(40.64,8.66,0.));
#7564 = CIRCLE('',#7565,1.5);
#7565 = AXIS2_PLACEMENT_3D('',#7566,#7567,#7568);
#7566 = CARTESIAN_POINT('',(40.64,10.16,0.));
#7567 = DIRECTION('',(-0.,0.,-1.));
#7568 = DIRECTION('',(-0.,-1.,0.));
#7569 = FACE_BOUND('',#7570,.F.);
#7570 = EDGE_LOOP('',(#7571));
#7571 = ORIENTED_EDGE('',*,*,#7572,.T.);
#7572 = EDGE_CURVE('',#7573,#7573,#7575,.T.);
#7573 = VERTEX_POINT('',#7574);
#7574 = CARTESIAN_POINT('',(37.0574,11.820101,0.));
#7575 = CIRCLE('',#7576,0.85);
#7576 = AXIS2_PLACEMENT_3D('',#7577,#7578,#7579);
#7577 = CARTESIAN_POINT('',(37.0574,12.670101,0.));
#7578 = DIRECTION('',(-0.,0.,-1.));
#7579 = DIRECTION('',(-0.,-1.,0.));
#7580 = FACE_BOUND('',#7581,.F.);
#7581 = EDGE_LOOP('',(#7582));
#7582 = ORIENTED_EDGE('',*,*,#7583,.T.);
#7583 = EDGE_CURVE('',#7584,#7584,#7586,.T.);
#7584 = VERTEX_POINT('',#7585);
#7585 = CARTESIAN_POINT('',(42.1374,11.820101,0.));
#7586 = CIRCLE('',#7587,0.85);
#7587 = AXIS2_PLACEMENT_3D('',#7588,#7589,#7590);
#7588 = CARTESIAN_POINT('',(42.1374,12.670101,0.));
#7589 = DIRECTION('',(-0.,0.,-1.));
#7590 = DIRECTION('',(-0.,-1.,0.));
#7591 = FACE_BOUND('',#7592,.F.);
#7592 = EDGE_LOOP('',(#7593));
#7593 = ORIENTED_EDGE('',*,*,#7594,.T.);
#7594 = EDGE_CURVE('',#7595,#7595,#7597,.T.);
#7595 = VERTEX_POINT('',#7596);
#7596 = CARTESIAN_POINT('',(39.5974,14.460101,0.));
#7597 = CIRCLE('',#7598,0.75);
#7598 = AXIS2_PLACEMENT_3D('',#7599,#7600,#7601);
#7599 = CARTESIAN_POINT('',(39.5974,15.210101,0.));
#7600 = DIRECTION('',(-0.,0.,-1.));
#7601 = DIRECTION('',(-0.,-1.,0.));
#7602 = FACE_BOUND('',#7603,.F.);
#7603 = EDGE_LOOP('',(#7604));
#7604 = ORIENTED_EDGE('',*,*,#7605,.T.);
#7605 = EDGE_CURVE('',#7606,#7606,#7608,.T.);
#7606 = VERTEX_POINT('',#7607);
#7607 = CARTESIAN_POINT('',(37.0574,16.900101,0.));
#7608 = CIRCLE('',#7609,0.85);
#7609 = AXIS2_PLACEMENT_3D('',#7610,#7611,#7612);
#7610 = CARTESIAN_POINT('',(37.0574,17.750101,0.));
#7611 = DIRECTION('',(-0.,0.,-1.));
#7612 = DIRECTION('',(-0.,-1.,0.));
#7613 = FACE_BOUND('',#7614,.F.);
#7614 = EDGE_LOOP('',(#7615));
#7615 = ORIENTED_EDGE('',*,*,#7616,.T.);
#7616 = EDGE_CURVE('',#7617,#7617,#7619,.T.);
#7617 = VERTEX_POINT('',#7618);
#7618 = CARTESIAN_POINT('',(42.1374,16.900101,0.));
#7619 = CIRCLE('',#7620,0.85);
#7620 = AXIS2_PLACEMENT_3D('',#7621,#7622,#7623);
#7621 = CARTESIAN_POINT('',(42.1374,17.750101,0.));
#7622 = DIRECTION('',(-0.,0.,-1.));
#7623 = DIRECTION('',(-0.,-1.,0.));
#7624 = FACE_BOUND('',#7625,.F.);
#7625 = EDGE_LOOP('',(#7626));
#7626 = ORIENTED_EDGE('',*,*,#7627,.T.);
#7627 = EDGE_CURVE('',#7628,#7628,#7630,.T.);
#7628 = VERTEX_POINT('',#7629);
#7629 = CARTESIAN_POINT('',(10.16,28.98,0.));
#7630 = CIRCLE('',#7631,1.5);
#7631 = AXIS2_PLACEMENT_3D('',#7632,#7633,#7634);
#7632 = CARTESIAN_POINT('',(10.16,30.48,0.));
#7633 = DIRECTION('',(-0.,0.,-1.));
#7634 = DIRECTION('',(-0.,-1.,0.));
#7635 = FACE_BOUND('',#7636,.F.);
#7636 = EDGE_LOOP('',(#7637));
#7637 = ORIENTED_EDGE('',*,*,#7638,.T.);
#7638 = EDGE_CURVE('',#7639,#7639,#7641,.T.);
#7639 = VERTEX_POINT('',#7640);
#7640 = CARTESIAN_POINT('',(16.9164,34.0741,0.));
#7641 = CIRCLE('',#7642,0.4445);
#7642 = AXIS2_PLACEMENT_3D('',#7643,#7644,#7645);
#7643 = CARTESIAN_POINT('',(16.9164,34.5186,0.));
#7644 = DIRECTION('',(-0.,0.,-1.));
#7645 = DIRECTION('',(-7.992606701463E-15,-1.,0.));
#7646 = FACE_BOUND('',#7647,.F.);
#7647 = EDGE_LOOP('',(#7648));
#7648 = ORIENTED_EDGE('',*,*,#7649,.T.);
#7649 = EDGE_CURVE('',#7650,#7650,#7652,.T.);
#7650 = VERTEX_POINT('',#7651);
#7651 = CARTESIAN_POINT('',(19.4564,34.074099,0.));
#7652 = CIRCLE('',#7653,0.4445);
#7653 = AXIS2_PLACEMENT_3D('',#7654,#7655,#7656);
#7654 = CARTESIAN_POINT('',(19.4564,34.518599,0.));
#7655 = DIRECTION('',(-0.,0.,-1.));
#7656 = DIRECTION('',(-7.992606701463E-15,-1.,0.));
#7657 = FACE_BOUND('',#7658,.F.);
#7658 = EDGE_LOOP('',(#7659));
#7659 = ORIENTED_EDGE('',*,*,#7660,.T.);
#7660 = EDGE_CURVE('',#7661,#7661,#7663,.T.);
#7661 = VERTEX_POINT('',#7662);
#7662 = CARTESIAN_POINT('',(21.9964,34.0741,0.));
#7663 = CIRCLE('',#7664,0.4445);
#7664 = AXIS2_PLACEMENT_3D('',#7665,#7666,#7667);
#7665 = CARTESIAN_POINT('',(21.9964,34.5186,0.));
#7666 = DIRECTION('',(-0.,0.,-1.));
#7667 = DIRECTION('',(-0.,-1.,0.));
#7668 = FACE_BOUND('',#7669,.F.);
#7669 = EDGE_LOOP('',(#7670));
#7670 = ORIENTED_EDGE('',*,*,#7671,.T.);
#7671 = EDGE_CURVE('',#7672,#7672,#7674,.T.);
#7672 = VERTEX_POINT('',#7673);
#7673 = CARTESIAN_POINT('',(40.64,28.98,0.));
#7674 = CIRCLE('',#7675,1.5);
#7675 = AXIS2_PLACEMENT_3D('',#7676,#7677,#7678);
#7676 = CARTESIAN_POINT('',(40.64,30.48,0.));
#7677 = DIRECTION('',(-0.,0.,-1.));
#7678 = DIRECTION('',(-0.,-1.,0.));
#7679 = PLANE('',#7680);
#7680 = AXIS2_PLACEMENT_3D('',#7681,#7682,#7683);
#7681 = CARTESIAN_POINT('',(0.,0.,0.));
#7682 = DIRECTION('',(0.,0.,1.));
#7683 = DIRECTION('',(1.,0.,-0.));
#7684 = ADVANCED_FACE('',(#7685,#7696,#7707,#7718,#7729,#7740,#7751,
    #7762,#7773,#7784,#7795,#7806,#7817),#7828,.T.);
#7685 = FACE_BOUND('',#7686,.T.);
#7686 = EDGE_LOOP('',(#7687,#7688,#7689,#7695));
#7687 = ORIENTED_EDGE('',*,*,#7447,.F.);
#7688 = ORIENTED_EDGE('',*,*,#7487,.F.);
#7689 = ORIENTED_EDGE('',*,*,#7690,.F.);
#7690 = EDGE_CURVE('',#7510,#7480,#7691,.T.);
#7691 = LINE('',#7692,#7693);
#7692 = CARTESIAN_POINT('',(5.334,35.306,0.1));
#7693 = VECTOR('',#7694,1.);
#7694 = DIRECTION('',(1.,0.,0.));
#7695 = ORIENTED_EDGE('',*,*,#7509,.F.);
#7696 = FACE_BOUND('',#7697,.T.);
#7697 = EDGE_LOOP('',(#7698));
#7698 = ORIENTED_EDGE('',*,*,#7699,.T.);
#7699 = EDGE_CURVE('',#7700,#7700,#7702,.T.);
#7700 = VERTEX_POINT('',#7701);
#7701 = CARTESIAN_POINT('',(10.16,8.66,0.1));
#7702 = CIRCLE('',#7703,1.5);
#7703 = AXIS2_PLACEMENT_3D('',#7704,#7705,#7706);
#7704 = CARTESIAN_POINT('',(10.16,10.16,0.1));
#7705 = DIRECTION('',(-0.,0.,-1.));
#7706 = DIRECTION('',(-0.,-1.,0.));
#7707 = FACE_BOUND('',#7708,.T.);
#7708 = EDGE_LOOP('',(#7709));
#7709 = ORIENTED_EDGE('',*,*,#7710,.T.);
#7710 = EDGE_CURVE('',#7711,#7711,#7713,.T.);
#7711 = VERTEX_POINT('',#7712);
#7712 = CARTESIAN_POINT('',(40.64,8.66,0.1));
#7713 = CIRCLE('',#7714,1.5);
#7714 = AXIS2_PLACEMENT_3D('',#7715,#7716,#7717);
#7715 = CARTESIAN_POINT('',(40.64,10.16,0.1));
#7716 = DIRECTION('',(-0.,0.,-1.));
#7717 = DIRECTION('',(-0.,-1.,0.));
#7718 = FACE_BOUND('',#7719,.T.);
#7719 = EDGE_LOOP('',(#7720));
#7720 = ORIENTED_EDGE('',*,*,#7721,.T.);
#7721 = EDGE_CURVE('',#7722,#7722,#7724,.T.);
#7722 = VERTEX_POINT('',#7723);
#7723 = CARTESIAN_POINT('',(37.0574,11.820101,0.1));
#7724 = CIRCLE('',#7725,0.85);
#7725 = AXIS2_PLACEMENT_3D('',#7726,#7727,#7728);
#7726 = CARTESIAN_POINT('',(37.0574,12.670101,0.1));
#7727 = DIRECTION('',(-0.,0.,-1.));
#7728 = DIRECTION('',(-0.,-1.,0.));
#7729 = FACE_BOUND('',#7730,.T.);
#7730 = EDGE_LOOP('',(#7731));
#7731 = ORIENTED_EDGE('',*,*,#7732,.T.);
#7732 = EDGE_CURVE('',#7733,#7733,#7735,.T.);
#7733 = VERTEX_POINT('',#7734);
#7734 = CARTESIAN_POINT('',(42.1374,11.820101,0.1));
#7735 = CIRCLE('',#7736,0.85);
#7736 = AXIS2_PLACEMENT_3D('',#7737,#7738,#7739);
#7737 = CARTESIAN_POINT('',(42.1374,12.670101,0.1));
#7738 = DIRECTION('',(-0.,0.,-1.));
#7739 = DIRECTION('',(-0.,-1.,0.));
#7740 = FACE_BOUND('',#7741,.T.);
#7741 = EDGE_LOOP('',(#7742));
#7742 = ORIENTED_EDGE('',*,*,#7743,.T.);
#7743 = EDGE_CURVE('',#7744,#7744,#7746,.T.);
#7744 = VERTEX_POINT('',#7745);
#7745 = CARTESIAN_POINT('',(39.5974,14.460101,0.1));
#7746 = CIRCLE('',#7747,0.75);
#7747 = AXIS2_PLACEMENT_3D('',#7748,#7749,#7750);
#7748 = CARTESIAN_POINT('',(39.5974,15.210101,0.1));
#7749 = DIRECTION('',(-0.,0.,-1.));
#7750 = DIRECTION('',(-0.,-1.,0.));
#7751 = FACE_BOUND('',#7752,.T.);
#7752 = EDGE_LOOP('',(#7753));
#7753 = ORIENTED_EDGE('',*,*,#7754,.T.);
#7754 = EDGE_CURVE('',#7755,#7755,#7757,.T.);
#7755 = VERTEX_POINT('',#7756);
#7756 = CARTESIAN_POINT('',(37.0574,16.900101,0.1));
#7757 = CIRCLE('',#7758,0.85);
#7758 = AXIS2_PLACEMENT_3D('',#7759,#7760,#7761);
#7759 = CARTESIAN_POINT('',(37.0574,17.750101,0.1));
#7760 = DIRECTION('',(-0.,0.,-1.));
#7761 = DIRECTION('',(-0.,-1.,0.));
#7762 = FACE_BOUND('',#7763,.T.);
#7763 = EDGE_LOOP('',(#7764));
#7764 = ORIENTED_EDGE('',*,*,#7765,.T.);
#7765 = EDGE_CURVE('',#7766,#7766,#7768,.T.);
#7766 = VERTEX_POINT('',#7767);
#7767 = CARTESIAN_POINT('',(42.1374,16.900101,0.1));
#7768 = CIRCLE('',#7769,0.85);
#7769 = AXIS2_PLACEMENT_3D('',#7770,#7771,#7772);
#7770 = CARTESIAN_POINT('',(42.1374,17.750101,0.1));
#7771 = DIRECTION('',(-0.,0.,-1.));
#7772 = DIRECTION('',(-0.,-1.,0.));
#7773 = FACE_BOUND('',#7774,.T.);
#7774 = EDGE_LOOP('',(#7775));
#7775 = ORIENTED_EDGE('',*,*,#7776,.T.);
#7776 = EDGE_CURVE('',#7777,#7777,#7779,.T.);
#7777 = VERTEX_POINT('',#7778);
#7778 = CARTESIAN_POINT('',(10.16,28.98,0.1));
#7779 = CIRCLE('',#7780,1.5);
#7780 = AXIS2_PLACEMENT_3D('',#7781,#7782,#7783);
#7781 = CARTESIAN_POINT('',(10.16,30.48,0.1));
#7782 = DIRECTION('',(-0.,0.,-1.));
#7783 = DIRECTION('',(-0.,-1.,0.));
#7784 = FACE_BOUND('',#7785,.T.);
#7785 = EDGE_LOOP('',(#7786));
#7786 = ORIENTED_EDGE('',*,*,#7787,.T.);
#7787 = EDGE_CURVE('',#7788,#7788,#7790,.T.);
#7788 = VERTEX_POINT('',#7789);
#7789 = CARTESIAN_POINT('',(16.9164,34.0741,0.1));
#7790 = CIRCLE('',#7791,0.4445);
#7791 = AXIS2_PLACEMENT_3D('',#7792,#7793,#7794);
#7792 = CARTESIAN_POINT('',(16.9164,34.5186,0.1));
#7793 = DIRECTION('',(-0.,0.,-1.));
#7794 = DIRECTION('',(-7.992606701463E-15,-1.,0.));
#7795 = FACE_BOUND('',#7796,.T.);
#7796 = EDGE_LOOP('',(#7797));
#7797 = ORIENTED_EDGE('',*,*,#7798,.T.);
#7798 = EDGE_CURVE('',#7799,#7799,#7801,.T.);
#7799 = VERTEX_POINT('',#7800);
#7800 = CARTESIAN_POINT('',(19.4564,34.074099,0.1));
#7801 = CIRCLE('',#7802,0.4445);
#7802 = AXIS2_PLACEMENT_3D('',#7803,#7804,#7805);
#7803 = CARTESIAN_POINT('',(19.4564,34.518599,0.1));
#7804 = DIRECTION('',(-0.,0.,-1.));
#7805 = DIRECTION('',(-7.992606701463E-15,-1.,0.));
#7806 = FACE_BOUND('',#7807,.T.);
#7807 = EDGE_LOOP('',(#7808));
#7808 = ORIENTED_EDGE('',*,*,#7809,.T.);
#7809 = EDGE_CURVE('',#7810,#7810,#7812,.T.);
#7810 = VERTEX_POINT('',#7811);
#7811 = CARTESIAN_POINT('',(21.9964,34.0741,0.1));
#7812 = CIRCLE('',#7813,0.4445);
#7813 = AXIS2_PLACEMENT_3D('',#7814,#7815,#7816);
#7814 = CARTESIAN_POINT('',(21.9964,34.5186,0.1));
#7815 = DIRECTION('',(-0.,0.,-1.));
#7816 = DIRECTION('',(-0.,-1.,0.));
#7817 = FACE_BOUND('',#7818,.T.);
#7818 = EDGE_LOOP('',(#7819));
#7819 = ORIENTED_EDGE('',*,*,#7820,.T.);
#7820 = EDGE_CURVE('',#7821,#7821,#7823,.T.);
#7821 = VERTEX_POINT('',#7822);
#7822 = CARTESIAN_POINT('',(40.64,28.98,0.1));
#7823 = CIRCLE('',#7824,1.5);
#7824 = AXIS2_PLACEMENT_3D('',#7825,#7826,#7827);
#7825 = CARTESIAN_POINT('',(40.64,30.48,0.1));
#7826 = DIRECTION('',(-0.,0.,-1.));
#7827 = DIRECTION('',(-0.,-1.,0.));
#7828 = PLANE('',#7829);
#7829 = AXIS2_PLACEMENT_3D('',#7830,#7831,#7832);
#7830 = CARTESIAN_POINT('',(0.,0.,0.1));
#7831 = DIRECTION('',(0.,0.,1.));
#7832 = DIRECTION('',(1.,0.,-0.));
#7833 = ADVANCED_FACE('',(#7834),#7840,.T.);
#7834 = FACE_BOUND('',#7835,.T.);
#7835 = EDGE_LOOP('',(#7836,#7837,#7838,#7839));
#7836 = ORIENTED_EDGE('',*,*,#7517,.T.);
#7837 = ORIENTED_EDGE('',*,*,#7690,.T.);
#7838 = ORIENTED_EDGE('',*,*,#7477,.F.);
#7839 = ORIENTED_EDGE('',*,*,#7541,.F.);
#7840 = PLANE('',#7841);
#7841 = AXIS2_PLACEMENT_3D('',#7842,#7843,#7844);
#7842 = CARTESIAN_POINT('',(5.334,35.306,0.));
#7843 = DIRECTION('',(0.,1.,0.));
#7844 = DIRECTION('',(1.,0.,0.));
#7845 = ADVANCED_FACE('',(#7846),#7857,.F.);
#7846 = FACE_BOUND('',#7847,.T.);
#7847 = EDGE_LOOP('',(#7848,#7849,#7855,#7856));
#7848 = ORIENTED_EDGE('',*,*,#7550,.T.);
#7849 = ORIENTED_EDGE('',*,*,#7850,.T.);
#7850 = EDGE_CURVE('',#7551,#7700,#7851,.T.);
#7851 = LINE('',#7852,#7853);
#7852 = CARTESIAN_POINT('',(10.16,8.66,-4.6E-02));
#7853 = VECTOR('',#7854,1.);
#7854 = DIRECTION('',(0.,0.,1.));
#7855 = ORIENTED_EDGE('',*,*,#7699,.F.);
#7856 = ORIENTED_EDGE('',*,*,#7850,.F.);
#7857 = CYLINDRICAL_SURFACE('',#7858,1.5);
#7858 = AXIS2_PLACEMENT_3D('',#7859,#7860,#7861);
#7859 = CARTESIAN_POINT('',(10.16,10.16,-4.6E-02));
#7860 = DIRECTION('',(-0.,-0.,-1.));
#7861 = DIRECTION('',(-0.,-1.,0.));
#7862 = ADVANCED_FACE('',(#7863),#7874,.F.);
#7863 = FACE_BOUND('',#7864,.T.);
#7864 = EDGE_LOOP('',(#7865,#7866,#7872,#7873));
#7865 = ORIENTED_EDGE('',*,*,#7561,.T.);
#7866 = ORIENTED_EDGE('',*,*,#7867,.T.);
#7867 = EDGE_CURVE('',#7562,#7711,#7868,.T.);
#7868 = LINE('',#7869,#7870);
#7869 = CARTESIAN_POINT('',(40.64,8.66,-4.6E-02));
#7870 = VECTOR('',#7871,1.);
#7871 = DIRECTION('',(0.,0.,1.));
#7872 = ORIENTED_EDGE('',*,*,#7710,.F.);
#7873 = ORIENTED_EDGE('',*,*,#7867,.F.);
#7874 = CYLINDRICAL_SURFACE('',#7875,1.5);
#7875 = AXIS2_PLACEMENT_3D('',#7876,#7877,#7878);
#7876 = CARTESIAN_POINT('',(40.64,10.16,-4.6E-02));
#7877 = DIRECTION('',(-0.,-0.,-1.));
#7878 = DIRECTION('',(-0.,-1.,0.));
#7879 = ADVANCED_FACE('',(#7880),#7891,.F.);
#7880 = FACE_BOUND('',#7881,.T.);
#7881 = EDGE_LOOP('',(#7882,#7883,#7889,#7890));
#7882 = ORIENTED_EDGE('',*,*,#7572,.T.);
#7883 = ORIENTED_EDGE('',*,*,#7884,.T.);
#7884 = EDGE_CURVE('',#7573,#7722,#7885,.T.);
#7885 = LINE('',#7886,#7887);
#7886 = CARTESIAN_POINT('',(37.0574,11.820101,-4.6E-02));
#7887 = VECTOR('',#7888,1.);
#7888 = DIRECTION('',(0.,0.,1.));
#7889 = ORIENTED_EDGE('',*,*,#7721,.F.);
#7890 = ORIENTED_EDGE('',*,*,#7884,.F.);
#7891 = CYLINDRICAL_SURFACE('',#7892,0.85);
#7892 = AXIS2_PLACEMENT_3D('',#7893,#7894,#7895);
#7893 = CARTESIAN_POINT('',(37.0574,12.670101,-4.6E-02));
#7894 = DIRECTION('',(-0.,-0.,-1.));
#7895 = DIRECTION('',(-0.,-1.,0.));
#7896 = ADVANCED_FACE('',(#7897),#7908,.F.);
#7897 = FACE_BOUND('',#7898,.T.);
#7898 = EDGE_LOOP('',(#7899,#7900,#7906,#7907));
#7899 = ORIENTED_EDGE('',*,*,#7583,.T.);
#7900 = ORIENTED_EDGE('',*,*,#7901,.T.);
#7901 = EDGE_CURVE('',#7584,#7733,#7902,.T.);
#7902 = LINE('',#7903,#7904);
#7903 = CARTESIAN_POINT('',(42.1374,11.820101,-4.6E-02));
#7904 = VECTOR('',#7905,1.);
#7905 = DIRECTION('',(0.,0.,1.));
#7906 = ORIENTED_EDGE('',*,*,#7732,.F.);
#7907 = ORIENTED_EDGE('',*,*,#7901,.F.);
#7908 = CYLINDRICAL_SURFACE('',#7909,0.85);
#7909 = AXIS2_PLACEMENT_3D('',#7910,#7911,#7912);
#7910 = CARTESIAN_POINT('',(42.1374,12.670101,-4.6E-02));
#7911 = DIRECTION('',(-0.,-0.,-1.));
#7912 = DIRECTION('',(-0.,-1.,0.));
#7913 = ADVANCED_FACE('',(#7914),#7925,.F.);
#7914 = FACE_BOUND('',#7915,.T.);
#7915 = EDGE_LOOP('',(#7916,#7917,#7923,#7924));
#7916 = ORIENTED_EDGE('',*,*,#7594,.T.);
#7917 = ORIENTED_EDGE('',*,*,#7918,.T.);
#7918 = EDGE_CURVE('',#7595,#7744,#7919,.T.);
#7919 = LINE('',#7920,#7921);
#7920 = CARTESIAN_POINT('',(39.5974,14.460101,-4.6E-02));
#7921 = VECTOR('',#7922,1.);
#7922 = DIRECTION('',(0.,0.,1.));
#7923 = ORIENTED_EDGE('',*,*,#7743,.F.);
#7924 = ORIENTED_EDGE('',*,*,#7918,.F.);
#7925 = CYLINDRICAL_SURFACE('',#7926,0.75);
#7926 = AXIS2_PLACEMENT_3D('',#7927,#7928,#7929);
#7927 = CARTESIAN_POINT('',(39.5974,15.210101,-4.6E-02));
#7928 = DIRECTION('',(-0.,-0.,-1.));
#7929 = DIRECTION('',(-0.,-1.,0.));
#7930 = ADVANCED_FACE('',(#7931),#7942,.F.);
#7931 = FACE_BOUND('',#7932,.T.);
#7932 = EDGE_LOOP('',(#7933,#7934,#7940,#7941));
#7933 = ORIENTED_EDGE('',*,*,#7605,.T.);
#7934 = ORIENTED_EDGE('',*,*,#7935,.T.);
#7935 = EDGE_CURVE('',#7606,#7755,#7936,.T.);
#7936 = LINE('',#7937,#7938);
#7937 = CARTESIAN_POINT('',(37.0574,16.900101,-4.6E-02));
#7938 = VECTOR('',#7939,1.);
#7939 = DIRECTION('',(0.,0.,1.));
#7940 = ORIENTED_EDGE('',*,*,#7754,.F.);
#7941 = ORIENTED_EDGE('',*,*,#7935,.F.);
#7942 = CYLINDRICAL_SURFACE('',#7943,0.85);
#7943 = AXIS2_PLACEMENT_3D('',#7944,#7945,#7946);
#7944 = CARTESIAN_POINT('',(37.0574,17.750101,-4.6E-02));
#7945 = DIRECTION('',(-0.,-0.,-1.));
#7946 = DIRECTION('',(-0.,-1.,0.));
#7947 = ADVANCED_FACE('',(#7948),#7959,.F.);
#7948 = FACE_BOUND('',#7949,.T.);
#7949 = EDGE_LOOP('',(#7950,#7951,#7957,#7958));
#7950 = ORIENTED_EDGE('',*,*,#7616,.T.);
#7951 = ORIENTED_EDGE('',*,*,#7952,.T.);
#7952 = EDGE_CURVE('',#7617,#7766,#7953,.T.);
#7953 = LINE('',#7954,#7955);
#7954 = CARTESIAN_POINT('',(42.1374,16.900101,-4.6E-02));
#7955 = VECTOR('',#7956,1.);
#7956 = DIRECTION('',(0.,0.,1.));
#7957 = ORIENTED_EDGE('',*,*,#7765,.F.);
#7958 = ORIENTED_EDGE('',*,*,#7952,.F.);
#7959 = CYLINDRICAL_SURFACE('',#7960,0.85);
#7960 = AXIS2_PLACEMENT_3D('',#7961,#7962,#7963);
#7961 = CARTESIAN_POINT('',(42.1374,17.750101,-4.6E-02));
#7962 = DIRECTION('',(-0.,-0.,-1.));
#7963 = DIRECTION('',(-0.,-1.,0.));
#7964 = ADVANCED_FACE('',(#7965),#7976,.F.);
#7965 = FACE_BOUND('',#7966,.T.);
#7966 = EDGE_LOOP('',(#7967,#7968,#7974,#7975));
#7967 = ORIENTED_EDGE('',*,*,#7627,.T.);
#7968 = ORIENTED_EDGE('',*,*,#7969,.T.);
#7969 = EDGE_CURVE('',#7628,#7777,#7970,.T.);
#7970 = LINE('',#7971,#7972);
#7971 = CARTESIAN_POINT('',(10.16,28.98,-4.6E-02));
#7972 = VECTOR('',#7973,1.);
#7973 = DIRECTION('',(0.,0.,1.));
#7974 = ORIENTED_EDGE('',*,*,#7776,.F.);
#7975 = ORIENTED_EDGE('',*,*,#7969,.F.);
#7976 = CYLINDRICAL_SURFACE('',#7977,1.5);
#7977 = AXIS2_PLACEMENT_3D('',#7978,#7979,#7980);
#7978 = CARTESIAN_POINT('',(10.16,30.48,-4.6E-02));
#7979 = DIRECTION('',(-0.,-0.,-1.));
#7980 = DIRECTION('',(-0.,-1.,0.));
#7981 = ADVANCED_FACE('',(#7982),#7993,.F.);
#7982 = FACE_BOUND('',#7983,.T.);
#7983 = EDGE_LOOP('',(#7984,#7985,#7991,#7992));
#7984 = ORIENTED_EDGE('',*,*,#7638,.T.);
#7985 = ORIENTED_EDGE('',*,*,#7986,.T.);
#7986 = EDGE_CURVE('',#7639,#7788,#7987,.T.);
#7987 = LINE('',#7988,#7989);
#7988 = CARTESIAN_POINT('',(16.9164,34.0741,-4.6E-02));
#7989 = VECTOR('',#7990,1.);
#7990 = DIRECTION('',(0.,0.,1.));
#7991 = ORIENTED_EDGE('',*,*,#7787,.F.);
#7992 = ORIENTED_EDGE('',*,*,#7986,.F.);
#7993 = CYLINDRICAL_SURFACE('',#7994,0.4445);
#7994 = AXIS2_PLACEMENT_3D('',#7995,#7996,#7997);
#7995 = CARTESIAN_POINT('',(16.9164,34.5186,-4.6E-02));
#7996 = DIRECTION('',(-0.,-0.,-1.));
#7997 = DIRECTION('',(-7.992606701463E-15,-1.,0.));
#7998 = ADVANCED_FACE('',(#7999),#8010,.F.);
#7999 = FACE_BOUND('',#8000,.T.);
#8000 = EDGE_LOOP('',(#8001,#8002,#8008,#8009));
#8001 = ORIENTED_EDGE('',*,*,#7649,.T.);
#8002 = ORIENTED_EDGE('',*,*,#8003,.T.);
#8003 = EDGE_CURVE('',#7650,#7799,#8004,.T.);
#8004 = LINE('',#8005,#8006);
#8005 = CARTESIAN_POINT('',(19.4564,34.074099,-4.6E-02));
#8006 = VECTOR('',#8007,1.);
#8007 = DIRECTION('',(0.,0.,1.));
#8008 = ORIENTED_EDGE('',*,*,#7798,.F.);
#8009 = ORIENTED_EDGE('',*,*,#8003,.F.);
#8010 = CYLINDRICAL_SURFACE('',#8011,0.4445);
#8011 = AXIS2_PLACEMENT_3D('',#8012,#8013,#8014);
#8012 = CARTESIAN_POINT('',(19.4564,34.518599,-4.6E-02));
#8013 = DIRECTION('',(-0.,-0.,-1.));
#8014 = DIRECTION('',(-7.992606701463E-15,-1.,0.));
#8015 = ADVANCED_FACE('',(#8016),#8027,.F.);
#8016 = FACE_BOUND('',#8017,.T.);
#8017 = EDGE_LOOP('',(#8018,#8019,#8025,#8026));
#8018 = ORIENTED_EDGE('',*,*,#7660,.T.);
#8019 = ORIENTED_EDGE('',*,*,#8020,.T.);
#8020 = EDGE_CURVE('',#7661,#7810,#8021,.T.);
#8021 = LINE('',#8022,#8023);
#8022 = CARTESIAN_POINT('',(21.9964,34.0741,-4.6E-02));
#8023 = VECTOR('',#8024,1.);
#8024 = DIRECTION('',(0.,0.,1.));
#8025 = ORIENTED_EDGE('',*,*,#7809,.F.);
#8026 = ORIENTED_EDGE('',*,*,#8020,.F.);
#8027 = CYLINDRICAL_SURFACE('',#8028,0.4445);
#8028 = AXIS2_PLACEMENT_3D('',#8029,#8030,#8031);
#8029 = CARTESIAN_POINT('',(21.9964,34.5186,-4.6E-02));
#8030 = DIRECTION('',(-0.,-0.,-1.));
#8031 = DIRECTION('',(-0.,-1.,0.));
#8032 = ADVANCED_FACE('',(#8033),#8044,.F.);
#8033 = FACE_BOUND('',#8034,.T.);
#8034 = EDGE_LOOP('',(#8035,#8036,#8042,#8043));
#8035 = ORIENTED_EDGE('',*,*,#7671,.T.);
#8036 = ORIENTED_EDGE('',*,*,#8037,.T.);
#8037 = EDGE_CURVE('',#7672,#7821,#8038,.T.);
#8038 = LINE('',#8039,#8040);
#8039 = CARTESIAN_POINT('',(40.64,28.98,-4.6E-02));
#8040 = VECTOR('',#8041,1.);
#8041 = DIRECTION('',(0.,0.,1.));
#8042 = ORIENTED_EDGE('',*,*,#7820,.F.);
#8043 = ORIENTED_EDGE('',*,*,#8037,.F.);
#8044 = CYLINDRICAL_SURFACE('',#8045,1.5);
#8045 = AXIS2_PLACEMENT_3D('',#8046,#8047,#8048);
#8046 = CARTESIAN_POINT('',(40.64,30.48,-4.6E-02));
#8047 = DIRECTION('',(-0.,-0.,-1.));
#8048 = DIRECTION('',(-0.,-1.,0.));
#8049 = ( GEOMETRIC_REPRESENTATION_CONTEXT(3) 
GLOBAL_UNCERTAINTY_ASSIGNED_CONTEXT((#8053)) 
GLOBAL_UNIT_ASSIGNED_CONTEXT((#8050,#8051,#8052)) REPRESENTATION_CONTEXT
('Context #1','3D Context with UNIT and UNCERTAINTY') );
#8050 = ( LENGTH_UNIT() NAMED_UNIT(*) SI_UNIT(.MILLI.,.METRE.) );
#8051 = ( NAMED_UNIT(*) PLANE_ANGLE_UNIT() SI_UNIT($,.RADIAN.) );
#8052 = ( NAMED_UNIT(*) SI_UNIT($,.STERADIAN.) SOLID_ANGLE_UNIT() );
#8053 = UNCERTAINTY_MEASURE_WITH_UNIT(LENGTH_MEASURE(1.E-07),#8050,
  'distance_accuracy_value','confusion accuracy');
#8054 = CONTEXT_DEPENDENT_SHAPE_REPRESENTATION(#8055,#8057);
#8055 = ( REPRESENTATION_RELATIONSHIP('','',#7430,#10) 
REPRESENTATION_RELATIONSHIP_WITH_TRANSFORMATION(#8056) 
SHAPE_REPRESENTATION_RELATIONSHIP() );
#8056 = ITEM_DEFINED_TRANSFORMATION('','',#11,#75);
#8057 = PRODUCT_DEFINITION_SHAPE('Placement','Placement of an item',
  #8058);
#8058 = NEXT_ASSEMBLY_USAGE_OCCURRENCE('16','=>[0:1:1:8]','',#5,#7425,$
  );
#8059 = PRODUCT_RELATED_PRODUCT_CATEGORY('part',$,(#7427));
#8060 = MECHANICAL_DESIGN_GEOMETRIC_PRESENTATION_REPRESENTATION('',(
    #8061,#8069,#8076,#8083,#8090,#8097,#8104,#8111,#8119,#8126,#8133,
    #8140,#8147,#8154,#8162,#8169,#8176,#8183,#8190,#8197,#8204,#8211,
    #8218,#8225,#8232,#8239),#5314);
#8061 = STYLED_ITEM('color',(#8062),#4526);
#8062 = PRESENTATION_STYLE_ASSIGNMENT((#8063));
#8063 = SURFACE_STYLE_USAGE(.BOTH.,#8064);
#8064 = SURFACE_SIDE_STYLE('',(#8065));
#8065 = SURFACE_STYLE_FILL_AREA(#8066);
#8066 = FILL_AREA_STYLE('',(#8067));
#8067 = FILL_AREA_STYLE_COLOUR('',#8068);
#8068 = COLOUR_RGB('',0.823999987314,0.819999987296,0.781000009244);
#8069 = STYLED_ITEM('color',(#8070),#4566);
#8070 = PRESENTATION_STYLE_ASSIGNMENT((#8071));
#8071 = SURFACE_STYLE_USAGE(.BOTH.,#8072);
#8072 = SURFACE_SIDE_STYLE('',(#8073));
#8073 = SURFACE_STYLE_FILL_AREA(#8074);
#8074 = FILL_AREA_STYLE('',(#8075));
#8075 = FILL_AREA_STYLE_COLOUR('',#8068);
#8076 = STYLED_ITEM('color',(#8077),#4649);
#8077 = PRESENTATION_STYLE_ASSIGNMENT((#8078));
#8078 = SURFACE_STYLE_USAGE(.BOTH.,#8079);
#8079 = SURFACE_SIDE_STYLE('',(#8080));
#8080 = SURFACE_STYLE_FILL_AREA(#8081);
#8081 = FILL_AREA_STYLE('',(#8082));
#8082 = FILL_AREA_STYLE_COLOUR('',#8068);
#8083 = STYLED_ITEM('color',(#8084),#4674);
#8084 = PRESENTATION_STYLE_ASSIGNMENT((#8085));
#8085 = SURFACE_STYLE_USAGE(.BOTH.,#8086);
#8086 = SURFACE_SIDE_STYLE('',(#8087));
#8087 = SURFACE_STYLE_FILL_AREA(#8088);
#8088 = FILL_AREA_STYLE('',(#8089));
#8089 = FILL_AREA_STYLE_COLOUR('',#8068);
#8090 = STYLED_ITEM('color',(#8091),#4699);
#8091 = PRESENTATION_STYLE_ASSIGNMENT((#8092));
#8092 = SURFACE_STYLE_USAGE(.BOTH.,#8093);
#8093 = SURFACE_SIDE_STYLE('',(#8094));
#8094 = SURFACE_STYLE_FILL_AREA(#8095);
#8095 = FILL_AREA_STYLE('',(#8096));
#8096 = FILL_AREA_STYLE_COLOUR('',#8068);
#8097 = STYLED_ITEM('color',(#8098),#4766);
#8098 = PRESENTATION_STYLE_ASSIGNMENT((#8099));
#8099 = SURFACE_STYLE_USAGE(.BOTH.,#8100);
#8100 = SURFACE_SIDE_STYLE('',(#8101));
#8101 = SURFACE_STYLE_FILL_AREA(#8102);
#8102 = FILL_AREA_STYLE('',(#8103));
#8103 = FILL_AREA_STYLE_COLOUR('',#8068);
#8104 = STYLED_ITEM('color',(#8105),#4783);
#8105 = PRESENTATION_STYLE_ASSIGNMENT((#8106));
#8106 = SURFACE_STYLE_USAGE(.BOTH.,#8107);
#8107 = SURFACE_SIDE_STYLE('',(#8108));
#8108 = SURFACE_STYLE_FILL_AREA(#8109);
#8109 = FILL_AREA_STYLE('',(#8110));
#8110 = FILL_AREA_STYLE_COLOUR('',#8068);
#8111 = STYLED_ITEM('color',(#8112),#4800);
#8112 = PRESENTATION_STYLE_ASSIGNMENT((#8113));
#8113 = SURFACE_STYLE_USAGE(.BOTH.,#8114);
#8114 = SURFACE_SIDE_STYLE('',(#8115));
#8115 = SURFACE_STYLE_FILL_AREA(#8116);
#8116 = FILL_AREA_STYLE('',(#8117));
#8117 = FILL_AREA_STYLE_COLOUR('',#8118);
#8118 = COLOUR_RGB('',0.894999966383,0.890999961016,0.813000030345);
#8119 = STYLED_ITEM('color',(#8120),#4849);
#8120 = PRESENTATION_STYLE_ASSIGNMENT((#8121));
#8121 = SURFACE_STYLE_USAGE(.BOTH.,#8122);
#8122 = SURFACE_SIDE_STYLE('',(#8123));
#8123 = SURFACE_STYLE_FILL_AREA(#8124);
#8124 = FILL_AREA_STYLE('',(#8125));
#8125 = FILL_AREA_STYLE_COLOUR('',#8068);
#8126 = STYLED_ITEM('color',(#8127),#4866);
#8127 = PRESENTATION_STYLE_ASSIGNMENT((#8128));
#8128 = SURFACE_STYLE_USAGE(.BOTH.,#8129);
#8129 = SURFACE_SIDE_STYLE('',(#8130));
#8130 = SURFACE_STYLE_FILL_AREA(#8131);
#8131 = FILL_AREA_STYLE('',(#8132));
#8132 = FILL_AREA_STYLE_COLOUR('',#8068);
#8133 = STYLED_ITEM('color',(#8134),#4883);
#8134 = PRESENTATION_STYLE_ASSIGNMENT((#8135));
#8135 = SURFACE_STYLE_USAGE(.BOTH.,#8136);
#8136 = SURFACE_SIDE_STYLE('',(#8137));
#8137 = SURFACE_STYLE_FILL_AREA(#8138);
#8138 = FILL_AREA_STYLE('',(#8139));
#8139 = FILL_AREA_STYLE_COLOUR('',#8118);
#8140 = STYLED_ITEM('color',(#8141),#4932);
#8141 = PRESENTATION_STYLE_ASSIGNMENT((#8142));
#8142 = SURFACE_STYLE_USAGE(.BOTH.,#8143);
#8143 = SURFACE_SIDE_STYLE('',(#8144));
#8144 = SURFACE_STYLE_FILL_AREA(#8145);
#8145 = FILL_AREA_STYLE('',(#8146));
#8146 = FILL_AREA_STYLE_COLOUR('',#8118);
#8147 = STYLED_ITEM('color',(#8148),#4949);
#8148 = PRESENTATION_STYLE_ASSIGNMENT((#8149));
#8149 = SURFACE_STYLE_USAGE(.BOTH.,#8150);
#8150 = SURFACE_SIDE_STYLE('',(#8151));
#8151 = SURFACE_STYLE_FILL_AREA(#8152);
#8152 = FILL_AREA_STYLE('',(#8153));
#8153 = FILL_AREA_STYLE_COLOUR('',#8068);
#8154 = STYLED_ITEM('color',(#8155),#5018);
#8155 = PRESENTATION_STYLE_ASSIGNMENT((#8156));
#8156 = SURFACE_STYLE_USAGE(.BOTH.,#8157);
#8157 = SURFACE_SIDE_STYLE('',(#8158));
#8158 = SURFACE_STYLE_FILL_AREA(#8159);
#8159 = FILL_AREA_STYLE('',(#8160));
#8160 = FILL_AREA_STYLE_COLOUR('',#8161);
#8161 = COLOUR_RGB('',8.200000279077E-02,8.600000121357E-02,
  9.399999706163E-02);
#8162 = STYLED_ITEM('color',(#8163),#5049);
#8163 = PRESENTATION_STYLE_ASSIGNMENT((#8164));
#8164 = SURFACE_STYLE_USAGE(.BOTH.,#8165);
#8165 = SURFACE_SIDE_STYLE('',(#8166));
#8166 = SURFACE_STYLE_FILL_AREA(#8167);
#8167 = FILL_AREA_STYLE('',(#8168));
#8168 = FILL_AREA_STYLE_COLOUR('',#8161);
#8169 = STYLED_ITEM('color',(#8170),#5073);
#8170 = PRESENTATION_STYLE_ASSIGNMENT((#8171));
#8171 = SURFACE_STYLE_USAGE(.BOTH.,#8172);
#8172 = SURFACE_SIDE_STYLE('',(#8173));
#8173 = SURFACE_STYLE_FILL_AREA(#8174);
#8174 = FILL_AREA_STYLE('',(#8175));
#8175 = FILL_AREA_STYLE_COLOUR('',#8068);
#8176 = STYLED_ITEM('color',(#8177),#5142);
#8177 = PRESENTATION_STYLE_ASSIGNMENT((#8178));
#8178 = SURFACE_STYLE_USAGE(.BOTH.,#8179);
#8179 = SURFACE_SIDE_STYLE('',(#8180));
#8180 = SURFACE_STYLE_FILL_AREA(#8181);
#8181 = FILL_AREA_STYLE('',(#8182));
#8182 = FILL_AREA_STYLE_COLOUR('',#8161);
#8183 = STYLED_ITEM('color',(#8184),#5166);
#8184 = PRESENTATION_STYLE_ASSIGNMENT((#8185));
#8185 = SURFACE_STYLE_USAGE(.BOTH.,#8186);
#8186 = SURFACE_SIDE_STYLE('',(#8187));
#8187 = SURFACE_STYLE_FILL_AREA(#8188);
#8188 = FILL_AREA_STYLE('',(#8189));
#8189 = FILL_AREA_STYLE_COLOUR('',#8068);
#8190 = STYLED_ITEM('color',(#8191),#5183);
#8191 = PRESENTATION_STYLE_ASSIGNMENT((#8192));
#8192 = SURFACE_STYLE_USAGE(.BOTH.,#8193);
#8193 = SURFACE_SIDE_STYLE('',(#8194));
#8194 = SURFACE_STYLE_FILL_AREA(#8195);
#8195 = FILL_AREA_STYLE('',(#8196));
#8196 = FILL_AREA_STYLE_COLOUR('',#8068);
#8197 = STYLED_ITEM('color',(#8198),#5200);
#8198 = PRESENTATION_STYLE_ASSIGNMENT((#8199));
#8199 = SURFACE_STYLE_USAGE(.BOTH.,#8200);
#8200 = SURFACE_SIDE_STYLE('',(#8201));
#8201 = SURFACE_STYLE_FILL_AREA(#8202);
#8202 = FILL_AREA_STYLE('',(#8203));
#8203 = FILL_AREA_STYLE_COLOUR('',#8068);
#8204 = STYLED_ITEM('color',(#8205),#5217);
#8205 = PRESENTATION_STYLE_ASSIGNMENT((#8206));
#8206 = SURFACE_STYLE_USAGE(.BOTH.,#8207);
#8207 = SURFACE_SIDE_STYLE('',(#8208));
#8208 = SURFACE_STYLE_FILL_AREA(#8209);
#8209 = FILL_AREA_STYLE('',(#8210));
#8210 = FILL_AREA_STYLE_COLOUR('',#8068);
#8211 = STYLED_ITEM('color',(#8212),#5234);
#8212 = PRESENTATION_STYLE_ASSIGNMENT((#8213));
#8213 = SURFACE_STYLE_USAGE(.BOTH.,#8214);
#8214 = SURFACE_SIDE_STYLE('',(#8215));
#8215 = SURFACE_STYLE_FILL_AREA(#8216);
#8216 = FILL_AREA_STYLE('',(#8217));
#8217 = FILL_AREA_STYLE_COLOUR('',#8068);
#8218 = STYLED_ITEM('color',(#8219),#5251);
#8219 = PRESENTATION_STYLE_ASSIGNMENT((#8220));
#8220 = SURFACE_STYLE_USAGE(.BOTH.,#8221);
#8221 = SURFACE_SIDE_STYLE('',(#8222));
#8222 = SURFACE_STYLE_FILL_AREA(#8223);
#8223 = FILL_AREA_STYLE('',(#8224));
#8224 = FILL_AREA_STYLE_COLOUR('',#8068);
#8225 = STYLED_ITEM('color',(#8226),#5268);
#8226 = PRESENTATION_STYLE_ASSIGNMENT((#8227));
#8227 = SURFACE_STYLE_USAGE(.BOTH.,#8228);
#8228 = SURFACE_SIDE_STYLE('',(#8229));
#8229 = SURFACE_STYLE_FILL_AREA(#8230);
#8230 = FILL_AREA_STYLE('',(#8231));
#8231 = FILL_AREA_STYLE_COLOUR('',#8068);
#8232 = STYLED_ITEM('color',(#8233),#5285);
#8233 = PRESENTATION_STYLE_ASSIGNMENT((#8234));
#8234 = SURFACE_STYLE_USAGE(.BOTH.,#8235);
#8235 = SURFACE_SIDE_STYLE('',(#8236));
#8236 = SURFACE_STYLE_FILL_AREA(#8237);
#8237 = FILL_AREA_STYLE('',(#8238));
#8238 = FILL_AREA_STYLE_COLOUR('',#8161);
#8239 = STYLED_ITEM('color',(#8240),#5302);
#8240 = PRESENTATION_STYLE_ASSIGNMENT((#8241));
#8241 = SURFACE_STYLE_USAGE(.BOTH.,#8242);
#8242 = SURFACE_SIDE_STYLE('',(#8243));
#8243 = SURFACE_STYLE_FILL_AREA(#8244);
#8244 = FILL_AREA_STYLE('',(#8245));
#8245 = FILL_AREA_STYLE_COLOUR('',#8161);
#8246 = MECHANICAL_DESIGN_GEOMETRIC_PRESENTATION_REPRESENTATION('',(
    #8247,#8255,#8262,#8269,#8276,#8283,#8290,#8297,#8304,#8311,#8318,
    #8325,#8332,#8339,#8346,#8353,#8360,#8367,#8374,#8381,#8388,#8395,
    #8402,#8410,#8417,#8424,#8431,#8438,#8445,#8452,#8459,#8466,#8473,
    #8480,#8487,#8494,#8501,#8508,#8515,#8522,#8529,#8536,#8543,#8550,
    #8557,#8564,#8571,#8578,#8585,#8592,#8599,#8606,#8613,#8620,#8627,
    #8634,#8641,#8648,#8655,#8662,#8669,#8676,#8683,#8690,#8697,#8704,
    #8711,#8718,#8725,#8732,#8739,#8746,#8753,#8760,#8767,#8774,#8781,
    #8788,#8795,#8802,#8809,#8816,#8823,#8830,#8837,#8844,#8851,#8858,
    #8865,#8872,#8879,#8886,#8893,#8900,#8907,#8914,#8921,#8928,#8935,
    #8942,#8949,#8956,#8963,#8970,#8977,#8984,#8991,#8998,#9005,#9012,
    #9019,#9026,#9033,#9040,#9047,#9054,#9061,#9068,#9075,#9082,#9089,
    #9096,#9103,#9110,#9117,#9124,#9131,#9138,#9145,#9152),#3627);
#8247 = STYLED_ITEM('color',(#8248),#95);
#8248 = PRESENTATION_STYLE_ASSIGNMENT((#8249));
#8249 = SURFACE_STYLE_USAGE(.BOTH.,#8250);
#8250 = SURFACE_SIDE_STYLE('',(#8251));
#8251 = SURFACE_STYLE_FILL_AREA(#8252);
#8252 = FILL_AREA_STYLE('',(#8253));
#8253 = FILL_AREA_STYLE_COLOUR('',#8254);
#8254 = COLOUR_RGB('',0.147999998088,0.144999993226,0.144999993226);
#8255 = STYLED_ITEM('color',(#8256),#135);
#8256 = PRESENTATION_STYLE_ASSIGNMENT((#8257));
#8257 = SURFACE_STYLE_USAGE(.BOTH.,#8258);
#8258 = SURFACE_SIDE_STYLE('',(#8259));
#8259 = SURFACE_STYLE_FILL_AREA(#8260);
#8260 = FILL_AREA_STYLE('',(#8261));
#8261 = FILL_AREA_STYLE_COLOUR('',#8254);
#8262 = STYLED_ITEM('color',(#8263),#166);
#8263 = PRESENTATION_STYLE_ASSIGNMENT((#8264));
#8264 = SURFACE_STYLE_USAGE(.BOTH.,#8265);
#8265 = SURFACE_SIDE_STYLE('',(#8266));
#8266 = SURFACE_STYLE_FILL_AREA(#8267);
#8267 = FILL_AREA_STYLE('',(#8268));
#8268 = FILL_AREA_STYLE_COLOUR('',#8254);
#8269 = STYLED_ITEM('color',(#8270),#197);
#8270 = PRESENTATION_STYLE_ASSIGNMENT((#8271));
#8271 = SURFACE_STYLE_USAGE(.BOTH.,#8272);
#8272 = SURFACE_SIDE_STYLE('',(#8273));
#8273 = SURFACE_STYLE_FILL_AREA(#8274);
#8274 = FILL_AREA_STYLE('',(#8275));
#8275 = FILL_AREA_STYLE_COLOUR('',#8254);
#8276 = STYLED_ITEM('color',(#8277),#546);
#8277 = PRESENTATION_STYLE_ASSIGNMENT((#8278));
#8278 = SURFACE_STYLE_USAGE(.BOTH.,#8279);
#8279 = SURFACE_SIDE_STYLE('',(#8280));
#8280 = SURFACE_STYLE_FILL_AREA(#8281);
#8281 = FILL_AREA_STYLE('',(#8282));
#8282 = FILL_AREA_STYLE_COLOUR('',#8254);
#8283 = STYLED_ITEM('color',(#8284),#895);
#8284 = PRESENTATION_STYLE_ASSIGNMENT((#8285));
#8285 = SURFACE_STYLE_USAGE(.BOTH.,#8286);
#8286 = SURFACE_SIDE_STYLE('',(#8287));
#8287 = SURFACE_STYLE_FILL_AREA(#8288);
#8288 = FILL_AREA_STYLE('',(#8289));
#8289 = FILL_AREA_STYLE_COLOUR('',#8254);
#8290 = STYLED_ITEM('color',(#8291),#912);
#8291 = PRESENTATION_STYLE_ASSIGNMENT((#8292));
#8292 = SURFACE_STYLE_USAGE(.BOTH.,#8293);
#8293 = SURFACE_SIDE_STYLE('',(#8294));
#8294 = SURFACE_STYLE_FILL_AREA(#8295);
#8295 = FILL_AREA_STYLE('',(#8296));
#8296 = FILL_AREA_STYLE_COLOUR('',#8254);
#8297 = STYLED_ITEM('color',(#8298),#929);
#8298 = PRESENTATION_STYLE_ASSIGNMENT((#8299));
#8299 = SURFACE_STYLE_USAGE(.BOTH.,#8300);
#8300 = SURFACE_SIDE_STYLE('',(#8301));
#8301 = SURFACE_STYLE_FILL_AREA(#8302);
#8302 = FILL_AREA_STYLE('',(#8303));
#8303 = FILL_AREA_STYLE_COLOUR('',#8254);
#8304 = STYLED_ITEM('color',(#8305),#946);
#8305 = PRESENTATION_STYLE_ASSIGNMENT((#8306));
#8306 = SURFACE_STYLE_USAGE(.BOTH.,#8307);
#8307 = SURFACE_SIDE_STYLE('',(#8308));
#8308 = SURFACE_STYLE_FILL_AREA(#8309);
#8309 = FILL_AREA_STYLE('',(#8310));
#8310 = FILL_AREA_STYLE_COLOUR('',#8254);
#8311 = STYLED_ITEM('color',(#8312),#963);
#8312 = PRESENTATION_STYLE_ASSIGNMENT((#8313));
#8313 = SURFACE_STYLE_USAGE(.BOTH.,#8314);
#8314 = SURFACE_SIDE_STYLE('',(#8315));
#8315 = SURFACE_STYLE_FILL_AREA(#8316);
#8316 = FILL_AREA_STYLE('',(#8317));
#8317 = FILL_AREA_STYLE_COLOUR('',#8254);
#8318 = STYLED_ITEM('color',(#8319),#980);
#8319 = PRESENTATION_STYLE_ASSIGNMENT((#8320));
#8320 = SURFACE_STYLE_USAGE(.BOTH.,#8321);
#8321 = SURFACE_SIDE_STYLE('',(#8322));
#8322 = SURFACE_STYLE_FILL_AREA(#8323);
#8323 = FILL_AREA_STYLE('',(#8324));
#8324 = FILL_AREA_STYLE_COLOUR('',#8254);
#8325 = STYLED_ITEM('color',(#8326),#997);
#8326 = PRESENTATION_STYLE_ASSIGNMENT((#8327));
#8327 = SURFACE_STYLE_USAGE(.BOTH.,#8328);
#8328 = SURFACE_SIDE_STYLE('',(#8329));
#8329 = SURFACE_STYLE_FILL_AREA(#8330);
#8330 = FILL_AREA_STYLE('',(#8331));
#8331 = FILL_AREA_STYLE_COLOUR('',#8254);
#8332 = STYLED_ITEM('color',(#8333),#1014);
#8333 = PRESENTATION_STYLE_ASSIGNMENT((#8334));
#8334 = SURFACE_STYLE_USAGE(.BOTH.,#8335);
#8335 = SURFACE_SIDE_STYLE('',(#8336));
#8336 = SURFACE_STYLE_FILL_AREA(#8337);
#8337 = FILL_AREA_STYLE('',(#8338));
#8338 = FILL_AREA_STYLE_COLOUR('',#8254);
#8339 = STYLED_ITEM('color',(#8340),#1031);
#8340 = PRESENTATION_STYLE_ASSIGNMENT((#8341));
#8341 = SURFACE_STYLE_USAGE(.BOTH.,#8342);
#8342 = SURFACE_SIDE_STYLE('',(#8343));
#8343 = SURFACE_STYLE_FILL_AREA(#8344);
#8344 = FILL_AREA_STYLE('',(#8345));
#8345 = FILL_AREA_STYLE_COLOUR('',#8254);
#8346 = STYLED_ITEM('color',(#8347),#1048);
#8347 = PRESENTATION_STYLE_ASSIGNMENT((#8348));
#8348 = SURFACE_STYLE_USAGE(.BOTH.,#8349);
#8349 = SURFACE_SIDE_STYLE('',(#8350));
#8350 = SURFACE_STYLE_FILL_AREA(#8351);
#8351 = FILL_AREA_STYLE('',(#8352));
#8352 = FILL_AREA_STYLE_COLOUR('',#8254);
#8353 = STYLED_ITEM('color',(#8354),#1065);
#8354 = PRESENTATION_STYLE_ASSIGNMENT((#8355));
#8355 = SURFACE_STYLE_USAGE(.BOTH.,#8356);
#8356 = SURFACE_SIDE_STYLE('',(#8357));
#8357 = SURFACE_STYLE_FILL_AREA(#8358);
#8358 = FILL_AREA_STYLE('',(#8359));
#8359 = FILL_AREA_STYLE_COLOUR('',#8254);
#8360 = STYLED_ITEM('color',(#8361),#1082);
#8361 = PRESENTATION_STYLE_ASSIGNMENT((#8362));
#8362 = SURFACE_STYLE_USAGE(.BOTH.,#8363);
#8363 = SURFACE_SIDE_STYLE('',(#8364));
#8364 = SURFACE_STYLE_FILL_AREA(#8365);
#8365 = FILL_AREA_STYLE('',(#8366));
#8366 = FILL_AREA_STYLE_COLOUR('',#8254);
#8367 = STYLED_ITEM('color',(#8368),#1099);
#8368 = PRESENTATION_STYLE_ASSIGNMENT((#8369));
#8369 = SURFACE_STYLE_USAGE(.BOTH.,#8370);
#8370 = SURFACE_SIDE_STYLE('',(#8371));
#8371 = SURFACE_STYLE_FILL_AREA(#8372);
#8372 = FILL_AREA_STYLE('',(#8373));
#8373 = FILL_AREA_STYLE_COLOUR('',#8254);
#8374 = STYLED_ITEM('color',(#8375),#1116);
#8375 = PRESENTATION_STYLE_ASSIGNMENT((#8376));
#8376 = SURFACE_STYLE_USAGE(.BOTH.,#8377);
#8377 = SURFACE_SIDE_STYLE('',(#8378));
#8378 = SURFACE_STYLE_FILL_AREA(#8379);
#8379 = FILL_AREA_STYLE('',(#8380));
#8380 = FILL_AREA_STYLE_COLOUR('',#8254);
#8381 = STYLED_ITEM('color',(#8382),#1133);
#8382 = PRESENTATION_STYLE_ASSIGNMENT((#8383));
#8383 = SURFACE_STYLE_USAGE(.BOTH.,#8384);
#8384 = SURFACE_SIDE_STYLE('',(#8385));
#8385 = SURFACE_STYLE_FILL_AREA(#8386);
#8386 = FILL_AREA_STYLE('',(#8387));
#8387 = FILL_AREA_STYLE_COLOUR('',#8254);
#8388 = STYLED_ITEM('color',(#8389),#1150);
#8389 = PRESENTATION_STYLE_ASSIGNMENT((#8390));
#8390 = SURFACE_STYLE_USAGE(.BOTH.,#8391);
#8391 = SURFACE_SIDE_STYLE('',(#8392));
#8392 = SURFACE_STYLE_FILL_AREA(#8393);
#8393 = FILL_AREA_STYLE('',(#8394));
#8394 = FILL_AREA_STYLE_COLOUR('',#8254);
#8395 = STYLED_ITEM('color',(#8396),#1167);
#8396 = PRESENTATION_STYLE_ASSIGNMENT((#8397));
#8397 = SURFACE_STYLE_USAGE(.BOTH.,#8398);
#8398 = SURFACE_SIDE_STYLE('',(#8399));
#8399 = SURFACE_STYLE_FILL_AREA(#8400);
#8400 = FILL_AREA_STYLE('',(#8401));
#8401 = FILL_AREA_STYLE_COLOUR('',#8254);
#8402 = STYLED_ITEM('color',(#8403),#1179);
#8403 = PRESENTATION_STYLE_ASSIGNMENT((#8404));
#8404 = SURFACE_STYLE_USAGE(.BOTH.,#8405);
#8405 = SURFACE_SIDE_STYLE('',(#8406));
#8406 = SURFACE_STYLE_FILL_AREA(#8407);
#8407 = FILL_AREA_STYLE('',(#8408));
#8408 = FILL_AREA_STYLE_COLOUR('',#8409);
#8409 = COLOUR_RGB('',0.859000020776,0.737999965183,0.495999988746);
#8410 = STYLED_ITEM('color',(#8411),#1210);
#8411 = PRESENTATION_STYLE_ASSIGNMENT((#8412));
#8412 = SURFACE_STYLE_USAGE(.BOTH.,#8413);
#8413 = SURFACE_SIDE_STYLE('',(#8414));
#8414 = SURFACE_STYLE_FILL_AREA(#8415);
#8415 = FILL_AREA_STYLE('',(#8416));
#8416 = FILL_AREA_STYLE_COLOUR('',#8409);
#8417 = STYLED_ITEM('color',(#8418),#1234);
#8418 = PRESENTATION_STYLE_ASSIGNMENT((#8419));
#8419 = SURFACE_STYLE_USAGE(.BOTH.,#8420);
#8420 = SURFACE_SIDE_STYLE('',(#8421));
#8421 = SURFACE_STYLE_FILL_AREA(#8422);
#8422 = FILL_AREA_STYLE('',(#8423));
#8423 = FILL_AREA_STYLE_COLOUR('',#8409);
#8424 = STYLED_ITEM('color',(#8425),#1258);
#8425 = PRESENTATION_STYLE_ASSIGNMENT((#8426));
#8426 = SURFACE_STYLE_USAGE(.BOTH.,#8427);
#8427 = SURFACE_SIDE_STYLE('',(#8428));
#8428 = SURFACE_STYLE_FILL_AREA(#8429);
#8429 = FILL_AREA_STYLE('',(#8430));
#8430 = FILL_AREA_STYLE_COLOUR('',#8409);
#8431 = STYLED_ITEM('color',(#8432),#1275);
#8432 = PRESENTATION_STYLE_ASSIGNMENT((#8433));
#8433 = SURFACE_STYLE_USAGE(.BOTH.,#8434);
#8434 = SURFACE_SIDE_STYLE('',(#8435));
#8435 = SURFACE_STYLE_FILL_AREA(#8436);
#8436 = FILL_AREA_STYLE('',(#8437));
#8437 = FILL_AREA_STYLE_COLOUR('',#8409);
#8438 = STYLED_ITEM('color',(#8439),#1306);
#8439 = PRESENTATION_STYLE_ASSIGNMENT((#8440));
#8440 = SURFACE_STYLE_USAGE(.BOTH.,#8441);
#8441 = SURFACE_SIDE_STYLE('',(#8442));
#8442 = SURFACE_STYLE_FILL_AREA(#8443);
#8443 = FILL_AREA_STYLE('',(#8444));
#8444 = FILL_AREA_STYLE_COLOUR('',#8409);
#8445 = STYLED_ITEM('color',(#8446),#1330);
#8446 = PRESENTATION_STYLE_ASSIGNMENT((#8447));
#8447 = SURFACE_STYLE_USAGE(.BOTH.,#8448);
#8448 = SURFACE_SIDE_STYLE('',(#8449));
#8449 = SURFACE_STYLE_FILL_AREA(#8450);
#8450 = FILL_AREA_STYLE('',(#8451));
#8451 = FILL_AREA_STYLE_COLOUR('',#8409);
#8452 = STYLED_ITEM('color',(#8453),#1354);
#8453 = PRESENTATION_STYLE_ASSIGNMENT((#8454));
#8454 = SURFACE_STYLE_USAGE(.BOTH.,#8455);
#8455 = SURFACE_SIDE_STYLE('',(#8456));
#8456 = SURFACE_STYLE_FILL_AREA(#8457);
#8457 = FILL_AREA_STYLE('',(#8458));
#8458 = FILL_AREA_STYLE_COLOUR('',#8409);
#8459 = STYLED_ITEM('color',(#8460),#1371);
#8460 = PRESENTATION_STYLE_ASSIGNMENT((#8461));
#8461 = SURFACE_STYLE_USAGE(.BOTH.,#8462);
#8462 = SURFACE_SIDE_STYLE('',(#8463));
#8463 = SURFACE_STYLE_FILL_AREA(#8464);
#8464 = FILL_AREA_STYLE('',(#8465));
#8465 = FILL_AREA_STYLE_COLOUR('',#8409);
#8466 = STYLED_ITEM('color',(#8467),#1402);
#8467 = PRESENTATION_STYLE_ASSIGNMENT((#8468));
#8468 = SURFACE_STYLE_USAGE(.BOTH.,#8469);
#8469 = SURFACE_SIDE_STYLE('',(#8470));
#8470 = SURFACE_STYLE_FILL_AREA(#8471);
#8471 = FILL_AREA_STYLE('',(#8472));
#8472 = FILL_AREA_STYLE_COLOUR('',#8409);
#8473 = STYLED_ITEM('color',(#8474),#1426);
#8474 = PRESENTATION_STYLE_ASSIGNMENT((#8475));
#8475 = SURFACE_STYLE_USAGE(.BOTH.,#8476);
#8476 = SURFACE_SIDE_STYLE('',(#8477));
#8477 = SURFACE_STYLE_FILL_AREA(#8478);
#8478 = FILL_AREA_STYLE('',(#8479));
#8479 = FILL_AREA_STYLE_COLOUR('',#8409);
#8480 = STYLED_ITEM('color',(#8481),#1450);
#8481 = PRESENTATION_STYLE_ASSIGNMENT((#8482));
#8482 = SURFACE_STYLE_USAGE(.BOTH.,#8483);
#8483 = SURFACE_SIDE_STYLE('',(#8484));
#8484 = SURFACE_STYLE_FILL_AREA(#8485);
#8485 = FILL_AREA_STYLE('',(#8486));
#8486 = FILL_AREA_STYLE_COLOUR('',#8409);
#8487 = STYLED_ITEM('color',(#8488),#1467);
#8488 = PRESENTATION_STYLE_ASSIGNMENT((#8489));
#8489 = SURFACE_STYLE_USAGE(.BOTH.,#8490);
#8490 = SURFACE_SIDE_STYLE('',(#8491));
#8491 = SURFACE_STYLE_FILL_AREA(#8492);
#8492 = FILL_AREA_STYLE('',(#8493));
#8493 = FILL_AREA_STYLE_COLOUR('',#8409);
#8494 = STYLED_ITEM('color',(#8495),#1498);
#8495 = PRESENTATION_STYLE_ASSIGNMENT((#8496));
#8496 = SURFACE_STYLE_USAGE(.BOTH.,#8497);
#8497 = SURFACE_SIDE_STYLE('',(#8498));
#8498 = SURFACE_STYLE_FILL_AREA(#8499);
#8499 = FILL_AREA_STYLE('',(#8500));
#8500 = FILL_AREA_STYLE_COLOUR('',#8409);
#8501 = STYLED_ITEM('color',(#8502),#1522);
#8502 = PRESENTATION_STYLE_ASSIGNMENT((#8503));
#8503 = SURFACE_STYLE_USAGE(.BOTH.,#8504);
#8504 = SURFACE_SIDE_STYLE('',(#8505));
#8505 = SURFACE_STYLE_FILL_AREA(#8506);
#8506 = FILL_AREA_STYLE('',(#8507));
#8507 = FILL_AREA_STYLE_COLOUR('',#8409);
#8508 = STYLED_ITEM('color',(#8509),#1546);
#8509 = PRESENTATION_STYLE_ASSIGNMENT((#8510));
#8510 = SURFACE_STYLE_USAGE(.BOTH.,#8511);
#8511 = SURFACE_SIDE_STYLE('',(#8512));
#8512 = SURFACE_STYLE_FILL_AREA(#8513);
#8513 = FILL_AREA_STYLE('',(#8514));
#8514 = FILL_AREA_STYLE_COLOUR('',#8409);
#8515 = STYLED_ITEM('color',(#8516),#1563);
#8516 = PRESENTATION_STYLE_ASSIGNMENT((#8517));
#8517 = SURFACE_STYLE_USAGE(.BOTH.,#8518);
#8518 = SURFACE_SIDE_STYLE('',(#8519));
#8519 = SURFACE_STYLE_FILL_AREA(#8520);
#8520 = FILL_AREA_STYLE('',(#8521));
#8521 = FILL_AREA_STYLE_COLOUR('',#8409);
#8522 = STYLED_ITEM('color',(#8523),#1594);
#8523 = PRESENTATION_STYLE_ASSIGNMENT((#8524));
#8524 = SURFACE_STYLE_USAGE(.BOTH.,#8525);
#8525 = SURFACE_SIDE_STYLE('',(#8526));
#8526 = SURFACE_STYLE_FILL_AREA(#8527);
#8527 = FILL_AREA_STYLE('',(#8528));
#8528 = FILL_AREA_STYLE_COLOUR('',#8409);
#8529 = STYLED_ITEM('color',(#8530),#1618);
#8530 = PRESENTATION_STYLE_ASSIGNMENT((#8531));
#8531 = SURFACE_STYLE_USAGE(.BOTH.,#8532);
#8532 = SURFACE_SIDE_STYLE('',(#8533));
#8533 = SURFACE_STYLE_FILL_AREA(#8534);
#8534 = FILL_AREA_STYLE('',(#8535));
#8535 = FILL_AREA_STYLE_COLOUR('',#8409);
#8536 = STYLED_ITEM('color',(#8537),#1642);
#8537 = PRESENTATION_STYLE_ASSIGNMENT((#8538));
#8538 = SURFACE_STYLE_USAGE(.BOTH.,#8539);
#8539 = SURFACE_SIDE_STYLE('',(#8540));
#8540 = SURFACE_STYLE_FILL_AREA(#8541);
#8541 = FILL_AREA_STYLE('',(#8542));
#8542 = FILL_AREA_STYLE_COLOUR('',#8409);
#8543 = STYLED_ITEM('color',(#8544),#1659);
#8544 = PRESENTATION_STYLE_ASSIGNMENT((#8545));
#8545 = SURFACE_STYLE_USAGE(.BOTH.,#8546);
#8546 = SURFACE_SIDE_STYLE('',(#8547));
#8547 = SURFACE_STYLE_FILL_AREA(#8548);
#8548 = FILL_AREA_STYLE('',(#8549));
#8549 = FILL_AREA_STYLE_COLOUR('',#8409);
#8550 = STYLED_ITEM('color',(#8551),#1690);
#8551 = PRESENTATION_STYLE_ASSIGNMENT((#8552));
#8552 = SURFACE_STYLE_USAGE(.BOTH.,#8553);
#8553 = SURFACE_SIDE_STYLE('',(#8554));
#8554 = SURFACE_STYLE_FILL_AREA(#8555);
#8555 = FILL_AREA_STYLE('',(#8556));
#8556 = FILL_AREA_STYLE_COLOUR('',#8409);
#8557 = STYLED_ITEM('color',(#8558),#1714);
#8558 = PRESENTATION_STYLE_ASSIGNMENT((#8559));
#8559 = SURFACE_STYLE_USAGE(.BOTH.,#8560);
#8560 = SURFACE_SIDE_STYLE('',(#8561));
#8561 = SURFACE_STYLE_FILL_AREA(#8562);
#8562 = FILL_AREA_STYLE('',(#8563));
#8563 = FILL_AREA_STYLE_COLOUR('',#8409);
#8564 = STYLED_ITEM('color',(#8565),#1738);
#8565 = PRESENTATION_STYLE_ASSIGNMENT((#8566));
#8566 = SURFACE_STYLE_USAGE(.BOTH.,#8567);
#8567 = SURFACE_SIDE_STYLE('',(#8568));
#8568 = SURFACE_STYLE_FILL_AREA(#8569);
#8569 = FILL_AREA_STYLE('',(#8570));
#8570 = FILL_AREA_STYLE_COLOUR('',#8409);
#8571 = STYLED_ITEM('color',(#8572),#1755);
#8572 = PRESENTATION_STYLE_ASSIGNMENT((#8573));
#8573 = SURFACE_STYLE_USAGE(.BOTH.,#8574);
#8574 = SURFACE_SIDE_STYLE('',(#8575));
#8575 = SURFACE_STYLE_FILL_AREA(#8576);
#8576 = FILL_AREA_STYLE('',(#8577));
#8577 = FILL_AREA_STYLE_COLOUR('',#8409);
#8578 = STYLED_ITEM('color',(#8579),#1786);
#8579 = PRESENTATION_STYLE_ASSIGNMENT((#8580));
#8580 = SURFACE_STYLE_USAGE(.BOTH.,#8581);
#8581 = SURFACE_SIDE_STYLE('',(#8582));
#8582 = SURFACE_STYLE_FILL_AREA(#8583);
#8583 = FILL_AREA_STYLE('',(#8584));
#8584 = FILL_AREA_STYLE_COLOUR('',#8409);
#8585 = STYLED_ITEM('color',(#8586),#1810);
#8586 = PRESENTATION_STYLE_ASSIGNMENT((#8587));
#8587 = SURFACE_STYLE_USAGE(.BOTH.,#8588);
#8588 = SURFACE_SIDE_STYLE('',(#8589));
#8589 = SURFACE_STYLE_FILL_AREA(#8590);
#8590 = FILL_AREA_STYLE('',(#8591));
#8591 = FILL_AREA_STYLE_COLOUR('',#8409);
#8592 = STYLED_ITEM('color',(#8593),#1834);
#8593 = PRESENTATION_STYLE_ASSIGNMENT((#8594));
#8594 = SURFACE_STYLE_USAGE(.BOTH.,#8595);
#8595 = SURFACE_SIDE_STYLE('',(#8596));
#8596 = SURFACE_STYLE_FILL_AREA(#8597);
#8597 = FILL_AREA_STYLE('',(#8598));
#8598 = FILL_AREA_STYLE_COLOUR('',#8409);
#8599 = STYLED_ITEM('color',(#8600),#1851);
#8600 = PRESENTATION_STYLE_ASSIGNMENT((#8601));
#8601 = SURFACE_STYLE_USAGE(.BOTH.,#8602);
#8602 = SURFACE_SIDE_STYLE('',(#8603));
#8603 = SURFACE_STYLE_FILL_AREA(#8604);
#8604 = FILL_AREA_STYLE('',(#8605));
#8605 = FILL_AREA_STYLE_COLOUR('',#8409);
#8606 = STYLED_ITEM('color',(#8607),#1882);
#8607 = PRESENTATION_STYLE_ASSIGNMENT((#8608));
#8608 = SURFACE_STYLE_USAGE(.BOTH.,#8609);
#8609 = SURFACE_SIDE_STYLE('',(#8610));
#8610 = SURFACE_STYLE_FILL_AREA(#8611);
#8611 = FILL_AREA_STYLE('',(#8612));
#8612 = FILL_AREA_STYLE_COLOUR('',#8409);
#8613 = STYLED_ITEM('color',(#8614),#1906);
#8614 = PRESENTATION_STYLE_ASSIGNMENT((#8615));
#8615 = SURFACE_STYLE_USAGE(.BOTH.,#8616);
#8616 = SURFACE_SIDE_STYLE('',(#8617));
#8617 = SURFACE_STYLE_FILL_AREA(#8618);
#8618 = FILL_AREA_STYLE('',(#8619));
#8619 = FILL_AREA_STYLE_COLOUR('',#8409);
#8620 = STYLED_ITEM('color',(#8621),#1930);
#8621 = PRESENTATION_STYLE_ASSIGNMENT((#8622));
#8622 = SURFACE_STYLE_USAGE(.BOTH.,#8623);
#8623 = SURFACE_SIDE_STYLE('',(#8624));
#8624 = SURFACE_STYLE_FILL_AREA(#8625);
#8625 = FILL_AREA_STYLE('',(#8626));
#8626 = FILL_AREA_STYLE_COLOUR('',#8409);
#8627 = STYLED_ITEM('color',(#8628),#1947);
#8628 = PRESENTATION_STYLE_ASSIGNMENT((#8629));
#8629 = SURFACE_STYLE_USAGE(.BOTH.,#8630);
#8630 = SURFACE_SIDE_STYLE('',(#8631));
#8631 = SURFACE_STYLE_FILL_AREA(#8632);
#8632 = FILL_AREA_STYLE('',(#8633));
#8633 = FILL_AREA_STYLE_COLOUR('',#8409);
#8634 = STYLED_ITEM('color',(#8635),#1978);
#8635 = PRESENTATION_STYLE_ASSIGNMENT((#8636));
#8636 = SURFACE_STYLE_USAGE(.BOTH.,#8637);
#8637 = SURFACE_SIDE_STYLE('',(#8638));
#8638 = SURFACE_STYLE_FILL_AREA(#8639);
#8639 = FILL_AREA_STYLE('',(#8640));
#8640 = FILL_AREA_STYLE_COLOUR('',#8409);
#8641 = STYLED_ITEM('color',(#8642),#2002);
#8642 = PRESENTATION_STYLE_ASSIGNMENT((#8643));
#8643 = SURFACE_STYLE_USAGE(.BOTH.,#8644);
#8644 = SURFACE_SIDE_STYLE('',(#8645));
#8645 = SURFACE_STYLE_FILL_AREA(#8646);
#8646 = FILL_AREA_STYLE('',(#8647));
#8647 = FILL_AREA_STYLE_COLOUR('',#8409);
#8648 = STYLED_ITEM('color',(#8649),#2026);
#8649 = PRESENTATION_STYLE_ASSIGNMENT((#8650));
#8650 = SURFACE_STYLE_USAGE(.BOTH.,#8651);
#8651 = SURFACE_SIDE_STYLE('',(#8652));
#8652 = SURFACE_STYLE_FILL_AREA(#8653);
#8653 = FILL_AREA_STYLE('',(#8654));
#8654 = FILL_AREA_STYLE_COLOUR('',#8409);
#8655 = STYLED_ITEM('color',(#8656),#2043);
#8656 = PRESENTATION_STYLE_ASSIGNMENT((#8657));
#8657 = SURFACE_STYLE_USAGE(.BOTH.,#8658);
#8658 = SURFACE_SIDE_STYLE('',(#8659));
#8659 = SURFACE_STYLE_FILL_AREA(#8660);
#8660 = FILL_AREA_STYLE('',(#8661));
#8661 = FILL_AREA_STYLE_COLOUR('',#8409);
#8662 = STYLED_ITEM('color',(#8663),#2074);
#8663 = PRESENTATION_STYLE_ASSIGNMENT((#8664));
#8664 = SURFACE_STYLE_USAGE(.BOTH.,#8665);
#8665 = SURFACE_SIDE_STYLE('',(#8666));
#8666 = SURFACE_STYLE_FILL_AREA(#8667);
#8667 = FILL_AREA_STYLE('',(#8668));
#8668 = FILL_AREA_STYLE_COLOUR('',#8409);
#8669 = STYLED_ITEM('color',(#8670),#2098);
#8670 = PRESENTATION_STYLE_ASSIGNMENT((#8671));
#8671 = SURFACE_STYLE_USAGE(.BOTH.,#8672);
#8672 = SURFACE_SIDE_STYLE('',(#8673));
#8673 = SURFACE_STYLE_FILL_AREA(#8674);
#8674 = FILL_AREA_STYLE('',(#8675));
#8675 = FILL_AREA_STYLE_COLOUR('',#8409);
#8676 = STYLED_ITEM('color',(#8677),#2122);
#8677 = PRESENTATION_STYLE_ASSIGNMENT((#8678));
#8678 = SURFACE_STYLE_USAGE(.BOTH.,#8679);
#8679 = SURFACE_SIDE_STYLE('',(#8680));
#8680 = SURFACE_STYLE_FILL_AREA(#8681);
#8681 = FILL_AREA_STYLE('',(#8682));
#8682 = FILL_AREA_STYLE_COLOUR('',#8409);
#8683 = STYLED_ITEM('color',(#8684),#2139);
#8684 = PRESENTATION_STYLE_ASSIGNMENT((#8685));
#8685 = SURFACE_STYLE_USAGE(.BOTH.,#8686);
#8686 = SURFACE_SIDE_STYLE('',(#8687));
#8687 = SURFACE_STYLE_FILL_AREA(#8688);
#8688 = FILL_AREA_STYLE('',(#8689));
#8689 = FILL_AREA_STYLE_COLOUR('',#8409);
#8690 = STYLED_ITEM('color',(#8691),#2170);
#8691 = PRESENTATION_STYLE_ASSIGNMENT((#8692));
#8692 = SURFACE_STYLE_USAGE(.BOTH.,#8693);
#8693 = SURFACE_SIDE_STYLE('',(#8694));
#8694 = SURFACE_STYLE_FILL_AREA(#8695);
#8695 = FILL_AREA_STYLE('',(#8696));
#8696 = FILL_AREA_STYLE_COLOUR('',#8409);
#8697 = STYLED_ITEM('color',(#8698),#2194);
#8698 = PRESENTATION_STYLE_ASSIGNMENT((#8699));
#8699 = SURFACE_STYLE_USAGE(.BOTH.,#8700);
#8700 = SURFACE_SIDE_STYLE('',(#8701));
#8701 = SURFACE_STYLE_FILL_AREA(#8702);
#8702 = FILL_AREA_STYLE('',(#8703));
#8703 = FILL_AREA_STYLE_COLOUR('',#8409);
#8704 = STYLED_ITEM('color',(#8705),#2218);
#8705 = PRESENTATION_STYLE_ASSIGNMENT((#8706));
#8706 = SURFACE_STYLE_USAGE(.BOTH.,#8707);
#8707 = SURFACE_SIDE_STYLE('',(#8708));
#8708 = SURFACE_STYLE_FILL_AREA(#8709);
#8709 = FILL_AREA_STYLE('',(#8710));
#8710 = FILL_AREA_STYLE_COLOUR('',#8409);
#8711 = STYLED_ITEM('color',(#8712),#2235);
#8712 = PRESENTATION_STYLE_ASSIGNMENT((#8713));
#8713 = SURFACE_STYLE_USAGE(.BOTH.,#8714);
#8714 = SURFACE_SIDE_STYLE('',(#8715));
#8715 = SURFACE_STYLE_FILL_AREA(#8716);
#8716 = FILL_AREA_STYLE('',(#8717));
#8717 = FILL_AREA_STYLE_COLOUR('',#8409);
#8718 = STYLED_ITEM('color',(#8719),#2266);
#8719 = PRESENTATION_STYLE_ASSIGNMENT((#8720));
#8720 = SURFACE_STYLE_USAGE(.BOTH.,#8721);
#8721 = SURFACE_SIDE_STYLE('',(#8722));
#8722 = SURFACE_STYLE_FILL_AREA(#8723);
#8723 = FILL_AREA_STYLE('',(#8724));
#8724 = FILL_AREA_STYLE_COLOUR('',#8409);
#8725 = STYLED_ITEM('color',(#8726),#2290);
#8726 = PRESENTATION_STYLE_ASSIGNMENT((#8727));
#8727 = SURFACE_STYLE_USAGE(.BOTH.,#8728);
#8728 = SURFACE_SIDE_STYLE('',(#8729));
#8729 = SURFACE_STYLE_FILL_AREA(#8730);
#8730 = FILL_AREA_STYLE('',(#8731));
#8731 = FILL_AREA_STYLE_COLOUR('',#8409);
#8732 = STYLED_ITEM('color',(#8733),#2314);
#8733 = PRESENTATION_STYLE_ASSIGNMENT((#8734));
#8734 = SURFACE_STYLE_USAGE(.BOTH.,#8735);
#8735 = SURFACE_SIDE_STYLE('',(#8736));
#8736 = SURFACE_STYLE_FILL_AREA(#8737);
#8737 = FILL_AREA_STYLE('',(#8738));
#8738 = FILL_AREA_STYLE_COLOUR('',#8409);
#8739 = STYLED_ITEM('color',(#8740),#2331);
#8740 = PRESENTATION_STYLE_ASSIGNMENT((#8741));
#8741 = SURFACE_STYLE_USAGE(.BOTH.,#8742);
#8742 = SURFACE_SIDE_STYLE('',(#8743));
#8743 = SURFACE_STYLE_FILL_AREA(#8744);
#8744 = FILL_AREA_STYLE('',(#8745));
#8745 = FILL_AREA_STYLE_COLOUR('',#8409);
#8746 = STYLED_ITEM('color',(#8747),#2362);
#8747 = PRESENTATION_STYLE_ASSIGNMENT((#8748));
#8748 = SURFACE_STYLE_USAGE(.BOTH.,#8749);
#8749 = SURFACE_SIDE_STYLE('',(#8750));
#8750 = SURFACE_STYLE_FILL_AREA(#8751);
#8751 = FILL_AREA_STYLE('',(#8752));
#8752 = FILL_AREA_STYLE_COLOUR('',#8409);
#8753 = STYLED_ITEM('color',(#8754),#2386);
#8754 = PRESENTATION_STYLE_ASSIGNMENT((#8755));
#8755 = SURFACE_STYLE_USAGE(.BOTH.,#8756);
#8756 = SURFACE_SIDE_STYLE('',(#8757));
#8757 = SURFACE_STYLE_FILL_AREA(#8758);
#8758 = FILL_AREA_STYLE('',(#8759));
#8759 = FILL_AREA_STYLE_COLOUR('',#8409);
#8760 = STYLED_ITEM('color',(#8761),#2410);
#8761 = PRESENTATION_STYLE_ASSIGNMENT((#8762));
#8762 = SURFACE_STYLE_USAGE(.BOTH.,#8763);
#8763 = SURFACE_SIDE_STYLE('',(#8764));
#8764 = SURFACE_STYLE_FILL_AREA(#8765);
#8765 = FILL_AREA_STYLE('',(#8766));
#8766 = FILL_AREA_STYLE_COLOUR('',#8409);
#8767 = STYLED_ITEM('color',(#8768),#2427);
#8768 = PRESENTATION_STYLE_ASSIGNMENT((#8769));
#8769 = SURFACE_STYLE_USAGE(.BOTH.,#8770);
#8770 = SURFACE_SIDE_STYLE('',(#8771));
#8771 = SURFACE_STYLE_FILL_AREA(#8772);
#8772 = FILL_AREA_STYLE('',(#8773));
#8773 = FILL_AREA_STYLE_COLOUR('',#8409);
#8774 = STYLED_ITEM('color',(#8775),#2458);
#8775 = PRESENTATION_STYLE_ASSIGNMENT((#8776));
#8776 = SURFACE_STYLE_USAGE(.BOTH.,#8777);
#8777 = SURFACE_SIDE_STYLE('',(#8778));
#8778 = SURFACE_STYLE_FILL_AREA(#8779);
#8779 = FILL_AREA_STYLE('',(#8780));
#8780 = FILL_AREA_STYLE_COLOUR('',#8409);
#8781 = STYLED_ITEM('color',(#8782),#2482);
#8782 = PRESENTATION_STYLE_ASSIGNMENT((#8783));
#8783 = SURFACE_STYLE_USAGE(.BOTH.,#8784);
#8784 = SURFACE_SIDE_STYLE('',(#8785));
#8785 = SURFACE_STYLE_FILL_AREA(#8786);
#8786 = FILL_AREA_STYLE('',(#8787));
#8787 = FILL_AREA_STYLE_COLOUR('',#8409);
#8788 = STYLED_ITEM('color',(#8789),#2506);
#8789 = PRESENTATION_STYLE_ASSIGNMENT((#8790));
#8790 = SURFACE_STYLE_USAGE(.BOTH.,#8791);
#8791 = SURFACE_SIDE_STYLE('',(#8792));
#8792 = SURFACE_STYLE_FILL_AREA(#8793);
#8793 = FILL_AREA_STYLE('',(#8794));
#8794 = FILL_AREA_STYLE_COLOUR('',#8409);
#8795 = STYLED_ITEM('color',(#8796),#2523);
#8796 = PRESENTATION_STYLE_ASSIGNMENT((#8797));
#8797 = SURFACE_STYLE_USAGE(.BOTH.,#8798);
#8798 = SURFACE_SIDE_STYLE('',(#8799));
#8799 = SURFACE_STYLE_FILL_AREA(#8800);
#8800 = FILL_AREA_STYLE('',(#8801));
#8801 = FILL_AREA_STYLE_COLOUR('',#8409);
#8802 = STYLED_ITEM('color',(#8803),#2554);
#8803 = PRESENTATION_STYLE_ASSIGNMENT((#8804));
#8804 = SURFACE_STYLE_USAGE(.BOTH.,#8805);
#8805 = SURFACE_SIDE_STYLE('',(#8806));
#8806 = SURFACE_STYLE_FILL_AREA(#8807);
#8807 = FILL_AREA_STYLE('',(#8808));
#8808 = FILL_AREA_STYLE_COLOUR('',#8409);
#8809 = STYLED_ITEM('color',(#8810),#2578);
#8810 = PRESENTATION_STYLE_ASSIGNMENT((#8811));
#8811 = SURFACE_STYLE_USAGE(.BOTH.,#8812);
#8812 = SURFACE_SIDE_STYLE('',(#8813));
#8813 = SURFACE_STYLE_FILL_AREA(#8814);
#8814 = FILL_AREA_STYLE('',(#8815));
#8815 = FILL_AREA_STYLE_COLOUR('',#8409);
#8816 = STYLED_ITEM('color',(#8817),#2602);
#8817 = PRESENTATION_STYLE_ASSIGNMENT((#8818));
#8818 = SURFACE_STYLE_USAGE(.BOTH.,#8819);
#8819 = SURFACE_SIDE_STYLE('',(#8820));
#8820 = SURFACE_STYLE_FILL_AREA(#8821);
#8821 = FILL_AREA_STYLE('',(#8822));
#8822 = FILL_AREA_STYLE_COLOUR('',#8409);
#8823 = STYLED_ITEM('color',(#8824),#2619);
#8824 = PRESENTATION_STYLE_ASSIGNMENT((#8825));
#8825 = SURFACE_STYLE_USAGE(.BOTH.,#8826);
#8826 = SURFACE_SIDE_STYLE('',(#8827));
#8827 = SURFACE_STYLE_FILL_AREA(#8828);
#8828 = FILL_AREA_STYLE('',(#8829));
#8829 = FILL_AREA_STYLE_COLOUR('',#8409);
#8830 = STYLED_ITEM('color',(#8831),#2650);
#8831 = PRESENTATION_STYLE_ASSIGNMENT((#8832));
#8832 = SURFACE_STYLE_USAGE(.BOTH.,#8833);
#8833 = SURFACE_SIDE_STYLE('',(#8834));
#8834 = SURFACE_STYLE_FILL_AREA(#8835);
#8835 = FILL_AREA_STYLE('',(#8836));
#8836 = FILL_AREA_STYLE_COLOUR('',#8409);
#8837 = STYLED_ITEM('color',(#8838),#2674);
#8838 = PRESENTATION_STYLE_ASSIGNMENT((#8839));
#8839 = SURFACE_STYLE_USAGE(.BOTH.,#8840);
#8840 = SURFACE_SIDE_STYLE('',(#8841));
#8841 = SURFACE_STYLE_FILL_AREA(#8842);
#8842 = FILL_AREA_STYLE('',(#8843));
#8843 = FILL_AREA_STYLE_COLOUR('',#8409);
#8844 = STYLED_ITEM('color',(#8845),#2698);
#8845 = PRESENTATION_STYLE_ASSIGNMENT((#8846));
#8846 = SURFACE_STYLE_USAGE(.BOTH.,#8847);
#8847 = SURFACE_SIDE_STYLE('',(#8848));
#8848 = SURFACE_STYLE_FILL_AREA(#8849);
#8849 = FILL_AREA_STYLE('',(#8850));
#8850 = FILL_AREA_STYLE_COLOUR('',#8409);
#8851 = STYLED_ITEM('color',(#8852),#2715);
#8852 = PRESENTATION_STYLE_ASSIGNMENT((#8853));
#8853 = SURFACE_STYLE_USAGE(.BOTH.,#8854);
#8854 = SURFACE_SIDE_STYLE('',(#8855));
#8855 = SURFACE_STYLE_FILL_AREA(#8856);
#8856 = FILL_AREA_STYLE('',(#8857));
#8857 = FILL_AREA_STYLE_COLOUR('',#8409);
#8858 = STYLED_ITEM('color',(#8859),#2746);
#8859 = PRESENTATION_STYLE_ASSIGNMENT((#8860));
#8860 = SURFACE_STYLE_USAGE(.BOTH.,#8861);
#8861 = SURFACE_SIDE_STYLE('',(#8862));
#8862 = SURFACE_STYLE_FILL_AREA(#8863);
#8863 = FILL_AREA_STYLE('',(#8864));
#8864 = FILL_AREA_STYLE_COLOUR('',#8409);
#8865 = STYLED_ITEM('color',(#8866),#2770);
#8866 = PRESENTATION_STYLE_ASSIGNMENT((#8867));
#8867 = SURFACE_STYLE_USAGE(.BOTH.,#8868);
#8868 = SURFACE_SIDE_STYLE('',(#8869));
#8869 = SURFACE_STYLE_FILL_AREA(#8870);
#8870 = FILL_AREA_STYLE('',(#8871));
#8871 = FILL_AREA_STYLE_COLOUR('',#8409);
#8872 = STYLED_ITEM('color',(#8873),#2794);
#8873 = PRESENTATION_STYLE_ASSIGNMENT((#8874));
#8874 = SURFACE_STYLE_USAGE(.BOTH.,#8875);
#8875 = SURFACE_SIDE_STYLE('',(#8876));
#8876 = SURFACE_STYLE_FILL_AREA(#8877);
#8877 = FILL_AREA_STYLE('',(#8878));
#8878 = FILL_AREA_STYLE_COLOUR('',#8409);
#8879 = STYLED_ITEM('color',(#8880),#2811);
#8880 = PRESENTATION_STYLE_ASSIGNMENT((#8881));
#8881 = SURFACE_STYLE_USAGE(.BOTH.,#8882);
#8882 = SURFACE_SIDE_STYLE('',(#8883));
#8883 = SURFACE_STYLE_FILL_AREA(#8884);
#8884 = FILL_AREA_STYLE('',(#8885));
#8885 = FILL_AREA_STYLE_COLOUR('',#8409);
#8886 = STYLED_ITEM('color',(#8887),#2842);
#8887 = PRESENTATION_STYLE_ASSIGNMENT((#8888));
#8888 = SURFACE_STYLE_USAGE(.BOTH.,#8889);
#8889 = SURFACE_SIDE_STYLE('',(#8890));
#8890 = SURFACE_STYLE_FILL_AREA(#8891);
#8891 = FILL_AREA_STYLE('',(#8892));
#8892 = FILL_AREA_STYLE_COLOUR('',#8409);
#8893 = STYLED_ITEM('color',(#8894),#2866);
#8894 = PRESENTATION_STYLE_ASSIGNMENT((#8895));
#8895 = SURFACE_STYLE_USAGE(.BOTH.,#8896);
#8896 = SURFACE_SIDE_STYLE('',(#8897));
#8897 = SURFACE_STYLE_FILL_AREA(#8898);
#8898 = FILL_AREA_STYLE('',(#8899));
#8899 = FILL_AREA_STYLE_COLOUR('',#8409);
#8900 = STYLED_ITEM('color',(#8901),#2890);
#8901 = PRESENTATION_STYLE_ASSIGNMENT((#8902));
#8902 = SURFACE_STYLE_USAGE(.BOTH.,#8903);
#8903 = SURFACE_SIDE_STYLE('',(#8904));
#8904 = SURFACE_STYLE_FILL_AREA(#8905);
#8905 = FILL_AREA_STYLE('',(#8906));
#8906 = FILL_AREA_STYLE_COLOUR('',#8409);
#8907 = STYLED_ITEM('color',(#8908),#2907);
#8908 = PRESENTATION_STYLE_ASSIGNMENT((#8909));
#8909 = SURFACE_STYLE_USAGE(.BOTH.,#8910);
#8910 = SURFACE_SIDE_STYLE('',(#8911));
#8911 = SURFACE_STYLE_FILL_AREA(#8912);
#8912 = FILL_AREA_STYLE('',(#8913));
#8913 = FILL_AREA_STYLE_COLOUR('',#8409);
#8914 = STYLED_ITEM('color',(#8915),#2938);
#8915 = PRESENTATION_STYLE_ASSIGNMENT((#8916));
#8916 = SURFACE_STYLE_USAGE(.BOTH.,#8917);
#8917 = SURFACE_SIDE_STYLE('',(#8918));
#8918 = SURFACE_STYLE_FILL_AREA(#8919);
#8919 = FILL_AREA_STYLE('',(#8920));
#8920 = FILL_AREA_STYLE_COLOUR('',#8409);
#8921 = STYLED_ITEM('color',(#8922),#2962);
#8922 = PRESENTATION_STYLE_ASSIGNMENT((#8923));
#8923 = SURFACE_STYLE_USAGE(.BOTH.,#8924);
#8924 = SURFACE_SIDE_STYLE('',(#8925));
#8925 = SURFACE_STYLE_FILL_AREA(#8926);
#8926 = FILL_AREA_STYLE('',(#8927));
#8927 = FILL_AREA_STYLE_COLOUR('',#8409);
#8928 = STYLED_ITEM('color',(#8929),#2986);
#8929 = PRESENTATION_STYLE_ASSIGNMENT((#8930));
#8930 = SURFACE_STYLE_USAGE(.BOTH.,#8931);
#8931 = SURFACE_SIDE_STYLE('',(#8932));
#8932 = SURFACE_STYLE_FILL_AREA(#8933);
#8933 = FILL_AREA_STYLE('',(#8934));
#8934 = FILL_AREA_STYLE_COLOUR('',#8409);
#8935 = STYLED_ITEM('color',(#8936),#3003);
#8936 = PRESENTATION_STYLE_ASSIGNMENT((#8937));
#8937 = SURFACE_STYLE_USAGE(.BOTH.,#8938);
#8938 = SURFACE_SIDE_STYLE('',(#8939));
#8939 = SURFACE_STYLE_FILL_AREA(#8940);
#8940 = FILL_AREA_STYLE('',(#8941));
#8941 = FILL_AREA_STYLE_COLOUR('',#8409);
#8942 = STYLED_ITEM('color',(#8943),#3034);
#8943 = PRESENTATION_STYLE_ASSIGNMENT((#8944));
#8944 = SURFACE_STYLE_USAGE(.BOTH.,#8945);
#8945 = SURFACE_SIDE_STYLE('',(#8946));
#8946 = SURFACE_STYLE_FILL_AREA(#8947);
#8947 = FILL_AREA_STYLE('',(#8948));
#8948 = FILL_AREA_STYLE_COLOUR('',#8409);
#8949 = STYLED_ITEM('color',(#8950),#3058);
#8950 = PRESENTATION_STYLE_ASSIGNMENT((#8951));
#8951 = SURFACE_STYLE_USAGE(.BOTH.,#8952);
#8952 = SURFACE_SIDE_STYLE('',(#8953));
#8953 = SURFACE_STYLE_FILL_AREA(#8954);
#8954 = FILL_AREA_STYLE('',(#8955));
#8955 = FILL_AREA_STYLE_COLOUR('',#8409);
#8956 = STYLED_ITEM('color',(#8957),#3082);
#8957 = PRESENTATION_STYLE_ASSIGNMENT((#8958));
#8958 = SURFACE_STYLE_USAGE(.BOTH.,#8959);
#8959 = SURFACE_SIDE_STYLE('',(#8960));
#8960 = SURFACE_STYLE_FILL_AREA(#8961);
#8961 = FILL_AREA_STYLE('',(#8962));
#8962 = FILL_AREA_STYLE_COLOUR('',#8409);
#8963 = STYLED_ITEM('color',(#8964),#3099);
#8964 = PRESENTATION_STYLE_ASSIGNMENT((#8965));
#8965 = SURFACE_STYLE_USAGE(.BOTH.,#8966);
#8966 = SURFACE_SIDE_STYLE('',(#8967));
#8967 = SURFACE_STYLE_FILL_AREA(#8968);
#8968 = FILL_AREA_STYLE('',(#8969));
#8969 = FILL_AREA_STYLE_COLOUR('',#8409);
#8970 = STYLED_ITEM('color',(#8971),#3130);
#8971 = PRESENTATION_STYLE_ASSIGNMENT((#8972));
#8972 = SURFACE_STYLE_USAGE(.BOTH.,#8973);
#8973 = SURFACE_SIDE_STYLE('',(#8974));
#8974 = SURFACE_STYLE_FILL_AREA(#8975);
#8975 = FILL_AREA_STYLE('',(#8976));
#8976 = FILL_AREA_STYLE_COLOUR('',#8409);
#8977 = STYLED_ITEM('color',(#8978),#3154);
#8978 = PRESENTATION_STYLE_ASSIGNMENT((#8979));
#8979 = SURFACE_STYLE_USAGE(.BOTH.,#8980);
#8980 = SURFACE_SIDE_STYLE('',(#8981));
#8981 = SURFACE_STYLE_FILL_AREA(#8982);
#8982 = FILL_AREA_STYLE('',(#8983));
#8983 = FILL_AREA_STYLE_COLOUR('',#8409);
#8984 = STYLED_ITEM('color',(#8985),#3178);
#8985 = PRESENTATION_STYLE_ASSIGNMENT((#8986));
#8986 = SURFACE_STYLE_USAGE(.BOTH.,#8987);
#8987 = SURFACE_SIDE_STYLE('',(#8988));
#8988 = SURFACE_STYLE_FILL_AREA(#8989);
#8989 = FILL_AREA_STYLE('',(#8990));
#8990 = FILL_AREA_STYLE_COLOUR('',#8409);
#8991 = STYLED_ITEM('color',(#8992),#3195);
#8992 = PRESENTATION_STYLE_ASSIGNMENT((#8993));
#8993 = SURFACE_STYLE_USAGE(.BOTH.,#8994);
#8994 = SURFACE_SIDE_STYLE('',(#8995));
#8995 = SURFACE_STYLE_FILL_AREA(#8996);
#8996 = FILL_AREA_STYLE('',(#8997));
#8997 = FILL_AREA_STYLE_COLOUR('',#8409);
#8998 = STYLED_ITEM('color',(#8999),#3226);
#8999 = PRESENTATION_STYLE_ASSIGNMENT((#9000));
#9000 = SURFACE_STYLE_USAGE(.BOTH.,#9001);
#9001 = SURFACE_SIDE_STYLE('',(#9002));
#9002 = SURFACE_STYLE_FILL_AREA(#9003);
#9003 = FILL_AREA_STYLE('',(#9004));
#9004 = FILL_AREA_STYLE_COLOUR('',#8409);
#9005 = STYLED_ITEM('color',(#9006),#3250);
#9006 = PRESENTATION_STYLE_ASSIGNMENT((#9007));
#9007 = SURFACE_STYLE_USAGE(.BOTH.,#9008);
#9008 = SURFACE_SIDE_STYLE('',(#9009));
#9009 = SURFACE_STYLE_FILL_AREA(#9010);
#9010 = FILL_AREA_STYLE('',(#9011));
#9011 = FILL_AREA_STYLE_COLOUR('',#8409);
#9012 = STYLED_ITEM('color',(#9013),#3274);
#9013 = PRESENTATION_STYLE_ASSIGNMENT((#9014));
#9014 = SURFACE_STYLE_USAGE(.BOTH.,#9015);
#9015 = SURFACE_SIDE_STYLE('',(#9016));
#9016 = SURFACE_STYLE_FILL_AREA(#9017);
#9017 = FILL_AREA_STYLE('',(#9018));
#9018 = FILL_AREA_STYLE_COLOUR('',#8409);
#9019 = STYLED_ITEM('color',(#9020),#3291);
#9020 = PRESENTATION_STYLE_ASSIGNMENT((#9021));
#9021 = SURFACE_STYLE_USAGE(.BOTH.,#9022);
#9022 = SURFACE_SIDE_STYLE('',(#9023));
#9023 = SURFACE_STYLE_FILL_AREA(#9024);
#9024 = FILL_AREA_STYLE('',(#9025));
#9025 = FILL_AREA_STYLE_COLOUR('',#8409);
#9026 = STYLED_ITEM('color',(#9027),#3322);
#9027 = PRESENTATION_STYLE_ASSIGNMENT((#9028));
#9028 = SURFACE_STYLE_USAGE(.BOTH.,#9029);
#9029 = SURFACE_SIDE_STYLE('',(#9030));
#9030 = SURFACE_STYLE_FILL_AREA(#9031);
#9031 = FILL_AREA_STYLE('',(#9032));
#9032 = FILL_AREA_STYLE_COLOUR('',#8409);
#9033 = STYLED_ITEM('color',(#9034),#3346);
#9034 = PRESENTATION_STYLE_ASSIGNMENT((#9035));
#9035 = SURFACE_STYLE_USAGE(.BOTH.,#9036);
#9036 = SURFACE_SIDE_STYLE('',(#9037));
#9037 = SURFACE_STYLE_FILL_AREA(#9038);
#9038 = FILL_AREA_STYLE('',(#9039));
#9039 = FILL_AREA_STYLE_COLOUR('',#8409);
#9040 = STYLED_ITEM('color',(#9041),#3370);
#9041 = PRESENTATION_STYLE_ASSIGNMENT((#9042));
#9042 = SURFACE_STYLE_USAGE(.BOTH.,#9043);
#9043 = SURFACE_SIDE_STYLE('',(#9044));
#9044 = SURFACE_STYLE_FILL_AREA(#9045);
#9045 = FILL_AREA_STYLE('',(#9046));
#9046 = FILL_AREA_STYLE_COLOUR('',#8409);
#9047 = STYLED_ITEM('color',(#9048),#3387);
#9048 = PRESENTATION_STYLE_ASSIGNMENT((#9049));
#9049 = SURFACE_STYLE_USAGE(.BOTH.,#9050);
#9050 = SURFACE_SIDE_STYLE('',(#9051));
#9051 = SURFACE_STYLE_FILL_AREA(#9052);
#9052 = FILL_AREA_STYLE('',(#9053));
#9053 = FILL_AREA_STYLE_COLOUR('',#8409);
#9054 = STYLED_ITEM('color',(#9055),#3418);
#9055 = PRESENTATION_STYLE_ASSIGNMENT((#9056));
#9056 = SURFACE_STYLE_USAGE(.BOTH.,#9057);
#9057 = SURFACE_SIDE_STYLE('',(#9058));
#9058 = SURFACE_STYLE_FILL_AREA(#9059);
#9059 = FILL_AREA_STYLE('',(#9060));
#9060 = FILL_AREA_STYLE_COLOUR('',#8409);
#9061 = STYLED_ITEM('color',(#9062),#3442);
#9062 = PRESENTATION_STYLE_ASSIGNMENT((#9063));
#9063 = SURFACE_STYLE_USAGE(.BOTH.,#9064);
#9064 = SURFACE_SIDE_STYLE('',(#9065));
#9065 = SURFACE_STYLE_FILL_AREA(#9066);
#9066 = FILL_AREA_STYLE('',(#9067));
#9067 = FILL_AREA_STYLE_COLOUR('',#8409);
#9068 = STYLED_ITEM('color',(#9069),#3466);
#9069 = PRESENTATION_STYLE_ASSIGNMENT((#9070));
#9070 = SURFACE_STYLE_USAGE(.BOTH.,#9071);
#9071 = SURFACE_SIDE_STYLE('',(#9072));
#9072 = SURFACE_STYLE_FILL_AREA(#9073);
#9073 = FILL_AREA_STYLE('',(#9074));
#9074 = FILL_AREA_STYLE_COLOUR('',#8409);
#9075 = STYLED_ITEM('color',(#9076),#3483);
#9076 = PRESENTATION_STYLE_ASSIGNMENT((#9077));
#9077 = SURFACE_STYLE_USAGE(.BOTH.,#9078);
#9078 = SURFACE_SIDE_STYLE('',(#9079));
#9079 = SURFACE_STYLE_FILL_AREA(#9080);
#9080 = FILL_AREA_STYLE('',(#9081));
#9081 = FILL_AREA_STYLE_COLOUR('',#8409);
#9082 = STYLED_ITEM('color',(#9083),#3495);
#9083 = PRESENTATION_STYLE_ASSIGNMENT((#9084));
#9084 = SURFACE_STYLE_USAGE(.BOTH.,#9085);
#9085 = SURFACE_SIDE_STYLE('',(#9086));
#9086 = SURFACE_STYLE_FILL_AREA(#9087);
#9087 = FILL_AREA_STYLE('',(#9088));
#9088 = FILL_AREA_STYLE_COLOUR('',#8409);
#9089 = STYLED_ITEM('color',(#9090),#3507);
#9090 = PRESENTATION_STYLE_ASSIGNMENT((#9091));
#9091 = SURFACE_STYLE_USAGE(.BOTH.,#9092);
#9092 = SURFACE_SIDE_STYLE('',(#9093));
#9093 = SURFACE_STYLE_FILL_AREA(#9094);
#9094 = FILL_AREA_STYLE('',(#9095));
#9095 = FILL_AREA_STYLE_COLOUR('',#8409);
#9096 = STYLED_ITEM('color',(#9097),#3519);
#9097 = PRESENTATION_STYLE_ASSIGNMENT((#9098));
#9098 = SURFACE_STYLE_USAGE(.BOTH.,#9099);
#9099 = SURFACE_SIDE_STYLE('',(#9100));
#9100 = SURFACE_STYLE_FILL_AREA(#9101);
#9101 = FILL_AREA_STYLE('',(#9102));
#9102 = FILL_AREA_STYLE_COLOUR('',#8409);
#9103 = STYLED_ITEM('color',(#9104),#3531);
#9104 = PRESENTATION_STYLE_ASSIGNMENT((#9105));
#9105 = SURFACE_STYLE_USAGE(.BOTH.,#9106);
#9106 = SURFACE_SIDE_STYLE('',(#9107));
#9107 = SURFACE_STYLE_FILL_AREA(#9108);
#9108 = FILL_AREA_STYLE('',(#9109));
#9109 = FILL_AREA_STYLE_COLOUR('',#8409);
#9110 = STYLED_ITEM('color',(#9111),#3543);
#9111 = PRESENTATION_STYLE_ASSIGNMENT((#9112));
#9112 = SURFACE_STYLE_USAGE(.BOTH.,#9113);
#9113 = SURFACE_SIDE_STYLE('',(#9114));
#9114 = SURFACE_STYLE_FILL_AREA(#9115);
#9115 = FILL_AREA_STYLE('',(#9116));
#9116 = FILL_AREA_STYLE_COLOUR('',#8409);
#9117 = STYLED_ITEM('color',(#9118),#3555);
#9118 = PRESENTATION_STYLE_ASSIGNMENT((#9119));
#9119 = SURFACE_STYLE_USAGE(.BOTH.,#9120);
#9120 = SURFACE_SIDE_STYLE('',(#9121));
#9121 = SURFACE_STYLE_FILL_AREA(#9122);
#9122 = FILL_AREA_STYLE('',(#9123));
#9123 = FILL_AREA_STYLE_COLOUR('',#8409);
#9124 = STYLED_ITEM('color',(#9125),#3567);
#9125 = PRESENTATION_STYLE_ASSIGNMENT((#9126));
#9126 = SURFACE_STYLE_USAGE(.BOTH.,#9127);
#9127 = SURFACE_SIDE_STYLE('',(#9128));
#9128 = SURFACE_STYLE_FILL_AREA(#9129);
#9129 = FILL_AREA_STYLE('',(#9130));
#9130 = FILL_AREA_STYLE_COLOUR('',#8409);
#9131 = STYLED_ITEM('color',(#9132),#3579);
#9132 = PRESENTATION_STYLE_ASSIGNMENT((#9133));
#9133 = SURFACE_STYLE_USAGE(.BOTH.,#9134);
#9134 = SURFACE_SIDE_STYLE('',(#9135));
#9135 = SURFACE_STYLE_FILL_AREA(#9136);
#9136 = FILL_AREA_STYLE('',(#9137));
#9137 = FILL_AREA_STYLE_COLOUR('',#8409);
#9138 = STYLED_ITEM('color',(#9139),#3591);
#9139 = PRESENTATION_STYLE_ASSIGNMENT((#9140));
#9140 = SURFACE_STYLE_USAGE(.BOTH.,#9141);
#9141 = SURFACE_SIDE_STYLE('',(#9142));
#9142 = SURFACE_STYLE_FILL_AREA(#9143);
#9143 = FILL_AREA_STYLE('',(#9144));
#9144 = FILL_AREA_STYLE_COLOUR('',#8409);
#9145 = STYLED_ITEM('color',(#9146),#3603);
#9146 = PRESENTATION_STYLE_ASSIGNMENT((#9147));
#9147 = SURFACE_STYLE_USAGE(.BOTH.,#9148);
#9148 = SURFACE_SIDE_STYLE('',(#9149));
#9149 = SURFACE_STYLE_FILL_AREA(#9150);
#9150 = FILL_AREA_STYLE('',(#9151));
#9151 = FILL_AREA_STYLE_COLOUR('',#8409);
#9152 = STYLED_ITEM('color',(#9153),#3615);
#9153 = PRESENTATION_STYLE_ASSIGNMENT((#9154));
#9154 = SURFACE_STYLE_USAGE(.BOTH.,#9155);
#9155 = SURFACE_SIDE_STYLE('',(#9156));
#9156 = SURFACE_STYLE_FILL_AREA(#9157);
#9157 = FILL_AREA_STYLE('',(#9158));
#9158 = FILL_AREA_STYLE_COLOUR('',#8409);
#9159 = MECHANICAL_DESIGN_GEOMETRIC_PRESENTATION_REPRESENTATION('',(
    #9160,#9167,#9174,#9181,#9188,#9195,#9202,#9209,#9216,#9223,#9230,
    #9238,#9245,#9252,#9259,#9266,#9273,#9280,#9287,#9294,#9301,#9308,
    #9315,#9322,#9329,#9336,#9343,#9350),#4500);
#9160 = STYLED_ITEM('color',(#9161),#3648);
#9161 = PRESENTATION_STYLE_ASSIGNMENT((#9162));
#9162 = SURFACE_STYLE_USAGE(.BOTH.,#9163);
#9163 = SURFACE_SIDE_STYLE('',(#9164));
#9164 = SURFACE_STYLE_FILL_AREA(#9165);
#9165 = FILL_AREA_STYLE('',(#9166));
#9166 = FILL_AREA_STYLE_COLOUR('',#8068);
#9167 = STYLED_ITEM('color',(#9168),#3724);
#9168 = PRESENTATION_STYLE_ASSIGNMENT((#9169));
#9169 = SURFACE_STYLE_USAGE(.BOTH.,#9170);
#9170 = SURFACE_SIDE_STYLE('',(#9171));
#9171 = SURFACE_STYLE_FILL_AREA(#9172);
#9172 = FILL_AREA_STYLE('',(#9173));
#9173 = FILL_AREA_STYLE_COLOUR('',#8068);
#9174 = STYLED_ITEM('color',(#9175),#3755);
#9175 = PRESENTATION_STYLE_ASSIGNMENT((#9176));
#9176 = SURFACE_STYLE_USAGE(.BOTH.,#9177);
#9177 = SURFACE_SIDE_STYLE('',(#9178));
#9178 = SURFACE_STYLE_FILL_AREA(#9179);
#9179 = FILL_AREA_STYLE('',(#9180));
#9180 = FILL_AREA_STYLE_COLOUR('',#8068);
#9181 = STYLED_ITEM('color',(#9182),#3780);
#9182 = PRESENTATION_STYLE_ASSIGNMENT((#9183));
#9183 = SURFACE_STYLE_USAGE(.BOTH.,#9184);
#9184 = SURFACE_SIDE_STYLE('',(#9185));
#9185 = SURFACE_STYLE_FILL_AREA(#9186);
#9186 = FILL_AREA_STYLE('',(#9187));
#9187 = FILL_AREA_STYLE_COLOUR('',#8068);
#9188 = STYLED_ITEM('color',(#9189),#3805);
#9189 = PRESENTATION_STYLE_ASSIGNMENT((#9190));
#9190 = SURFACE_STYLE_USAGE(.BOTH.,#9191);
#9191 = SURFACE_SIDE_STYLE('',(#9192));
#9192 = SURFACE_STYLE_FILL_AREA(#9193);
#9193 = FILL_AREA_STYLE('',(#9194));
#9194 = FILL_AREA_STYLE_COLOUR('',#8068);
#9195 = STYLED_ITEM('color',(#9196),#3829);
#9196 = PRESENTATION_STYLE_ASSIGNMENT((#9197));
#9197 = SURFACE_STYLE_USAGE(.BOTH.,#9198);
#9198 = SURFACE_SIDE_STYLE('',(#9199));
#9199 = SURFACE_STYLE_FILL_AREA(#9200);
#9200 = FILL_AREA_STYLE('',(#9201));
#9201 = FILL_AREA_STYLE_COLOUR('',#8068);
#9202 = STYLED_ITEM('color',(#9203),#3853);
#9203 = PRESENTATION_STYLE_ASSIGNMENT((#9204));
#9204 = SURFACE_STYLE_USAGE(.BOTH.,#9205);
#9205 = SURFACE_SIDE_STYLE('',(#9206));
#9206 = SURFACE_STYLE_FILL_AREA(#9207);
#9207 = FILL_AREA_STYLE('',(#9208));
#9208 = FILL_AREA_STYLE_COLOUR('',#8068);
#9209 = STYLED_ITEM('color',(#9210),#3878);
#9210 = PRESENTATION_STYLE_ASSIGNMENT((#9211));
#9211 = SURFACE_STYLE_USAGE(.BOTH.,#9212);
#9212 = SURFACE_SIDE_STYLE('',(#9213));
#9213 = SURFACE_STYLE_FILL_AREA(#9214);
#9214 = FILL_AREA_STYLE('',(#9215));
#9215 = FILL_AREA_STYLE_COLOUR('',#8068);
#9216 = STYLED_ITEM('color',(#9217),#3903);
#9217 = PRESENTATION_STYLE_ASSIGNMENT((#9218));
#9218 = SURFACE_STYLE_USAGE(.BOTH.,#9219);
#9219 = SURFACE_SIDE_STYLE('',(#9220));
#9220 = SURFACE_STYLE_FILL_AREA(#9221);
#9221 = FILL_AREA_STYLE('',(#9222));
#9222 = FILL_AREA_STYLE_COLOUR('',#8068);
#9223 = STYLED_ITEM('color',(#9224),#3920);
#9224 = PRESENTATION_STYLE_ASSIGNMENT((#9225));
#9225 = SURFACE_STYLE_USAGE(.BOTH.,#9226);
#9226 = SURFACE_SIDE_STYLE('',(#9227));
#9227 = SURFACE_STYLE_FILL_AREA(#9228);
#9228 = FILL_AREA_STYLE('',(#9229));
#9229 = FILL_AREA_STYLE_COLOUR('',#8068);
#9230 = STYLED_ITEM('color',(#9231),#4006);
#9231 = PRESENTATION_STYLE_ASSIGNMENT((#9232));
#9232 = SURFACE_STYLE_USAGE(.BOTH.,#9233);
#9233 = SURFACE_SIDE_STYLE('',(#9234));
#9234 = SURFACE_STYLE_FILL_AREA(#9235);
#9235 = FILL_AREA_STYLE('',(#9236));
#9236 = FILL_AREA_STYLE_COLOUR('',#9237);
#9237 = COLOUR_RGB('',0.379000005575,0.270000008848,0.214999999939);
#9238 = STYLED_ITEM('color',(#9239),#4038);
#9239 = PRESENTATION_STYLE_ASSIGNMENT((#9240));
#9240 = SURFACE_STYLE_USAGE(.BOTH.,#9241);
#9241 = SURFACE_SIDE_STYLE('',(#9242));
#9242 = SURFACE_STYLE_FILL_AREA(#9243);
#9243 = FILL_AREA_STYLE('',(#9244));
#9244 = FILL_AREA_STYLE_COLOUR('',#9237);
#9245 = STYLED_ITEM('color',(#9246),#4062);
#9246 = PRESENTATION_STYLE_ASSIGNMENT((#9247));
#9247 = SURFACE_STYLE_USAGE(.BOTH.,#9248);
#9248 = SURFACE_SIDE_STYLE('',(#9249));
#9249 = SURFACE_STYLE_FILL_AREA(#9250);
#9250 = FILL_AREA_STYLE('',(#9251));
#9251 = FILL_AREA_STYLE_COLOUR('',#9237);
#9252 = STYLED_ITEM('color',(#9253),#4087);
#9253 = PRESENTATION_STYLE_ASSIGNMENT((#9254));
#9254 = SURFACE_STYLE_USAGE(.BOTH.,#9255);
#9255 = SURFACE_SIDE_STYLE('',(#9256));
#9256 = SURFACE_STYLE_FILL_AREA(#9257);
#9257 = FILL_AREA_STYLE('',(#9258));
#9258 = FILL_AREA_STYLE_COLOUR('',#9237);
#9259 = STYLED_ITEM('color',(#9260),#4111);
#9260 = PRESENTATION_STYLE_ASSIGNMENT((#9261));
#9261 = SURFACE_STYLE_USAGE(.BOTH.,#9262);
#9262 = SURFACE_SIDE_STYLE('',(#9263));
#9263 = SURFACE_STYLE_FILL_AREA(#9264);
#9264 = FILL_AREA_STYLE('',(#9265));
#9265 = FILL_AREA_STYLE_COLOUR('',#9237);
#9266 = STYLED_ITEM('color',(#9267),#4136);
#9267 = PRESENTATION_STYLE_ASSIGNMENT((#9268));
#9268 = SURFACE_STYLE_USAGE(.BOTH.,#9269);
#9269 = SURFACE_SIDE_STYLE('',(#9270));
#9270 = SURFACE_STYLE_FILL_AREA(#9271);
#9271 = FILL_AREA_STYLE('',(#9272));
#9272 = FILL_AREA_STYLE_COLOUR('',#9237);
#9273 = STYLED_ITEM('color',(#9274),#4160);
#9274 = PRESENTATION_STYLE_ASSIGNMENT((#9275));
#9275 = SURFACE_STYLE_USAGE(.BOTH.,#9276);
#9276 = SURFACE_SIDE_STYLE('',(#9277));
#9277 = SURFACE_STYLE_FILL_AREA(#9278);
#9278 = FILL_AREA_STYLE('',(#9279));
#9279 = FILL_AREA_STYLE_COLOUR('',#9237);
#9280 = STYLED_ITEM('color',(#9281),#4185);
#9281 = PRESENTATION_STYLE_ASSIGNMENT((#9282));
#9282 = SURFACE_STYLE_USAGE(.BOTH.,#9283);
#9283 = SURFACE_SIDE_STYLE('',(#9284));
#9284 = SURFACE_STYLE_FILL_AREA(#9285);
#9285 = FILL_AREA_STYLE('',(#9286));
#9286 = FILL_AREA_STYLE_COLOUR('',#9237);
#9287 = STYLED_ITEM('color',(#9288),#4202);
#9288 = PRESENTATION_STYLE_ASSIGNMENT((#9289));
#9289 = SURFACE_STYLE_USAGE(.BOTH.,#9290);
#9290 = SURFACE_SIDE_STYLE('',(#9291));
#9291 = SURFACE_STYLE_FILL_AREA(#9292);
#9292 = FILL_AREA_STYLE('',(#9293));
#9293 = FILL_AREA_STYLE_COLOUR('',#8068);
#9294 = STYLED_ITEM('color',(#9295),#4288);
#9295 = PRESENTATION_STYLE_ASSIGNMENT((#9296));
#9296 = SURFACE_STYLE_USAGE(.BOTH.,#9297);
#9297 = SURFACE_SIDE_STYLE('',(#9298));
#9298 = SURFACE_STYLE_FILL_AREA(#9299);
#9299 = FILL_AREA_STYLE('',(#9300));
#9300 = FILL_AREA_STYLE_COLOUR('',#8068);
#9301 = STYLED_ITEM('color',(#9302),#4319);
#9302 = PRESENTATION_STYLE_ASSIGNMENT((#9303));
#9303 = SURFACE_STYLE_USAGE(.BOTH.,#9304);
#9304 = SURFACE_SIDE_STYLE('',(#9305));
#9305 = SURFACE_STYLE_FILL_AREA(#9306);
#9306 = FILL_AREA_STYLE('',(#9307));
#9307 = FILL_AREA_STYLE_COLOUR('',#8068);
#9308 = STYLED_ITEM('color',(#9309),#4344);
#9309 = PRESENTATION_STYLE_ASSIGNMENT((#9310));
#9310 = SURFACE_STYLE_USAGE(.BOTH.,#9311);
#9311 = SURFACE_SIDE_STYLE('',(#9312));
#9312 = SURFACE_STYLE_FILL_AREA(#9313);
#9313 = FILL_AREA_STYLE('',(#9314));
#9314 = FILL_AREA_STYLE_COLOUR('',#8068);
#9315 = STYLED_ITEM('color',(#9316),#4369);
#9316 = PRESENTATION_STYLE_ASSIGNMENT((#9317));
#9317 = SURFACE_STYLE_USAGE(.BOTH.,#9318);
#9318 = SURFACE_SIDE_STYLE('',(#9319));
#9319 = SURFACE_STYLE_FILL_AREA(#9320);
#9320 = FILL_AREA_STYLE('',(#9321));
#9321 = FILL_AREA_STYLE_COLOUR('',#8068);
#9322 = STYLED_ITEM('color',(#9323),#4393);
#9323 = PRESENTATION_STYLE_ASSIGNMENT((#9324));
#9324 = SURFACE_STYLE_USAGE(.BOTH.,#9325);
#9325 = SURFACE_SIDE_STYLE('',(#9326));
#9326 = SURFACE_STYLE_FILL_AREA(#9327);
#9327 = FILL_AREA_STYLE('',(#9328));
#9328 = FILL_AREA_STYLE_COLOUR('',#8068);
#9329 = STYLED_ITEM('color',(#9330),#4417);
#9330 = PRESENTATION_STYLE_ASSIGNMENT((#9331));
#9331 = SURFACE_STYLE_USAGE(.BOTH.,#9332);
#9332 = SURFACE_SIDE_STYLE('',(#9333));
#9333 = SURFACE_STYLE_FILL_AREA(#9334);
#9334 = FILL_AREA_STYLE('',(#9335));
#9335 = FILL_AREA_STYLE_COLOUR('',#8068);
#9336 = STYLED_ITEM('color',(#9337),#4442);
#9337 = PRESENTATION_STYLE_ASSIGNMENT((#9338));
#9338 = SURFACE_STYLE_USAGE(.BOTH.,#9339);
#9339 = SURFACE_SIDE_STYLE('',(#9340));
#9340 = SURFACE_STYLE_FILL_AREA(#9341);
#9341 = FILL_AREA_STYLE('',(#9342));
#9342 = FILL_AREA_STYLE_COLOUR('',#8068);
#9343 = STYLED_ITEM('color',(#9344),#4467);
#9344 = PRESENTATION_STYLE_ASSIGNMENT((#9345));
#9345 = SURFACE_STYLE_USAGE(.BOTH.,#9346);
#9346 = SURFACE_SIDE_STYLE('',(#9347));
#9347 = SURFACE_STYLE_FILL_AREA(#9348);
#9348 = FILL_AREA_STYLE('',(#9349));
#9349 = FILL_AREA_STYLE_COLOUR('',#8068);
#9350 = STYLED_ITEM('color',(#9351),#4484);
#9351 = PRESENTATION_STYLE_ASSIGNMENT((#9352));
#9352 = SURFACE_STYLE_USAGE(.BOTH.,#9353);
#9353 = SURFACE_SIDE_STYLE('',(#9354));
#9354 = SURFACE_STYLE_FILL_AREA(#9355);
#9355 = FILL_AREA_STYLE('',(#9356));
#9356 = FILL_AREA_STYLE_COLOUR('',#8068);
#9357 = MECHANICAL_DESIGN_GEOMETRIC_PRESENTATION_REPRESENTATION('',(
    #9358),#8049);
#9358 = STYLED_ITEM('color',(#9359),#7431);
#9359 = PRESENTATION_STYLE_ASSIGNMENT((#9360));
#9360 = SURFACE_STYLE_USAGE(.BOTH.,#9361);
#9361 = SURFACE_SIDE_STYLE('',(#9362));
#9362 = SURFACE_STYLE_FILL_AREA(#9363);
#9363 = FILL_AREA_STYLE('',(#9364));
#9364 = FILL_AREA_STYLE_COLOUR('',#9365);
#9365 = COLOUR_RGB('',0.277846546019,0.436627062838,0.370214030736);
#9366 = MECHANICAL_DESIGN_GEOMETRIC_PRESENTATION_REPRESENTATION('',(
    #9367,#9374,#9381,#9388,#9395,#9402,#9409,#9416,#9423,#9430,#9437,
    #9445,#9452,#9459,#9466,#9473,#9480,#9487,#9494,#9501,#9508,#9515,
    #9522,#9529,#9536,#9543,#9550,#9557),#6192);
#9367 = STYLED_ITEM('color',(#9368),#5340);
#9368 = PRESENTATION_STYLE_ASSIGNMENT((#9369));
#9369 = SURFACE_STYLE_USAGE(.BOTH.,#9370);
#9370 = SURFACE_SIDE_STYLE('',(#9371));
#9371 = SURFACE_STYLE_FILL_AREA(#9372);
#9372 = FILL_AREA_STYLE('',(#9373));
#9373 = FILL_AREA_STYLE_COLOUR('',#8068);
#9374 = STYLED_ITEM('color',(#9375),#5416);
#9375 = PRESENTATION_STYLE_ASSIGNMENT((#9376));
#9376 = SURFACE_STYLE_USAGE(.BOTH.,#9377);
#9377 = SURFACE_SIDE_STYLE('',(#9378));
#9378 = SURFACE_STYLE_FILL_AREA(#9379);
#9379 = FILL_AREA_STYLE('',(#9380));
#9380 = FILL_AREA_STYLE_COLOUR('',#8068);
#9381 = STYLED_ITEM('color',(#9382),#5447);
#9382 = PRESENTATION_STYLE_ASSIGNMENT((#9383));
#9383 = SURFACE_STYLE_USAGE(.BOTH.,#9384);
#9384 = SURFACE_SIDE_STYLE('',(#9385));
#9385 = SURFACE_STYLE_FILL_AREA(#9386);
#9386 = FILL_AREA_STYLE('',(#9387));
#9387 = FILL_AREA_STYLE_COLOUR('',#8068);
#9388 = STYLED_ITEM('color',(#9389),#5472);
#9389 = PRESENTATION_STYLE_ASSIGNMENT((#9390));
#9390 = SURFACE_STYLE_USAGE(.BOTH.,#9391);
#9391 = SURFACE_SIDE_STYLE('',(#9392));
#9392 = SURFACE_STYLE_FILL_AREA(#9393);
#9393 = FILL_AREA_STYLE('',(#9394));
#9394 = FILL_AREA_STYLE_COLOUR('',#8068);
#9395 = STYLED_ITEM('color',(#9396),#5497);
#9396 = PRESENTATION_STYLE_ASSIGNMENT((#9397));
#9397 = SURFACE_STYLE_USAGE(.BOTH.,#9398);
#9398 = SURFACE_SIDE_STYLE('',(#9399));
#9399 = SURFACE_STYLE_FILL_AREA(#9400);
#9400 = FILL_AREA_STYLE('',(#9401));
#9401 = FILL_AREA_STYLE_COLOUR('',#8068);
#9402 = STYLED_ITEM('color',(#9403),#5521);
#9403 = PRESENTATION_STYLE_ASSIGNMENT((#9404));
#9404 = SURFACE_STYLE_USAGE(.BOTH.,#9405);
#9405 = SURFACE_SIDE_STYLE('',(#9406));
#9406 = SURFACE_STYLE_FILL_AREA(#9407);
#9407 = FILL_AREA_STYLE('',(#9408));
#9408 = FILL_AREA_STYLE_COLOUR('',#8068);
#9409 = STYLED_ITEM('color',(#9410),#5545);
#9410 = PRESENTATION_STYLE_ASSIGNMENT((#9411));
#9411 = SURFACE_STYLE_USAGE(.BOTH.,#9412);
#9412 = SURFACE_SIDE_STYLE('',(#9413));
#9413 = SURFACE_STYLE_FILL_AREA(#9414);
#9414 = FILL_AREA_STYLE('',(#9415));
#9415 = FILL_AREA_STYLE_COLOUR('',#8068);
#9416 = STYLED_ITEM('color',(#9417),#5570);
#9417 = PRESENTATION_STYLE_ASSIGNMENT((#9418));
#9418 = SURFACE_STYLE_USAGE(.BOTH.,#9419);
#9419 = SURFACE_SIDE_STYLE('',(#9420));
#9420 = SURFACE_STYLE_FILL_AREA(#9421);
#9421 = FILL_AREA_STYLE('',(#9422));
#9422 = FILL_AREA_STYLE_COLOUR('',#8068);
#9423 = STYLED_ITEM('color',(#9424),#5595);
#9424 = PRESENTATION_STYLE_ASSIGNMENT((#9425));
#9425 = SURFACE_STYLE_USAGE(.BOTH.,#9426);
#9426 = SURFACE_SIDE_STYLE('',(#9427));
#9427 = SURFACE_STYLE_FILL_AREA(#9428);
#9428 = FILL_AREA_STYLE('',(#9429));
#9429 = FILL_AREA_STYLE_COLOUR('',#8068);
#9430 = STYLED_ITEM('color',(#9431),#5612);
#9431 = PRESENTATION_STYLE_ASSIGNMENT((#9432));
#9432 = SURFACE_STYLE_USAGE(.BOTH.,#9433);
#9433 = SURFACE_SIDE_STYLE('',(#9434));
#9434 = SURFACE_STYLE_FILL_AREA(#9435);
#9435 = FILL_AREA_STYLE('',(#9436));
#9436 = FILL_AREA_STYLE_COLOUR('',#8068);
#9437 = STYLED_ITEM('color',(#9438),#5698);
#9438 = PRESENTATION_STYLE_ASSIGNMENT((#9439));
#9439 = SURFACE_STYLE_USAGE(.BOTH.,#9440);
#9440 = SURFACE_SIDE_STYLE('',(#9441));
#9441 = SURFACE_STYLE_FILL_AREA(#9442);
#9442 = FILL_AREA_STYLE('',(#9443));
#9443 = FILL_AREA_STYLE_COLOUR('',#9444);
#9444 = COLOUR_RGB('',0.272999999305,0.272999999305,0.272999999305);
#9445 = STYLED_ITEM('color',(#9446),#5730);
#9446 = PRESENTATION_STYLE_ASSIGNMENT((#9447));
#9447 = SURFACE_STYLE_USAGE(.BOTH.,#9448);
#9448 = SURFACE_SIDE_STYLE('',(#9449));
#9449 = SURFACE_STYLE_FILL_AREA(#9450);
#9450 = FILL_AREA_STYLE('',(#9451));
#9451 = FILL_AREA_STYLE_COLOUR('',#9444);
#9452 = STYLED_ITEM('color',(#9453),#5754);
#9453 = PRESENTATION_STYLE_ASSIGNMENT((#9454));
#9454 = SURFACE_STYLE_USAGE(.BOTH.,#9455);
#9455 = SURFACE_SIDE_STYLE('',(#9456));
#9456 = SURFACE_STYLE_FILL_AREA(#9457);
#9457 = FILL_AREA_STYLE('',(#9458));
#9458 = FILL_AREA_STYLE_COLOUR('',#9444);
#9459 = STYLED_ITEM('color',(#9460),#5779);
#9460 = PRESENTATION_STYLE_ASSIGNMENT((#9461));
#9461 = SURFACE_STYLE_USAGE(.BOTH.,#9462);
#9462 = SURFACE_SIDE_STYLE('',(#9463));
#9463 = SURFACE_STYLE_FILL_AREA(#9464);
#9464 = FILL_AREA_STYLE('',(#9465));
#9465 = FILL_AREA_STYLE_COLOUR('',#9444);
#9466 = STYLED_ITEM('color',(#9467),#5803);
#9467 = PRESENTATION_STYLE_ASSIGNMENT((#9468));
#9468 = SURFACE_STYLE_USAGE(.BOTH.,#9469);
#9469 = SURFACE_SIDE_STYLE('',(#9470));
#9470 = SURFACE_STYLE_FILL_AREA(#9471);
#9471 = FILL_AREA_STYLE('',(#9472));
#9472 = FILL_AREA_STYLE_COLOUR('',#9444);
#9473 = STYLED_ITEM('color',(#9474),#5828);
#9474 = PRESENTATION_STYLE_ASSIGNMENT((#9475));
#9475 = SURFACE_STYLE_USAGE(.BOTH.,#9476);
#9476 = SURFACE_SIDE_STYLE('',(#9477));
#9477 = SURFACE_STYLE_FILL_AREA(#9478);
#9478 = FILL_AREA_STYLE('',(#9479));
#9479 = FILL_AREA_STYLE_COLOUR('',#9444);
#9480 = STYLED_ITEM('color',(#9481),#5852);
#9481 = PRESENTATION_STYLE_ASSIGNMENT((#9482));
#9482 = SURFACE_STYLE_USAGE(.BOTH.,#9483);
#9483 = SURFACE_SIDE_STYLE('',(#9484));
#9484 = SURFACE_STYLE_FILL_AREA(#9485);
#9485 = FILL_AREA_STYLE('',(#9486));
#9486 = FILL_AREA_STYLE_COLOUR('',#9444);
#9487 = STYLED_ITEM('color',(#9488),#5877);
#9488 = PRESENTATION_STYLE_ASSIGNMENT((#9489));
#9489 = SURFACE_STYLE_USAGE(.BOTH.,#9490);
#9490 = SURFACE_SIDE_STYLE('',(#9491));
#9491 = SURFACE_STYLE_FILL_AREA(#9492);
#9492 = FILL_AREA_STYLE('',(#9493));
#9493 = FILL_AREA_STYLE_COLOUR('',#9444);
#9494 = STYLED_ITEM('color',(#9495),#5894);
#9495 = PRESENTATION_STYLE_ASSIGNMENT((#9496));
#9496 = SURFACE_STYLE_USAGE(.BOTH.,#9497);
#9497 = SURFACE_SIDE_STYLE('',(#9498));
#9498 = SURFACE_STYLE_FILL_AREA(#9499);
#9499 = FILL_AREA_STYLE('',(#9500));
#9500 = FILL_AREA_STYLE_COLOUR('',#8068);
#9501 = STYLED_ITEM('color',(#9502),#5980);
#9502 = PRESENTATION_STYLE_ASSIGNMENT((#9503));
#9503 = SURFACE_STYLE_USAGE(.BOTH.,#9504);
#9504 = SURFACE_SIDE_STYLE('',(#9505));
#9505 = SURFACE_STYLE_FILL_AREA(#9506);
#9506 = FILL_AREA_STYLE('',(#9507));
#9507 = FILL_AREA_STYLE_COLOUR('',#8068);
#9508 = STYLED_ITEM('color',(#9509),#6011);
#9509 = PRESENTATION_STYLE_ASSIGNMENT((#9510));
#9510 = SURFACE_STYLE_USAGE(.BOTH.,#9511);
#9511 = SURFACE_SIDE_STYLE('',(#9512));
#9512 = SURFACE_STYLE_FILL_AREA(#9513);
#9513 = FILL_AREA_STYLE('',(#9514));
#9514 = FILL_AREA_STYLE_COLOUR('',#8068);
#9515 = STYLED_ITEM('color',(#9516),#6036);
#9516 = PRESENTATION_STYLE_ASSIGNMENT((#9517));
#9517 = SURFACE_STYLE_USAGE(.BOTH.,#9518);
#9518 = SURFACE_SIDE_STYLE('',(#9519));
#9519 = SURFACE_STYLE_FILL_AREA(#9520);
#9520 = FILL_AREA_STYLE('',(#9521));
#9521 = FILL_AREA_STYLE_COLOUR('',#8068);
#9522 = STYLED_ITEM('color',(#9523),#6061);
#9523 = PRESENTATION_STYLE_ASSIGNMENT((#9524));
#9524 = SURFACE_STYLE_USAGE(.BOTH.,#9525);
#9525 = SURFACE_SIDE_STYLE('',(#9526));
#9526 = SURFACE_STYLE_FILL_AREA(#9527);
#9527 = FILL_AREA_STYLE('',(#9528));
#9528 = FILL_AREA_STYLE_COLOUR('',#8068);
#9529 = STYLED_ITEM('color',(#9530),#6085);
#9530 = PRESENTATION_STYLE_ASSIGNMENT((#9531));
#9531 = SURFACE_STYLE_USAGE(.BOTH.,#9532);
#9532 = SURFACE_SIDE_STYLE('',(#9533));
#9533 = SURFACE_STYLE_FILL_AREA(#9534);
#9534 = FILL_AREA_STYLE('',(#9535));
#9535 = FILL_AREA_STYLE_COLOUR('',#8068);
#9536 = STYLED_ITEM('color',(#9537),#6109);
#9537 = PRESENTATION_STYLE_ASSIGNMENT((#9538));
#9538 = SURFACE_STYLE_USAGE(.BOTH.,#9539);
#9539 = SURFACE_SIDE_STYLE('',(#9540));
#9540 = SURFACE_STYLE_FILL_AREA(#9541);
#9541 = FILL_AREA_STYLE('',(#9542));
#9542 = FILL_AREA_STYLE_COLOUR('',#8068);
#9543 = STYLED_ITEM('color',(#9544),#6134);
#9544 = PRESENTATION_STYLE_ASSIGNMENT((#9545));
#9545 = SURFACE_STYLE_USAGE(.BOTH.,#9546);
#9546 = SURFACE_SIDE_STYLE('',(#9547));
#9547 = SURFACE_STYLE_FILL_AREA(#9548);
#9548 = FILL_AREA_STYLE('',(#9549));
#9549 = FILL_AREA_STYLE_COLOUR('',#8068);
#9550 = STYLED_ITEM('color',(#9551),#6159);
#9551 = PRESENTATION_STYLE_ASSIGNMENT((#9552));
#9552 = SURFACE_STYLE_USAGE(.BOTH.,#9553);
#9553 = SURFACE_SIDE_STYLE('',(#9554));
#9554 = SURFACE_STYLE_FILL_AREA(#9555);
#9555 = FILL_AREA_STYLE('',(#9556));
#9556 = FILL_AREA_STYLE_COLOUR('',#8068);
#9557 = STYLED_ITEM('color',(#9558),#6176);
#9558 = PRESENTATION_STYLE_ASSIGNMENT((#9559));
#9559 = SURFACE_STYLE_USAGE(.BOTH.,#9560);
#9560 = SURFACE_SIDE_STYLE('',(#9561));
#9561 = SURFACE_STYLE_FILL_AREA(#9562);
#9562 = FILL_AREA_STYLE('',(#9563));
#9563 = FILL_AREA_STYLE_COLOUR('',#8068);
#9564 = MECHANICAL_DESIGN_GEOMETRIC_PRESENTATION_REPRESENTATION('',(
    #9565,#9573,#9580,#9587,#9595,#9602,#9609,#9616,#9623,#9630,#9637,
    #9644,#9651),#7407);
#9565 = STYLED_ITEM('color',(#9566),#7116);
#9566 = PRESENTATION_STYLE_ASSIGNMENT((#9567));
#9567 = SURFACE_STYLE_USAGE(.BOTH.,#9568);
#9568 = SURFACE_SIDE_STYLE('',(#9569));
#9569 = SURFACE_STYLE_FILL_AREA(#9570);
#9570 = FILL_AREA_STYLE('',(#9571));
#9571 = FILL_AREA_STYLE_COLOUR('',#9572);
#9572 = DRAUGHTING_PRE_DEFINED_COLOUR('blue');
#9573 = STYLED_ITEM('color',(#9574),#7149);
#9574 = PRESENTATION_STYLE_ASSIGNMENT((#9575));
#9575 = SURFACE_STYLE_USAGE(.BOTH.,#9576);
#9576 = SURFACE_SIDE_STYLE('',(#9577));
#9577 = SURFACE_STYLE_FILL_AREA(#9578);
#9578 = FILL_AREA_STYLE('',(#9579));
#9579 = FILL_AREA_STYLE_COLOUR('',#9572);
#9580 = STYLED_ITEM('color',(#9581),#7169);
#9581 = PRESENTATION_STYLE_ASSIGNMENT((#9582));
#9582 = SURFACE_STYLE_USAGE(.BOTH.,#9583);
#9583 = SURFACE_SIDE_STYLE('',(#9584));
#9584 = SURFACE_STYLE_FILL_AREA(#9585);
#9585 = FILL_AREA_STYLE('',(#9586));
#9586 = FILL_AREA_STYLE_COLOUR('',#9572);
#9587 = STYLED_ITEM('color',(#9588),#7189);
#9588 = PRESENTATION_STYLE_ASSIGNMENT((#9589));
#9589 = SURFACE_STYLE_USAGE(.BOTH.,#9590);
#9590 = SURFACE_SIDE_STYLE('',(#9591));
#9591 = SURFACE_STYLE_FILL_AREA(#9592);
#9592 = FILL_AREA_STYLE('',(#9593));
#9593 = FILL_AREA_STYLE_COLOUR('',#9594);
#9594 = COLOUR_RGB('',0.699999984889,9.999999991362E-02,
  5.000000142576E-02);
#9595 = STYLED_ITEM('color',(#9596),#7214);
#9596 = PRESENTATION_STYLE_ASSIGNMENT((#9597));
#9597 = SURFACE_STYLE_USAGE(.BOTH.,#9598);
#9598 = SURFACE_SIDE_STYLE('',(#9599));
#9599 = SURFACE_STYLE_FILL_AREA(#9600);
#9600 = FILL_AREA_STYLE('',(#9601));
#9601 = FILL_AREA_STYLE_COLOUR('',#9594);
#9602 = STYLED_ITEM('color',(#9603),#7239);
#9603 = PRESENTATION_STYLE_ASSIGNMENT((#9604));
#9604 = SURFACE_STYLE_USAGE(.BOTH.,#9605);
#9605 = SURFACE_SIDE_STYLE('',(#9606));
#9606 = SURFACE_STYLE_FILL_AREA(#9607);
#9607 = FILL_AREA_STYLE('',(#9608));
#9608 = FILL_AREA_STYLE_COLOUR('',#8068);
#9609 = STYLED_ITEM('color',(#9610),#7259);
#9610 = PRESENTATION_STYLE_ASSIGNMENT((#9611));
#9611 = SURFACE_STYLE_USAGE(.BOTH.,#9612);
#9612 = SURFACE_SIDE_STYLE('',(#9613));
#9613 = SURFACE_STYLE_FILL_AREA(#9614);
#9614 = FILL_AREA_STYLE('',(#9615));
#9615 = FILL_AREA_STYLE_COLOUR('',#8068);
#9616 = STYLED_ITEM('color',(#9617),#7279);
#9617 = PRESENTATION_STYLE_ASSIGNMENT((#9618));
#9618 = SURFACE_STYLE_USAGE(.BOTH.,#9619);
#9619 = SURFACE_SIDE_STYLE('',(#9620));
#9620 = SURFACE_STYLE_FILL_AREA(#9621);
#9621 = FILL_AREA_STYLE('',(#9622));
#9622 = FILL_AREA_STYLE_COLOUR('',#8068);
#9623 = STYLED_ITEM('color',(#9624),#7304);
#9624 = PRESENTATION_STYLE_ASSIGNMENT((#9625));
#9625 = SURFACE_STYLE_USAGE(.BOTH.,#9626);
#9626 = SURFACE_SIDE_STYLE('',(#9627));
#9627 = SURFACE_STYLE_FILL_AREA(#9628);
#9628 = FILL_AREA_STYLE('',(#9629));
#9629 = FILL_AREA_STYLE_COLOUR('',#8068);
#9630 = STYLED_ITEM('color',(#9631),#7329);
#9631 = PRESENTATION_STYLE_ASSIGNMENT((#9632));
#9632 = SURFACE_STYLE_USAGE(.BOTH.,#9633);
#9633 = SURFACE_SIDE_STYLE('',(#9634));
#9634 = SURFACE_STYLE_FILL_AREA(#9635);
#9635 = FILL_AREA_STYLE('',(#9636));
#9636 = FILL_AREA_STYLE_COLOUR('',#8068);
#9637 = STYLED_ITEM('color',(#9638),#7359);
#9638 = PRESENTATION_STYLE_ASSIGNMENT((#9639));
#9639 = SURFACE_STYLE_USAGE(.BOTH.,#9640);
#9640 = SURFACE_SIDE_STYLE('',(#9641));
#9641 = SURFACE_STYLE_FILL_AREA(#9642);
#9642 = FILL_AREA_STYLE('',(#9643));
#9643 = FILL_AREA_STYLE_COLOUR('',#8068);
#9644 = STYLED_ITEM('color',(#9645),#7389);
#9645 = PRESENTATION_STYLE_ASSIGNMENT((#9646));
#9646 = SURFACE_STYLE_USAGE(.BOTH.,#9647);
#9647 = SURFACE_SIDE_STYLE('',(#9648));
#9648 = SURFACE_STYLE_FILL_AREA(#9649);
#9649 = FILL_AREA_STYLE('',(#9650));
#9650 = FILL_AREA_STYLE_COLOUR('',#8068);
#9651 = STYLED_ITEM('color',(#9652),#7398);
#9652 = PRESENTATION_STYLE_ASSIGNMENT((#9653));
#9653 = SURFACE_STYLE_USAGE(.BOTH.,#9654);
#9654 = SURFACE_SIDE_STYLE('',(#9655));
#9655 = SURFACE_STYLE_FILL_AREA(#9656);
#9656 = FILL_AREA_STYLE('',(#9657));
#9657 = FILL_AREA_STYLE_COLOUR('',#8068);
#9658 = MECHANICAL_DESIGN_GEOMETRIC_PRESENTATION_REPRESENTATION('',(
    #9659,#9666,#9673,#9680,#9687,#9694,#9701,#9708,#9715,#9722,#9729,
    #9736,#9743,#9750,#9757,#9764,#9771,#9778,#9785,#9792,#9799,#9806,
    #9813,#9820,#9827,#9834,#9841,#9848),#7075);
#9659 = STYLED_ITEM('color',(#9660),#6223);
#9660 = PRESENTATION_STYLE_ASSIGNMENT((#9661));
#9661 = SURFACE_STYLE_USAGE(.BOTH.,#9662);
#9662 = SURFACE_SIDE_STYLE('',(#9663));
#9663 = SURFACE_STYLE_FILL_AREA(#9664);
#9664 = FILL_AREA_STYLE('',(#9665));
#9665 = FILL_AREA_STYLE_COLOUR('',#8068);
#9666 = STYLED_ITEM('color',(#9667),#6299);
#9667 = PRESENTATION_STYLE_ASSIGNMENT((#9668));
#9668 = SURFACE_STYLE_USAGE(.BOTH.,#9669);
#9669 = SURFACE_SIDE_STYLE('',(#9670));
#9670 = SURFACE_STYLE_FILL_AREA(#9671);
#9671 = FILL_AREA_STYLE('',(#9672));
#9672 = FILL_AREA_STYLE_COLOUR('',#8068);
#9673 = STYLED_ITEM('color',(#9674),#6330);
#9674 = PRESENTATION_STYLE_ASSIGNMENT((#9675));
#9675 = SURFACE_STYLE_USAGE(.BOTH.,#9676);
#9676 = SURFACE_SIDE_STYLE('',(#9677));
#9677 = SURFACE_STYLE_FILL_AREA(#9678);
#9678 = FILL_AREA_STYLE('',(#9679));
#9679 = FILL_AREA_STYLE_COLOUR('',#8068);
#9680 = STYLED_ITEM('color',(#9681),#6355);
#9681 = PRESENTATION_STYLE_ASSIGNMENT((#9682));
#9682 = SURFACE_STYLE_USAGE(.BOTH.,#9683);
#9683 = SURFACE_SIDE_STYLE('',(#9684));
#9684 = SURFACE_STYLE_FILL_AREA(#9685);
#9685 = FILL_AREA_STYLE('',(#9686));
#9686 = FILL_AREA_STYLE_COLOUR('',#8068);
#9687 = STYLED_ITEM('color',(#9688),#6380);
#9688 = PRESENTATION_STYLE_ASSIGNMENT((#9689));
#9689 = SURFACE_STYLE_USAGE(.BOTH.,#9690);
#9690 = SURFACE_SIDE_STYLE('',(#9691));
#9691 = SURFACE_STYLE_FILL_AREA(#9692);
#9692 = FILL_AREA_STYLE('',(#9693));
#9693 = FILL_AREA_STYLE_COLOUR('',#8068);
#9694 = STYLED_ITEM('color',(#9695),#6404);
#9695 = PRESENTATION_STYLE_ASSIGNMENT((#9696));
#9696 = SURFACE_STYLE_USAGE(.BOTH.,#9697);
#9697 = SURFACE_SIDE_STYLE('',(#9698));
#9698 = SURFACE_STYLE_FILL_AREA(#9699);
#9699 = FILL_AREA_STYLE('',(#9700));
#9700 = FILL_AREA_STYLE_COLOUR('',#8068);
#9701 = STYLED_ITEM('color',(#9702),#6428);
#9702 = PRESENTATION_STYLE_ASSIGNMENT((#9703));
#9703 = SURFACE_STYLE_USAGE(.BOTH.,#9704);
#9704 = SURFACE_SIDE_STYLE('',(#9705));
#9705 = SURFACE_STYLE_FILL_AREA(#9706);
#9706 = FILL_AREA_STYLE('',(#9707));
#9707 = FILL_AREA_STYLE_COLOUR('',#8068);
#9708 = STYLED_ITEM('color',(#9709),#6453);
#9709 = PRESENTATION_STYLE_ASSIGNMENT((#9710));
#9710 = SURFACE_STYLE_USAGE(.BOTH.,#9711);
#9711 = SURFACE_SIDE_STYLE('',(#9712));
#9712 = SURFACE_STYLE_FILL_AREA(#9713);
#9713 = FILL_AREA_STYLE('',(#9714));
#9714 = FILL_AREA_STYLE_COLOUR('',#8068);
#9715 = STYLED_ITEM('color',(#9716),#6478);
#9716 = PRESENTATION_STYLE_ASSIGNMENT((#9717));
#9717 = SURFACE_STYLE_USAGE(.BOTH.,#9718);
#9718 = SURFACE_SIDE_STYLE('',(#9719));
#9719 = SURFACE_STYLE_FILL_AREA(#9720);
#9720 = FILL_AREA_STYLE('',(#9721));
#9721 = FILL_AREA_STYLE_COLOUR('',#8068);
#9722 = STYLED_ITEM('color',(#9723),#6495);
#9723 = PRESENTATION_STYLE_ASSIGNMENT((#9724));
#9724 = SURFACE_STYLE_USAGE(.BOTH.,#9725);
#9725 = SURFACE_SIDE_STYLE('',(#9726));
#9726 = SURFACE_STYLE_FILL_AREA(#9727);
#9727 = FILL_AREA_STYLE('',(#9728));
#9728 = FILL_AREA_STYLE_COLOUR('',#8068);
#9729 = STYLED_ITEM('color',(#9730),#6581);
#9730 = PRESENTATION_STYLE_ASSIGNMENT((#9731));
#9731 = SURFACE_STYLE_USAGE(.BOTH.,#9732);
#9732 = SURFACE_SIDE_STYLE('',(#9733));
#9733 = SURFACE_STYLE_FILL_AREA(#9734);
#9734 = FILL_AREA_STYLE('',(#9735));
#9735 = FILL_AREA_STYLE_COLOUR('',#9237);
#9736 = STYLED_ITEM('color',(#9737),#6613);
#9737 = PRESENTATION_STYLE_ASSIGNMENT((#9738));
#9738 = SURFACE_STYLE_USAGE(.BOTH.,#9739);
#9739 = SURFACE_SIDE_STYLE('',(#9740));
#9740 = SURFACE_STYLE_FILL_AREA(#9741);
#9741 = FILL_AREA_STYLE('',(#9742));
#9742 = FILL_AREA_STYLE_COLOUR('',#9237);
#9743 = STYLED_ITEM('color',(#9744),#6637);
#9744 = PRESENTATION_STYLE_ASSIGNMENT((#9745));
#9745 = SURFACE_STYLE_USAGE(.BOTH.,#9746);
#9746 = SURFACE_SIDE_STYLE('',(#9747));
#9747 = SURFACE_STYLE_FILL_AREA(#9748);
#9748 = FILL_AREA_STYLE('',(#9749));
#9749 = FILL_AREA_STYLE_COLOUR('',#9237);
#9750 = STYLED_ITEM('color',(#9751),#6662);
#9751 = PRESENTATION_STYLE_ASSIGNMENT((#9752));
#9752 = SURFACE_STYLE_USAGE(.BOTH.,#9753);
#9753 = SURFACE_SIDE_STYLE('',(#9754));
#9754 = SURFACE_STYLE_FILL_AREA(#9755);
#9755 = FILL_AREA_STYLE('',(#9756));
#9756 = FILL_AREA_STYLE_COLOUR('',#9237);
#9757 = STYLED_ITEM('color',(#9758),#6686);
#9758 = PRESENTATION_STYLE_ASSIGNMENT((#9759));
#9759 = SURFACE_STYLE_USAGE(.BOTH.,#9760);
#9760 = SURFACE_SIDE_STYLE('',(#9761));
#9761 = SURFACE_STYLE_FILL_AREA(#9762);
#9762 = FILL_AREA_STYLE('',(#9763));
#9763 = FILL_AREA_STYLE_COLOUR('',#9237);
#9764 = STYLED_ITEM('color',(#9765),#6711);
#9765 = PRESENTATION_STYLE_ASSIGNMENT((#9766));
#9766 = SURFACE_STYLE_USAGE(.BOTH.,#9767);
#9767 = SURFACE_SIDE_STYLE('',(#9768));
#9768 = SURFACE_STYLE_FILL_AREA(#9769);
#9769 = FILL_AREA_STYLE('',(#9770));
#9770 = FILL_AREA_STYLE_COLOUR('',#9237);
#9771 = STYLED_ITEM('color',(#9772),#6735);
#9772 = PRESENTATION_STYLE_ASSIGNMENT((#9773));
#9773 = SURFACE_STYLE_USAGE(.BOTH.,#9774);
#9774 = SURFACE_SIDE_STYLE('',(#9775));
#9775 = SURFACE_STYLE_FILL_AREA(#9776);
#9776 = FILL_AREA_STYLE('',(#9777));
#9777 = FILL_AREA_STYLE_COLOUR('',#9237);
#9778 = STYLED_ITEM('color',(#9779),#6760);
#9779 = PRESENTATION_STYLE_ASSIGNMENT((#9780));
#9780 = SURFACE_STYLE_USAGE(.BOTH.,#9781);
#9781 = SURFACE_SIDE_STYLE('',(#9782));
#9782 = SURFACE_STYLE_FILL_AREA(#9783);
#9783 = FILL_AREA_STYLE('',(#9784));
#9784 = FILL_AREA_STYLE_COLOUR('',#9237);
#9785 = STYLED_ITEM('color',(#9786),#6777);
#9786 = PRESENTATION_STYLE_ASSIGNMENT((#9787));
#9787 = SURFACE_STYLE_USAGE(.BOTH.,#9788);
#9788 = SURFACE_SIDE_STYLE('',(#9789));
#9789 = SURFACE_STYLE_FILL_AREA(#9790);
#9790 = FILL_AREA_STYLE('',(#9791));
#9791 = FILL_AREA_STYLE_COLOUR('',#8068);
#9792 = STYLED_ITEM('color',(#9793),#6863);
#9793 = PRESENTATION_STYLE_ASSIGNMENT((#9794));
#9794 = SURFACE_STYLE_USAGE(.BOTH.,#9795);
#9795 = SURFACE_SIDE_STYLE('',(#9796));
#9796 = SURFACE_STYLE_FILL_AREA(#9797);
#9797 = FILL_AREA_STYLE('',(#9798));
#9798 = FILL_AREA_STYLE_COLOUR('',#8068);
#9799 = STYLED_ITEM('color',(#9800),#6894);
#9800 = PRESENTATION_STYLE_ASSIGNMENT((#9801));
#9801 = SURFACE_STYLE_USAGE(.BOTH.,#9802);
#9802 = SURFACE_SIDE_STYLE('',(#9803));
#9803 = SURFACE_STYLE_FILL_AREA(#9804);
#9804 = FILL_AREA_STYLE('',(#9805));
#9805 = FILL_AREA_STYLE_COLOUR('',#8068);
#9806 = STYLED_ITEM('color',(#9807),#6919);
#9807 = PRESENTATION_STYLE_ASSIGNMENT((#9808));
#9808 = SURFACE_STYLE_USAGE(.BOTH.,#9809);
#9809 = SURFACE_SIDE_STYLE('',(#9810));
#9810 = SURFACE_STYLE_FILL_AREA(#9811);
#9811 = FILL_AREA_STYLE('',(#9812));
#9812 = FILL_AREA_STYLE_COLOUR('',#8068);
#9813 = STYLED_ITEM('color',(#9814),#6944);
#9814 = PRESENTATION_STYLE_ASSIGNMENT((#9815));
#9815 = SURFACE_STYLE_USAGE(.BOTH.,#9816);
#9816 = SURFACE_SIDE_STYLE('',(#9817));
#9817 = SURFACE_STYLE_FILL_AREA(#9818);
#9818 = FILL_AREA_STYLE('',(#9819));
#9819 = FILL_AREA_STYLE_COLOUR('',#8068);
#9820 = STYLED_ITEM('color',(#9821),#6968);
#9821 = PRESENTATION_STYLE_ASSIGNMENT((#9822));
#9822 = SURFACE_STYLE_USAGE(.BOTH.,#9823);
#9823 = SURFACE_SIDE_STYLE('',(#9824));
#9824 = SURFACE_STYLE_FILL_AREA(#9825);
#9825 = FILL_AREA_STYLE('',(#9826));
#9826 = FILL_AREA_STYLE_COLOUR('',#8068);
#9827 = STYLED_ITEM('color',(#9828),#6992);
#9828 = PRESENTATION_STYLE_ASSIGNMENT((#9829));
#9829 = SURFACE_STYLE_USAGE(.BOTH.,#9830);
#9830 = SURFACE_SIDE_STYLE('',(#9831));
#9831 = SURFACE_STYLE_FILL_AREA(#9832);
#9832 = FILL_AREA_STYLE('',(#9833));
#9833 = FILL_AREA_STYLE_COLOUR('',#8068);
#9834 = STYLED_ITEM('color',(#9835),#7017);
#9835 = PRESENTATION_STYLE_ASSIGNMENT((#9836));
#9836 = SURFACE_STYLE_USAGE(.BOTH.,#9837);
#9837 = SURFACE_SIDE_STYLE('',(#9838));
#9838 = SURFACE_STYLE_FILL_AREA(#9839);
#9839 = FILL_AREA_STYLE('',(#9840));
#9840 = FILL_AREA_STYLE_COLOUR('',#8068);
#9841 = STYLED_ITEM('color',(#9842),#7042);
#9842 = PRESENTATION_STYLE_ASSIGNMENT((#9843));
#9843 = SURFACE_STYLE_USAGE(.BOTH.,#9844);
#9844 = SURFACE_SIDE_STYLE('',(#9845));
#9845 = SURFACE_STYLE_FILL_AREA(#9846);
#9846 = FILL_AREA_STYLE('',(#9847));
#9847 = FILL_AREA_STYLE_COLOUR('',#8068);
#9848 = STYLED_ITEM('color',(#9849),#7059);
#9849 = PRESENTATION_STYLE_ASSIGNMENT((#9850));
#9850 = SURFACE_STYLE_USAGE(.BOTH.,#9851);
#9851 = SURFACE_SIDE_STYLE('',(#9852));
#9852 = SURFACE_STYLE_FILL_AREA(#9853);
#9853 = FILL_AREA_STYLE('',(#9854));
#9854 = FILL_AREA_STYLE_COLOUR('',#8068);
ENDSEC;
END-ISO-10303-21;
